[+] Loading singularity  4.0.3  on cn4278 
[+] Loading merqury  1.3 

Found 1 command tree.

Counting 761 (estimated) billion canonical 21-mers from 13 input files:
    sequence-file: /data/okendojo/zebrafish/data/g3/pacBio/m54313U_230812_104833.hifi_reads.fastq.gz
    sequence-file: /data/okendojo/zebrafish/data/g3/pacBio/m54313U_230813_201738.hifi_reads.fastq.gz
    sequence-file: /data/okendojo/zebrafish/data/g3/pacBio/m54313U_230815_054336.hifi_reads.fastq.gz
    sequence-file: /data/okendojo/zebrafish/data/g3/pacBio/m64467e_231012_162531.hifi_reads.fastq.gz
    sequence-file: /data/okendojo/zebrafish/data/g3/pacBio/m64467e_231014_031918.hifi_reads.fastq.gz
    sequence-file: /data/okendojo/zebrafish/data/g3/pacBio/m64467e_231028_115954.hifi_reads.fastq.gz
    sequence-file: /data/okendojo/zebrafish/data/g3/pacBio/m64467e_231029_225641.hifi_reads.fastq.gz
    sequence-file: /data/okendojo/zebrafish/data/g3/pacBio/m64467e_231109_162002.hifi_reads.fastq.gz
    sequence-file: /data/okendojo/zebrafish/data/g3/pacBio/m64467e_231111_031411.hifi_reads.fastq.gz
    sequence-file: /data/okendojo/zebrafish/data/g3/pacBio/m64467e_231215_162529.hifi_reads.fastq.gz
    sequence-file: /data/okendojo/zebrafish/data/g3/pacBio/m64467e_231217_015127.hifi_reads.fastq.gz
    sequence-file: /data/okendojo/zebrafish/data/g3/pacBio/m64467e_231218_112251.hifi_reads.fastq.gz
    sequence-file: /data/okendojo/zebrafish/data/g3/pacBio/m64467e_231219_210103.hifi_reads.fastq.gz


SIMPLE MODE
-----------

  21-mers
    -> 4398046511104 entries for counts up to 65535.
    -> 64 Tbits memory used

  818078983857 input bases
    -> expected max count of 3272315935, needing 17 extra bits.
    -> 68 Tbits memory used

  16 TB memory needed


COMPLEX MODE
------------

prefix     # of   struct   kmers/    segs/      min     data    total
  bits   prefix   memory   prefix   prefix   memory   memory   memory
------  -------  -------  -------  -------  -------  -------  -------
     1     2  P   269 MB    13 GM    16 MS  8192  B   134 GB   134 GB
     2     4  P   262 MB  6725 MM  8409 kS    16 kB   131 GB   131 GB
     3     8  P   256 MB  3362 MM  4099 kS    32 kB   128 GB   128 GB
     4    16  P   249 MB  1681 MM  1997 kS    64 kB   124 GB   125 GB
     5    32  P   243 MB   840 MM   972 kS   128 kB   121 GB   121 GB
     6    64  P   236 MB   420 MM   473 kS   256 kB   118 GB   118 GB
     7   128  P   230 MB   210 MM   229 kS   512 kB   114 GB   115 GB
     8   256  P   224 MB   105 MM   111 kS  1024 kB   111 GB   111 GB
     9   512  P   218 MB    52 MM    54 kS  2048 kB   108 GB   108 GB
    10  1024  P   213 MB    26 MM    26 kS  4096 kB   105 GB   105 GB
    11  2048  P   209 MB    13 MM    12 kS  8192 kB   101 GB   102 GB
    12  4096  P   209 MB  6725 kM  6307  S    16 MB    98 GB    98 GB
    13  8192  P   215 MB  3362 kM  3051  S    32 MB    95 GB    95 GB
    14    16 kP   234 MB  1681 kM  1472  S    64 MB    92 GB    92 GB
    15    32 kP   278 MB   840 kM   710  S   128 MB    88 GB    89 GB
    16    64 kP   373 MB   420 kM   342  S   256 MB    85 GB    85 GB
    17   128 kP   569 MB   210 kM   165  S   512 MB    82 GB    83 GB
    18   256 kP   966 MB   105 kM    79  S  1024 MB    79 GB    79 GB
    19   512 kP  1768 MB    52 kM    38  S  2048 MB    76 GB    77 GB
    20  1024 kP  3384 MB    26 kM    19  S  4096 MB    76 GB    79 GB
    21  2048 kP  6608 MB    13 kM     9  S  8192 MB    72 GB    78 GB  Best Value!
    22  4096 kP    12 GB  6726  M     5  S    16 GB    80 GB    92 GB
    23  8192 kP    25 GB  3363  M     2  S    32 GB    64 GB    89 GB
    24    16 MP    50 GB  1682  M     1  S    64 GB    64 GB   114 GB
    25    32 MP   101 GB   841  M     1  S   128 GB   128 GB   229 GB
    26    64 MP   202 GB   421  M     1  S   256 GB   256 GB   458 GB
    27   128 MP   405 GB   211  M     1  S   512 GB   512 GB   917 GB
    28   256 MP   810 GB   106  M     1  S  1024 GB  1024 GB  1834 GB


FINAL CONFIGURATION
-------------------

Estimated to require 78 GB memory out of 80 GB allowed.
Estimated to require 29 batches.

Configured complex mode for 78.453 GB memory per batch, and up to 29 batches.

Start counting with THREADED method.
Used 20.963 GB / 79.750 GB to store      2095219 kmers; need 0.166 GB to sort       347339 kmers
Used 21.105 GB / 79.750 GB to store     10476137 kmers; need 0.168 GB to sort       352879 kmers
Used 21.233 GB / 79.750 GB to store     18857013 kmers; need 0.168 GB to sort       352879 kmers
Used 21.389 GB / 79.750 GB to store     29333045 kmers; need 0.168 GB to sort       352879 kmers
Used 21.511 GB / 79.750 GB to store     37713816 kmers; need 0.172 GB to sort       360072 kmers
Used 21.652 GB / 79.750 GB to store     48189785 kmers; need 0.173 GB to sort       363547 kmers
Used 21.784 GB / 79.750 GB to store     58665376 kmers; need 0.173 GB to sort       363547 kmers
Used 21.835 GB / 79.750 GB to store     64951054 kmers; need 0.300 GB to sort       629089 kmers
Used 21.889 GB / 79.750 GB to store    127806774 kmers; need 0.472 GB to sort       990197 kmers
Used 21.926 GB / 79.750 GB to store    190663008 kmers; need 0.603 GB to sort      1265238 kmers
Used 21.965 GB / 79.750 GB to store    253519366 kmers; need 0.757 GB to sort      1586997 kmers
Used 22.005 GB / 79.750 GB to store    307993877 kmers; need 0.844 GB to sort      1770356 kmers
Used 22.030 GB / 79.750 GB to store    341516983 kmers; need 0.951 GB to sort      1994548 kmers
Used 22.061 GB / 79.750 GB to store    379230194 kmers; need 1.059 GB to sort      2221194 kmers
Used 22.100 GB / 79.750 GB to store    423229329 kmers; need 1.150 GB to sort      2411241 kmers
Used 22.135 GB / 79.750 GB to store    460942968 kmers; need 1.243 GB to sort      2606818 kmers
Used 22.171 GB / 79.750 GB to store    496561334 kmers; need 1.333 GB to sort      2795427 kmers
Used 22.211 GB / 79.750 GB to store    534274751 kmers; need 1.421 GB to sort      2979225 kmers
Used 22.246 GB / 79.750 GB to store    565702035 kmers; need 1.515 GB to sort      3177699 kmers
Used 22.289 GB / 79.750 GB to store    603415599 kmers; need 1.597 GB to sort      3349429 kmers
Used 22.327 GB / 79.750 GB to store    634843653 kmers; need 1.699 GB to sort      3564046 kmers
Used 22.374 GB / 79.750 GB to store    672557427 kmers; need 1.794 GB to sort      3762451 kmers
Used 22.426 GB / 79.750 GB to store    712366294 kmers; need 1.869 GB to sort      3918728 kmers
Used 22.462 GB / 79.750 GB to store    739604036 kmers; need 1.967 GB to sort      4125927 kmers
Used 22.527 GB / 79.750 GB to store    787793716 kmers; need 2.033 GB to sort      4263190 kmers
Used 22.550 GB / 79.750 GB to store    804555105 kmers; need 2.141 GB to sort      4489229 kmers
Used 22.619 GB / 79.750 GB to store    852744612 kmers; need 2.207 GB to sort      4627548 kmers
Used 22.640 GB / 79.750 GB to store    867410788 kmers; need 2.311 GB to sort      4847177 kmers
Used 22.704 GB / 79.750 GB to store    911409883 kmers; need 2.375 GB to sort      4980560 kmers
Used 22.742 GB / 79.750 GB to store    936552259 kmers; need 2.464 GB to sort      5167519 kmers
Used 22.806 GB / 79.750 GB to store    978456366 kmers; need 2.525 GB to sort      5295344 kmers
Used 22.850 GB / 79.750 GB to store   1005693329 kmers; need 2.608 GB to sort      5469288 kmers
Used 22.906 GB / 79.750 GB to store   1041311716 kmers; need 2.691 GB to sort      5644157 kmers
Used 22.953 GB / 79.750 GB to store   1070644247 kmers; need 2.771 GB to sort      5810576 kmers
Used 23.008 GB / 79.750 GB to store   1104167247 kmers; need 2.847 GB to sort      5969815 kmers
Used 23.053 GB / 79.750 GB to store   1131404349 kmers; need 2.929 GB to sort      6142494 kmers
Used 23.110 GB / 79.750 GB to store   1164927370 kmers; need 3.012 GB to sort      6316533 kmers
Used 23.160 GB / 79.750 GB to store   1194259939 kmers; need 3.088 GB to sort      6475739 kmers
Used 23.218 GB / 79.750 GB to store   1227782677 kmers; need 3.158 GB to sort      6622769 kmers
Used 23.265 GB / 79.750 GB to store   1255020251 kmers; need 3.266 GB to sort      6849445 kmers
Used 23.334 GB / 79.750 GB to store   1294828844 kmers; need 3.329 GB to sort      6981905 kmers
Used 23.382 GB / 79.750 GB to store   1322065979 kmers; need 3.426 GB to sort      7185664 kmers
Used 23.450 GB / 79.750 GB to store   1359779732 kmers; need 3.489 GB to sort      7317014 kmers
Used 23.488 GB / 79.750 GB to store   1380731607 kmers; need 3.579 GB to sort      7504876 kmers
Used 23.548 GB / 79.750 GB to store   1414254733 kmers; need 3.647 GB to sort      7647276 kmers
Used 23.602 GB / 79.750 GB to store   1443587631 kmers; need 3.721 GB to sort      7803606 kmers
Used 23.657 GB / 79.750 GB to store   1472920466 kmers; need 3.803 GB to sort      7975989 kmers
Used 23.714 GB / 79.750 GB to store   1504348457 kmers; need 3.887 GB to sort      8151379 kmers
Used 23.777 GB / 79.750 GB to store   1537871730 kmers; need 3.953 GB to sort      8290643 kmers
Used 23.832 GB / 79.750 GB to store   1567204490 kmers; need 4.032 GB to sort      8455965 kmers
Used 23.889 GB / 79.750 GB to store   1596537367 kmers; need 4.108 GB to sort      8614502 kmers
Used 23.944 GB / 79.750 GB to store   1625870265 kmers; need 4.183 GB to sort      8772926 kmers
Used 23.999 GB / 79.750 GB to store   1655203121 kmers; need 4.256 GB to sort      8926003 kmers
Used 24.051 GB / 79.750 GB to store   1682440284 kmers; need 4.331 GB to sort      9082742 kmers
Used 24.116 GB / 79.750 GB to store   1715963136 kmers; need 4.402 GB to sort      9231675 kmers
Used 24.177 GB / 79.750 GB to store   1747391064 kmers; need 4.504 GB to sort      9445387 kmers
Used 24.242 GB / 79.750 GB to store   1780913870 kmers; need 4.567 GB to sort      9577791 kmers
Used 24.307 GB / 79.750 GB to store   1814437164 kmers; need 4.637 GB to sort      9724474 kmers
Used 24.352 GB / 79.750 GB to store   1837484216 kmers; need 4.730 GB to sort      9920144 kmers
Used 24.410 GB / 79.750 GB to store   1866816988 kmers; need 4.813 GB to sort     10094148 kmers
Used 24.469 GB / 79.750 GB to store   1896149802 kmers; need 4.883 GB to sort     10241372 kmers
Used 24.537 GB / 79.750 GB to store   1929673096 kmers; need 4.957 GB to sort     10395551 kmers
Used 24.600 GB / 79.750 GB to store   1961101108 kmers; need 5.023 GB to sort     10534006 kmers
Used 24.654 GB / 79.750 GB to store   1988338871 kmers; need 5.095 GB to sort     10685322 kmers
Used 24.710 GB / 79.750 GB to store   2015576550 kmers; need 5.165 GB to sort     10831454 kmers
Used 24.749 GB / 79.750 GB to store   2034433374 kmers; need 5.254 GB to sort     11018551 kmers
Used 24.834 GB / 79.750 GB to store   2076337250 kmers; need 5.306 GB to sort     11126905 kmers
Used 24.886 GB / 79.750 GB to store   2101479794 kmers; need 5.395 GB to sort     11313664 kmers
Used 24.950 GB / 79.750 GB to store   2132907764 kmers; need 5.459 GB to sort     11447468 kmers
Used 25.006 GB / 79.750 GB to store   2160145359 kmers; need 5.544 GB to sort     11626120 kmers
Used 25.075 GB / 79.750 GB to store   2193668653 kmers; need 5.602 GB to sort     11748568 kmers
Used 25.128 GB / 79.750 GB to store   2218811092 kmers; need 5.680 GB to sort     11911628 kmers
Used 25.185 GB / 79.750 GB to store   2246048666 kmers; need 5.757 GB to sort     12072601 kmers
Used 25.250 GB / 79.750 GB to store   2277476345 kmers; need 5.851 GB to sort     12270368 kmers
Used 25.324 GB / 79.750 GB to store   2313094591 kmers; need 5.909 GB to sort     12391945 kmers
Used 25.377 GB / 79.750 GB to store   2338237177 kmers; need 5.985 GB to sort     12550882 kmers
Used 25.442 GB / 79.750 GB to store   2369665357 kmers; need 6.051 GB to sort     12690328 kmers
Used 25.500 GB / 79.750 GB to store   2396903015 kmers; need 6.128 GB to sort     12851431 kmers
Used 25.571 GB / 79.750 GB to store   2430426015 kmers; need 6.207 GB to sort     13017356 kmers
Used 25.633 GB / 79.750 GB to store   2459758976 kmers; need 6.272 GB to sort     13153719 kmers
Used 25.694 GB / 79.750 GB to store   2489091916 kmers; need 6.338 GB to sort     13292594 kmers
Used 25.753 GB / 79.750 GB to store   2516329014 kmers; need 6.406 GB to sort     13434042 kmers
Used 25.810 GB / 79.750 GB to store   2543566819 kmers; need 6.476 GB to sort     13581185 kmers
Used 25.867 GB / 79.750 GB to store   2570804385 kmers; need 6.566 GB to sort     13769235 kmers
Used 25.938 GB / 79.750 GB to store   2604327952 kmers; need 6.634 GB to sort     13913416 kmers
Used 25.996 GB / 79.750 GB to store   2631565505 kmers; need 6.702 GB to sort     14055306 kmers
Used 26.059 GB / 79.750 GB to store   2660898382 kmers; need 6.781 GB to sort     14220432 kmers
Used 26.128 GB / 79.750 GB to store   2692326646 kmers; need 6.862 GB to sort     14390704 kmers
Used 26.187 GB / 79.750 GB to store   2719564304 kmers; need 6.929 GB to sort     14530214 kmers
Used 26.250 GB / 79.750 GB to store   2748897223 kmers; need 6.993 GB to sort     14665954 kmers
Used 26.304 GB / 79.750 GB to store   2774039662 kmers; need 7.072 GB to sort     14831253 kmers
Used 26.377 GB / 79.750 GB to store   2807562956 kmers; need 7.126 GB to sort     14945125 kmers
Used 26.432 GB / 79.750 GB to store   2832705584 kmers; need 7.206 GB to sort     15111232 kmers
Used 26.487 GB / 79.750 GB to store   2857847579 kmers; need 7.280 GB to sort     15267676 kmers
Used 26.550 GB / 79.750 GB to store   2887180624 kmers; need 7.345 GB to sort     15404282 kmers
Used 26.605 GB / 79.750 GB to store   2912323126 kmers; need 7.423 GB to sort     15567279 kmers
Used 26.661 GB / 79.750 GB to store   2937465796 kmers; need 7.494 GB to sort     15716365 kmers
Used 26.738 GB / 79.750 GB to store   2973084393 kmers; need 7.550 GB to sort     15833365 kmers
Used 26.798 GB / 79.750 GB to store   3000322324 kmers; need 7.630 GB to sort     16001973 kmers
Used 26.858 GB / 79.750 GB to store   3027560023 kmers; need 7.709 GB to sort     16167285 kmers
Used 26.923 GB / 79.750 GB to store   3056892505 kmers; need 7.771 GB to sort     16297179 kmers
Used 26.992 GB / 79.750 GB to store   3088320727 kmers; need 7.829 GB to sort     16419622 kmers
Used 27.044 GB / 79.750 GB to store   3111368199 kmers; need 7.922 GB to sort     16612982 kmers
Used 27.123 GB / 79.750 GB to store   3146986710 kmers; need 7.987 GB to sort     16750555 kmers
Used 27.179 GB / 79.750 GB to store   3172129191 kmers; need 8.063 GB to sort     16908354 kmers
Used 27.243 GB / 79.750 GB to store   3201461831 kmers; need 8.125 GB to sort     17040115 kmers
Used 27.304 GB / 79.750 GB to store   3228699531 kmers; need 8.196 GB to sort     17188334 kmers
Used 27.360 GB / 79.750 GB to store   3253842075 kmers; need 8.274 GB to sort     17351239 kmers
Used 27.434 GB / 79.750 GB to store   3287365449 kmers; need 8.326 GB to sort     17461914 kmers
Used 27.485 GB / 79.750 GB to store   3310412816 kmers; need 8.418 GB to sort     17653063 kmers
Used 27.560 GB / 79.750 GB to store   3343936173 kmers; need 8.470 GB to sort     17761981 kmers
Used 27.616 GB / 79.750 GB to store   3369078843 kmers; need 8.543 GB to sort     17915871 kmers
Used 27.686 GB / 79.750 GB to store   3400507086 kmers; need 8.604 GB to sort     18044565 kmers
Used 27.742 GB / 79.750 GB to store   3425649651 kmers; need 8.693 GB to sort     18230880 kmers
Used 27.811 GB / 79.750 GB to store   3457077852 kmers; need 8.763 GB to sort     18378152 kmers
Used 27.886 GB / 79.750 GB to store   3490601104 kmers; need 8.831 GB to sort     18518987 kmers
Used 27.947 GB / 79.750 GB to store   3517838843 kmers; need 8.900 GB to sort     18664440 kmers
Used 28.007 GB / 79.750 GB to store   3545076210 kmers; need 8.978 GB to sort     18828525 kmers
Used 28.077 GB / 79.750 GB to store   3576504516 kmers; need 9.038 GB to sort     18953626 kmers
Used 28.129 GB / 79.750 GB to store   3599551925 kmers; need 9.124 GB to sort     19133725 kmers
Used 28.200 GB / 79.750 GB to store   3630979853 kmers; need 9.188 GB to sort     19269117 kmers
Used 28.266 GB / 79.750 GB to store   3660312856 kmers; need 9.262 GB to sort     19424224 kmers
Used 28.327 GB / 79.750 GB to store   3687550474 kmers; need 9.366 GB to sort     19641363 kmers
Used 28.408 GB / 79.750 GB to store   3723169155 kmers; need 9.440 GB to sort     19797389 kmers
Used 28.484 GB / 79.750 GB to store   3756692638 kmers; need 9.513 GB to sort     19950903 kmers
Used 28.550 GB / 79.750 GB to store   3786025599 kmers; need 9.572 GB to sort     20074278 kmers
Used 28.608 GB / 79.750 GB to store   3811167870 kmers; need 9.641 GB to sort     20218229 kmers
Used 28.669 GB / 79.750 GB to store   3838405355 kmers; need 9.706 GB to sort     20355415 kmers
Used 28.730 GB / 79.750 GB to store   3865643244 kmers; need 9.771 GB to sort     20491331 kmers
Used 28.797 GB / 79.750 GB to store   3894976100 kmers; need 9.832 GB to sort     20618500 kmers
Used 28.849 GB / 79.750 GB to store   3918023635 kmers; need 9.934 GB to sort     20832853 kmers
Used 28.935 GB / 79.750 GB to store   3955737128 kmers; need 9.986 GB to sort     20942060 kmers
Used 28.988 GB / 79.750 GB to store   3978784390 kmers; need 10.087 GB to sort     21153570 kmers
Used 29.063 GB / 79.750 GB to store   4012307810 kmers; need 10.139 GB to sort     21263222 kmers
Used 29.115 GB / 79.750 GB to store   4035355345 kmers; need 10.212 GB to sort     21416086 kmers
Used 29.177 GB / 79.750 GB to store   4062593182 kmers; need 10.278 GB to sort     21554427 kmers
Used 29.245 GB / 79.750 GB to store   4091926206 kmers; need 10.346 GB to sort     21698135 kmers
Used 29.302 GB / 79.750 GB to store   4117068834 kmers; need 10.444 GB to sort     21902491 kmers
Used 29.384 GB / 79.750 GB to store   4152687347 kmers; need 10.498 GB to sort     22016511 kmers
Used 29.451 GB / 79.750 GB to store   4182020182 kmers; need 10.572 GB to sort     22170293 kmers
Used 29.504 GB / 79.750 GB to store   4205067675 kmers; need 10.654 GB to sort     22342568 kmers
Used 29.570 GB / 79.750 GB to store   4234400489 kmers; need 10.714 GB to sort     22468715 kmers
Used 29.637 GB / 79.750 GB to store   4263733534 kmers; need 10.803 GB to sort     22656109 kmers
Used 29.709 GB / 79.750 GB to store   4295161819 kmers; need 10.859 GB to sort     22771936 kmers
Used 29.766 GB / 79.750 GB to store   4320304426 kmers; need 10.941 GB to sort     22945147 kmers
Used 29.824 GB / 79.750 GB to store   4345446886 kmers; need 11.020 GB to sort     23111607 kmers
Used 29.905 GB / 79.750 GB to store   4381065169 kmers; need 11.081 GB to sort     23237665 kmers
Used 29.958 GB / 79.750 GB to store   4404112368 kmers; need 11.155 GB to sort     23393027 kmers
Used 30.025 GB / 79.750 GB to store   4433445413 kmers; need 11.215 GB to sort     23519548 kmers
Used 30.079 GB / 79.750 GB to store   4456492759 kmers; need 11.291 GB to sort     23679324 kmers
Used 30.145 GB / 79.750 GB to store   4485825620 kmers; need 11.369 GB to sort     23842088 kmers
Used 30.218 GB / 79.750 GB to store   4517253758 kmers; need 11.445 GB to sort     24001197 kmers
Used 30.286 GB / 79.750 GB to store   4546586614 kmers; need 11.503 GB to sort     24123750 kmers
Used 30.348 GB / 79.750 GB to store   4573823964 kmers; need 11.570 GB to sort     24264089 kmers
Used 30.406 GB / 79.750 GB to store   4598966613 kmers; need 11.641 GB to sort     24412650 kmers
Used 30.468 GB / 79.750 GB to store   4626204460 kmers; need 11.706 GB to sort     24548891 kmers
Used 30.527 GB / 79.750 GB to store   4651346941 kmers; need 11.773 GB to sort     24689586 kmers
Used 30.599 GB / 79.750 GB to store   4682775016 kmers; need 11.835 GB to sort     24820835 kmers
Used 30.653 GB / 79.750 GB to store   4705822467 kmers; need 11.908 GB to sort     24972473 kmers
Used 30.715 GB / 79.750 GB to store   4733060335 kmers; need 11.976 GB to sort     25115000 kmers
Used 30.774 GB / 79.750 GB to store   4758202861 kmers; need 12.044 GB to sort     25257507 kmers
Used 30.832 GB / 79.750 GB to store   4783345251 kmers; need 12.111 GB to sort     25398733 kmers
Used 30.910 GB / 79.750 GB to store   4816868543 kmers; need 12.167 GB to sort     25515201 kmers
Used 30.959 GB / 79.750 GB to store   4837820670 kmers; need 12.250 GB to sort     25690079 kmers
Used 31.032 GB / 79.750 GB to store   4869248875 kmers; need 12.310 GB to sort     25814950 kmers
Used 31.089 GB / 79.750 GB to store   4894391503 kmers; need 12.380 GB to sort     25963506 kmers
Used 31.147 GB / 79.750 GB to store   4919534047 kmers; need 12.450 GB to sort     26108868 kmers
Used 31.210 GB / 79.750 GB to store   4946772062 kmers; need 12.512 GB to sort     26239748 kmers
Used 31.259 GB / 79.750 GB to store   4967724105 kmers; need 12.588 GB to sort     26399847 kmers
Used 31.332 GB / 79.750 GB to store   4999152495 kmers; need 12.641 GB to sort     26510701 kmers
Used 31.390 GB / 79.750 GB to store   5024295060 kmers; need 12.725 GB to sort     26687151 kmers
Used 31.458 GB / 79.750 GB to store   5053628013 kmers; need 12.800 GB to sort     26843331 kmers
Used 31.531 GB / 79.750 GB to store   5085055779 kmers; need 12.853 GB to sort     26955693 kmers
Used 31.585 GB / 79.750 GB to store   5108103272 kmers; need 12.927 GB to sort     27108935 kmers
Used 31.643 GB / 79.750 GB to store   5133245879 kmers; need 13.003 GB to sort     27268355 kmers
Used 31.711 GB / 79.750 GB to store   5162578882 kmers; need 13.064 GB to sort     27397924 kmers
Used 31.765 GB / 79.750 GB to store   5185626228 kmers; need 13.138 GB to sort     27552135 kmers
Used 31.838 GB / 79.750 GB to store   5217054231 kmers; need 13.196 GB to sort     27673270 kmers
Used 31.901 GB / 79.750 GB to store   5244292120 kmers; need 13.274 GB to sort     27838600 kmers
Used 31.954 GB / 79.750 GB to store   5267339424 kmers; need 13.359 GB to sort     28016872 kmers
Used 32.042 GB / 79.750 GB to store   5305053324 kmers; need 13.420 GB to sort     28143591 kmers
Used 32.106 GB / 79.750 GB to store   5332291024 kmers; need 13.487 GB to sort     28284537 kmers
Used 32.165 GB / 79.750 GB to store   5357433694 kmers; need 13.556 GB to sort     28428642 kmers
Used 32.229 GB / 79.750 GB to store   5384671520 kmers; need 13.618 GB to sort     28559338 kmers
Used 32.296 GB / 79.750 GB to store   5414004212 kmers; need 13.677 GB to sort     28682304 kmers
Used 32.351 GB / 79.750 GB to store   5437051261 kmers; need 13.771 GB to sort     28879977 kmers
Used 32.430 GB / 79.750 GB to store   5470574660 kmers; need 13.824 GB to sort     28992033 kmers
Used 32.489 GB / 79.750 GB to store   5495717183 kmers; need 13.894 GB to sort     29137258 kmers
Used 32.547 GB / 79.750 GB to store   5520859664 kmers; need 13.962 GB to sort     29280027 kmers
Used 32.631 GB / 79.750 GB to store   5556478471 kmers; need 14.007 GB to sort     29375535 kmers
Used 32.670 GB / 79.750 GB to store   5573240097 kmers; need 14.098 GB to sort     29565754 kmers
Used 32.744 GB / 79.750 GB to store   5604668214 kmers; need 14.154 GB to sort     29683023 kmers
Used 32.803 GB / 79.750 GB to store   5629810548 kmers; need 14.223 GB to sort     29827497 kmers
Used 32.858 GB / 79.750 GB to store   5652857936 kmers; need 14.299 GB to sort     29987732 kmers
Used 32.937 GB / 79.750 GB to store   5686381041 kmers; need 14.362 GB to sort     30118757 kmers
Used 32.996 GB / 79.750 GB to store   5711523522 kmers; need 14.444 GB to sort     30290851 kmers
Used 33.070 GB / 79.750 GB to store   5742951723 kmers; need 14.498 GB to sort     30404121 kmers
Used 33.125 GB / 79.750 GB to store   5765999017 kmers; need 14.573 GB to sort     30561193 kmers
Used 33.189 GB / 79.750 GB to store   5793236759 kmers; need 14.637 GB to sort     30695387 kmers
Used 33.248 GB / 79.750 GB to store   5818379261 kmers; need 14.706 GB to sort     30839797 kmers
Used 33.307 GB / 79.750 GB to store   5843521931 kmers; need 14.773 GB to sort     30982145 kmers
Used 33.377 GB / 79.750 GB to store   5872854123 kmers; need 14.857 GB to sort     31157067 kmers
Used 33.450 GB / 79.750 GB to store   5904282048 kmers; need 14.941 GB to sort     31332844 kmers
Used 33.520 GB / 79.750 GB to store   5933614883 kmers; need 15.010 GB to sort     31478429 kmers
Used 33.599 GB / 79.750 GB to store   5967138303 kmers; need 15.057 GB to sort     31575859 kmers
Used 33.653 GB / 79.750 GB to store   5990185796 kmers; need 15.128 GB to sort     31726021 kmers
Used 33.717 GB / 79.750 GB to store   6017423286 kmers; need 15.193 GB to sort     31861589 kmers
Used 33.782 GB / 79.750 GB to store   6044661154 kmers; need 15.276 GB to sort     32035605 kmers
Used 33.856 GB / 79.750 GB to store   6076089082 kmers; need 15.337 GB to sort     32164057 kmers
Used 33.906 GB / 79.750 GB to store   6097041188 kmers; need 15.421 GB to sort     32339700 kmers
Used 33.976 GB / 79.750 GB to store   6126374000 kmers; need 15.503 GB to sort     32511110 kmers
Used 34.040 GB / 79.750 GB to store   6153611684 kmers; need 15.567 GB to sort     32646429 kmers
Used 34.119 GB / 79.750 GB to store   6187135072 kmers; need 15.615 GB to sort     32746131 kmers
Used 34.174 GB / 79.750 GB to store   6210182022 kmers; need 15.688 GB to sort     32900798 kmers
Used 34.238 GB / 79.750 GB to store   6237419890 kmers; need 15.763 GB to sort     33056718 kmers
Used 34.302 GB / 79.750 GB to store   6264657106 kmers; need 15.824 GB to sort     33184583 kmers
Used 34.367 GB / 79.750 GB to store   6291894890 kmers; need 15.933 GB to sort     33413859 kmers
Used 34.441 GB / 79.750 GB to store   6323322867 kmers; need 15.995 GB to sort     33543800 kmers
Used 34.505 GB / 79.750 GB to store   6350560756 kmers; need 16.057 GB to sort     33673178 kmers
Used 34.579 GB / 79.750 GB to store   6381988852 kmers; need 16.111 GB to sort     33786534 kmers
Used 34.643 GB / 79.750 GB to store   6409226518 kmers; need 16.184 GB to sort     33940660 kmers
Used 34.709 GB / 79.750 GB to store   6436464132 kmers; need 16.244 GB to sort     34065684 kmers
Used 34.774 GB / 79.750 GB to store   6463701832 kmers; need 16.306 GB to sort     34196853 kmers
Used 34.817 GB / 79.750 GB to store   6482558572 kmers; need 16.391 GB to sort     34373897 kmers
Used 34.892 GB / 79.750 GB to store   6513986878 kmers; need 16.447 GB to sort     34492543 kmers
Used 34.951 GB / 79.750 GB to store   6539129506 kmers; need 16.530 GB to sort     34665249 kmers
Used 35.030 GB / 79.750 GB to store   6572652968 kmers; need 16.577 GB to sort     34765019 kmers
Used 35.091 GB / 79.750 GB to store   6597795701 kmers; need 16.659 GB to sort     34936282 kmers
Used 35.150 GB / 79.750 GB to store   6622938287 kmers; need 16.725 GB to sort     35074999 kmers
Used 35.219 GB / 79.750 GB to store   6652271437 kmers; need 16.798 GB to sort     35227795 kmers
Used 35.283 GB / 79.750 GB to store   6679509284 kmers; need 16.862 GB to sort     35362263 kmers
Used 35.358 GB / 79.750 GB to store   6710937010 kmers; need 16.929 GB to sort     35503398 kmers
Used 35.413 GB / 79.750 GB to store   6733984272 kmers; need 17.013 GB to sort     35679008 kmers
Used 35.489 GB / 79.750 GB to store   6765412662 kmers; need 17.064 GB to sort     35785336 kmers
Used 35.548 GB / 79.750 GB to store   6790555164 kmers; need 17.169 GB to sort     36006448 kmers
Used 35.633 GB / 79.750 GB to store   6826173929 kmers; need 17.214 GB to sort     36099498 kmers
Used 35.688 GB / 79.750 GB to store   6849221184 kmers; need 17.285 GB to sort     36248454 kmers
Used 35.728 GB / 79.750 GB to store   6865983020 kmers; need 17.387 GB to sort     36462741 kmers
Used 35.818 GB / 79.750 GB to store   6903696899 kmers; need 17.431 GB to sort     36556309 kmers
Used 35.882 GB / 79.750 GB to store   6930934641 kmers; need 17.500 GB to sort     36699277 kmers
Used 35.942 GB / 79.750 GB to store   6956077122 kmers; need 17.569 GB to sort     36845203 kmers
Used 36.006 GB / 79.750 GB to store   6983314927 kmers; need 17.633 GB to sort     36978458 kmers
Used 36.070 GB / 79.750 GB to store   7010552627 kmers; need 17.695 GB to sort     37109705 kmers
Used 36.129 GB / 79.750 GB to store   7035695233 kmers; need 17.766 GB to sort     37257295 kmers
Used 36.200 GB / 79.750 GB to store   7065028131 kmers; need 17.830 GB to sort     37392601 kmers
Used 36.261 GB / 79.750 GB to store   7090170528 kmers; need 17.909 GB to sort     37557522 kmers
Used 36.325 GB / 79.750 GB to store   7117408298 kmers; need 17.974 GB to sort     37693590 kmers
Used 36.395 GB / 79.750 GB to store   7146741448 kmers; need 18.042 GB to sort     37837166 kmers
Used 36.456 GB / 79.750 GB to store   7171884160 kmers; need 18.131 GB to sort     38022428 kmers
Used 36.541 GB / 79.750 GB to store   7207502778 kmers; need 18.172 GB to sort     38108558 kmers
Used 36.600 GB / 79.750 GB to store   7232645322 kmers; need 18.240 GB to sort     38251751 kmers
Used 36.660 GB / 79.750 GB to store   7257788160 kmers; need 18.334 GB to sort     38448875 kmers
Used 36.736 GB / 79.750 GB to store   7289216427 kmers; need 18.393 GB to sort     38572535 kmers
Used 36.810 GB / 79.750 GB to store   7320644817 kmers; need 18.452 GB to sort     38696687 kmers
Used 36.856 GB / 79.750 GB to store   7339501704 kmers; need 18.543 GB to sort     38887956 kmers
Used 36.941 GB / 79.750 GB to store   7375120448 kmers; need 18.584 GB to sort     38973140 kmers
Used 36.995 GB / 79.750 GB to store   7398167857 kmers; need 18.660 GB to sort     39132095 kmers
Used 37.046 GB / 79.750 GB to store   7419119900 kmers; need 18.738 GB to sort     39295710 kmers
Used 37.126 GB / 79.750 GB to store   7452643127 kmers; need 18.788 GB to sort     39401137 kmers
Used 37.177 GB / 79.750 GB to store   7473595254 kmers; need 18.868 GB to sort     39568222 kmers
Used 37.252 GB / 79.750 GB to store   7505023518 kmers; need 18.920 GB to sort     39678961 kmers
Used 37.312 GB / 79.750 GB to store   7530165936 kmers; need 19.002 GB to sort     39849498 kmers
Used 37.377 GB / 79.750 GB to store   7557403573 kmers; need 19.063 GB to sort     39978665 kmers
Used 37.443 GB / 79.750 GB to store   7584640839 kmers; need 19.126 GB to sort     40109158 kmers
Used 37.503 GB / 79.750 GB to store   7609783341 kmers; need 19.191 GB to sort     40246006 kmers
Used 37.568 GB / 79.750 GB to store   7637021125 kmers; need 19.264 GB to sort     40399089 kmers
Used 37.629 GB / 79.750 GB to store   7662163497 kmers; need 19.329 GB to sort     40534963 kmers
Used 37.690 GB / 79.750 GB to store   7687306230 kmers; need 19.397 GB to sort     40679492 kmers
Used 37.750 GB / 79.750 GB to store   7712448900 kmers; need 19.463 GB to sort     40817823 kmers
Used 37.820 GB / 79.750 GB to store   7741781924 kmers; need 19.522 GB to sort     40941355 kmers
Used 37.890 GB / 79.750 GB to store   7771114843 kmers; need 19.582 GB to sort     41066679 kmers
Used 37.950 GB / 79.750 GB to store   7796257282 kmers; need 19.664 GB to sort     41238773 kmers
Used 38.005 GB / 79.750 GB to store   7819304775 kmers; need 19.735 GB to sort     41387360 kmers
Used 38.076 GB / 79.750 GB to store   7848637799 kmers; need 19.794 GB to sort     41512050 kmers
Used 38.147 GB / 79.750 GB to store   7877970697 kmers; need 19.873 GB to sort     41676799 kmers
Used 38.223 GB / 79.750 GB to store   7909398919 kmers; need 19.923 GB to sort     41781544 kmers
Used 38.278 GB / 79.750 GB to store   7932446265 kmers; need 19.995 GB to sort     41931614 kmers
Used 38.338 GB / 79.750 GB to store   7957588851 kmers; need 20.062 GB to sort     42072029 kmers
Used 38.394 GB / 79.750 GB to store   7980636302 kmers; need 20.139 GB to sort     42234544 kmers
Used 38.464 GB / 79.750 GB to store   8009969473 kmers; need 20.198 GB to sort     42357556 kmers
Used 38.535 GB / 79.750 GB to store   8039302581 kmers; need 20.254 GB to sort     42475838 kmers
Used 38.591 GB / 79.750 GB to store   8062349885 kmers; need 20.341 GB to sort     42658847 kmers
Used 38.667 GB / 79.750 GB to store   8093778086 kmers; need 20.403 GB to sort     42788397 kmers
Used 38.737 GB / 79.750 GB to store   8123111020 kmers; need 20.488 GB to sort     42967005 kmers
Used 38.814 GB / 79.750 GB to store   8154539368 kmers; need 20.551 GB to sort     43098733 kmers
Used 38.874 GB / 79.750 GB to store   8179682122 kmers; need 20.618 GB to sort     43238988 kmers
Used 38.950 GB / 79.750 GB to store   8211110260 kmers; need 20.694 GB to sort     43397712 kmers
Used 39.026 GB / 79.750 GB to store   8242538461 kmers; need 20.757 GB to sort     43531585 kmers
Used 39.082 GB / 79.750 GB to store   8265585639 kmers; need 20.828 GB to sort     43679481 kmers
Used 39.153 GB / 79.750 GB to store   8294918635 kmers; need 20.884 GB to sort     43796549 kmers
Used 39.213 GB / 79.750 GB to store   8320061095 kmers; need 20.954 GB to sort     43943076 kmers
Used 39.273 GB / 79.750 GB to store   8345203576 kmers; need 21.041 GB to sort     44125634 kmers
Used 39.353 GB / 79.750 GB to store   8378726599 kmers; need 21.089 GB to sort     44226830 kmers
Used 39.424 GB / 79.750 GB to store   8408059455 kmers; need 21.159 GB to sort     44374010 kmers
Used 39.469 GB / 79.750 GB to store   8426916552 kmers; need 21.243 GB to sort     44550455 kmers
Used 39.550 GB / 79.750 GB to store   8460439951 kmers; need 21.290 GB to sort     44648670 kmers
Used 39.606 GB / 79.750 GB to store   8483487297 kmers; need 21.377 GB to sort     44829866 kmers
Used 39.671 GB / 79.750 GB to store   8510724609 kmers; need 21.463 GB to sort     45010616 kmers
Used 39.747 GB / 79.750 GB to store   8542152579 kmers; need 21.527 GB to sort     45145977 kmers
Used 39.823 GB / 79.750 GB to store   8573581032 kmers; need 21.580 GB to sort     45256745 kmers
Used 39.888 GB / 79.750 GB to store   8600818900 kmers; need 21.644 GB to sort     45390378 kmers
Used 39.939 GB / 79.750 GB to store   8621771132 kmers; need 21.722 GB to sort     45553625 kmers
Used 40.004 GB / 79.750 GB to store   8649008937 kmers; need 21.794 GB to sort     45705998 kmers
Used 40.069 GB / 79.750 GB to store   8676246700 kmers; need 21.855 GB to sort     45833836 kmers
Used 40.149 GB / 79.750 GB to store   8709770035 kmers; need 21.915 GB to sort     45959906 kmers
Used 40.195 GB / 79.750 GB to store   8728626538 kmers; need 22.013 GB to sort     46165030 kmers
Used 40.290 GB / 79.750 GB to store   8768435342 kmers; need 22.057 GB to sort     46255901 kmers
Used 40.350 GB / 79.750 GB to store   8793578285 kmers; need 22.169 GB to sort     46491314 kmers
Used 40.442 GB / 79.750 GB to store   8831292227 kmers; need 22.206 GB to sort     46569477 kmers
Used 40.493 GB / 79.750 GB to store   8852244291 kmers; need 22.285 GB to sort     46734118 kmers
Used 40.544 GB / 79.750 GB to store   8873196523 kmers; need 22.385 GB to sort     46944522 kmers
Used 40.639 GB / 79.750 GB to store   8913005458 kmers; need 22.432 GB to sort     47042695 kmers
Used 40.700 GB / 79.750 GB to store   8938147554 kmers; need 22.498 GB to sort     47181369 kmers
Used 40.750 GB / 79.750 GB to store   8959099744 kmers; need 22.578 GB to sort     47349419 kmers
Used 40.825 GB / 79.750 GB to store   8990527945 kmers; need 22.629 GB to sort     47456751 kmers
Used 40.896 GB / 79.750 GB to store   9019860549 kmers; need 22.694 GB to sort     47592010 kmers
Used 40.947 GB / 79.750 GB to store   9040812949 kmers; need 22.785 GB to sort     47783230 kmers
Used 41.033 GB / 79.750 GB to store   9076431525 kmers; need 22.840 GB to sort     47898436 kmers
Used 41.095 GB / 79.750 GB to store   9101573859 kmers; need 22.911 GB to sort     48048681 kmers
Used 41.156 GB / 79.750 GB to store   9126716382 kmers; need 22.978 GB to sort     48187633 kmers
Used 41.232 GB / 79.750 GB to store   9158144688 kmers; need 23.030 GB to sort     48297760 kmers
Used 41.283 GB / 79.750 GB to store   9179096778 kmers; need 23.136 GB to sort     48520692 kmers
Used 41.369 GB / 79.750 GB to store   9214715459 kmers; need 23.181 GB to sort     48614774 kmers
Used 41.430 GB / 79.750 GB to store   9239858045 kmers; need 23.247 GB to sort     48752281 kmers
Used 41.490 GB / 79.750 GB to store   9265000323 kmers; need 23.312 GB to sort     48888164 kmers
Used 41.556 GB / 79.750 GB to store   9292238212 kmers; need 23.390 GB to sort     49052827 kmers
Used 41.632 GB / 79.750 GB to store   9323666392 kmers; need 23.443 GB to sort     49163360 kmers
Used 41.687 GB / 79.750 GB to store   9346713801 kmers; need 23.531 GB to sort     49347965 kmers
Used 41.769 GB / 79.750 GB to store   9380237389 kmers; need 23.579 GB to sort     49448587 kmers
Used 41.825 GB / 79.750 GB to store   9403284882 kmers; need 23.677 GB to sort     49654204 kmers
Used 41.901 GB / 79.750 GB to store   9434713083 kmers; need 23.737 GB to sort     49780000 kmers
Used 41.972 GB / 79.750 GB to store   9464045918 kmers; need 23.818 GB to sort     49948994 kmers
Used 42.038 GB / 79.750 GB to store   9491283345 kmers; need 23.879 GB to sort     50078717 kmers
Used 42.109 GB / 79.750 GB to store   9520616180 kmers; need 23.937 GB to sort     50199812 kmers
Used 42.155 GB / 79.750 GB to store   9539473319 kmers; need 24.018 GB to sort     50369360 kmers
Used 42.231 GB / 79.750 GB to store   9570901415 kmers; need 24.068 GB to sort     50474786 kmers
Used 42.282 GB / 79.750 GB to store   9591853668 kmers; need 24.143 GB to sort     50631479 kmers
Used 42.348 GB / 79.750 GB to store   9619091217 kmers; need 24.205 GB to sort     50761910 kmers
Used 42.418 GB / 79.750 GB to store   9648424124 kmers; need 24.266 GB to sort     50889079 kmers
Used 42.474 GB / 79.750 GB to store   9671470938 kmers; need 24.338 GB to sort     51040967 kmers
Used 42.551 GB / 79.750 GB to store   9702899160 kmers; need 24.406 GB to sort     51183049 kmers
Used 42.617 GB / 79.750 GB to store   9730137070 kmers; need 24.472 GB to sort     51320809 kmers
Used 42.688 GB / 79.750 GB to store   9759469889 kmers; need 24.557 GB to sort     51500476 kmers
Used 42.763 GB / 79.750 GB to store   9790897740 kmers; need 24.622 GB to sort     51635191 kmers
Used 42.830 GB / 79.750 GB to store   9818135545 kmers; need 24.683 GB to sort     51764773 kmers
Used 42.881 GB / 79.750 GB to store   9839087630 kmers; need 24.759 GB to sort     51922690 kmers
Used 42.961 GB / 79.750 GB to store   9872611197 kmers; need 24.806 GB to sort     52022904 kmers
Used 43.018 GB / 79.750 GB to store   9895658711 kmers; need 24.882 GB to sort     52182284 kmers
Used 43.088 GB / 79.750 GB to store   9924990906 kmers; need 24.940 GB to sort     52303976 kmers
Used 43.159 GB / 79.750 GB to store   9954323888 kmers; need 25.024 GB to sort     52478735 kmers
Used 43.224 GB / 79.750 GB to store   9981561438 kmers; need 25.090 GB to sort     52617858 kmers
Used 43.296 GB / 79.750 GB to store  10010894651 kmers; need 25.151 GB to sort     52745251 kmers
Used 43.357 GB / 79.750 GB to store  10036037195 kmers; need 25.220 GB to sort     52890484 kmers
Used 43.419 GB / 79.750 GB to store  10061179781 kmers; need 25.286 GB to sort     53028546 kmers
Used 43.485 GB / 79.750 GB to store  10088417607 kmers; need 25.376 GB to sort     53216695 kmers
Used 43.556 GB / 79.750 GB to store  10117750736 kmers; need 25.437 GB to sort     53344948 kmers
Used 43.633 GB / 79.750 GB to store  10149179147 kmers; need 25.490 GB to sort     53456671 kmers
Used 43.689 GB / 79.750 GB to store  10172226472 kmers; need 25.567 GB to sort     53618350 kmers
Used 43.760 GB / 79.750 GB to store  10201559475 kmers; need 25.643 GB to sort     53777139 kmers
Used 43.822 GB / 79.750 GB to store  10226702124 kmers; need 25.707 GB to sort     53911553 kmers
Used 43.893 GB / 79.750 GB to store  10256035022 kmers; need 25.761 GB to sort     54025353 kmers
Used 43.954 GB / 79.750 GB to store  10281177587 kmers; need 25.825 GB to sort     54159648 kmers
Used 44.010 GB / 79.750 GB to store  10304224530 kmers; need 25.896 GB to sort     54307115 kmers
Used 44.075 GB / 79.750 GB to store  10331462335 kmers; need 25.971 GB to sort     54464994 kmers
Used 44.146 GB / 79.750 GB to store  10360794812 kmers; need 26.048 GB to sort     54626069 kmers
Used 44.222 GB / 79.750 GB to store  10392223139 kmers; need 26.103 GB to sort     54742523 kmers
Used 44.284 GB / 79.750 GB to store  10417365809 kmers; need 26.176 GB to sort     54895023 kmers
Used 44.361 GB / 79.750 GB to store  10448793586 kmers; need 26.225 GB to sort     54998069 kmers
Used 44.417 GB / 79.750 GB to store  10471841079 kmers; need 26.305 GB to sort     55165862 kmers
Used 44.488 GB / 79.750 GB to store  10501173907 kmers; need 26.361 GB to sort     55283769 kmers
Used 44.539 GB / 79.750 GB to store  10522125959 kmers; need 26.440 GB to sort     55448143 kmers
Used 44.614 GB / 79.750 GB to store  10553553983 kmers; need 26.498 GB to sort     55570189 kmers
Used 44.675 GB / 79.750 GB to store  10578696425 kmers; need 26.576 GB to sort     55734287 kmers
Used 44.747 GB / 79.750 GB to store  10608029449 kmers; need 26.640 GB to sort     55868955 kmers
Used 44.818 GB / 79.750 GB to store  10637362620 kmers; need 26.695 GB to sort     55983351 kmers
Used 44.880 GB / 79.750 GB to store  10662505311 kmers; need 26.776 GB to sort     56153630 kmers
Used 44.956 GB / 79.750 GB to store  10693933378 kmers; need 26.841 GB to sort     56290527 kmers
Used 45.017 GB / 79.750 GB to store  10719075836 kmers; need 26.905 GB to sort     56424778 kmers
Used 45.079 GB / 79.750 GB to store  10744218590 kmers; need 26.972 GB to sort     56563605 kmers
Used 45.156 GB / 79.750 GB to store  10775646686 kmers; need 27.045 GB to sort     56716966 kmers
Used 45.212 GB / 79.750 GB to store  10798694011 kmers; need 27.117 GB to sort     56867711 kmers
Used 45.288 GB / 79.750 GB to store  10830122380 kmers; need 27.180 GB to sort     57000500 kmers
Used 45.344 GB / 79.750 GB to store  10853169747 kmers; need 27.255 GB to sort     57158171 kmers
Used 45.415 GB / 79.750 GB to store  10882502525 kmers; need 27.312 GB to sort     57278156 kmers
Used 45.476 GB / 79.750 GB to store  10907645048 kmers; need 27.381 GB to sort     57422455 kmers
Used 45.537 GB / 79.750 GB to store  10932787697 kmers; need 27.457 GB to sort     57581497 kmers
Used 45.614 GB / 79.750 GB to store  10964215919 kmers; need 27.523 GB to sort     57719813 kmers
Used 45.675 GB / 79.750 GB to store  10989358652 kmers; need 27.599 GB to sort     57879841 kmers
Used 45.756 GB / 79.750 GB to store  11022881682 kmers; need 27.647 GB to sort     57980432 kmers
Used 45.803 GB / 79.750 GB to store  11041738737 kmers; need 27.730 GB to sort     58153882 kmers
Used 45.879 GB / 79.750 GB to store  11073167022 kmers; need 27.781 GB to sort     58261892 kmers
Used 45.930 GB / 79.750 GB to store  11094119212 kmers; need 27.858 GB to sort     58423371 kmers
Used 46.002 GB / 79.750 GB to store  11123452050 kmers; need 27.925 GB to sort     58563268 kmers
Used 46.075 GB / 79.750 GB to store  11152785200 kmers; need 27.981 GB to sort     58680342 kmers
Used 46.127 GB / 79.750 GB to store  11173737495 kmers; need 28.061 GB to sort     58848235 kmers
Used 46.208 GB / 79.750 GB to store  11207261041 kmers; need 28.109 GB to sort     58947800 kmers
Used 46.259 GB / 79.750 GB to store  11228213080 kmers; need 28.187 GB to sort     59113318 kmers
Used 46.320 GB / 79.750 GB to store  11253355502 kmers; need 28.256 GB to sort     59257018 kmers
Used 46.397 GB / 79.750 GB to store  11284783745 kmers; need 28.307 GB to sort     59364050 kmers
Used 46.443 GB / 79.750 GB to store  11303640590 kmers; need 28.399 GB to sort     59557873 kmers
Used 46.520 GB / 79.750 GB to store  11335068922 kmers; need 28.451 GB to sort     59665422 kmers
Used 46.581 GB / 79.750 GB to store  11360211508 kmers; need 28.520 GB to sort     59811229 kmers
Used 46.648 GB / 79.750 GB to store  11387449460 kmers; need 28.580 GB to sort     59936925 kmers
Used 46.714 GB / 79.750 GB to store  11414687307 kmers; need 28.647 GB to sort     60077224 kmers
Used 46.766 GB / 79.750 GB to store  11435639644 kmers; need 28.725 GB to sort     60239750 kmers
Used 46.848 GB / 79.750 GB to store  11469163274 kmers; need 28.769 GB to sort     60331931 kmers
Used 46.904 GB / 79.750 GB to store  11492210431 kmers; need 28.844 GB to sort     60489515 kmers
Used 46.971 GB / 79.750 GB to store  11519447656 kmers; need 28.902 GB to sort     60611711 kmers
Used 47.031 GB / 79.750 GB to store  11544589894 kmers; need 28.967 GB to sort     60747837 kmers
Used 47.092 GB / 79.750 GB to store  11569732501 kmers; need 29.045 GB to sort     60911389 kmers
Used 47.175 GB / 79.750 GB to store  11603256089 kmers; need 29.115 GB to sort     61059117 kmers
Used 47.242 GB / 79.750 GB to store  11630493414 kmers; need 29.175 GB to sort     61184607 kmers
Used 47.303 GB / 79.750 GB to store  11655636019 kmers; need 29.239 GB to sort     61318975 kmers
Used 47.360 GB / 79.750 GB to store  11678683428 kmers; need 29.312 GB to sort     61471198 kmers
Used 47.431 GB / 79.750 GB to store  11708016704 kmers; need 29.379 GB to sort     61613192 kmers
Used 47.492 GB / 79.750 GB to store  11733159327 kmers; need 29.444 GB to sort     61747886 kmers
Used 47.570 GB / 79.750 GB to store  11764587570 kmers; need 29.503 GB to sort     61872533 kmers
Used 47.636 GB / 79.750 GB to store  11791825417 kmers; need 29.589 GB to sort     62052564 kmers
Used 47.713 GB / 79.750 GB to store  11823253744 kmers; need 29.643 GB to sort     62165800 kmers
Used 47.775 GB / 79.750 GB to store  11848396393 kmers; need 29.714 GB to sort     62315518 kmers
Used 47.841 GB / 79.750 GB to store  11875634240 kmers; need 29.801 GB to sort     62496762 kmers
Used 47.907 GB / 79.750 GB to store  11902871751 kmers; need 29.862 GB to sort     62625750 kmers
Used 47.984 GB / 79.750 GB to store  11934300087 kmers; need 29.921 GB to sort     62748658 kmers
Used 48.055 GB / 79.750 GB to store  11963633006 kmers; need 29.994 GB to sort     62902229 kmers
Used 48.106 GB / 79.750 GB to store  11984585364 kmers; need 30.070 GB to sort     63061247 kmers
Used 48.178 GB / 79.750 GB to store  12013918061 kmers; need 30.129 GB to sort     63185494 kmers
Used 48.235 GB / 79.750 GB to store  12036965470 kmers; need 30.205 GB to sort     63344368 kmers
Used 48.311 GB / 79.750 GB to store  12068393923 kmers; need 30.257 GB to sort     63454238 kmers
Used 48.368 GB / 79.750 GB to store  12091441353 kmers; need 30.329 GB to sort     63604018 kmers
Used 48.445 GB / 79.750 GB to store  12122869533 kmers; need 30.379 GB to sort     63708504 kmers
Used 48.512 GB / 79.750 GB to store  12150107464 kmers; need 30.450 GB to sort     63859029 kmers
Used 48.573 GB / 79.750 GB to store  12175250155 kmers; need 30.520 GB to sort     64005151 kmers
Used 48.634 GB / 79.750 GB to store  12200392762 kmers; need 30.592 GB to sort     64155137 kmers
Used 48.697 GB / 79.750 GB to store  12225535558 kmers; need 30.689 GB to sort     64359786 kmers
Used 48.790 GB / 79.750 GB to store  12263249626 kmers; need 30.726 GB to sort     64436650 kmers
Used 48.846 GB / 79.750 GB to store  12286296993 kmers; need 30.812 GB to sort     64617454 kmers
Memory full.  Writing results to 'hifi.meryl', using 30 threads (2 threads still doing input).

Used 20.941 GB / 79.750 GB to store      2095198 kmers; need 30.868 GB to sort     64734585 kmers
Used 21.072 GB / 79.750 GB to store     16761626 kmers; need 30.868 GB to sort     64735030 kmers
Used 21.199 GB / 79.750 GB to store     25142502 kmers; need 30.868 GB to sort     64735191 kmers
Used 21.349 GB / 79.750 GB to store     35618212 kmers; need 30.868 GB to sort     64735268 kmers
Used 21.481 GB / 79.750 GB to store     46094244 kmers; need 30.868 GB to sort     64735319 kmers
Used 21.623 GB / 79.750 GB to store     56570465 kmers; need 30.868 GB to sort     64735319 kmers
Used 21.751 GB / 79.750 GB to store     64951289 kmers; need 30.868 GB to sort     64735319 kmers
Used 21.878 GB / 79.750 GB to store     83808365 kmers; need 30.868 GB to sort     64735319 kmers
Used 22.004 GB / 79.750 GB to store    207425790 kmers; need 30.868 GB to sort     64735319 kmers
Used 22.129 GB / 79.750 GB to store    391805175 kmers; need 30.868 GB to sort     64735319 kmers
Used 22.255 GB / 79.750 GB to store    530089213 kmers; need 30.868 GB to sort     64735319 kmers
Used 22.382 GB / 79.750 GB to store    645326096 kmers; need 30.868 GB to sort     64735319 kmers
Used 22.510 GB / 79.750 GB to store    747991680 kmers; need 30.868 GB to sort     64735319 kmers
Used 22.636 GB / 79.750 GB to store    842276461 kmers; need 30.868 GB to sort     64735319 kmers
Used 22.763 GB / 79.750 GB to store    930275869 kmers; need 30.868 GB to sort     64735319 kmers
Used 22.890 GB / 79.750 GB to store   1014084158 kmers; need 30.868 GB to sort     64735319 kmers
Used 23.016 GB / 79.750 GB to store   1093702732 kmers; need 30.868 GB to sort     64735319 kmers
Used 23.143 GB / 79.750 GB to store   1171225343 kmers; need 30.868 GB to sort     64735319 kmers
Used 23.268 GB / 79.750 GB to store   1244558008 kmers; need 30.868 GB to sort     64735319 kmers
Used 23.395 GB / 79.750 GB to store   1317890547 kmers; need 30.868 GB to sort     64735319 kmers
Used 23.521 GB / 79.750 GB to store   1389127615 kmers; need 30.868 GB to sort     64735319 kmers
Used 23.646 GB / 79.750 GB to store   1458269561 kmers; need 30.868 GB to sort     64735319 kmers
Used 23.774 GB / 79.750 GB to store   1527411433 kmers; need 30.868 GB to sort     64735319 kmers
Used 23.899 GB / 79.750 GB to store   1594458336 kmers; need 30.868 GB to sort     64735319 kmers
Used 24.025 GB / 79.750 GB to store   1661505228 kmers; need 30.868 GB to sort     64735319 kmers
Used 24.153 GB / 79.750 GB to store   1728551614 kmers; need 30.868 GB to sort     64735319 kmers
Used 24.279 GB / 79.750 GB to store   1793503193 kmers; need 30.868 GB to sort     64735319 kmers
Used 24.407 GB / 79.750 GB to store   1858454772 kmers; need 30.868 GB to sort     64735319 kmers
Used 24.535 GB / 79.750 GB to store   1923406223 kmers; need 30.868 GB to sort     64735319 kmers
Used 24.660 GB / 79.750 GB to store   1986262919 kmers; need 30.868 GB to sort     64735319 kmers
Used 24.788 GB / 79.750 GB to store   2049118947 kmers; need 30.868 GB to sort     64735319 kmers
Used 24.917 GB / 79.750 GB to store   2111975406 kmers; need 30.868 GB to sort     64735319 kmers
Used 25.045 GB / 79.750 GB to store   2174831871 kmers; need 30.868 GB to sort     64735319 kmers
Used 25.171 GB / 79.750 GB to store   2235593096 kmers; need 30.868 GB to sort     64735319 kmers
Used 25.296 GB / 79.750 GB to store   2296354279 kmers; need 30.868 GB to sort     64735319 kmers
Used 25.423 GB / 79.750 GB to store   2357115265 kmers; need 30.868 GB to sort     64735319 kmers
Used 25.551 GB / 79.750 GB to store   2417876195 kmers; need 30.868 GB to sort     64735319 kmers
Used 25.680 GB / 79.750 GB to store   2478637074 kmers; need 30.868 GB to sort     64735319 kmers
Used 25.808 GB / 79.750 GB to store   2539398215 kmers; need 30.868 GB to sort     64735319 kmers
Used 25.933 GB / 79.750 GB to store   2598063801 kmers; need 30.868 GB to sort     64735319 kmers
Used 26.062 GB / 79.750 GB to store   2658824818 kmers; need 30.868 GB to sort     64735319 kmers
Used 26.189 GB / 79.750 GB to store   2717491076 kmers; need 30.868 GB to sort     64735319 kmers
Used 26.315 GB / 79.750 GB to store   2776157607 kmers; need 30.868 GB to sort     64735319 kmers
Used 26.443 GB / 79.750 GB to store   2834823490 kmers; need 30.868 GB to sort     64735319 kmers
Used 26.571 GB / 79.750 GB to store   2893489727 kmers; need 30.868 GB to sort     64735319 kmers
Used 26.698 GB / 79.750 GB to store   2952156069 kmers; need 30.868 GB to sort     64735319 kmers
Used 26.826 GB / 79.750 GB to store   3010822243 kmers; need 30.868 GB to sort     64735319 kmers
Used 26.951 GB / 79.750 GB to store   3067392870 kmers; need 30.868 GB to sort     64735319 kmers
Used 27.080 GB / 79.750 GB to store   3126058843 kmers; need 30.868 GB to sort     64735319 kmers
Used 27.206 GB / 79.750 GB to store   3182629798 kmers; need 30.868 GB to sort     64735319 kmers
Used 27.332 GB / 79.750 GB to store   3239200879 kmers; need 30.868 GB to sort     64735319 kmers
Used 27.462 GB / 79.750 GB to store   3297866231 kmers; need 30.868 GB to sort     64735319 kmers
Used 27.588 GB / 79.750 GB to store   3354436745 kmers; need 30.868 GB to sort     64735319 kmers
Used 27.713 GB / 79.750 GB to store   3411007423 kmers; need 30.868 GB to sort     64735319 kmers
Used 27.839 GB / 79.750 GB to store   3467577812 kmers; need 30.868 GB to sort     64735319 kmers
Used 27.964 GB / 79.750 GB to store   3524148977 kmers; need 30.868 GB to sort     64735319 kmers
Used 28.091 GB / 79.750 GB to store   3580719528 kmers; need 30.868 GB to sort     64735319 kmers
Used 28.218 GB / 79.750 GB to store   3637289967 kmers; need 30.868 GB to sort     64735319 kmers
Used 28.346 GB / 79.750 GB to store   3693860901 kmers; need 30.868 GB to sort     64735319 kmers
Used 28.473 GB / 79.750 GB to store   3750431646 kmers; need 30.868 GB to sort     64735319 kmers
Used 28.600 GB / 79.750 GB to store   3807001852 kmers; need 30.868 GB to sort     64735319 kmers
Used 28.727 GB / 79.750 GB to store   3863572312 kmers; need 30.868 GB to sort     64735319 kmers
Used 28.856 GB / 79.750 GB to store   3920143141 kmers; need 30.868 GB to sort     64735319 kmers
Used 28.984 GB / 79.750 GB to store   3976713655 kmers; need 30.868 GB to sort     64735319 kmers
Used 29.113 GB / 79.750 GB to store   4033284211 kmers; need 30.868 GB to sort     64735319 kmers
Used 29.242 GB / 79.750 GB to store   4089854897 kmers; need 30.868 GB to sort     64735319 kmers
Used 29.372 GB / 79.750 GB to store   4146425446 kmers; need 30.868 GB to sort     64735319 kmers
Used 29.501 GB / 79.750 GB to store   4202996296 kmers; need 30.868 GB to sort     64735319 kmers
Used 29.630 GB / 79.750 GB to store   4259566575 kmers; need 30.868 GB to sort     64735319 kmers
Used 29.759 GB / 79.750 GB to store   4316137488 kmers; need 30.868 GB to sort     64735319 kmers
Used 29.888 GB / 79.750 GB to store   4372707702 kmers; need 30.868 GB to sort     64735319 kmers
Used 30.017 GB / 79.750 GB to store   4429278143 kmers; need 30.868 GB to sort     64735319 kmers
Used 30.143 GB / 79.750 GB to store   4483753543 kmers; need 30.868 GB to sort     64735319 kmers
Used 30.268 GB / 79.750 GB to store   4538229111 kmers; need 30.868 GB to sort     64735319 kmers
Used 30.394 GB / 79.750 GB to store   4592704553 kmers; need 30.868 GB to sort     64735319 kmers
Used 30.524 GB / 79.750 GB to store   4649275273 kmers; need 30.868 GB to sort     64735319 kmers
Used 30.654 GB / 79.750 GB to store   4705845670 kmers; need 30.868 GB to sort     64735319 kmers
Used 30.780 GB / 79.750 GB to store   4760321037 kmers; need 30.868 GB to sort     64735319 kmers
Used 30.907 GB / 79.750 GB to store   4814796920 kmers; need 30.868 GB to sort     64735319 kmers
Used 31.034 GB / 79.750 GB to store   4869272698 kmers; need 30.868 GB to sort     64735319 kmers
Used 31.160 GB / 79.750 GB to store   4923748182 kmers; need 30.868 GB to sort     64735319 kmers
Used 31.285 GB / 79.750 GB to store   4978223645 kmers; need 30.868 GB to sort     64735319 kmers
Used 31.411 GB / 79.750 GB to store   5032699360 kmers; need 30.868 GB to sort     64735319 kmers
Used 31.537 GB / 79.750 GB to store   5087175033 kmers; need 30.868 GB to sort     64735319 kmers
Used 31.664 GB / 79.750 GB to store   5141650328 kmers; need 30.868 GB to sort     64735319 kmers
Used 31.790 GB / 79.750 GB to store   5196126022 kmers; need 30.868 GB to sort     64735319 kmers
Used 31.917 GB / 79.750 GB to store   5250601398 kmers; need 30.868 GB to sort     64735319 kmers
Used 32.044 GB / 79.750 GB to store   5305076913 kmers; need 30.868 GB to sort     64735319 kmers
Used 32.171 GB / 79.750 GB to store   5359552572 kmers; need 30.868 GB to sort     64735319 kmers
Used 32.298 GB / 79.750 GB to store   5414028344 kmers; need 30.868 GB to sort     64735319 kmers
Used 32.426 GB / 79.750 GB to store   5468503534 kmers; need 30.868 GB to sort     64735319 kmers
Used 32.553 GB / 79.750 GB to store   5522979144 kmers; need 30.868 GB to sort     64735319 kmers
Used 32.681 GB / 79.750 GB to store   5577454617 kmers; need 30.868 GB to sort     64735319 kmers
Used 32.808 GB / 79.750 GB to store   5631930080 kmers; need 30.868 GB to sort     64735319 kmers
Used 32.937 GB / 79.750 GB to store   5686405690 kmers; need 30.868 GB to sort     64735319 kmers
Used 33.066 GB / 79.750 GB to store   5740880616 kmers; need 30.868 GB to sort     64735319 kmers
Used 33.194 GB / 79.750 GB to store   5795355606 kmers; need 30.868 GB to sort     64735319 kmers
Used 33.323 GB / 79.750 GB to store   5849831153 kmers; need 30.868 GB to sort     64735319 kmers
Used 33.451 GB / 79.750 GB to store   5904306742 kmers; need 30.868 GB to sort     64735319 kmers
Used 33.580 GB / 79.750 GB to store   5958781994 kmers; need 30.868 GB to sort     64735319 kmers
Used 33.708 GB / 79.750 GB to store   6013257206 kmers; need 30.868 GB to sort     64735319 kmers
Used 33.837 GB / 79.750 GB to store   6067732772 kmers; need 30.868 GB to sort     64735319 kmers
Used 33.966 GB / 79.750 GB to store   6122208235 kmers; need 30.868 GB to sort     64735319 kmers
Used 34.095 GB / 79.750 GB to store   6176683488 kmers; need 30.868 GB to sort     64735319 kmers
Used 34.223 GB / 79.750 GB to store   6231159070 kmers; need 30.868 GB to sort     64735319 kmers
Used 34.349 GB / 79.750 GB to store   6283539776 kmers; need 30.868 GB to sort     64735319 kmers
Used 34.478 GB / 79.750 GB to store   6338015145 kmers; need 30.868 GB to sort     64735319 kmers
Used 34.608 GB / 79.750 GB to store   6392490190 kmers; need 30.868 GB to sort     64735319 kmers
Used 34.737 GB / 79.750 GB to store   6446965758 kmers; need 30.868 GB to sort     64735319 kmers
Used 34.865 GB / 79.750 GB to store   6501440924 kmers; need 30.868 GB to sort     64735319 kmers
Used 34.994 GB / 79.750 GB to store   6555916401 kmers; need 30.868 GB to sort     64735319 kmers
Used 35.123 GB / 79.750 GB to store   6610392187 kmers; need 30.868 GB to sort     64735319 kmers
Used 35.251 GB / 79.750 GB to store   6664867455 kmers; need 30.868 GB to sort     64735319 kmers
Used 35.380 GB / 79.750 GB to store   6719342708 kmers; need 30.868 GB to sort     64735319 kmers
Used 35.510 GB / 79.750 GB to store   6773818276 kmers; need 30.868 GB to sort     64735319 kmers
Used 35.639 GB / 79.750 GB to store   6828293823 kmers; need 30.868 GB to sort     64735319 kmers
Used 35.764 GB / 79.750 GB to store   6880674109 kmers; need 30.868 GB to sort     64735319 kmers
Used 35.893 GB / 79.750 GB to store   6935149251 kmers; need 30.868 GB to sort     64735319 kmers
Used 36.022 GB / 79.750 GB to store   6989624345 kmers; need 30.868 GB to sort     64735319 kmers
Used 36.152 GB / 79.750 GB to store   7044099766 kmers; need 30.868 GB to sort     64735319 kmers
Used 36.277 GB / 79.750 GB to store   7096479516 kmers; need 30.868 GB to sort     64735319 kmers
Used 36.403 GB / 79.750 GB to store   7148859785 kmers; need 30.868 GB to sort     64735319 kmers
Used 36.532 GB / 79.750 GB to store   7203334717 kmers; need 30.868 GB to sort     64735319 kmers
Used 36.661 GB / 79.750 GB to store   7257809846 kmers; need 30.868 GB to sort     64735319 kmers
Used 36.786 GB / 79.750 GB to store   7310190258 kmers; need 30.868 GB to sort     64735319 kmers
Used 36.912 GB / 79.750 GB to store   7362570418 kmers; need 30.868 GB to sort     64735319 kmers
Used 37.038 GB / 79.750 GB to store   7414950021 kmers; need 30.868 GB to sort     64735319 kmers
Used 37.163 GB / 79.750 GB to store   7467330139 kmers; need 30.868 GB to sort     64735319 kmers
Used 37.289 GB / 79.750 GB to store   7519710572 kmers; need 30.868 GB to sort     64735319 kmers
Used 37.418 GB / 79.750 GB to store   7574186182 kmers; need 30.868 GB to sort     64735319 kmers
Used 37.544 GB / 79.750 GB to store   7626566363 kmers; need 30.868 GB to sort     64735319 kmers
Used 37.670 GB / 79.750 GB to store   7678946463 kmers; need 30.868 GB to sort     64735319 kmers
Used 37.797 GB / 79.750 GB to store   7731326560 kmers; need 30.868 GB to sort     64735319 kmers
Used 37.922 GB / 79.750 GB to store   7783706648 kmers; need 30.868 GB to sort     64735319 kmers
Used 38.052 GB / 79.750 GB to store   7838182258 kmers; need 30.868 GB to sort     64735319 kmers
Used 38.178 GB / 79.750 GB to store   7890562502 kmers; need 30.868 GB to sort     64735319 kmers
Used 38.303 GB / 79.750 GB to store   7942942641 kmers; need 30.868 GB to sort     64735319 kmers
Used 38.429 GB / 79.750 GB to store   7995322948 kmers; need 30.868 GB to sort     64735319 kmers
Used 38.555 GB / 79.750 GB to store   8047703330 kmers; need 30.868 GB to sort     64735319 kmers
Used 38.682 GB / 79.750 GB to store   8100082841 kmers; need 30.868 GB to sort     64735319 kmers
Used 38.808 GB / 79.750 GB to store   8152463232 kmers; need 30.868 GB to sort     64735319 kmers
Used 38.935 GB / 79.750 GB to store   8204843686 kmers; need 30.868 GB to sort     64735319 kmers
Used 39.060 GB / 79.750 GB to store   8257223600 kmers; need 30.868 GB to sort     64735319 kmers
Used 39.187 GB / 79.750 GB to store   8309603529 kmers; need 30.868 GB to sort     64735319 kmers
Used 39.313 GB / 79.750 GB to store   8361983265 kmers; need 30.868 GB to sort     64735319 kmers
Used 39.440 GB / 79.750 GB to store   8414363510 kmers; need 30.868 GB to sort     64735319 kmers
Used 39.567 GB / 79.750 GB to store   8466744010 kmers; need 30.868 GB to sort     64735319 kmers
Used 39.693 GB / 79.750 GB to store   8519124173 kmers; need 30.868 GB to sort     64735319 kmers
Used 39.819 GB / 79.750 GB to store   8571504704 kmers; need 30.868 GB to sort     64735319 kmers
Used 39.946 GB / 79.750 GB to store   8623884990 kmers; need 30.868 GB to sort     64735319 kmers
Used 40.071 GB / 79.750 GB to store   8676265339 kmers; need 30.868 GB to sort     64735319 kmers
Used 40.197 GB / 79.750 GB to store   8728645646 kmers; need 30.868 GB to sort     64735319 kmers
Used 40.324 GB / 79.750 GB to store   8781025597 kmers; need 30.868 GB to sort     64735319 kmers
Used 40.449 GB / 79.750 GB to store   8833405904 kmers; need 30.868 GB to sort     64735319 kmers
Used 40.575 GB / 79.750 GB to store   8885785875 kmers; need 30.868 GB to sort     64735319 kmers
Used 40.701 GB / 79.750 GB to store   8938166077 kmers; need 30.868 GB to sort     64735319 kmers
Used 40.828 GB / 79.750 GB to store   8990545721 kmers; need 30.868 GB to sort     64735319 kmers
Used 40.954 GB / 79.750 GB to store   9042925590 kmers; need 30.868 GB to sort     64735319 kmers
Used 41.081 GB / 79.750 GB to store   9095305813 kmers; need 30.868 GB to sort     64735319 kmers
Used 41.207 GB / 79.750 GB to store   9147686288 kmers; need 30.868 GB to sort     64735319 kmers
Used 41.334 GB / 79.750 GB to store   9200066456 kmers; need 30.868 GB to sort     64735319 kmers
Used 41.461 GB / 79.750 GB to store   9252446658 kmers; need 30.868 GB to sort     64735319 kmers
Used 41.587 GB / 79.750 GB to store   9304826672 kmers; need 30.868 GB to sort     64735319 kmers
Used 41.714 GB / 79.750 GB to store   9357206562 kmers; need 30.868 GB to sort     64735319 kmers
Used 41.840 GB / 79.750 GB to store   9409586533 kmers; need 30.868 GB to sort     64735319 kmers
Used 41.967 GB / 79.750 GB to store   9461966882 kmers; need 30.868 GB to sort     64735319 kmers
Used 42.094 GB / 79.750 GB to store   9514347210 kmers; need 30.868 GB to sort     64735319 kmers
Used 42.222 GB / 79.750 GB to store   9566727338 kmers; need 30.868 GB to sort     64735319 kmers
Used 42.349 GB / 79.750 GB to store   9619107204 kmers; need 30.868 GB to sort     64735319 kmers
Used 42.477 GB / 79.750 GB to store   9671487217 kmers; need 30.868 GB to sort     64735319 kmers
Used 42.604 GB / 79.750 GB to store   9723867629 kmers; need 30.868 GB to sort     64735319 kmers
Used 42.730 GB / 79.750 GB to store   9776248167 kmers; need 30.868 GB to sort     64735319 kmers
Used 42.856 GB / 79.750 GB to store   9828627970 kmers; need 30.868 GB to sort     64735319 kmers
Used 42.983 GB / 79.750 GB to store   9881007502 kmers; need 30.868 GB to sort     64735319 kmers
Used 43.109 GB / 79.750 GB to store   9933387893 kmers; need 30.868 GB to sort     64735319 kmers
Used 43.236 GB / 79.750 GB to store   9985768095 kmers; need 30.868 GB to sort     64735319 kmers
Used 43.364 GB / 79.750 GB to store  10038148017 kmers; need 30.868 GB to sort     64735319 kmers
Used 43.492 GB / 79.750 GB to store  10090528240 kmers; need 30.868 GB to sort     64735319 kmers
Used 43.619 GB / 79.750 GB to store  10142908172 kmers; need 30.868 GB to sort     64735319 kmers
Used 43.745 GB / 79.750 GB to store  10195288483 kmers; need 30.868 GB to sort     64735319 kmers
Used 43.874 GB / 79.750 GB to store  10247668685 kmers; need 30.868 GB to sort     64735319 kmers
Used 44.000 GB / 79.750 GB to store  10300048384 kmers; need 30.868 GB to sort     64735319 kmers
Used 44.127 GB / 79.750 GB to store  10352428670 kmers; need 30.868 GB to sort     64735319 kmers
Used 44.255 GB / 79.750 GB to store  10404808367 kmers; need 30.868 GB to sort     64735319 kmers
Used 44.382 GB / 79.750 GB to store  10457188338 kmers; need 30.868 GB to sort     64735319 kmers
Used 44.510 GB / 79.750 GB to store  10509568351 kmers; need 30.868 GB to sort     64735319 kmers
Used 44.638 GB / 79.750 GB to store  10561948742 kmers; need 30.868 GB to sort     64735319 kmers
Used 44.765 GB / 79.750 GB to store  10614328965 kmers; need 30.868 GB to sort     64735319 kmers
Used 44.891 GB / 79.750 GB to store  10666709209 kmers; need 30.868 GB to sort     64735319 kmers
Used 45.017 GB / 79.750 GB to store  10719089768 kmers; need 30.868 GB to sort     64735319 kmers
Used 45.145 GB / 79.750 GB to store  10771469823 kmers; need 30.868 GB to sort     64735319 kmers
Used 45.273 GB / 79.750 GB to store  10823850193 kmers; need 30.868 GB to sort     64735319 kmers
Used 45.400 GB / 79.750 GB to store  10876230626 kmers; need 30.868 GB to sort     64735319 kmers
Used 45.528 GB / 79.750 GB to store  10928610357 kmers; need 30.868 GB to sort     64735319 kmers
Used 45.655 GB / 79.750 GB to store  10980990265 kmers; need 30.868 GB to sort     64735319 kmers
Used 45.783 GB / 79.750 GB to store  11033370279 kmers; need 30.868 GB to sort     64735319 kmers
Used 45.911 GB / 79.750 GB to store  11085750796 kmers; need 30.868 GB to sort     64735319 kmers
Used 46.039 GB / 79.750 GB to store  11138130872 kmers; need 30.868 GB to sort     64735319 kmers
Used 46.167 GB / 79.750 GB to store  11190510476 kmers; need 30.868 GB to sort     64735319 kmers
Used 46.296 GB / 79.750 GB to store  11242890720 kmers; need 30.868 GB to sort     64735319 kmers
Used 46.424 GB / 79.750 GB to store  11295270672 kmers; need 30.868 GB to sort     64735319 kmers
Used 46.551 GB / 79.750 GB to store  11347650937 kmers; need 30.868 GB to sort     64735319 kmers
Used 46.679 GB / 79.750 GB to store  11400031517 kmers; need 30.868 GB to sort     64735319 kmers
Used 46.807 GB / 79.750 GB to store  11452411063 kmers; need 30.868 GB to sort     64735319 kmers
Used 46.935 GB / 79.750 GB to store  11504791496 kmers; need 30.868 GB to sort     64735319 kmers
Used 47.063 GB / 79.750 GB to store  11557171887 kmers; need 30.868 GB to sort     64735319 kmers
Used 47.191 GB / 79.750 GB to store  11609552026 kmers; need 30.868 GB to sort     64735319 kmers
Used 47.317 GB / 79.750 GB to store  11661932517 kmers; need 30.868 GB to sort     64735319 kmers
Used 47.444 GB / 79.750 GB to store  11714312355 kmers; need 30.868 GB to sort     64735319 kmers
Used 47.573 GB / 79.750 GB to store  11766691848 kmers; need 30.868 GB to sort     64735319 kmers
Used 47.700 GB / 79.750 GB to store  11819072176 kmers; need 30.868 GB to sort     64735319 kmers
Used 47.825 GB / 79.750 GB to store  11869357327 kmers; need 30.868 GB to sort     64735319 kmers
Used 47.953 GB / 79.750 GB to store  11921737550 kmers; need 30.868 GB to sort     64735319 kmers
Used 48.081 GB / 79.750 GB to store  11974117617 kmers; need 30.868 GB to sort     64735319 kmers
Used 48.208 GB / 79.750 GB to store  12026498428 kmers; need 30.868 GB to sort     64735319 kmers
Used 48.337 GB / 79.750 GB to store  12078878357 kmers; need 30.868 GB to sort     64735319 kmers
Used 48.465 GB / 79.750 GB to store  12131258191 kmers; need 30.868 GB to sort     64735319 kmers
Used 48.595 GB / 79.750 GB to store  12183638465 kmers; need 30.868 GB to sort     64735319 kmers
Used 48.723 GB / 79.750 GB to store  12236018675 kmers; need 30.868 GB to sort     64735319 kmers
Used 48.851 GB / 79.750 GB to store  12288398896 kmers; need 30.868 GB to sort     64735319 kmers
Memory full.  Writing results to 'hifi.meryl', using 30 threads (2 threads still doing input).

Used 20.930 GB / 79.750 GB to store      2095240 kmers; need 30.529 GB to sort     64023563 kmers
Used 21.053 GB / 79.750 GB to store     14666470 kmers; need 30.536 GB to sort     64039042 kmers
Used 21.197 GB / 79.750 GB to store     25142523 kmers; need 30.536 GB to sort     64039042 kmers
Used 21.329 GB / 79.750 GB to store     35618681 kmers; need 30.536 GB to sort     64039133 kmers
Used 21.486 GB / 79.750 GB to store     46094304 kmers; need 30.536 GB to sort     64039133 kmers
Used 21.617 GB / 79.750 GB to store     54475138 kmers; need 30.536 GB to sort     64039172 kmers
Used 21.771 GB / 79.750 GB to store     64951212 kmers; need 30.536 GB to sort     64039196 kmers
Used 21.899 GB / 79.750 GB to store     90093144 kmers; need 30.536 GB to sort     64039196 kmers
Used 22.025 GB / 79.750 GB to store    249328320 kmers; need 30.536 GB to sort     64039196 kmers
Used 22.151 GB / 79.750 GB to store    421134785 kmers; need 30.536 GB to sort     64039196 kmers
Used 22.276 GB / 79.750 GB to store    553132847 kmers; need 30.536 GB to sort     64039196 kmers
Used 22.403 GB / 79.750 GB to store    664178695 kmers; need 30.536 GB to sort     64039196 kmers
Used 22.528 GB / 79.750 GB to store    762653463 kmers; need 30.536 GB to sort     64039196 kmers
Used 22.655 GB / 79.750 GB to store    854842420 kmers; need 30.536 GB to sort     64039196 kmers
Used 22.782 GB / 79.750 GB to store    942840991 kmers; need 30.536 GB to sort     64039196 kmers
Used 22.909 GB / 79.750 GB to store   1026648256 kmers; need 30.536 GB to sort     64039196 kmers
Used 23.036 GB / 79.750 GB to store   1106265791 kmers; need 30.536 GB to sort     64039196 kmers
Used 23.164 GB / 79.750 GB to store   1183788426 kmers; need 30.536 GB to sort     64039196 kmers
Used 23.290 GB / 79.750 GB to store   1257120566 kmers; need 30.536 GB to sort     64039196 kmers
Used 23.416 GB / 79.750 GB to store   1330452236 kmers; need 30.536 GB to sort     64039196 kmers
Used 23.545 GB / 79.750 GB to store   1401688754 kmers; need 30.536 GB to sort     64039196 kmers
Used 23.670 GB / 79.750 GB to store   1470830246 kmers; need 30.536 GB to sort     64039196 kmers
Used 23.797 GB / 79.750 GB to store   1539971822 kmers; need 30.536 GB to sort     64039196 kmers
Used 23.924 GB / 79.750 GB to store   1607018368 kmers; need 30.536 GB to sort     64039196 kmers
Used 24.051 GB / 79.750 GB to store   1674064524 kmers; need 30.536 GB to sort     64039196 kmers
Used 24.180 GB / 79.750 GB to store   1741110713 kmers; need 30.536 GB to sort     64039196 kmers
Used 24.305 GB / 79.750 GB to store   1806061704 kmers; need 30.536 GB to sort     64039196 kmers
Used 24.434 GB / 79.750 GB to store   1871012696 kmers; need 30.536 GB to sort     64039196 kmers
Used 24.561 GB / 79.750 GB to store   1935963886 kmers; need 30.536 GB to sort     64039196 kmers
Used 24.687 GB / 79.750 GB to store   1998819763 kmers; need 30.536 GB to sort     64039196 kmers
Used 24.816 GB / 79.750 GB to store   2061675185 kmers; need 30.536 GB to sort     64039196 kmers
Used 24.944 GB / 79.750 GB to store   2124530914 kmers; need 30.536 GB to sort     64039196 kmers
Used 25.069 GB / 79.750 GB to store   2185291207 kmers; need 30.536 GB to sort     64039196 kmers
Used 25.198 GB / 79.750 GB to store   2248147588 kmers; need 30.536 GB to sort     64039196 kmers
Used 25.324 GB / 79.750 GB to store   2308908666 kmers; need 30.536 GB to sort     64039196 kmers
Used 25.452 GB / 79.750 GB to store   2369669597 kmers; need 30.536 GB to sort     64039196 kmers
Used 25.581 GB / 79.750 GB to store   2430429819 kmers; need 30.536 GB to sort     64039196 kmers
Used 25.709 GB / 79.750 GB to store   2491190750 kmers; need 30.536 GB to sort     64039196 kmers
Used 25.837 GB / 79.750 GB to store   2551951450 kmers; need 30.536 GB to sort     64039196 kmers
Used 25.965 GB / 79.750 GB to store   2612712318 kmers; need 30.536 GB to sort     64039196 kmers
Used 26.091 GB / 79.750 GB to store   2671377610 kmers; need 30.536 GB to sort     64039196 kmers
Used 26.218 GB / 79.750 GB to store   2730043280 kmers; need 30.536 GB to sort     64039196 kmers
Used 26.346 GB / 79.750 GB to store   2788708866 kmers; need 30.536 GB to sort     64039196 kmers
Used 26.474 GB / 79.750 GB to store   2847374578 kmers; need 30.536 GB to sort     64039196 kmers
Used 26.600 GB / 79.750 GB to store   2906040143 kmers; need 30.536 GB to sort     64039196 kmers
Used 26.729 GB / 79.750 GB to store   2964705579 kmers; need 30.536 GB to sort     64039196 kmers
Used 26.856 GB / 79.750 GB to store   3023370951 kmers; need 30.536 GB to sort     64039196 kmers
Used 26.985 GB / 79.750 GB to store   3082036453 kmers; need 30.536 GB to sort     64039196 kmers
Used 27.111 GB / 79.750 GB to store   3138605703 kmers; need 30.536 GB to sort     64039196 kmers
Used 27.237 GB / 79.750 GB to store   3195176364 kmers; need 30.536 GB to sort     64039196 kmers
Used 27.366 GB / 79.750 GB to store   3253842076 kmers; need 30.536 GB to sort     64039196 kmers
Used 27.492 GB / 79.750 GB to store   3310412005 kmers; need 30.536 GB to sort     64039196 kmers
Used 27.617 GB / 79.750 GB to store   3366982536 kmers; need 30.536 GB to sort     64039196 kmers
Used 27.743 GB / 79.750 GB to store   3423552902 kmers; need 30.536 GB to sort     64039196 kmers
Used 27.870 GB / 79.750 GB to store   3480123311 kmers; need 30.536 GB to sort     64039196 kmers
Used 27.996 GB / 79.750 GB to store   3536693825 kmers; need 30.536 GB to sort     64039196 kmers
Used 28.123 GB / 79.750 GB to store   3593264570 kmers; need 30.536 GB to sort     64039196 kmers
Used 28.249 GB / 79.750 GB to store   3649835126 kmers; need 30.536 GB to sort     64039196 kmers
Used 28.377 GB / 79.750 GB to store   3706405519 kmers; need 30.536 GB to sort     64039196 kmers
Used 28.504 GB / 79.750 GB to store   3762975816 kmers; need 30.536 GB to sort     64039196 kmers
Used 28.631 GB / 79.750 GB to store   3819546057 kmers; need 30.536 GB to sort     64039196 kmers
Used 28.759 GB / 79.750 GB to store   3876116655 kmers; need 30.536 GB to sort     64039196 kmers
Used 28.887 GB / 79.750 GB to store   3932687006 kmers; need 30.536 GB to sort     64039196 kmers
Used 29.017 GB / 79.750 GB to store   3989257499 kmers; need 30.536 GB to sort     64039196 kmers
Used 29.146 GB / 79.750 GB to store   4045828202 kmers; need 30.536 GB to sort     64039196 kmers
Used 29.275 GB / 79.750 GB to store   4102398326 kmers; need 30.536 GB to sort     64039196 kmers
Used 29.405 GB / 79.750 GB to store   4158968735 kmers; need 30.536 GB to sort     64039196 kmers
Used 29.534 GB / 79.750 GB to store   4215539146 kmers; need 30.536 GB to sort     64039196 kmers
Used 29.663 GB / 79.750 GB to store   4272109369 kmers; need 30.536 GB to sort     64039196 kmers
Used 29.788 GB / 79.750 GB to store   4326584834 kmers; need 30.536 GB to sort     64039196 kmers
Used 29.916 GB / 79.750 GB to store   4383155537 kmers; need 30.536 GB to sort     64039196 kmers
Used 30.045 GB / 79.750 GB to store   4440025942 kmers; need 30.536 GB to sort     64039196 kmers
Used 30.175 GB / 79.750 GB to store   4496595952 kmers; need 30.536 GB to sort     64039196 kmers
Used 30.301 GB / 79.750 GB to store   4551071520 kmers; need 30.536 GB to sort     64039196 kmers
Used 30.427 GB / 79.750 GB to store   4605546703 kmers; need 30.536 GB to sort     64039196 kmers
Used 30.553 GB / 79.750 GB to store   4660021781 kmers; need 30.536 GB to sort     64039196 kmers
Used 30.678 GB / 79.750 GB to store   4714496933 kmers; need 30.536 GB to sort     64039196 kmers
Used 30.804 GB / 79.750 GB to store   4768972186 kmers; need 30.536 GB to sort     64039196 kmers
Used 30.930 GB / 79.750 GB to store   4823447120 kmers; need 30.536 GB to sort     64039196 kmers
Used 31.056 GB / 79.750 GB to store   4877922268 kmers; need 30.536 GB to sort     64039196 kmers
Used 31.183 GB / 79.750 GB to store   4932397479 kmers; need 30.536 GB to sort     64039196 kmers
Used 31.309 GB / 79.750 GB to store   4986872585 kmers; need 30.536 GB to sort     64039196 kmers
Used 31.434 GB / 79.750 GB to store   5041347838 kmers; need 30.536 GB to sort     64039196 kmers
Used 31.560 GB / 79.750 GB to store   5095822971 kmers; need 30.536 GB to sort     64039196 kmers
Used 31.687 GB / 79.750 GB to store   5150298035 kmers; need 30.536 GB to sort     64039196 kmers
Used 31.813 GB / 79.750 GB to store   5204773184 kmers; need 30.536 GB to sort     64039196 kmers
Used 31.941 GB / 79.750 GB to store   5259248038 kmers; need 30.536 GB to sort     64039196 kmers
Used 32.068 GB / 79.750 GB to store   5313723312 kmers; need 30.536 GB to sort     64039196 kmers
Used 32.195 GB / 79.750 GB to store   5368198712 kmers; need 30.536 GB to sort     64039196 kmers
Used 32.323 GB / 79.750 GB to store   5422673755 kmers; need 30.536 GB to sort     64039196 kmers
Used 32.450 GB / 79.750 GB to store   5477148618 kmers; need 30.536 GB to sort     64039196 kmers
Used 32.578 GB / 79.750 GB to store   5531623703 kmers; need 30.536 GB to sort     64039196 kmers
Used 32.705 GB / 79.750 GB to store   5586098464 kmers; need 30.536 GB to sort     64039196 kmers
Used 32.833 GB / 79.750 GB to store   5640573402 kmers; need 30.536 GB to sort     64039196 kmers
Used 32.962 GB / 79.750 GB to store   5695048526 kmers; need 30.536 GB to sort     64039196 kmers
Used 33.091 GB / 79.750 GB to store   5749523548 kmers; need 30.536 GB to sort     64039196 kmers
Used 33.219 GB / 79.750 GB to store   5803998507 kmers; need 30.536 GB to sort     64039196 kmers
Used 33.347 GB / 79.750 GB to store   5858473739 kmers; need 30.536 GB to sort     64039196 kmers
Used 33.475 GB / 79.750 GB to store   5912948722 kmers; need 30.536 GB to sort     64039196 kmers
Used 33.604 GB / 79.750 GB to store   5967423723 kmers; need 30.536 GB to sort     64039196 kmers
Used 33.732 GB / 79.750 GB to store   6021897829 kmers; need 30.536 GB to sort     64039196 kmers
Used 33.860 GB / 79.750 GB to store   6076372337 kmers; need 30.536 GB to sort     64039196 kmers
Used 33.990 GB / 79.750 GB to store   6130847485 kmers; need 30.536 GB to sort     64039196 kmers
Used 34.119 GB / 79.750 GB to store   6185322780 kmers; need 30.536 GB to sort     64039196 kmers
Used 34.248 GB / 79.750 GB to store   6239797760 kmers; need 30.536 GB to sort     64039196 kmers
Used 34.377 GB / 79.750 GB to store   6294272439 kmers; need 30.536 GB to sort     64039196 kmers
Used 34.506 GB / 79.750 GB to store   6348747587 kmers; need 30.536 GB to sort     64039196 kmers
Used 34.636 GB / 79.750 GB to store   6403222828 kmers; need 30.536 GB to sort     64039196 kmers
Used 34.764 GB / 79.750 GB to store   6457697653 kmers; need 30.536 GB to sort     64039196 kmers
Used 34.892 GB / 79.750 GB to store   6512172801 kmers; need 30.536 GB to sort     64039196 kmers
Used 35.021 GB / 79.750 GB to store   6566647928 kmers; need 30.536 GB to sort     64039196 kmers
Used 35.151 GB / 79.750 GB to store   6621122660 kmers; need 30.536 GB to sort     64039196 kmers
Used 35.280 GB / 79.750 GB to store   6675597799 kmers; need 30.536 GB to sort     64039196 kmers
Used 35.409 GB / 79.750 GB to store   6730072905 kmers; need 30.536 GB to sort     64039196 kmers
Used 35.538 GB / 79.750 GB to store   6784548200 kmers; need 30.536 GB to sort     64039196 kmers
Used 35.668 GB / 79.750 GB to store   6839023222 kmers; need 30.536 GB to sort     64039196 kmers
Used 35.794 GB / 79.750 GB to store   6891403132 kmers; need 30.536 GB to sort     64039196 kmers
Used 35.923 GB / 79.750 GB to store   6945878658 kmers; need 30.536 GB to sort     64039196 kmers
Used 36.053 GB / 79.750 GB to store   7000353820 kmers; need 30.536 GB to sort     64039196 kmers
Used 36.181 GB / 79.750 GB to store   7054829112 kmers; need 30.536 GB to sort     64039196 kmers
Used 36.307 GB / 79.750 GB to store   7107209272 kmers; need 30.536 GB to sort     64039196 kmers
Used 36.436 GB / 79.750 GB to store   7161684679 kmers; need 30.536 GB to sort     64039196 kmers
Used 36.565 GB / 79.750 GB to store   7216159911 kmers; need 30.536 GB to sort     64039196 kmers
Used 36.690 GB / 79.750 GB to store   7268539264 kmers; need 30.536 GB to sort     64039196 kmers
Used 36.816 GB / 79.750 GB to store   7320919697 kmers; need 30.536 GB to sort     64039196 kmers
Used 36.946 GB / 79.750 GB to store   7375395014 kmers; need 30.536 GB to sort     64039196 kmers
Used 37.071 GB / 79.750 GB to store   7427774817 kmers; need 30.536 GB to sort     64039196 kmers
Used 37.197 GB / 79.750 GB to store   7480155099 kmers; need 30.536 GB to sort     64039196 kmers
Used 37.324 GB / 79.750 GB to store   7532535259 kmers; need 30.536 GB to sort     64039196 kmers
Used 37.453 GB / 79.750 GB to store   7587010814 kmers; need 30.536 GB to sort     64039196 kmers
Used 37.578 GB / 79.750 GB to store   7639390932 kmers; need 30.536 GB to sort     64039196 kmers
Used 37.703 GB / 79.750 GB to store   7691770997 kmers; need 30.536 GB to sort     64039196 kmers
Used 37.829 GB / 79.750 GB to store   7744151073 kmers; need 30.536 GB to sort     64039196 kmers
Used 37.956 GB / 79.750 GB to store   7796530767 kmers; need 30.536 GB to sort     64039196 kmers
Used 38.081 GB / 79.750 GB to store   7848910613 kmers; need 30.536 GB to sort     64039196 kmers
Used 38.207 GB / 79.750 GB to store   7901290589 kmers; need 30.536 GB to sort     64039196 kmers
Used 38.337 GB / 79.750 GB to store   7955765681 kmers; need 30.536 GB to sort     64039196 kmers
Used 38.463 GB / 79.750 GB to store   8008145610 kmers; need 30.536 GB to sort     64039196 kmers
Used 38.590 GB / 79.750 GB to store   8060525959 kmers; need 30.536 GB to sort     64039196 kmers
Used 38.716 GB / 79.750 GB to store   8112905676 kmers; need 30.536 GB to sort     64039196 kmers
Used 38.842 GB / 79.750 GB to store   8165285453 kmers; need 30.536 GB to sort     64039196 kmers
Used 38.969 GB / 79.750 GB to store   8217665613 kmers; need 30.536 GB to sort     64039196 kmers
Used 39.096 GB / 79.750 GB to store   8270045718 kmers; need 30.536 GB to sort     64039196 kmers
Used 39.223 GB / 79.750 GB to store   8322426088 kmers; need 30.536 GB to sort     64039196 kmers
Used 39.348 GB / 79.750 GB to store   8374806385 kmers; need 30.536 GB to sort     64039196 kmers
Used 39.478 GB / 79.750 GB to store   8429281247 kmers; need 30.536 GB to sort     64039196 kmers
Used 39.605 GB / 79.750 GB to store   8481661491 kmers; need 30.536 GB to sort     64039196 kmers
Used 39.730 GB / 79.750 GB to store   8534041525 kmers; need 30.536 GB to sort     64039196 kmers
Used 39.856 GB / 79.750 GB to store   8586421580 kmers; need 30.536 GB to sort     64039196 kmers
Used 39.983 GB / 79.750 GB to store   8638801046 kmers; need 30.536 GB to sort     64039196 kmers
Used 40.108 GB / 79.750 GB to store   8691181122 kmers; need 30.536 GB to sort     64039196 kmers
Used 40.234 GB / 79.750 GB to store   8743561408 kmers; need 30.536 GB to sort     64039196 kmers
Used 40.360 GB / 79.750 GB to store   8795941257 kmers; need 30.536 GB to sort     64039196 kmers
Used 40.486 GB / 79.750 GB to store   8848321375 kmers; need 30.536 GB to sort     64039196 kmers
Used 40.613 GB / 79.750 GB to store   8900701346 kmers; need 30.536 GB to sort     64039196 kmers
Used 40.740 GB / 79.750 GB to store   8953081569 kmers; need 30.536 GB to sort     64039196 kmers
Used 40.867 GB / 79.750 GB to store   9005461342 kmers; need 30.536 GB to sort     64039196 kmers
Used 40.993 GB / 79.750 GB to store   9057841586 kmers; need 30.536 GB to sort     64039196 kmers
Used 41.120 GB / 79.750 GB to store   9110221562 kmers; need 30.536 GB to sort     64039196 kmers
Used 41.246 GB / 79.750 GB to store   9162601365 kmers; need 30.536 GB to sort     64039196 kmers
Used 41.373 GB / 79.750 GB to store   9214981315 kmers; need 30.536 GB to sort     64039196 kmers
Used 41.500 GB / 79.750 GB to store   9267361328 kmers; need 30.536 GB to sort     64039196 kmers
Used 41.628 GB / 79.750 GB to store   9319741278 kmers; need 30.536 GB to sort     64039196 kmers
Used 41.753 GB / 79.750 GB to store   9372121207 kmers; need 30.536 GB to sort     64039196 kmers
Used 41.881 GB / 79.750 GB to store   9424500947 kmers; need 30.536 GB to sort     64039196 kmers
Used 42.008 GB / 79.750 GB to store   9476881044 kmers; need 30.536 GB to sort     64039196 kmers
Used 42.134 GB / 79.750 GB to store   9529260678 kmers; need 30.536 GB to sort     64039196 kmers
Used 42.260 GB / 79.750 GB to store   9581640502 kmers; need 30.536 GB to sort     64039196 kmers
Used 42.388 GB / 79.750 GB to store   9634020316 kmers; need 30.536 GB to sort     64039196 kmers
Used 42.514 GB / 79.750 GB to store   9686399831 kmers; need 30.536 GB to sort     64039196 kmers
Used 42.640 GB / 79.750 GB to store   9738779194 kmers; need 30.536 GB to sort     64039196 kmers
Used 42.767 GB / 79.750 GB to store   9791159207 kmers; need 30.536 GB to sort     64039196 kmers
Used 42.894 GB / 79.750 GB to store   9843539126 kmers; need 30.536 GB to sort     64039196 kmers
Used 43.022 GB / 79.750 GB to store   9895918887 kmers; need 30.536 GB to sort     64039196 kmers
Used 43.148 GB / 79.750 GB to store   9948298984 kmers; need 30.536 GB to sort     64039196 kmers
Used 43.275 GB / 79.750 GB to store  10000678912 kmers; need 30.536 GB to sort     64039196 kmers
Used 43.402 GB / 79.750 GB to store  10053058799 kmers; need 30.536 GB to sort     64039196 kmers
Used 43.529 GB / 79.750 GB to store  10105438812 kmers; need 30.536 GB to sort     64039196 kmers
Used 43.656 GB / 79.750 GB to store  10157818210 kmers; need 30.536 GB to sort     64039196 kmers
Used 43.783 GB / 79.750 GB to store  10210198266 kmers; need 30.536 GB to sort     64039196 kmers
Used 43.910 GB / 79.750 GB to store  10262578447 kmers; need 30.536 GB to sort     64039196 kmers
Used 44.037 GB / 79.750 GB to store  10314957667 kmers; need 30.536 GB to sort     64039196 kmers
Used 44.165 GB / 79.750 GB to store  10367337265 kmers; need 30.536 GB to sort     64039196 kmers
Used 44.293 GB / 79.750 GB to store  10419717425 kmers; need 30.536 GB to sort     64039196 kmers
Used 44.420 GB / 79.750 GB to store  10472097501 kmers; need 30.536 GB to sort     64039196 kmers
Used 44.548 GB / 79.750 GB to store  10524477577 kmers; need 30.536 GB to sort     64039196 kmers
Used 44.675 GB / 79.750 GB to store  10576857863 kmers; need 30.536 GB to sort     64039196 kmers
Used 44.803 GB / 79.750 GB to store  10629237402 kmers; need 30.536 GB to sort     64039196 kmers
Used 44.930 GB / 79.750 GB to store  10681617394 kmers; need 30.536 GB to sort     64039196 kmers
Used 45.057 GB / 79.750 GB to store  10733997638 kmers; need 30.536 GB to sort     64039196 kmers
Used 45.184 GB / 79.750 GB to store  10786377777 kmers; need 30.536 GB to sort     64039196 kmers
Used 45.311 GB / 79.750 GB to store  10838757481 kmers; need 30.536 GB to sort     64039196 kmers
Used 45.439 GB / 79.750 GB to store  10891137158 kmers; need 30.536 GB to sort     64039196 kmers
Used 45.566 GB / 79.750 GB to store  10943517066 kmers; need 30.536 GB to sort     64039196 kmers
Used 45.693 GB / 79.750 GB to store  10995897211 kmers; need 30.536 GB to sort     64039196 kmers
Used 45.822 GB / 79.750 GB to store  11048277182 kmers; need 30.536 GB to sort     64039196 kmers
Used 45.949 GB / 79.750 GB to store  11100657133 kmers; need 30.536 GB to sort     64039196 kmers
Used 46.078 GB / 79.750 GB to store  11153037083 kmers; need 30.536 GB to sort     64039196 kmers
Used 46.205 GB / 79.750 GB to store  11205416750 kmers; need 30.536 GB to sort     64039196 kmers
Used 46.334 GB / 79.750 GB to store  11257796805 kmers; need 30.536 GB to sort     64039196 kmers
Used 46.462 GB / 79.750 GB to store  11310176965 kmers; need 30.536 GB to sort     64039196 kmers
Used 46.590 GB / 79.750 GB to store  11362556741 kmers; need 30.536 GB to sort     64039196 kmers
Used 46.718 GB / 79.750 GB to store  11414936607 kmers; need 30.536 GB to sort     64039196 kmers
Used 46.846 GB / 79.750 GB to store  11467316188 kmers; need 30.536 GB to sort     64039196 kmers
Used 46.974 GB / 79.750 GB to store  11519696075 kmers; need 30.536 GB to sort     64039196 kmers
Used 47.101 GB / 79.750 GB to store  11572076029 kmers; need 30.536 GB to sort     64039196 kmers
Used 47.228 GB / 79.750 GB to store  11624455840 kmers; need 30.536 GB to sort     64039196 kmers
Used 47.356 GB / 79.750 GB to store  11676835481 kmers; need 30.536 GB to sort     64039196 kmers
Used 47.485 GB / 79.750 GB to store  11729215304 kmers; need 30.536 GB to sort     64039196 kmers
Used 47.614 GB / 79.750 GB to store  11781595527 kmers; need 30.536 GB to sort     64039196 kmers
Used 47.741 GB / 79.750 GB to store  11833975498 kmers; need 30.536 GB to sort     64039196 kmers
Used 47.870 GB / 79.750 GB to store  11886355574 kmers; need 30.536 GB to sort     64039196 kmers
Used 47.997 GB / 79.750 GB to store  11938735298 kmers; need 30.536 GB to sort     64039196 kmers
Used 48.125 GB / 79.750 GB to store  11991115731 kmers; need 30.536 GB to sort     64039196 kmers
Used 48.253 GB / 79.750 GB to store  12043495460 kmers; need 30.536 GB to sort     64039196 kmers
Used 48.381 GB / 79.750 GB to store  12095875578 kmers; need 30.536 GB to sort     64039196 kmers
Used 48.509 GB / 79.750 GB to store  12148255243 kmers; need 30.536 GB to sort     64039196 kmers
Used 48.628 GB / 79.750 GB to store  12196444397 kmers; need 30.545 GB to sort     64058038 kmers
Used 48.689 GB / 79.750 GB to store  12221586920 kmers; need 30.622 GB to sort     64218011 kmers
Used 48.756 GB / 79.750 GB to store  12248824284 kmers; need 30.686 GB to sort     64353635 kmers
Used 48.819 GB / 79.750 GB to store  12273966723 kmers; need 30.761 GB to sort     64510867 kmers
Used 48.891 GB / 79.750 GB to store  12303299558 kmers; need 30.828 GB to sort     64650387 kmers
Memory full.  Writing results to 'hifi.meryl', using 30 threads (2 threads still doing input).

Used 20.930 GB / 79.750 GB to store      2095198 kmers; need 30.841 GB to sort     64678709 kmers
Used 21.049 GB / 79.750 GB to store     16761563 kmers; need 30.852 GB to sort     64701538 kmers
Used 21.179 GB / 79.750 GB to store     27237490 kmers; need 30.852 GB to sort     64701750 kmers
Used 21.336 GB / 79.750 GB to store     37713564 kmers; need 30.852 GB to sort     64701769 kmers
Used 21.490 GB / 79.750 GB to store     48189575 kmers; need 30.852 GB to sort     64701880 kmers
Used 21.617 GB / 79.750 GB to store     56570304 kmers; need 30.852 GB to sort     64701880 kmers
Used 21.768 GB / 79.750 GB to store     67046357 kmers; need 30.852 GB to sort     64701905 kmers
Used 21.895 GB / 79.750 GB to store     85903139 kmers; need 30.852 GB to sort     64701905 kmers
Used 22.021 GB / 79.750 GB to store    238851889 kmers; need 30.852 GB to sort     64701905 kmers
Used 22.147 GB / 79.750 GB to store    414848459 kmers; need 30.852 GB to sort     64701905 kmers
Used 22.272 GB / 79.750 GB to store    546845829 kmers; need 30.852 GB to sort     64701905 kmers
Used 22.399 GB / 79.750 GB to store    659986460 kmers; need 30.852 GB to sort     64701905 kmers
Used 22.526 GB / 79.750 GB to store    760555262 kmers; need 30.852 GB to sort     64701905 kmers
Used 22.652 GB / 79.750 GB to store    852744394 kmers; need 30.852 GB to sort     64701905 kmers
Used 22.779 GB / 79.750 GB to store    940742440 kmers; need 30.852 GB to sort     64701905 kmers
Used 22.907 GB / 79.750 GB to store   1024549718 kmers; need 30.852 GB to sort     64701905 kmers
Used 23.033 GB / 79.750 GB to store   1104167271 kmers; need 30.852 GB to sort     64701905 kmers
Used 23.158 GB / 79.750 GB to store   1179594349 kmers; need 30.852 GB to sort     64701905 kmers
Used 23.286 GB / 79.750 GB to store   1255021458 kmers; need 30.852 GB to sort     64701905 kmers
Used 23.414 GB / 79.750 GB to store   1328353354 kmers; need 30.852 GB to sort     64701905 kmers
Used 23.541 GB / 79.750 GB to store   1399590044 kmers; need 30.852 GB to sort     64701905 kmers
Used 23.667 GB / 79.750 GB to store   1468732082 kmers; need 30.852 GB to sort     64701905 kmers
Used 23.794 GB / 79.750 GB to store   1537873574 kmers; need 30.852 GB to sort     64701905 kmers
Used 23.920 GB / 79.750 GB to store   1604920246 kmers; need 30.852 GB to sort     64701905 kmers
Used 24.047 GB / 79.750 GB to store   1671966193 kmers; need 30.852 GB to sort     64701905 kmers
Used 24.175 GB / 79.750 GB to store   1739012529 kmers; need 30.852 GB to sort     64701905 kmers
Used 24.301 GB / 79.750 GB to store   1803963772 kmers; need 30.852 GB to sort     64701905 kmers
Used 24.428 GB / 79.750 GB to store   1868915108 kmers; need 30.852 GB to sort     64701905 kmers
Used 24.557 GB / 79.750 GB to store   1933866497 kmers; need 30.852 GB to sort     64701905 kmers
Used 24.684 GB / 79.750 GB to store   1996722458 kmers; need 30.852 GB to sort     64701905 kmers
Used 24.811 GB / 79.750 GB to store   2059578356 kmers; need 30.852 GB to sort     64701905 kmers
Used 24.939 GB / 79.750 GB to store   2122434359 kmers; need 30.852 GB to sort     64701905 kmers
Used 25.064 GB / 79.750 GB to store   2183194546 kmers; need 30.852 GB to sort     64701905 kmers
Used 25.190 GB / 79.750 GB to store   2243955105 kmers; need 30.852 GB to sort     64701905 kmers
Used 25.317 GB / 79.750 GB to store   2304715816 kmers; need 30.852 GB to sort     64701905 kmers
Used 25.444 GB / 79.750 GB to store   2365476684 kmers; need 30.852 GB to sort     64701905 kmers
Used 25.571 GB / 79.750 GB to store   2426237573 kmers; need 30.852 GB to sort     64701905 kmers
Used 25.699 GB / 79.750 GB to store   2486997559 kmers; need 30.852 GB to sort     64701905 kmers
Used 25.828 GB / 79.750 GB to store   2547758616 kmers; need 30.852 GB to sort     64701905 kmers
Used 25.957 GB / 79.750 GB to store   2608519660 kmers; need 30.852 GB to sort     64701905 kmers
Used 26.084 GB / 79.750 GB to store   2667185393 kmers; need 30.852 GB to sort     64701905 kmers
Used 26.209 GB / 79.750 GB to store   2725850916 kmers; need 30.852 GB to sort     64701905 kmers
Used 26.336 GB / 79.750 GB to store   2784516964 kmers; need 30.852 GB to sort     64701905 kmers
Used 26.464 GB / 79.750 GB to store   2843182515 kmers; need 30.852 GB to sort     64701905 kmers
Used 26.590 GB / 79.750 GB to store   2901848080 kmers; need 30.852 GB to sort     64701905 kmers
Used 26.719 GB / 79.750 GB to store   2960513855 kmers; need 30.852 GB to sort     64701905 kmers
Used 26.847 GB / 79.750 GB to store   3019179483 kmers; need 30.852 GB to sort     64701905 kmers
Used 26.972 GB / 79.750 GB to store   3075750165 kmers; need 30.852 GB to sort     64701905 kmers
Used 27.101 GB / 79.750 GB to store   3134415405 kmers; need 30.852 GB to sort     64701905 kmers
Used 27.227 GB / 79.750 GB to store   3190985561 kmers; need 30.852 GB to sort     64701905 kmers
Used 27.357 GB / 79.750 GB to store   3249651336 kmers; need 30.852 GB to sort     64701905 kmers
Used 27.483 GB / 79.750 GB to store   3306221682 kmers; need 30.852 GB to sort     64701905 kmers
Used 27.608 GB / 79.750 GB to store   3362792448 kmers; need 30.852 GB to sort     64701905 kmers
Used 27.735 GB / 79.750 GB to store   3419362696 kmers; need 30.852 GB to sort     64701905 kmers
Used 27.861 GB / 79.750 GB to store   3475933231 kmers; need 30.852 GB to sort     64701905 kmers
Used 27.987 GB / 79.750 GB to store   3532503535 kmers; need 30.852 GB to sort     64701905 kmers
Used 28.114 GB / 79.750 GB to store   3589074070 kmers; need 30.852 GB to sort     64701905 kmers
Used 28.240 GB / 79.750 GB to store   3645644626 kmers; need 30.852 GB to sort     64701905 kmers
Used 28.368 GB / 79.750 GB to store   3702214877 kmers; need 30.852 GB to sort     64701905 kmers
Used 28.495 GB / 79.750 GB to store   3758784908 kmers; need 30.852 GB to sort     64701905 kmers
Used 28.623 GB / 79.750 GB to store   3815354774 kmers; need 30.852 GB to sort     64701905 kmers
Used 28.751 GB / 79.750 GB to store   3871925204 kmers; need 30.852 GB to sort     64701905 kmers
Used 28.879 GB / 79.750 GB to store   3928495698 kmers; need 30.852 GB to sort     64701905 kmers
Used 29.007 GB / 79.750 GB to store   3985066100 kmers; need 30.852 GB to sort     64701905 kmers
Used 29.132 GB / 79.750 GB to store   4039541206 kmers; need 30.852 GB to sort     64701905 kmers
Used 29.260 GB / 79.750 GB to store   4096111770 kmers; need 30.852 GB to sort     64701905 kmers
Used 29.389 GB / 79.750 GB to store   4152681823 kmers; need 30.852 GB to sort     64701905 kmers
Used 29.518 GB / 79.750 GB to store   4209251980 kmers; need 30.852 GB to sort     64701905 kmers
Used 29.644 GB / 79.750 GB to store   4263726849 kmers; need 30.852 GB to sort     64701905 kmers
Used 29.773 GB / 79.750 GB to store   4320297279 kmers; need 30.852 GB to sort     64701905 kmers
Used 29.901 GB / 79.750 GB to store   4376867856 kmers; need 30.852 GB to sort     64701905 kmers
Used 30.031 GB / 79.750 GB to store   4433438454 kmers; need 30.852 GB to sort     64701905 kmers
Used 30.160 GB / 79.750 GB to store   4490009010 kmers; need 30.852 GB to sort     64701905 kmers
Used 30.286 GB / 79.750 GB to store   4544484326 kmers; need 30.852 GB to sort     64701905 kmers
Used 30.415 GB / 79.750 GB to store   4601054524 kmers; need 30.852 GB to sort     64701905 kmers
Used 30.542 GB / 79.750 GB to store   4655529765 kmers; need 30.852 GB to sort     64701905 kmers
Used 30.668 GB / 79.750 GB to store   4710004576 kmers; need 30.852 GB to sort     64701905 kmers
Used 30.798 GB / 79.750 GB to store   4766575069 kmers; need 30.852 GB to sort     64701905 kmers
Used 30.924 GB / 79.750 GB to store   4821050223 kmers; need 30.852 GB to sort     64701905 kmers
Used 31.051 GB / 79.750 GB to store   4875525191 kmers; need 30.852 GB to sort     64701905 kmers
Used 31.176 GB / 79.750 GB to store   4930000339 kmers; need 30.852 GB to sort     64701905 kmers
Used 31.302 GB / 79.750 GB to store   4984474877 kmers; need 30.852 GB to sort     64701905 kmers
Used 31.428 GB / 79.750 GB to store   5038949618 kmers; need 30.852 GB to sort     64701905 kmers
Used 31.554 GB / 79.750 GB to store   5093424682 kmers; need 30.852 GB to sort     64701905 kmers
Used 31.680 GB / 79.750 GB to store   5147900019 kmers; need 30.852 GB to sort     64701905 kmers
Used 31.807 GB / 79.750 GB to store   5202375188 kmers; need 30.852 GB to sort     64701905 kmers
Used 31.934 GB / 79.750 GB to store   5256850588 kmers; need 30.852 GB to sort     64701905 kmers
Used 32.061 GB / 79.750 GB to store   5311325988 kmers; need 30.852 GB to sort     64701905 kmers
Used 32.188 GB / 79.750 GB to store   5365801346 kmers; need 30.852 GB to sort     64701905 kmers
Used 32.316 GB / 79.750 GB to store   5420276294 kmers; need 30.852 GB to sort     64701905 kmers
Used 32.443 GB / 79.750 GB to store   5474751562 kmers; need 30.852 GB to sort     64701905 kmers
Used 32.570 GB / 79.750 GB to store   5529226815 kmers; need 30.852 GB to sort     64701905 kmers
Used 32.697 GB / 79.750 GB to store   5583701963 kmers; need 30.852 GB to sort     64701905 kmers
Used 32.826 GB / 79.750 GB to store   5638176930 kmers; need 30.852 GB to sort     64701905 kmers
Used 32.954 GB / 79.750 GB to store   5692652040 kmers; need 30.852 GB to sort     64701905 kmers
Used 33.083 GB / 79.750 GB to store   5747127146 kmers; need 30.852 GB to sort     64701905 kmers
Used 33.211 GB / 79.750 GB to store   5801602462 kmers; need 30.852 GB to sort     64701905 kmers
Used 33.340 GB / 79.750 GB to store   5856077673 kmers; need 30.852 GB to sort     64701905 kmers
Used 33.469 GB / 79.750 GB to store   5910553010 kmers; need 30.852 GB to sort     64701905 kmers
Used 33.597 GB / 79.750 GB to store   5965028473 kmers; need 30.852 GB to sort     64701905 kmers
Used 33.725 GB / 79.750 GB to store   6019503146 kmers; need 30.852 GB to sort     64701905 kmers
Used 33.855 GB / 79.750 GB to store   6073978244 kmers; need 30.852 GB to sort     64701905 kmers
Used 33.983 GB / 79.750 GB to store   6128453413 kmers; need 30.852 GB to sort     64701905 kmers
Used 34.113 GB / 79.750 GB to store   6182928439 kmers; need 30.852 GB to sort     64701905 kmers
Used 34.242 GB / 79.750 GB to store   6237403283 kmers; need 30.852 GB to sort     64701905 kmers
Used 34.370 GB / 79.750 GB to store   6291878515 kmers; need 30.852 GB to sort     64701905 kmers
Used 34.500 GB / 79.750 GB to store   6346354020 kmers; need 30.852 GB to sort     64701905 kmers
Used 34.629 GB / 79.750 GB to store   6400829144 kmers; need 30.852 GB to sort     64701905 kmers
Used 34.757 GB / 79.750 GB to store   6455304479 kmers; need 30.852 GB to sort     64701905 kmers
Used 34.886 GB / 79.750 GB to store   6509779858 kmers; need 30.852 GB to sort     64701905 kmers
Used 35.015 GB / 79.750 GB to store   6564255174 kmers; need 30.852 GB to sort     64701905 kmers
Used 35.144 GB / 79.750 GB to store   6618730532 kmers; need 30.852 GB to sort     64701905 kmers
Used 35.273 GB / 79.750 GB to store   6673205559 kmers; need 30.852 GB to sort     64701905 kmers
Used 35.401 GB / 79.750 GB to store   6727680789 kmers; need 30.852 GB to sort     64701905 kmers
Used 35.531 GB / 79.750 GB to store   6782155576 kmers; need 30.852 GB to sort     64701905 kmers
Used 35.657 GB / 79.750 GB to store   6834535527 kmers; need 30.852 GB to sort     64701905 kmers
Used 35.785 GB / 79.750 GB to store   6889010633 kmers; need 30.852 GB to sort     64701905 kmers
Used 35.915 GB / 79.750 GB to store   6943486033 kmers; need 30.852 GB to sort     64701905 kmers
Used 36.044 GB / 79.750 GB to store   6997961271 kmers; need 30.852 GB to sort     64701905 kmers
Used 36.173 GB / 79.750 GB to store   7052436566 kmers; need 30.852 GB to sort     64701905 kmers
Used 36.298 GB / 79.750 GB to store   7104816439 kmers; need 30.852 GB to sort     64701905 kmers
Used 36.423 GB / 79.750 GB to store   7157196402 kmers; need 30.852 GB to sort     64701905 kmers
Used 36.549 GB / 79.750 GB to store   7209576394 kmers; need 30.852 GB to sort     64701905 kmers
Used 36.678 GB / 79.750 GB to store   7264051647 kmers; need 30.852 GB to sort     64701905 kmers
Used 36.807 GB / 79.750 GB to store   7318527173 kmers; need 30.852 GB to sort     64701905 kmers
Used 36.934 GB / 79.750 GB to store   7370907270 kmers; need 30.852 GB to sort     64701905 kmers
Used 37.059 GB / 79.750 GB to store   7423287364 kmers; need 30.852 GB to sort     64701905 kmers
Used 37.185 GB / 79.750 GB to store   7475667314 kmers; need 30.852 GB to sort     64701905 kmers
Used 37.314 GB / 79.750 GB to store   7530142861 kmers; need 30.852 GB to sort     64701905 kmers
Used 37.441 GB / 79.750 GB to store   7582522727 kmers; need 30.852 GB to sort     64701905 kmers
Used 37.571 GB / 79.750 GB to store   7636997515 kmers; need 30.852 GB to sort     64701905 kmers
Used 37.697 GB / 79.750 GB to store   7689377381 kmers; need 30.852 GB to sort     64701905 kmers
Used 37.823 GB / 79.750 GB to store   7741757709 kmers; need 30.852 GB to sort     64701905 kmers
Used 37.949 GB / 79.750 GB to store   7794137806 kmers; need 30.852 GB to sort     64701905 kmers
Used 38.074 GB / 79.750 GB to store   7846518092 kmers; need 30.852 GB to sort     64701905 kmers
Used 38.200 GB / 79.750 GB to store   7898898168 kmers; need 30.852 GB to sort     64701905 kmers
Used 38.325 GB / 79.750 GB to store   7951277465 kmers; need 30.852 GB to sort     64701905 kmers
Used 38.452 GB / 79.750 GB to store   8003657606 kmers; need 30.852 GB to sort     64701905 kmers
Used 38.578 GB / 79.750 GB to store   8056037871 kmers; need 30.852 GB to sort     64701905 kmers
Used 38.704 GB / 79.750 GB to store   8108417779 kmers; need 30.852 GB to sort     64701905 kmers
Used 38.830 GB / 79.750 GB to store   8160797939 kmers; need 30.852 GB to sort     64701905 kmers
Used 38.956 GB / 79.750 GB to store   8213178057 kmers; need 30.852 GB to sort     64701905 kmers
Used 39.082 GB / 79.750 GB to store   8265557946 kmers; need 30.852 GB to sort     64701905 kmers
Used 39.208 GB / 79.750 GB to store   8317938022 kmers; need 30.852 GB to sort     64701905 kmers
Used 39.335 GB / 79.750 GB to store   8370317862 kmers; need 30.852 GB to sort     64701905 kmers
Used 39.461 GB / 79.750 GB to store   8422698085 kmers; need 30.852 GB to sort     64701905 kmers
Used 39.589 GB / 79.750 GB to store   8475078140 kmers; need 30.852 GB to sort     64701905 kmers
Used 39.719 GB / 79.750 GB to store   8529553393 kmers; need 30.852 GB to sort     64701905 kmers
Used 39.844 GB / 79.750 GB to store   8581933595 kmers; need 30.852 GB to sort     64701905 kmers
Used 39.971 GB / 79.750 GB to store   8634312872 kmers; need 30.852 GB to sort     64701905 kmers
Used 40.097 GB / 79.750 GB to store   8686692898 kmers; need 30.852 GB to sort     64701905 kmers
Used 40.223 GB / 79.750 GB to store   8739073436 kmers; need 30.852 GB to sort     64701905 kmers
Used 40.348 GB / 79.750 GB to store   8791453380 kmers; need 30.852 GB to sort     64701905 kmers
Used 40.474 GB / 79.750 GB to store   8843833186 kmers; need 30.852 GB to sort     64701905 kmers
Used 40.601 GB / 79.750 GB to store   8896212303 kmers; need 30.852 GB to sort     64701905 kmers
Used 40.727 GB / 79.750 GB to store   8948592442 kmers; need 30.852 GB to sort     64701905 kmers
Used 40.854 GB / 79.750 GB to store   9000972022 kmers; need 30.852 GB to sort     64701905 kmers
Used 40.980 GB / 79.750 GB to store   9053351719 kmers; need 30.852 GB to sort     64701905 kmers
Used 41.107 GB / 79.750 GB to store   9105731795 kmers; need 30.852 GB to sort     64701905 kmers
Used 41.233 GB / 79.750 GB to store   9158111955 kmers; need 30.852 GB to sort     64701905 kmers
Used 41.359 GB / 79.750 GB to store   9210491884 kmers; need 30.852 GB to sort     64701905 kmers
Used 41.486 GB / 79.750 GB to store   9262871834 kmers; need 30.852 GB to sort     64701905 kmers
Used 41.613 GB / 79.750 GB to store   9315251714 kmers; need 30.852 GB to sort     64701905 kmers
Used 41.741 GB / 79.750 GB to store   9367631768 kmers; need 30.852 GB to sort     64701905 kmers
Used 41.866 GB / 79.750 GB to store   9420012180 kmers; need 30.852 GB to sort     64701905 kmers
Used 41.993 GB / 79.750 GB to store   9472392207 kmers; need 30.852 GB to sort     64701905 kmers
Used 42.121 GB / 79.750 GB to store   9524772619 kmers; need 30.852 GB to sort     64701905 kmers
Used 42.248 GB / 79.750 GB to store   9577152947 kmers; need 30.852 GB to sort     64701905 kmers
Used 42.375 GB / 79.750 GB to store   9629532305 kmers; need 30.852 GB to sort     64701905 kmers
Used 42.502 GB / 79.750 GB to store   9681912212 kmers; need 30.852 GB to sort     64701905 kmers
Used 42.628 GB / 79.750 GB to store   9734292141 kmers; need 30.852 GB to sort     64701905 kmers
Used 42.755 GB / 79.750 GB to store   9786672553 kmers; need 30.852 GB to sort     64701905 kmers
Used 42.882 GB / 79.750 GB to store   9839052115 kmers; need 30.852 GB to sort     64701905 kmers
Used 43.008 GB / 79.750 GB to store   9891432191 kmers; need 30.852 GB to sort     64701905 kmers
Used 43.134 GB / 79.750 GB to store   9943812414 kmers; need 30.852 GB to sort     64701905 kmers
Used 43.262 GB / 79.750 GB to store   9996192687 kmers; need 30.852 GB to sort     64701905 kmers
Used 43.390 GB / 79.750 GB to store  10048572497 kmers; need 30.852 GB to sort     64701905 kmers
Used 43.517 GB / 79.750 GB to store  10100952584 kmers; need 30.852 GB to sort     64701905 kmers
Used 43.645 GB / 79.750 GB to store  10153332702 kmers; need 30.852 GB to sort     64701905 kmers
Used 43.773 GB / 79.750 GB to store  10205712967 kmers; need 30.852 GB to sort     64701905 kmers
Used 43.899 GB / 79.750 GB to store  10258093001 kmers; need 30.852 GB to sort     64701905 kmers
Used 44.025 GB / 79.750 GB to store  10310472391 kmers; need 30.852 GB to sort     64701905 kmers
Used 44.153 GB / 79.750 GB to store  10362852123 kmers; need 30.852 GB to sort     64701905 kmers
Used 44.280 GB / 79.750 GB to store  10415232031 kmers; need 30.852 GB to sort     64701905 kmers
Used 44.407 GB / 79.750 GB to store  10467612149 kmers; need 30.852 GB to sort     64701905 kmers
Used 44.535 GB / 79.750 GB to store  10519992519 kmers; need 30.852 GB to sort     64701905 kmers
Used 44.663 GB / 79.750 GB to store  10572372595 kmers; need 30.852 GB to sort     64701905 kmers
Used 44.790 GB / 79.750 GB to store  10624752902 kmers; need 30.852 GB to sort     64701905 kmers
Used 44.918 GB / 79.750 GB to store  10677133020 kmers; need 30.852 GB to sort     64701905 kmers
Used 45.045 GB / 79.750 GB to store  10729512923 kmers; need 30.852 GB to sort     64701905 kmers
Used 45.173 GB / 79.750 GB to store  10781892841 kmers; need 30.852 GB to sort     64701905 kmers
Used 45.300 GB / 79.750 GB to store  10834272511 kmers; need 30.852 GB to sort     64701905 kmers
Used 45.427 GB / 79.750 GB to store  10886652277 kmers; need 30.852 GB to sort     64701905 kmers
Used 45.555 GB / 79.750 GB to store  10939032372 kmers; need 30.852 GB to sort     64701905 kmers
Used 45.683 GB / 79.750 GB to store  10991412406 kmers; need 30.852 GB to sort     64701905 kmers
Used 45.810 GB / 79.750 GB to store  11043791359 kmers; need 30.852 GB to sort     64701905 kmers
Used 45.938 GB / 79.750 GB to store  11096171561 kmers; need 30.852 GB to sort     64701905 kmers
Used 46.064 GB / 79.750 GB to store  11148551343 kmers; need 30.852 GB to sort     64701905 kmers
Used 46.193 GB / 79.750 GB to store  11200930920 kmers; need 30.852 GB to sort     64701905 kmers
Used 46.322 GB / 79.750 GB to store  11253311038 kmers; need 30.852 GB to sort     64701905 kmers
Used 46.450 GB / 79.750 GB to store  11305690732 kmers; need 30.852 GB to sort     64701905 kmers
Used 46.578 GB / 79.750 GB to store  11358070997 kmers; need 30.852 GB to sort     64701905 kmers
Used 46.705 GB / 79.750 GB to store  11410450990 kmers; need 30.852 GB to sort     64701905 kmers
Used 46.832 GB / 79.750 GB to store  11462830582 kmers; need 30.852 GB to sort     64701905 kmers
Used 46.960 GB / 79.750 GB to store  11515210700 kmers; need 30.852 GB to sort     64701905 kmers
Used 47.090 GB / 79.750 GB to store  11567591111 kmers; need 30.852 GB to sort     64701905 kmers
Used 47.217 GB / 79.750 GB to store  11619971313 kmers; need 30.852 GB to sort     64701905 kmers
Used 47.345 GB / 79.750 GB to store  11672350863 kmers; need 30.852 GB to sort     64701905 kmers
Used 47.472 GB / 79.750 GB to store  11724730611 kmers; need 30.852 GB to sort     64701905 kmers
Used 47.601 GB / 79.750 GB to store  11777110708 kmers; need 30.852 GB to sort     64701905 kmers
Used 47.729 GB / 79.750 GB to store  11829490431 kmers; need 30.852 GB to sort     64701905 kmers
Used 47.857 GB / 79.750 GB to store  11881870675 kmers; need 30.852 GB to sort     64701905 kmers
Used 47.984 GB / 79.750 GB to store  11934250604 kmers; need 30.852 GB to sort     64701905 kmers
Used 48.112 GB / 79.750 GB to store  11986630806 kmers; need 30.852 GB to sort     64701905 kmers
Used 48.240 GB / 79.750 GB to store  12039011071 kmers; need 30.852 GB to sort     64701905 kmers
Used 48.368 GB / 79.750 GB to store  12091390937 kmers; need 30.852 GB to sort     64701905 kmers
Used 48.498 GB / 79.750 GB to store  12143770929 kmers; need 30.852 GB to sort     64701905 kmers
Used 48.626 GB / 79.750 GB to store  12196150879 kmers; need 30.852 GB to sort     64701905 kmers
Used 48.755 GB / 79.750 GB to store  12248530955 kmers; need 30.852 GB to sort     64701905 kmers
Used 48.883 GB / 79.750 GB to store  12300911262 kmers; need 30.852 GB to sort     64701905 kmers
Memory full.  Writing results to 'hifi.meryl', using 30 threads (2 threads still doing input).

Used 20.930 GB / 79.750 GB to store      2095198 kmers; need 30.654 GB to sort     64286566 kmers
Used 21.058 GB / 79.750 GB to store     20952043 kmers; need 30.659 GB to sort     64295865 kmers
Used 21.195 GB / 79.750 GB to store     29332835 kmers; need 30.659 GB to sort     64295865 kmers
Used 21.333 GB / 79.750 GB to store     39808867 kmers; need 30.659 GB to sort     64295865 kmers
Used 21.486 GB / 79.750 GB to store     50284836 kmers; need 30.659 GB to sort     64295968 kmers
Used 21.633 GB / 79.750 GB to store     60760742 kmers; need 30.659 GB to sort     64296024 kmers
Used 21.770 GB / 79.750 GB to store     69141618 kmers; need 30.659 GB to sort     64296024 kmers
Used 21.897 GB / 79.750 GB to store     87998358 kmers; need 30.659 GB to sort     64296024 kmers
Used 22.023 GB / 79.750 GB to store    245138165 kmers; need 30.659 GB to sort     64296024 kmers
Used 22.148 GB / 79.750 GB to store    416944864 kmers; need 30.659 GB to sort     64296024 kmers
Used 22.273 GB / 79.750 GB to store    548942878 kmers; need 30.659 GB to sort     64296024 kmers
Used 22.399 GB / 79.750 GB to store    659988588 kmers; need 30.659 GB to sort     64296024 kmers
Used 22.525 GB / 79.750 GB to store    760557893 kmers; need 30.659 GB to sort     64296024 kmers
Used 22.652 GB / 79.750 GB to store    852746757 kmers; need 30.659 GB to sort     64296024 kmers
Used 22.779 GB / 79.750 GB to store    940744309 kmers; need 30.659 GB to sort     64296024 kmers
Used 22.907 GB / 79.750 GB to store   1024551674 kmers; need 30.659 GB to sort     64296024 kmers
Used 23.035 GB / 79.750 GB to store   1104169639 kmers; need 30.659 GB to sort     64296024 kmers
Used 23.162 GB / 79.750 GB to store   1181692112 kmers; need 30.659 GB to sort     64296024 kmers
Used 23.288 GB / 79.750 GB to store   1255024327 kmers; need 30.659 GB to sort     64296024 kmers
Used 23.415 GB / 79.750 GB to store   1328356761 kmers; need 30.659 GB to sort     64296024 kmers
Used 23.541 GB / 79.750 GB to store   1399593829 kmers; need 30.659 GB to sort     64296024 kmers
Used 23.667 GB / 79.750 GB to store   1468734749 kmers; need 30.659 GB to sort     64296024 kmers
Used 23.795 GB / 79.750 GB to store   1537875505 kmers; need 30.659 GB to sort     64296024 kmers
Used 23.921 GB / 79.750 GB to store   1604922014 kmers; need 30.659 GB to sort     64296024 kmers
Used 24.047 GB / 79.750 GB to store   1671968749 kmers; need 30.659 GB to sort     64296024 kmers
Used 24.176 GB / 79.750 GB to store   1739015442 kmers; need 30.659 GB to sort     64296024 kmers
Used 24.301 GB / 79.750 GB to store   1803966523 kmers; need 30.659 GB to sort     64296024 kmers
Used 24.428 GB / 79.750 GB to store   1868917586 kmers; need 30.659 GB to sort     64296024 kmers
Used 24.553 GB / 79.750 GB to store   1931774177 kmers; need 30.659 GB to sort     64296024 kmers
Used 24.680 GB / 79.750 GB to store   1994630663 kmers; need 30.659 GB to sort     64296024 kmers
Used 24.807 GB / 79.750 GB to store   2057486876 kmers; need 30.659 GB to sort     64296024 kmers
Used 24.935 GB / 79.750 GB to store   2120342942 kmers; need 30.659 GB to sort     64296024 kmers
Used 25.061 GB / 79.750 GB to store   2181103604 kmers; need 30.659 GB to sort     64296024 kmers
Used 25.190 GB / 79.750 GB to store   2243959775 kmers; need 30.659 GB to sort     64296024 kmers
Used 25.315 GB / 79.750 GB to store   2304720731 kmers; need 30.659 GB to sort     64296024 kmers
Used 25.443 GB / 79.750 GB to store   2365481767 kmers; need 30.659 GB to sort     64296024 kmers
Used 25.571 GB / 79.750 GB to store   2426242485 kmers; need 30.659 GB to sort     64296024 kmers
Used 25.699 GB / 79.750 GB to store   2487002696 kmers; need 30.659 GB to sort     64296024 kmers
Used 25.827 GB / 79.750 GB to store   2547763400 kmers; need 30.659 GB to sort     64296024 kmers
Used 25.952 GB / 79.750 GB to store   2606429238 kmers; need 30.659 GB to sort     64296024 kmers
Used 26.077 GB / 79.750 GB to store   2665094359 kmers; need 30.659 GB to sort     64296024 kmers
Used 26.204 GB / 79.750 GB to store   2723760197 kmers; need 30.659 GB to sort     64296024 kmers
Used 26.331 GB / 79.750 GB to store   2782425846 kmers; need 30.659 GB to sort     64296024 kmers
Used 26.458 GB / 79.750 GB to store   2841091642 kmers; need 30.659 GB to sort     64296024 kmers
Used 26.586 GB / 79.750 GB to store   2899756994 kmers; need 30.659 GB to sort     64296024 kmers
Used 26.714 GB / 79.750 GB to store   2958422676 kmers; need 30.659 GB to sort     64296024 kmers
Used 26.843 GB / 79.750 GB to store   3017088514 kmers; need 30.659 GB to sort     64296024 kmers
Used 26.971 GB / 79.750 GB to store   3075754373 kmers; need 30.659 GB to sort     64296024 kmers
Used 27.097 GB / 79.750 GB to store   3132324887 kmers; need 30.659 GB to sort     64296024 kmers
Used 27.227 GB / 79.750 GB to store   3190990683 kmers; need 30.659 GB to sort     64296024 kmers
Used 27.352 GB / 79.750 GB to store   3247561113 kmers; need 30.659 GB to sort     64296024 kmers
Used 27.482 GB / 79.750 GB to store   3306226805 kmers; need 30.659 GB to sort     64296024 kmers
Used 27.607 GB / 79.750 GB to store   3362797071 kmers; need 30.659 GB to sort     64296024 kmers
Used 27.733 GB / 79.750 GB to store   3419367417 kmers; need 30.659 GB to sort     64296024 kmers
Used 27.859 GB / 79.750 GB to store   3475938099 kmers; need 30.659 GB to sort     64296024 kmers
Used 27.986 GB / 79.750 GB to store   3532508549 kmers; need 30.659 GB to sort     64296024 kmers
Used 28.112 GB / 79.750 GB to store   3589079237 kmers; need 30.659 GB to sort     64296024 kmers
Used 28.239 GB / 79.750 GB to store   3645649209 kmers; need 30.659 GB to sort     64296024 kmers
Used 28.367 GB / 79.750 GB to store   3702219765 kmers; need 30.659 GB to sort     64296024 kmers
Used 28.495 GB / 79.750 GB to store   3758790061 kmers; need 30.659 GB to sort     64296024 kmers
Used 28.622 GB / 79.750 GB to store   3815360638 kmers; need 30.659 GB to sort     64296024 kmers
Used 28.749 GB / 79.750 GB to store   3871930828 kmers; need 30.659 GB to sort     64296024 kmers
Used 28.878 GB / 79.750 GB to store   3928500678 kmers; need 30.659 GB to sort     64296024 kmers
Used 29.006 GB / 79.750 GB to store   3985071234 kmers; need 30.659 GB to sort     64296024 kmers
Used 29.135 GB / 79.750 GB to store   4041641469 kmers; need 30.659 GB to sort     64296024 kmers
Used 29.264 GB / 79.750 GB to store   4098211752 kmers; need 30.659 GB to sort     64296024 kmers
Used 29.393 GB / 79.750 GB to store   4154782140 kmers; need 30.659 GB to sort     64296024 kmers
Used 29.518 GB / 79.750 GB to store   4209257498 kmers; need 30.659 GB to sort     64296024 kmers
Used 29.647 GB / 79.750 GB to store   4265828075 kmers; need 30.659 GB to sort     64296024 kmers
Used 29.775 GB / 79.750 GB to store   4322398427 kmers; need 30.659 GB to sort     64296024 kmers
Used 29.904 GB / 79.750 GB to store   4378968673 kmers; need 30.659 GB to sort     64296024 kmers
Used 30.029 GB / 79.750 GB to store   4433443836 kmers; need 30.659 GB to sort     64296024 kmers
Used 30.154 GB / 79.750 GB to store   4487919110 kmers; need 30.659 GB to sort     64296024 kmers
Used 30.280 GB / 79.750 GB to store   4542394300 kmers; need 30.659 GB to sort     64296024 kmers
Used 30.409 GB / 79.750 GB to store   4598964596 kmers; need 30.659 GB to sort     64296024 kmers
Used 30.535 GB / 79.750 GB to store   4653440164 kmers; need 30.659 GB to sort     64296024 kmers
Used 30.661 GB / 79.750 GB to store   4707915543 kmers; need 30.659 GB to sort     64296024 kmers
Used 30.788 GB / 79.750 GB to store   4762390985 kmers; need 30.659 GB to sort     64296024 kmers
Used 30.914 GB / 79.750 GB to store   4816866448 kmers; need 30.659 GB to sort     64296024 kmers
Used 31.040 GB / 79.750 GB to store   4871341827 kmers; need 30.659 GB to sort     64296024 kmers
Used 31.167 GB / 79.750 GB to store   4925817080 kmers; need 30.659 GB to sort     64296024 kmers
Used 31.292 GB / 79.750 GB to store   4980292450 kmers; need 30.659 GB to sort     64296024 kmers
Used 31.417 GB / 79.750 GB to store   5034767643 kmers; need 30.659 GB to sort     64296024 kmers
Used 31.544 GB / 79.750 GB to store   5089242833 kmers; need 30.659 GB to sort     64296024 kmers
Used 31.670 GB / 79.750 GB to store   5143718107 kmers; need 30.659 GB to sort     64296024 kmers
Used 31.797 GB / 79.750 GB to store   5198193612 kmers; need 30.659 GB to sort     64296024 kmers
Used 31.925 GB / 79.750 GB to store   5252669096 kmers; need 30.659 GB to sort     64296024 kmers
Used 32.052 GB / 79.750 GB to store   5307143862 kmers; need 30.659 GB to sort     64296024 kmers
Used 32.179 GB / 79.750 GB to store   5361618331 kmers; need 30.659 GB to sort     64296024 kmers
Used 32.306 GB / 79.750 GB to store   5416093416 kmers; need 30.659 GB to sort     64296024 kmers
Used 32.434 GB / 79.750 GB to store   5470568711 kmers; need 30.659 GB to sort     64296024 kmers
Used 32.561 GB / 79.750 GB to store   5525044027 kmers; need 30.659 GB to sort     64296024 kmers
Used 32.689 GB / 79.750 GB to store   5579519276 kmers; need 30.659 GB to sort     64296024 kmers
Used 32.815 GB / 79.750 GB to store   5633994802 kmers; need 30.659 GB to sort     64296024 kmers
Used 32.944 GB / 79.750 GB to store   5688470025 kmers; need 30.659 GB to sort     64296024 kmers
Used 33.071 GB / 79.750 GB to store   5742945362 kmers; need 30.659 GB to sort     64296024 kmers
Used 33.201 GB / 79.750 GB to store   5797420047 kmers; need 30.659 GB to sort     64296024 kmers
Used 33.329 GB / 79.750 GB to store   5851895310 kmers; need 30.659 GB to sort     64296024 kmers
Used 33.459 GB / 79.750 GB to store   5906370668 kmers; need 30.659 GB to sort     64296024 kmers
Used 33.587 GB / 79.750 GB to store   5960845704 kmers; need 30.659 GB to sort     64296024 kmers
Used 33.715 GB / 79.750 GB to store   6015320928 kmers; need 30.659 GB to sort     64296024 kmers
Used 33.845 GB / 79.750 GB to store   6069796244 kmers; need 30.659 GB to sort     64296024 kmers
Used 33.974 GB / 79.750 GB to store   6124271623 kmers; need 30.659 GB to sort     64296024 kmers
Used 34.102 GB / 79.750 GB to store   6178746813 kmers; need 30.659 GB to sort     64296024 kmers
Used 34.230 GB / 79.750 GB to store   6233221868 kmers; need 30.659 GB to sort     64296024 kmers
Used 34.360 GB / 79.750 GB to store   6287696911 kmers; need 30.659 GB to sort     64296024 kmers
Used 34.489 GB / 79.750 GB to store   6342172227 kmers; need 30.659 GB to sort     64296024 kmers
Used 34.618 GB / 79.750 GB to store   6396647375 kmers; need 30.659 GB to sort     64296024 kmers
Used 34.748 GB / 79.750 GB to store   6451122283 kmers; need 30.659 GB to sort     64296024 kmers
Used 34.875 GB / 79.750 GB to store   6505597355 kmers; need 30.659 GB to sort     64296024 kmers
Used 35.004 GB / 79.750 GB to store   6560072436 kmers; need 30.659 GB to sort     64296024 kmers
Used 35.133 GB / 79.750 GB to store   6614547710 kmers; need 30.659 GB to sort     64296024 kmers
Used 35.263 GB / 79.750 GB to store   6669022488 kmers; need 30.659 GB to sort     64296024 kmers
Used 35.391 GB / 79.750 GB to store   6723497594 kmers; need 30.659 GB to sort     64296024 kmers
Used 35.521 GB / 79.750 GB to store   6777972784 kmers; need 30.659 GB to sort     64296024 kmers
Used 35.650 GB / 79.750 GB to store   6832447660 kmers; need 30.659 GB to sort     64296024 kmers
Used 35.780 GB / 79.750 GB to store   6886922934 kmers; need 30.659 GB to sort     64296024 kmers
Used 35.910 GB / 79.750 GB to store   6941398082 kmers; need 30.659 GB to sort     64296024 kmers
Used 36.040 GB / 79.750 GB to store   6995873316 kmers; need 30.659 GB to sort     64296024 kmers
Used 36.168 GB / 79.750 GB to store   7050348569 kmers; need 30.659 GB to sort     64296024 kmers
Used 36.294 GB / 79.750 GB to store   7102728163 kmers; need 30.659 GB to sort     64296024 kmers
Used 36.419 GB / 79.750 GB to store   7155108218 kmers; need 30.659 GB to sort     64296024 kmers
Used 36.548 GB / 79.750 GB to store   7209582943 kmers; need 30.659 GB to sort     64296024 kmers
Used 36.674 GB / 79.750 GB to store   7261962853 kmers; need 30.659 GB to sort     64296024 kmers
Used 36.803 GB / 79.750 GB to store   7316437833 kmers; need 30.659 GB to sort     64296024 kmers
Used 36.930 GB / 79.750 GB to store   7368817673 kmers; need 30.659 GB to sort     64296024 kmers
Used 37.060 GB / 79.750 GB to store   7423292821 kmers; need 30.659 GB to sort     64296024 kmers
Used 37.185 GB / 79.750 GB to store   7475672813 kmers; need 30.659 GB to sort     64296024 kmers
Used 37.311 GB / 79.750 GB to store   7528052637 kmers; need 30.659 GB to sort     64296024 kmers
Used 37.436 GB / 79.750 GB to store   7580432104 kmers; need 30.659 GB to sort     64296024 kmers
Used 37.561 GB / 79.750 GB to store   7632811544 kmers; need 30.659 GB to sort     64296024 kmers
Used 37.688 GB / 79.750 GB to store   7685191326 kmers; need 30.659 GB to sort     64296024 kmers
Used 37.813 GB / 79.750 GB to store   7737571129 kmers; need 30.659 GB to sort     64296024 kmers
Used 37.943 GB / 79.750 GB to store   7792045602 kmers; need 30.659 GB to sort     64296024 kmers
Used 38.070 GB / 79.750 GB to store   7844425132 kmers; need 30.659 GB to sort     64296024 kmers
Used 38.196 GB / 79.750 GB to store   7896805229 kmers; need 30.659 GB to sort     64296024 kmers
Used 38.326 GB / 79.750 GB to store   7951279967 kmers; need 30.659 GB to sort     64296024 kmers
Used 38.451 GB / 79.750 GB to store   8003659623 kmers; need 30.659 GB to sort     64296024 kmers
Used 38.577 GB / 79.750 GB to store   8056039468 kmers; need 30.659 GB to sort     64296024 kmers
Used 38.703 GB / 79.750 GB to store   8108419355 kmers; need 30.659 GB to sort     64296024 kmers
Used 38.830 GB / 79.750 GB to store   8160799179 kmers; need 30.659 GB to sort     64296024 kmers
Used 38.957 GB / 79.750 GB to store   8213178323 kmers; need 30.659 GB to sort     64296024 kmers
Used 39.083 GB / 79.750 GB to store   8265557727 kmers; need 30.659 GB to sort     64296024 kmers
Used 39.209 GB / 79.750 GB to store   8317937593 kmers; need 30.659 GB to sort     64296024 kmers
Used 39.335 GB / 79.750 GB to store   8370317173 kmers; need 30.659 GB to sort     64296024 kmers
Used 39.462 GB / 79.750 GB to store   8422697060 kmers; need 30.659 GB to sort     64296024 kmers
Used 39.589 GB / 79.750 GB to store   8475076595 kmers; need 30.659 GB to sort     64296024 kmers
Used 39.715 GB / 79.750 GB to store   8527456734 kmers; need 30.659 GB to sort     64296024 kmers
Used 39.840 GB / 79.750 GB to store   8579835867 kmers; need 30.659 GB to sort     64296024 kmers
Used 39.969 GB / 79.750 GB to store   8633724016 kmers; need 30.659 GB to sort     64296024 kmers
Used 40.096 GB / 79.750 GB to store   8686104365 kmers; need 30.659 GB to sort     64296024 kmers
Used 40.222 GB / 79.750 GB to store   8738484714 kmers; need 30.659 GB to sort     64296024 kmers
Used 40.349 GB / 79.750 GB to store   8790865105 kmers; need 30.659 GB to sort     64296024 kmers
Used 40.475 GB / 79.750 GB to store   8843245183 kmers; need 30.659 GB to sort     64296024 kmers
Used 40.601 GB / 79.750 GB to store   8895624839 kmers; need 30.659 GB to sort     64296024 kmers
Used 40.728 GB / 79.750 GB to store   8948004376 kmers; need 30.659 GB to sort     64296024 kmers
Used 40.854 GB / 79.750 GB to store   9000384536 kmers; need 30.659 GB to sort     64296024 kmers
Used 40.980 GB / 79.750 GB to store   9052764225 kmers; need 30.659 GB to sort     64296024 kmers
Used 41.107 GB / 79.750 GB to store   9105143821 kmers; need 30.659 GB to sort     64296024 kmers
Used 41.233 GB / 79.750 GB to store   9157523624 kmers; need 30.659 GB to sort     64296024 kmers
Used 41.360 GB / 79.750 GB to store   9209903085 kmers; need 30.659 GB to sort     64296024 kmers
Used 41.486 GB / 79.750 GB to store   9262282733 kmers; need 30.659 GB to sort     64296024 kmers
Used 41.613 GB / 79.750 GB to store   9314662564 kmers; need 30.659 GB to sort     64296024 kmers
Used 41.740 GB / 79.750 GB to store   9367042472 kmers; need 30.659 GB to sort     64296024 kmers
Used 41.868 GB / 79.750 GB to store   9419421810 kmers; need 30.659 GB to sort     64296024 kmers
Used 41.994 GB / 79.750 GB to store   9471801802 kmers; need 30.659 GB to sort     64296024 kmers
Used 42.122 GB / 79.750 GB to store   9524181151 kmers; need 30.659 GB to sort     64296024 kmers
Used 42.248 GB / 79.750 GB to store   9576560236 kmers; need 30.659 GB to sort     64296024 kmers
Used 42.375 GB / 79.750 GB to store   9628940060 kmers; need 30.659 GB to sort     64296024 kmers
Used 42.502 GB / 79.750 GB to store   9681320010 kmers; need 30.659 GB to sort     64296024 kmers
Used 42.629 GB / 79.750 GB to store   9733699261 kmers; need 30.659 GB to sort     64296024 kmers
Used 42.755 GB / 79.750 GB to store   9786078444 kmers; need 30.659 GB to sort     64296024 kmers
Used 42.882 GB / 79.750 GB to store   9838458023 kmers; need 30.659 GB to sort     64296024 kmers
Used 43.009 GB / 79.750 GB to store   9890837973 kmers; need 30.659 GB to sort     64296024 kmers
Used 43.135 GB / 79.750 GB to store   9943217674 kmers; need 30.659 GB to sort     64296024 kmers
Used 43.263 GB / 79.750 GB to store   9995597437 kmers; need 30.659 GB to sort     64296024 kmers
Used 43.390 GB / 79.750 GB to store  10047976943 kmers; need 30.659 GB to sort     64296024 kmers
Used 43.517 GB / 79.750 GB to store  10100357334 kmers; need 30.659 GB to sort     64296024 kmers
Used 43.644 GB / 79.750 GB to store  10152737452 kmers; need 30.659 GB to sort     64296024 kmers
Used 43.772 GB / 79.750 GB to store  10205117654 kmers; need 30.659 GB to sort     64296024 kmers
Used 43.900 GB / 79.750 GB to store  10257497604 kmers; need 30.659 GB to sort     64296024 kmers
Used 44.026 GB / 79.750 GB to store  10309877323 kmers; need 30.659 GB to sort     64296024 kmers
Used 44.154 GB / 79.750 GB to store  10362257357 kmers; need 30.659 GB to sort     64296024 kmers
Used 44.281 GB / 79.750 GB to store  10414637475 kmers; need 30.659 GB to sort     64296024 kmers
Used 44.408 GB / 79.750 GB to store  10467017908 kmers; need 30.659 GB to sort     64296024 kmers
Used 44.535 GB / 79.750 GB to store  10519397817 kmers; need 30.659 GB to sort     64296024 kmers
Used 44.662 GB / 79.750 GB to store  10571777617 kmers; need 30.659 GB to sort     64296024 kmers
Used 44.790 GB / 79.750 GB to store  10624156991 kmers; need 30.659 GB to sort     64296024 kmers
Used 44.918 GB / 79.750 GB to store  10676536762 kmers; need 30.659 GB to sort     64296024 kmers
Used 45.045 GB / 79.750 GB to store  10728916901 kmers; need 30.659 GB to sort     64296024 kmers
Used 45.173 GB / 79.750 GB to store  10781296756 kmers; need 30.659 GB to sort     64296024 kmers
Used 45.300 GB / 79.750 GB to store  10833676051 kmers; need 30.659 GB to sort     64296024 kmers
Used 45.427 GB / 79.750 GB to store  10886056148 kmers; need 30.659 GB to sort     64296024 kmers
Used 45.554 GB / 79.750 GB to store  10938436497 kmers; need 30.659 GB to sort     64296024 kmers
Used 45.681 GB / 79.750 GB to store  10990816616 kmers; need 30.659 GB to sort     64296024 kmers
Used 45.808 GB / 79.750 GB to store  11043196902 kmers; need 30.659 GB to sort     64296024 kmers
Used 45.937 GB / 79.750 GB to store  11095576980 kmers; need 30.659 GB to sort     64296024 kmers
Used 46.064 GB / 79.750 GB to store  11147957119 kmers; need 30.659 GB to sort     64296024 kmers
Used 46.192 GB / 79.750 GB to store  11200337043 kmers; need 30.659 GB to sort     64296024 kmers
Used 46.320 GB / 79.750 GB to store  11252717128 kmers; need 30.659 GB to sort     64296024 kmers
Used 46.448 GB / 79.750 GB to store  11305097330 kmers; need 30.659 GB to sort     64296024 kmers
Used 46.576 GB / 79.750 GB to store  11357477637 kmers; need 30.659 GB to sort     64296024 kmers
Used 46.704 GB / 79.750 GB to store  11409857860 kmers; need 30.659 GB to sort     64296024 kmers
Used 46.832 GB / 79.750 GB to store  11462238041 kmers; need 30.659 GB to sort     64296024 kmers
Used 46.960 GB / 79.750 GB to store  11514618369 kmers; need 30.659 GB to sort     64296024 kmers
Used 47.088 GB / 79.750 GB to store  11566998550 kmers; need 30.659 GB to sort     64296024 kmers
Used 47.216 GB / 79.750 GB to store  11619378781 kmers; need 30.659 GB to sort     64296024 kmers
Used 47.344 GB / 79.750 GB to store  11671758563 kmers; need 30.659 GB to sort     64296024 kmers
Used 47.473 GB / 79.750 GB to store  11724139038 kmers; need 30.659 GB to sort     64296024 kmers
Used 47.602 GB / 79.750 GB to store  11776519408 kmers; need 30.659 GB to sort     64296024 kmers
Used 47.729 GB / 79.750 GB to store  11828899379 kmers; need 30.659 GB to sort     64296024 kmers
Used 47.857 GB / 79.750 GB to store  11881279539 kmers; need 30.659 GB to sort     64296024 kmers
Used 47.985 GB / 79.750 GB to store  11933659425 kmers; need 30.659 GB to sort     64296024 kmers
Used 48.112 GB / 79.750 GB to store  11986039458 kmers; need 30.659 GB to sort     64296024 kmers
Used 48.240 GB / 79.750 GB to store  12038419660 kmers; need 30.659 GB to sort     64296024 kmers
Used 48.369 GB / 79.750 GB to store  12090800219 kmers; need 30.659 GB to sort     64296024 kmers
Used 48.496 GB / 79.750 GB to store  12143180236 kmers; need 30.659 GB to sort     64296024 kmers
Used 48.625 GB / 79.750 GB to store  12195560543 kmers; need 30.659 GB to sort     64296024 kmers
Used 48.755 GB / 79.750 GB to store  12247940829 kmers; need 30.659 GB to sort     64296024 kmers
Used 48.832 GB / 79.750 GB to store  12279368967 kmers; need 30.708 GB to sort     64398527 kmers
Used 48.893 GB / 79.750 GB to store  12304511511 kmers; need 30.781 GB to sort     64552078 kmers
Memory full.  Writing results to 'hifi.meryl', using 30 threads (2 threads still doing input).

Used 20.933 GB / 79.750 GB to store      2095219 kmers; need 30.830 GB to sort     64655085 kmers
Used 21.068 GB / 79.750 GB to store     16761752 kmers; need 30.830 GB to sort     64655085 kmers
Used 21.217 GB / 79.750 GB to store     27237826 kmers; need 30.830 GB to sort     64655164 kmers
Used 21.371 GB / 79.750 GB to store     39809140 kmers; need 30.830 GB to sort     64655164 kmers
Used 21.523 GB / 79.750 GB to store     50284838 kmers; need 30.830 GB to sort     64655213 kmers
Used 21.659 GB / 79.750 GB to store     60761017 kmers; need 30.830 GB to sort     64655213 kmers
Used 21.794 GB / 79.750 GB to store     69141935 kmers; need 30.830 GB to sort     64655213 kmers
Used 21.923 GB / 79.750 GB to store    100570283 kmers; need 30.830 GB to sort     64655213 kmers
Used 22.048 GB / 79.750 GB to store    274473282 kmers; need 30.830 GB to sort     64655213 kmers
Used 22.174 GB / 79.750 GB to store    439994883 kmers; need 30.830 GB to sort     64655213 kmers
Used 22.300 GB / 79.750 GB to store    569897748 kmers; need 30.830 GB to sort     64655213 kmers
Used 22.426 GB / 79.750 GB to store    678847900 kmers; need 30.830 GB to sort     64655213 kmers
Used 22.552 GB / 79.750 GB to store    777322448 kmers; need 30.830 GB to sort     64655213 kmers
Used 22.679 GB / 79.750 GB to store    869511808 kmers; need 30.830 GB to sort     64655213 kmers
Used 22.804 GB / 79.750 GB to store    955415745 kmers; need 30.830 GB to sort     64655213 kmers
Used 22.932 GB / 79.750 GB to store   1039223601 kmers; need 30.830 GB to sort     64655213 kmers
Used 23.060 GB / 79.750 GB to store   1118842280 kmers; need 30.830 GB to sort     64655213 kmers
Used 23.185 GB / 79.750 GB to store   1194269496 kmers; need 30.830 GB to sort     64655213 kmers
Used 23.311 GB / 79.750 GB to store   1267602203 kmers; need 30.830 GB to sort     64655213 kmers
Used 23.439 GB / 79.750 GB to store   1340934261 kmers; need 30.830 GB to sort     64655213 kmers
Used 23.566 GB / 79.750 GB to store   1412171392 kmers; need 30.830 GB to sort     64655213 kmers
Used 23.692 GB / 79.750 GB to store   1481313409 kmers; need 30.830 GB to sort     64655213 kmers
Used 23.820 GB / 79.750 GB to store   1550455301 kmers; need 30.830 GB to sort     64655213 kmers
Used 23.946 GB / 79.750 GB to store   1617501973 kmers; need 30.830 GB to sort     64655213 kmers
Used 24.074 GB / 79.750 GB to store   1684548668 kmers; need 30.830 GB to sort     64655213 kmers
Used 24.202 GB / 79.750 GB to store   1751595445 kmers; need 30.830 GB to sort     64655213 kmers
Used 24.328 GB / 79.750 GB to store   1816546771 kmers; need 30.830 GB to sort     64655213 kmers
Used 24.455 GB / 79.750 GB to store   1881498476 kmers; need 30.830 GB to sort     64655213 kmers
Used 24.584 GB / 79.750 GB to store   1946449904 kmers; need 30.830 GB to sort     64655213 kmers
Used 24.710 GB / 79.750 GB to store   2009306207 kmers; need 30.830 GB to sort     64655213 kmers
Used 24.837 GB / 79.750 GB to store   2072162420 kmers; need 30.830 GB to sort     64655213 kmers
Used 24.967 GB / 79.750 GB to store   2135018934 kmers; need 30.830 GB to sort     64655213 kmers
Used 25.092 GB / 79.750 GB to store   2195780201 kmers; need 30.830 GB to sort     64655213 kmers
Used 25.218 GB / 79.750 GB to store   2256541354 kmers; need 30.830 GB to sort     64655213 kmers
Used 25.344 GB / 79.750 GB to store   2317302558 kmers; need 30.830 GB to sort     64655213 kmers
Used 25.472 GB / 79.750 GB to store   2378063085 kmers; need 30.830 GB to sort     64655213 kmers
Used 25.599 GB / 79.750 GB to store   2438824191 kmers; need 30.830 GB to sort     64655213 kmers
Used 25.728 GB / 79.750 GB to store   2499585479 kmers; need 30.830 GB to sort     64655213 kmers
Used 25.857 GB / 79.750 GB to store   2560346713 kmers; need 30.830 GB to sort     64655213 kmers
Used 25.985 GB / 79.750 GB to store   2621108241 kmers; need 30.830 GB to sort     64655213 kmers
Used 26.111 GB / 79.750 GB to store   2679774562 kmers; need 30.830 GB to sort     64655213 kmers
Used 26.237 GB / 79.750 GB to store   2738440673 kmers; need 30.830 GB to sort     64655213 kmers
Used 26.364 GB / 79.750 GB to store   2797106550 kmers; need 30.830 GB to sort     64655213 kmers
Used 26.491 GB / 79.750 GB to store   2855772305 kmers; need 30.830 GB to sort     64655213 kmers
Used 26.619 GB / 79.750 GB to store   2914438269 kmers; need 30.830 GB to sort     64655213 kmers
Used 26.748 GB / 79.750 GB to store   2973103713 kmers; need 30.830 GB to sort     64655213 kmers
Used 26.876 GB / 79.750 GB to store   3031769446 kmers; need 30.830 GB to sort     64655213 kmers
Used 27.004 GB / 79.750 GB to store   3090435389 kmers; need 30.830 GB to sort     64655213 kmers
Used 27.130 GB / 79.750 GB to store   3147006155 kmers; need 30.830 GB to sort     64655213 kmers
Used 27.257 GB / 79.750 GB to store   3203576739 kmers; need 30.830 GB to sort     64655213 kmers
Used 27.386 GB / 79.750 GB to store   3262242451 kmers; need 30.830 GB to sort     64655213 kmers
Used 27.512 GB / 79.750 GB to store   3318812744 kmers; need 30.830 GB to sort     64655213 kmers
Used 27.641 GB / 79.750 GB to store   3377478855 kmers; need 30.830 GB to sort     64655213 kmers
Used 27.767 GB / 79.750 GB to store   3434049747 kmers; need 30.830 GB to sort     64655213 kmers
Used 27.892 GB / 79.750 GB to store   3490620534 kmers; need 30.830 GB to sort     64655213 kmers
Used 28.019 GB / 79.750 GB to store   3547191321 kmers; need 30.830 GB to sort     64655213 kmers
Used 28.145 GB / 79.750 GB to store   3603762276 kmers; need 30.830 GB to sort     64655213 kmers
Used 28.273 GB / 79.750 GB to store   3660333084 kmers; need 30.830 GB to sort     64655213 kmers
Used 28.398 GB / 79.750 GB to store   3716904207 kmers; need 30.830 GB to sort     64655213 kmers
Used 28.526 GB / 79.750 GB to store   3773475519 kmers; need 30.830 GB to sort     64655213 kmers
Used 28.655 GB / 79.750 GB to store   3830046402 kmers; need 30.830 GB to sort     64655213 kmers
Used 28.783 GB / 79.750 GB to store   3886617420 kmers; need 30.830 GB to sort     64655213 kmers
Used 28.911 GB / 79.750 GB to store   3943188291 kmers; need 30.830 GB to sort     64655213 kmers
Used 29.040 GB / 79.750 GB to store   3999759330 kmers; need 30.830 GB to sort     64655213 kmers
Used 29.169 GB / 79.750 GB to store   4056330033 kmers; need 30.830 GB to sort     64655213 kmers
Used 29.298 GB / 79.750 GB to store   4112900673 kmers; need 30.830 GB to sort     64655213 kmers
Used 29.423 GB / 79.750 GB to store   4167376094 kmers; need 30.830 GB to sort     64655213 kmers
Used 29.551 GB / 79.750 GB to store   4223946505 kmers; need 30.830 GB to sort     64655213 kmers
Used 29.680 GB / 79.750 GB to store   4280517376 kmers; need 30.830 GB to sort     64655213 kmers
Used 29.810 GB / 79.750 GB to store   4337088246 kmers; need 30.830 GB to sort     64655213 kmers
Used 29.939 GB / 79.750 GB to store   4393659243 kmers; need 30.830 GB to sort     64655213 kmers
Used 30.064 GB / 79.750 GB to store   4448134184 kmers; need 30.830 GB to sort     64655213 kmers
Used 30.193 GB / 79.750 GB to store   4504704532 kmers; need 30.830 GB to sort     64655213 kmers
Used 30.318 GB / 79.750 GB to store   4559180121 kmers; need 30.830 GB to sort     64655213 kmers
Used 30.444 GB / 79.750 GB to store   4613655913 kmers; need 30.830 GB to sort     64655213 kmers
Used 30.570 GB / 79.750 GB to store   4668131476 kmers; need 30.830 GB to sort     64655213 kmers
Used 30.696 GB / 79.750 GB to store   4722607275 kmers; need 30.830 GB to sort     64655213 kmers
Used 30.822 GB / 79.750 GB to store   4777082687 kmers; need 30.830 GB to sort     64655213 kmers
Used 30.949 GB / 79.750 GB to store   4831558486 kmers; need 30.830 GB to sort     64655213 kmers
Used 31.079 GB / 79.750 GB to store   4888129189 kmers; need 30.830 GB to sort     64655213 kmers
Used 31.204 GB / 79.750 GB to store   4942604505 kmers; need 30.830 GB to sort     64655213 kmers
Used 31.331 GB / 79.750 GB to store   4997079845 kmers; need 30.830 GB to sort     64655213 kmers
Used 31.457 GB / 79.750 GB to store   5051555117 kmers; need 30.830 GB to sort     64655213 kmers
Used 31.583 GB / 79.750 GB to store   5106030412 kmers; need 30.830 GB to sort     64655213 kmers
Used 31.710 GB / 79.750 GB to store   5160506022 kmers; need 30.830 GB to sort     64655213 kmers
Used 31.838 GB / 79.750 GB to store   5214981590 kmers; need 30.830 GB to sort     64655213 kmers
Used 31.964 GB / 79.750 GB to store   5269457116 kmers; need 30.830 GB to sort     64655213 kmers
Used 32.091 GB / 79.750 GB to store   5323932768 kmers; need 30.830 GB to sort     64655213 kmers
Used 32.218 GB / 79.750 GB to store   5378407975 kmers; need 30.830 GB to sort     64655213 kmers
Used 32.345 GB / 79.750 GB to store   5432883335 kmers; need 30.830 GB to sort     64655213 kmers
Used 32.472 GB / 79.750 GB to store   5487358025 kmers; need 30.830 GB to sort     64655213 kmers
Used 32.599 GB / 79.750 GB to store   5541833341 kmers; need 30.830 GB to sort     64655213 kmers
Used 32.726 GB / 79.750 GB to store   5596308993 kmers; need 30.830 GB to sort     64655213 kmers
Used 32.854 GB / 79.750 GB to store   5650784687 kmers; need 30.830 GB to sort     64655213 kmers
Used 32.983 GB / 79.750 GB to store   5705260408 kmers; need 30.830 GB to sort     64655213 kmers
Used 33.112 GB / 79.750 GB to store   5759735463 kmers; need 30.830 GB to sort     64655213 kmers
Used 33.241 GB / 79.750 GB to store   5814210891 kmers; need 30.830 GB to sort     64655213 kmers
Used 33.370 GB / 79.750 GB to store   5868686396 kmers; need 30.830 GB to sort     64655213 kmers
Used 33.498 GB / 79.750 GB to store   5923161366 kmers; need 30.830 GB to sort     64655213 kmers
Used 33.625 GB / 79.750 GB to store   5977636892 kmers; need 30.830 GB to sort     64655213 kmers
Used 33.754 GB / 79.750 GB to store   6032112502 kmers; need 30.830 GB to sort     64655213 kmers
Used 33.883 GB / 79.750 GB to store   6086587902 kmers; need 30.830 GB to sort     64655213 kmers
Used 34.011 GB / 79.750 GB to store   6141062952 kmers; need 30.830 GB to sort     64655213 kmers
Used 34.141 GB / 79.750 GB to store   6195538026 kmers; need 30.830 GB to sort     64655213 kmers
Used 34.271 GB / 79.750 GB to store   6250013510 kmers; need 30.830 GB to sort     64655213 kmers
Used 34.399 GB / 79.750 GB to store   6304489013 kmers; need 30.830 GB to sort     64655213 kmers
Used 34.528 GB / 79.750 GB to store   6358964665 kmers; need 30.830 GB to sort     64655213 kmers
Used 34.657 GB / 79.750 GB to store   6413439953 kmers; need 30.830 GB to sort     64655213 kmers
Used 34.787 GB / 79.750 GB to store   6467915521 kmers; need 30.830 GB to sort     64655213 kmers
Used 34.915 GB / 79.750 GB to store   6522390858 kmers; need 30.830 GB to sort     64655213 kmers
Used 35.044 GB / 79.750 GB to store   6576866615 kmers; need 30.830 GB to sort     64655213 kmers
Used 35.172 GB / 79.750 GB to store   6631342561 kmers; need 30.830 GB to sort     64655213 kmers
Used 35.301 GB / 79.750 GB to store   6685818129 kmers; need 30.830 GB to sort     64655213 kmers
Used 35.431 GB / 79.750 GB to store   6740293641 kmers; need 30.830 GB to sort     64655213 kmers
Used 35.560 GB / 79.750 GB to store   6794768883 kmers; need 30.830 GB to sort     64655213 kmers
Used 35.690 GB / 79.750 GB to store   6849244808 kmers; need 30.830 GB to sort     64655213 kmers
Used 35.819 GB / 79.750 GB to store   6903719613 kmers; need 30.830 GB to sort     64655213 kmers
Used 35.949 GB / 79.750 GB to store   6958195139 kmers; need 30.830 GB to sort     64655213 kmers
Used 36.074 GB / 79.750 GB to store   7010575404 kmers; need 30.830 GB to sort     64655213 kmers
Used 36.202 GB / 79.750 GB to store   7065050149 kmers; need 30.830 GB to sort     64655213 kmers
Used 36.332 GB / 79.750 GB to store   7119525738 kmers; need 30.830 GB to sort     64655213 kmers
Used 36.462 GB / 79.750 GB to store   7174001156 kmers; need 30.830 GB to sort     64655213 kmers
Used 36.588 GB / 79.750 GB to store   7226381470 kmers; need 30.830 GB to sort     64655213 kmers
Used 36.717 GB / 79.750 GB to store   7280856933 kmers; need 30.830 GB to sort     64655213 kmers
Used 36.842 GB / 79.750 GB to store   7333236504 kmers; need 30.830 GB to sort     64655213 kmers
Used 36.967 GB / 79.750 GB to store   7385616559 kmers; need 30.830 GB to sort     64655213 kmers
Used 37.092 GB / 79.750 GB to store   7437996488 kmers; need 30.830 GB to sort     64655213 kmers
Used 37.218 GB / 79.750 GB to store   7490376466 kmers; need 30.830 GB to sort     64655213 kmers
Used 37.344 GB / 79.750 GB to store   7542756744 kmers; need 30.830 GB to sort     64655213 kmers
Used 37.470 GB / 79.750 GB to store   7595136152 kmers; need 30.830 GB to sort     64655213 kmers
Used 37.600 GB / 79.750 GB to store   7649611966 kmers; need 30.830 GB to sort     64655213 kmers
Used 37.725 GB / 79.750 GB to store   7701992294 kmers; need 30.830 GB to sort     64655213 kmers
Used 37.851 GB / 79.750 GB to store   7754372706 kmers; need 30.830 GB to sort     64655213 kmers
Used 37.977 GB / 79.750 GB to store   7806753076 kmers; need 30.830 GB to sort     64655213 kmers
Used 38.103 GB / 79.750 GB to store   7859133257 kmers; need 30.830 GB to sort     64655213 kmers
Used 38.229 GB / 79.750 GB to store   7911513474 kmers; need 30.830 GB to sort     64655213 kmers
Used 38.356 GB / 79.750 GB to store   7963893991 kmers; need 30.830 GB to sort     64655213 kmers
Used 38.486 GB / 79.750 GB to store   8018369496 kmers; need 30.830 GB to sort     64655213 kmers
Used 38.612 GB / 79.750 GB to store   8070749597 kmers; need 30.830 GB to sort     64655213 kmers
Used 38.739 GB / 79.750 GB to store   8123129946 kmers; need 30.830 GB to sort     64655213 kmers
Used 38.869 GB / 79.750 GB to store   8177605577 kmers; need 30.830 GB to sort     64655213 kmers
Used 38.996 GB / 79.750 GB to store   8229986094 kmers; need 30.830 GB to sort     64655213 kmers
Used 39.121 GB / 79.750 GB to store   8282366527 kmers; need 30.830 GB to sort     64655213 kmers
Used 39.248 GB / 79.750 GB to store   8334746918 kmers; need 30.830 GB to sort     64655213 kmers
Used 39.376 GB / 79.750 GB to store   8387127330 kmers; need 30.830 GB to sort     64655213 kmers
Used 39.501 GB / 79.750 GB to store   8439507910 kmers; need 30.830 GB to sort     64655213 kmers
Used 39.626 GB / 79.750 GB to store   8491888031 kmers; need 30.830 GB to sort     64655213 kmers
Used 39.754 GB / 79.750 GB to store   8544268611 kmers; need 30.830 GB to sort     64655213 kmers
Used 39.879 GB / 79.750 GB to store   8596648981 kmers; need 30.830 GB to sort     64655213 kmers
Used 40.006 GB / 79.750 GB to store   8649029498 kmers; need 30.830 GB to sort     64655213 kmers
Used 40.136 GB / 79.750 GB to store   8703504996 kmers; need 30.830 GB to sort     64655213 kmers
Used 40.262 GB / 79.750 GB to store   8755885133 kmers; need 30.830 GB to sort     64655213 kmers
Used 40.387 GB / 79.750 GB to store   8808265668 kmers; need 30.830 GB to sort     64655213 kmers
Used 40.515 GB / 79.750 GB to store   8860645943 kmers; need 30.830 GB to sort     64655213 kmers
Used 40.641 GB / 79.750 GB to store   8913026670 kmers; need 30.830 GB to sort     64655213 kmers
Used 40.767 GB / 79.750 GB to store   8965407063 kmers; need 30.830 GB to sort     64655213 kmers
Used 40.893 GB / 79.750 GB to store   9017787265 kmers; need 30.830 GB to sort     64655213 kmers
Used 41.020 GB / 79.750 GB to store   9070167719 kmers; need 30.830 GB to sort     64655213 kmers
Used 41.147 GB / 79.750 GB to store   9122547984 kmers; need 30.830 GB to sort     64655213 kmers
Used 41.274 GB / 79.750 GB to store   9174928291 kmers; need 30.830 GB to sort     64655213 kmers
Used 41.401 GB / 79.750 GB to store   9227308577 kmers; need 30.830 GB to sort     64655213 kmers
Used 41.527 GB / 79.750 GB to store   9279688779 kmers; need 30.830 GB to sort     64655213 kmers
Used 41.654 GB / 79.750 GB to store   9332069044 kmers; need 30.830 GB to sort     64655213 kmers
Used 41.780 GB / 79.750 GB to store   9384449497 kmers; need 30.830 GB to sort     64655213 kmers
Used 41.908 GB / 79.750 GB to store   9436829834 kmers; need 30.830 GB to sort     64655213 kmers
Used 42.034 GB / 79.750 GB to store   9489210210 kmers; need 30.830 GB to sort     64655213 kmers
Used 42.161 GB / 79.750 GB to store   9541590265 kmers; need 30.830 GB to sort     64655213 kmers
Used 42.288 GB / 79.750 GB to store   9593970529 kmers; need 30.830 GB to sort     64655213 kmers
Used 42.415 GB / 79.750 GB to store   9646350710 kmers; need 30.830 GB to sort     64655213 kmers
Used 42.542 GB / 79.750 GB to store   9698731500 kmers; need 30.830 GB to sort     64655213 kmers
Used 42.669 GB / 79.750 GB to store   9751111509 kmers; need 30.830 GB to sort     64655213 kmers
Used 42.795 GB / 79.750 GB to store   9803492152 kmers; need 30.830 GB to sort     64655213 kmers
Used 42.922 GB / 79.750 GB to store   9855872627 kmers; need 30.830 GB to sort     64655213 kmers
Used 43.048 GB / 79.750 GB to store   9908252766 kmers; need 30.830 GB to sort     64655213 kmers
Used 43.175 GB / 79.750 GB to store   9960632994 kmers; need 30.830 GB to sort     64655213 kmers
Used 43.303 GB / 79.750 GB to store  10013013532 kmers; need 30.830 GB to sort     64655213 kmers
Used 43.429 GB / 79.750 GB to store  10065394217 kmers; need 30.830 GB to sort     64655213 kmers
Used 43.556 GB / 79.750 GB to store  10117774222 kmers; need 30.830 GB to sort     64655213 kmers
Used 43.684 GB / 79.750 GB to store  10170154655 kmers; need 30.830 GB to sort     64655213 kmers
Used 43.812 GB / 79.750 GB to store  10222534983 kmers; need 30.830 GB to sort     64655213 kmers
Used 43.939 GB / 79.750 GB to store  10274915033 kmers; need 30.830 GB to sort     64655213 kmers
Used 44.066 GB / 79.750 GB to store  10327295256 kmers; need 30.830 GB to sort     64655213 kmers
Used 44.194 GB / 79.750 GB to store  10379675584 kmers; need 30.830 GB to sort     64655213 kmers
Used 44.321 GB / 79.750 GB to store  10432055996 kmers; need 30.830 GB to sort     64655213 kmers
Used 44.448 GB / 79.750 GB to store  10484435578 kmers; need 30.830 GB to sort     64655213 kmers
Used 44.575 GB / 79.750 GB to store  10536815672 kmers; need 30.830 GB to sort     64655213 kmers
Used 44.703 GB / 79.750 GB to store  10589195874 kmers; need 30.830 GB to sort     64655213 kmers
Used 44.830 GB / 79.750 GB to store  10641576244 kmers; need 30.830 GB to sort     64655213 kmers
Used 44.957 GB / 79.750 GB to store  10693956677 kmers; need 30.830 GB to sort     64655213 kmers
Used 45.085 GB / 79.750 GB to store  10746336729 kmers; need 30.830 GB to sort     64655213 kmers
Used 45.212 GB / 79.750 GB to store  10798717078 kmers; need 30.830 GB to sort     64655213 kmers
Used 45.339 GB / 79.750 GB to store  10851097154 kmers; need 30.830 GB to sort     64655213 kmers
Used 45.466 GB / 79.750 GB to store  10903477344 kmers; need 30.830 GB to sort     64655213 kmers
Used 45.594 GB / 79.750 GB to store  10955857622 kmers; need 30.830 GB to sort     64655213 kmers
Used 45.721 GB / 79.750 GB to store  11008237929 kmers; need 30.830 GB to sort     64655213 kmers
Used 45.849 GB / 79.750 GB to store  11060618425 kmers; need 30.830 GB to sort     64655213 kmers
Used 45.977 GB / 79.750 GB to store  11112999110 kmers; need 30.830 GB to sort     64655213 kmers
Used 46.104 GB / 79.750 GB to store  11165379045 kmers; need 30.830 GB to sort     64655213 kmers
Used 46.233 GB / 79.750 GB to store  11217759562 kmers; need 30.830 GB to sort     64655213 kmers
Used 46.362 GB / 79.750 GB to store  11270139701 kmers; need 30.830 GB to sort     64655213 kmers
Used 46.490 GB / 79.750 GB to store  11322519861 kmers; need 30.830 GB to sort     64655213 kmers
Used 46.618 GB / 79.750 GB to store  11374899928 kmers; need 30.830 GB to sort     64655213 kmers
Used 46.745 GB / 79.750 GB to store  11427279742 kmers; need 30.830 GB to sort     64655213 kmers
Used 46.873 GB / 79.750 GB to store  11479660070 kmers; need 30.830 GB to sort     64655213 kmers
Used 47.002 GB / 79.750 GB to store  11532040398 kmers; need 30.830 GB to sort     64655213 kmers
Used 47.130 GB / 79.750 GB to store  11584420344 kmers; need 30.830 GB to sort     64655213 kmers
Used 47.257 GB / 79.750 GB to store  11636800803 kmers; need 30.830 GB to sort     64655213 kmers
Used 47.385 GB / 79.750 GB to store  11689180863 kmers; need 30.830 GB to sort     64655213 kmers
Used 47.514 GB / 79.750 GB to store  11741561359 kmers; need 30.830 GB to sort     64655213 kmers
Used 47.642 GB / 79.750 GB to store  11793941834 kmers; need 30.830 GB to sort     64655213 kmers
Used 47.770 GB / 79.750 GB to store  11846322240 kmers; need 30.830 GB to sort     64655213 kmers
Used 47.898 GB / 79.750 GB to store  11898702967 kmers; need 30.830 GB to sort     64655213 kmers
Used 48.026 GB / 79.750 GB to store  11951083589 kmers; need 30.830 GB to sort     64655213 kmers
Used 48.153 GB / 79.750 GB to store  12003463725 kmers; need 30.830 GB to sort     64655213 kmers
Used 48.280 GB / 79.750 GB to store  12055844348 kmers; need 30.830 GB to sort     64655213 kmers
Used 48.408 GB / 79.750 GB to store  12108224676 kmers; need 30.830 GB to sort     64655213 kmers
Used 48.537 GB / 79.750 GB to store  12160605271 kmers; need 30.830 GB to sort     64655213 kmers
Used 48.666 GB / 79.750 GB to store  12212985851 kmers; need 30.830 GB to sort     64655213 kmers
Used 48.795 GB / 79.750 GB to store  12265366116 kmers; need 30.830 GB to sort     64655213 kmers
Used 48.918 GB / 79.750 GB to store  12315651519 kmers; need 30.843 GB to sort     64682309 kmers
Memory full.  Writing results to 'hifi.meryl', using 30 threads (2 threads still doing input).

Used 20.947 GB / 79.750 GB to store      2095198 kmers; need 30.843 GB to sort     64682993 kmers
Used 21.091 GB / 79.750 GB to store     12571356 kmers; need 30.843 GB to sort     64682993 kmers
Used 21.248 GB / 79.750 GB to store     23047367 kmers; need 30.843 GB to sort     64682993 kmers
Used 21.391 GB / 79.750 GB to store     33523262 kmers; need 30.843 GB to sort     64682996 kmers
Used 21.524 GB / 79.750 GB to store     43999441 kmers; need 30.843 GB to sort     64683044 kmers
Used 21.682 GB / 79.750 GB to store     54475494 kmers; need 30.843 GB to sort     64683044 kmers
Used 21.809 GB / 79.750 GB to store     67046808 kmers; need 30.843 GB to sort     64683044 kmers
Used 21.934 GB / 79.750 GB to store    117332106 kmers; need 30.843 GB to sort     64683044 kmers
Used 22.060 GB / 79.750 GB to store    310091278 kmers; need 30.843 GB to sort     64683044 kmers
Used 22.186 GB / 79.750 GB to store    465136505 kmers; need 30.843 GB to sort     64683044 kmers
Used 22.311 GB / 79.750 GB to store    588754124 kmers; need 30.843 GB to sort     64683044 kmers
Used 22.438 GB / 79.750 GB to store    695609990 kmers; need 30.843 GB to sort     64683044 kmers
Used 22.563 GB / 79.750 GB to store    791989830 kmers; need 30.843 GB to sort     64683044 kmers
Used 22.689 GB / 79.750 GB to store    882084180 kmers; need 30.843 GB to sort     64683044 kmers
Used 22.815 GB / 79.750 GB to store    967987976 kmers; need 30.843 GB to sort     64683044 kmers
Used 22.941 GB / 79.750 GB to store   1049700878 kmers; need 30.843 GB to sort     64683044 kmers
Used 23.067 GB / 79.750 GB to store   1127223731 kmers; need 30.843 GB to sort     64683044 kmers
Used 23.192 GB / 79.750 GB to store   1202651396 kmers; need 30.843 GB to sort     64683044 kmers
Used 23.319 GB / 79.750 GB to store   1275983830 kmers; need 30.843 GB to sort     64683044 kmers
Used 23.447 GB / 79.750 GB to store   1349316852 kmers; need 30.843 GB to sort     64683044 kmers
Used 23.575 GB / 79.750 GB to store   1420553712 kmers; need 30.843 GB to sort     64683044 kmers
Used 23.701 GB / 79.750 GB to store   1489695888 kmers; need 30.843 GB to sort     64683044 kmers
Used 23.830 GB / 79.750 GB to store   1558838094 kmers; need 30.843 GB to sort     64683044 kmers
Used 23.955 GB / 79.750 GB to store   1625885207 kmers; need 30.843 GB to sort     64683044 kmers
Used 24.082 GB / 79.750 GB to store   1692932270 kmers; need 30.843 GB to sort     64683044 kmers
Used 24.211 GB / 79.750 GB to store   1759979572 kmers; need 30.843 GB to sort     64683044 kmers
Used 24.338 GB / 79.750 GB to store   1824931214 kmers; need 30.843 GB to sort     64683044 kmers
Used 24.466 GB / 79.750 GB to store   1889882959 kmers; need 30.843 GB to sort     64683044 kmers
Used 24.592 GB / 79.750 GB to store   1952739201 kmers; need 30.843 GB to sort     64683044 kmers
Used 24.717 GB / 79.750 GB to store   2015595771 kmers; need 30.843 GB to sort     64683044 kmers
Used 24.845 GB / 79.750 GB to store   2078452740 kmers; need 30.843 GB to sort     64683044 kmers
Used 24.973 GB / 79.750 GB to store   2141309435 kmers; need 30.843 GB to sort     64683044 kmers
Used 25.099 GB / 79.750 GB to store   2202069776 kmers; need 30.843 GB to sort     64683044 kmers
Used 25.225 GB / 79.750 GB to store   2262830866 kmers; need 30.843 GB to sort     64683044 kmers
Used 25.351 GB / 79.750 GB to store   2323592490 kmers; need 30.843 GB to sort     64683044 kmers
Used 25.479 GB / 79.750 GB to store   2384353757 kmers; need 30.843 GB to sort     64683044 kmers
Used 25.607 GB / 79.750 GB to store   2445115003 kmers; need 30.843 GB to sort     64683044 kmers
Used 25.735 GB / 79.750 GB to store   2505876396 kmers; need 30.843 GB to sort     64683044 kmers
Used 25.864 GB / 79.750 GB to store   2566637380 kmers; need 30.843 GB to sort     64683044 kmers
Used 25.994 GB / 79.750 GB to store   2627398689 kmers; need 30.843 GB to sort     64683044 kmers
Used 26.120 GB / 79.750 GB to store   2686064800 kmers; need 30.843 GB to sort     64683044 kmers
Used 26.247 GB / 79.750 GB to store   2744730874 kmers; need 30.843 GB to sort     64683044 kmers
Used 26.374 GB / 79.750 GB to store   2803397097 kmers; need 30.843 GB to sort     64683044 kmers
Used 26.502 GB / 79.750 GB to store   2862063355 kmers; need 30.843 GB to sort     64683044 kmers
Used 26.629 GB / 79.750 GB to store   2920729445 kmers; need 30.843 GB to sort     64683044 kmers
Used 26.757 GB / 79.750 GB to store   2979395661 kmers; need 30.843 GB to sort     64683044 kmers
Used 26.885 GB / 79.750 GB to store   3038061083 kmers; need 30.843 GB to sort     64683044 kmers
Used 27.010 GB / 79.750 GB to store   3094631332 kmers; need 30.843 GB to sort     64683044 kmers
Used 27.136 GB / 79.750 GB to store   3151202067 kmers; need 30.843 GB to sort     64683044 kmers
Used 27.265 GB / 79.750 GB to store   3209867984 kmers; need 30.843 GB to sort     64683044 kmers
Used 27.392 GB / 79.750 GB to store   3266438881 kmers; need 30.843 GB to sort     64683044 kmers
Used 27.517 GB / 79.750 GB to store   3323009381 kmers; need 30.843 GB to sort     64683044 kmers
Used 27.646 GB / 79.750 GB to store   3381675282 kmers; need 30.843 GB to sort     64683044 kmers
Used 27.772 GB / 79.750 GB to store   3438245465 kmers; need 30.843 GB to sort     64683044 kmers
Used 27.899 GB / 79.750 GB to store   3494816025 kmers; need 30.843 GB to sort     64683044 kmers
Used 28.025 GB / 79.750 GB to store   3551386543 kmers; need 30.843 GB to sort     64683044 kmers
Used 28.152 GB / 79.750 GB to store   3607957267 kmers; need 30.843 GB to sort     64683044 kmers
Used 28.280 GB / 79.750 GB to store   3664527714 kmers; need 30.843 GB to sort     64683044 kmers
Used 28.408 GB / 79.750 GB to store   3721098600 kmers; need 30.843 GB to sort     64683044 kmers
Used 28.534 GB / 79.750 GB to store   3777669597 kmers; need 30.843 GB to sort     64683044 kmers
Used 28.661 GB / 79.750 GB to store   3834240384 kmers; need 30.843 GB to sort     64683044 kmers
Used 28.789 GB / 79.750 GB to store   3890811423 kmers; need 30.843 GB to sort     64683044 kmers
Used 28.918 GB / 79.750 GB to store   3947382207 kmers; need 30.843 GB to sort     64683044 kmers
Used 29.047 GB / 79.750 GB to store   4003952909 kmers; need 30.843 GB to sort     64683044 kmers
Used 29.175 GB / 79.750 GB to store   4060523843 kmers; need 30.843 GB to sort     64683044 kmers
Used 29.305 GB / 79.750 GB to store   4117094777 kmers; need 30.843 GB to sort     64683044 kmers
Used 29.434 GB / 79.750 GB to store   4173665391 kmers; need 30.843 GB to sort     64683044 kmers
Used 29.563 GB / 79.750 GB to store   4230236514 kmers; need 30.843 GB to sort     64683044 kmers
Used 29.693 GB / 79.750 GB to store   4286807514 kmers; need 30.843 GB to sort     64683044 kmers
Used 29.821 GB / 79.750 GB to store   4343378406 kmers; need 30.843 GB to sort     64683044 kmers
Used 29.946 GB / 79.750 GB to store   4397853993 kmers; need 30.843 GB to sort     64683044 kmers
Used 30.075 GB / 79.750 GB to store   4454424738 kmers; need 30.843 GB to sort     64683044 kmers
Used 30.201 GB / 79.750 GB to store   4508899868 kmers; need 30.843 GB to sort     64683044 kmers
Used 30.330 GB / 79.750 GB to store   4565470375 kmers; need 30.843 GB to sort     64683044 kmers
Used 30.457 GB / 79.750 GB to store   4619946132 kmers; need 30.843 GB to sort     64683044 kmers
Used 30.582 GB / 79.750 GB to store   4674421637 kmers; need 30.843 GB to sort     64683044 kmers
Used 30.707 GB / 79.750 GB to store   4728897289 kmers; need 30.843 GB to sort     64683044 kmers
Used 30.833 GB / 79.750 GB to store   4783373088 kmers; need 30.843 GB to sort     64683044 kmers
Used 30.960 GB / 79.750 GB to store   4837848763 kmers; need 30.843 GB to sort     64683044 kmers
Used 31.086 GB / 79.750 GB to store   4892323969 kmers; need 30.843 GB to sort     64683044 kmers
Used 31.212 GB / 79.750 GB to store   4946799831 kmers; need 30.843 GB to sort     64683044 kmers
Used 31.337 GB / 79.750 GB to store   5001275441 kmers; need 30.843 GB to sort     64683044 kmers
Used 31.465 GB / 79.750 GB to store   5055751135 kmers; need 30.843 GB to sort     64683044 kmers
Used 31.590 GB / 79.750 GB to store   5110226703 kmers; need 30.843 GB to sort     64683044 kmers
Used 31.717 GB / 79.750 GB to store   5164702460 kmers; need 30.843 GB to sort     64683044 kmers
Used 31.843 GB / 79.750 GB to store   5219178004 kmers; need 30.843 GB to sort     64683044 kmers
Used 31.971 GB / 79.750 GB to store   5273653719 kmers; need 30.843 GB to sort     64683044 kmers
Used 32.097 GB / 79.750 GB to store   5328129749 kmers; need 30.843 GB to sort     64683044 kmers
Used 32.225 GB / 79.750 GB to store   5382605380 kmers; need 30.843 GB to sort     64683044 kmers
Used 32.352 GB / 79.750 GB to store   5437081140 kmers; need 30.843 GB to sort     64683044 kmers
Used 32.480 GB / 79.750 GB to store   5491556662 kmers; need 30.843 GB to sort     64683044 kmers
Used 32.606 GB / 79.750 GB to store   5546032415 kmers; need 30.843 GB to sort     64683044 kmers
Used 32.735 GB / 79.750 GB to store   5600508256 kmers; need 30.843 GB to sort     64683044 kmers
Used 32.864 GB / 79.750 GB to store   5654983716 kmers; need 30.843 GB to sort     64683044 kmers
Used 32.991 GB / 79.750 GB to store   5709459011 kmers; need 30.843 GB to sort     64683044 kmers
Used 33.119 GB / 79.750 GB to store   5763934558 kmers; need 30.843 GB to sort     64683044 kmers
Used 33.247 GB / 79.750 GB to store   5818410567 kmers; need 30.843 GB to sort     64683044 kmers
Used 33.377 GB / 79.750 GB to store   5872886261 kmers; need 30.843 GB to sort     64683044 kmers
Used 33.506 GB / 79.750 GB to store   5927361829 kmers; need 30.843 GB to sort     64683044 kmers
Used 33.633 GB / 79.750 GB to store   5981837395 kmers; need 30.843 GB to sort     64683044 kmers
Used 33.763 GB / 79.750 GB to store   6036313110 kmers; need 30.843 GB to sort     64683044 kmers
Used 33.891 GB / 79.750 GB to store   6090787970 kmers; need 30.843 GB to sort     64683044 kmers
Used 34.020 GB / 79.750 GB to store   6145263727 kmers; need 30.843 GB to sort     64683044 kmers
Used 34.149 GB / 79.750 GB to store   6199738679 kmers; need 30.843 GB to sort     64683044 kmers
Used 34.278 GB / 79.750 GB to store   6254214130 kmers; need 30.843 GB to sort     64683044 kmers
Used 34.403 GB / 79.750 GB to store   6306594353 kmers; need 30.843 GB to sort     64683044 kmers
Used 34.532 GB / 79.750 GB to store   6361070152 kmers; need 30.843 GB to sort     64683044 kmers
Used 34.661 GB / 79.750 GB to store   6415545510 kmers; need 30.843 GB to sort     64683044 kmers
Used 34.790 GB / 79.750 GB to store   6470020922 kmers; need 30.843 GB to sort     64683044 kmers
Used 34.918 GB / 79.750 GB to store   6524496553 kmers; need 30.843 GB to sort     64683044 kmers
Used 35.048 GB / 79.750 GB to store   6578972226 kmers; need 30.843 GB to sort     64683044 kmers
Used 35.176 GB / 79.750 GB to store   6633447656 kmers; need 30.843 GB to sort     64683044 kmers
Used 35.305 GB / 79.750 GB to store   6687923218 kmers; need 30.843 GB to sort     64683044 kmers
Used 35.435 GB / 79.750 GB to store   6742398954 kmers; need 30.843 GB to sort     64683044 kmers
Used 35.565 GB / 79.750 GB to store   6796874585 kmers; need 30.843 GB to sort     64683044 kmers
Used 35.694 GB / 79.750 GB to store   6851350151 kmers; need 30.843 GB to sort     64683044 kmers
Used 35.823 GB / 79.750 GB to store   6905825829 kmers; need 30.843 GB to sort     64683044 kmers
Used 35.952 GB / 79.750 GB to store   6960300902 kmers; need 30.843 GB to sort     64683044 kmers
Used 36.082 GB / 79.750 GB to store   7014776596 kmers; need 30.843 GB to sort     64683044 kmers
Used 36.207 GB / 79.750 GB to store   7067157008 kmers; need 30.843 GB to sort     64683044 kmers
Used 36.337 GB / 79.750 GB to store   7121632723 kmers; need 30.843 GB to sort     64683044 kmers
Used 36.462 GB / 79.750 GB to store   7174012639 kmers; need 30.843 GB to sort     64683044 kmers
Used 36.592 GB / 79.750 GB to store   7228488480 kmers; need 30.843 GB to sort     64683044 kmers
Used 36.722 GB / 79.750 GB to store   7282963606 kmers; need 30.843 GB to sort     64683044 kmers
Used 36.852 GB / 79.750 GB to store   7337439090 kmers; need 30.843 GB to sort     64683044 kmers
Used 36.977 GB / 79.750 GB to store   7389819586 kmers; need 30.843 GB to sort     64683044 kmers
Used 37.107 GB / 79.750 GB to store   7444295049 kmers; need 30.843 GB to sort     64683044 kmers
Used 37.233 GB / 79.750 GB to store   7496675385 kmers; need 30.843 GB to sort     64683044 kmers
Used 37.363 GB / 79.750 GB to store   7551150897 kmers; need 30.843 GB to sort     64683044 kmers
Used 37.488 GB / 79.750 GB to store   7603531204 kmers; need 30.843 GB to sort     64683044 kmers
Used 37.614 GB / 79.750 GB to store   7655910945 kmers; need 30.843 GB to sort     64683044 kmers
Used 37.739 GB / 79.750 GB to store   7708291315 kmers; need 30.843 GB to sort     64683044 kmers
Used 37.865 GB / 79.750 GB to store   7760671643 kmers; need 30.843 GB to sort     64683044 kmers
Used 37.991 GB / 79.750 GB to store   7813051933 kmers; need 30.843 GB to sort     64683044 kmers
Used 38.117 GB / 79.750 GB to store   7865432303 kmers; need 30.843 GB to sort     64683044 kmers
Used 38.247 GB / 79.750 GB to store   7919907787 kmers; need 30.843 GB to sort     64683044 kmers
Used 38.373 GB / 79.750 GB to store   7972288073 kmers; need 30.843 GB to sort     64683044 kmers
Used 38.499 GB / 79.750 GB to store   8024668072 kmers; need 30.843 GB to sort     64683044 kmers
Used 38.625 GB / 79.750 GB to store   8077048435 kmers; need 30.843 GB to sort     64683044 kmers
Used 38.751 GB / 79.750 GB to store   8129428574 kmers; need 30.843 GB to sort     64683044 kmers
Used 38.877 GB / 79.750 GB to store   8181808486 kmers; need 30.843 GB to sort     64683044 kmers
Used 39.005 GB / 79.750 GB to store   8234188459 kmers; need 30.843 GB to sort     64683044 kmers
Used 39.131 GB / 79.750 GB to store   8286568640 kmers; need 30.843 GB to sort     64683044 kmers
Used 39.257 GB / 79.750 GB to store   8338948989 kmers; need 30.843 GB to sort     64683044 kmers
Used 39.383 GB / 79.750 GB to store   8391329611 kmers; need 30.843 GB to sort     64683044 kmers
Used 39.510 GB / 79.750 GB to store   8443709708 kmers; need 30.843 GB to sort     64683044 kmers
Used 39.636 GB / 79.750 GB to store   8496089092 kmers; need 30.843 GB to sort     64683044 kmers
Used 39.763 GB / 79.750 GB to store   8548469097 kmers; need 30.843 GB to sort     64683044 kmers
Used 39.889 GB / 79.750 GB to store   8600848875 kmers; need 30.843 GB to sort     64683044 kmers
Used 40.014 GB / 79.750 GB to store   8653229203 kmers; need 30.843 GB to sort     64683044 kmers
Used 40.140 GB / 79.750 GB to store   8705608951 kmers; need 30.843 GB to sort     64683044 kmers
Used 40.266 GB / 79.750 GB to store   8757989251 kmers; need 30.843 GB to sort     64683044 kmers
Used 40.392 GB / 79.750 GB to store   8810369789 kmers; need 30.843 GB to sort     64683044 kmers
Used 40.519 GB / 79.750 GB to store   8862749991 kmers; need 30.843 GB to sort     64683044 kmers
Used 40.646 GB / 79.750 GB to store   8915129941 kmers; need 30.843 GB to sort     64683044 kmers
Used 40.772 GB / 79.750 GB to store   8967510284 kmers; need 30.843 GB to sort     64683044 kmers
Used 40.899 GB / 79.750 GB to store   9019890407 kmers; need 30.843 GB to sort     64683044 kmers
Used 41.025 GB / 79.750 GB to store   9072270588 kmers; need 30.843 GB to sort     64683044 kmers
Used 41.152 GB / 79.750 GB to store   9124650070 kmers; need 30.843 GB to sort     64683044 kmers
Used 41.278 GB / 79.750 GB to store   9177030776 kmers; need 30.843 GB to sort     64683044 kmers
Used 41.405 GB / 79.750 GB to store   9229410934 kmers; need 30.843 GB to sort     64683044 kmers
Used 41.531 GB / 79.750 GB to store   9281791241 kmers; need 30.843 GB to sort     64683044 kmers
Used 41.658 GB / 79.750 GB to store   9334171632 kmers; need 30.843 GB to sort     64683044 kmers
Used 41.784 GB / 79.750 GB to store   9386551815 kmers; need 30.843 GB to sort     64683044 kmers
Used 41.911 GB / 79.750 GB to store   9438932437 kmers; need 30.843 GB to sort     64683044 kmers
Used 42.039 GB / 79.750 GB to store   9491312702 kmers; need 30.843 GB to sort     64683044 kmers
Used 42.166 GB / 79.750 GB to store   9543692778 kmers; need 30.843 GB to sort     64683044 kmers
Used 42.293 GB / 79.750 GB to store   9596072959 kmers; need 30.843 GB to sort     64683044 kmers
Used 42.420 GB / 79.750 GB to store   9648453035 kmers; need 30.843 GB to sort     64683044 kmers
Used 42.548 GB / 79.750 GB to store   9700833237 kmers; need 30.843 GB to sort     64683044 kmers
Used 42.677 GB / 79.750 GB to store   9755308847 kmers; need 30.843 GB to sort     64683044 kmers
Used 42.805 GB / 79.750 GB to store   9807688944 kmers; need 30.843 GB to sort     64683044 kmers
Used 42.931 GB / 79.750 GB to store   9860069020 kmers; need 30.843 GB to sort     64683044 kmers
Used 43.058 GB / 79.750 GB to store   9912449281 kmers; need 30.843 GB to sort     64683044 kmers
Used 43.184 GB / 79.750 GB to store   9964829546 kmers; need 30.843 GB to sort     64683044 kmers
Used 43.311 GB / 79.750 GB to store  10017209601 kmers; need 30.843 GB to sort     64683044 kmers
Used 43.440 GB / 79.750 GB to store  10069589286 kmers; need 30.843 GB to sort     64683044 kmers
Used 43.567 GB / 79.750 GB to store  10121969164 kmers; need 30.843 GB to sort     64683044 kmers
Used 43.695 GB / 79.750 GB to store  10174349350 kmers; need 30.843 GB to sort     64683044 kmers
Used 43.822 GB / 79.750 GB to store  10226728989 kmers; need 30.843 GB to sort     64683044 kmers
Used 43.949 GB / 79.750 GB to store  10279109359 kmers; need 30.843 GB to sort     64683044 kmers
Used 44.076 GB / 79.750 GB to store  10331489729 kmers; need 30.843 GB to sort     64683044 kmers
Used 44.202 GB / 79.750 GB to store  10383869658 kmers; need 30.843 GB to sort     64683044 kmers
Used 44.331 GB / 79.750 GB to store  10436249839 kmers; need 30.843 GB to sort     64683044 kmers
Used 44.458 GB / 79.750 GB to store  10488630062 kmers; need 30.843 GB to sort     64683044 kmers
Used 44.586 GB / 79.750 GB to store  10541010285 kmers; need 30.843 GB to sort     64683044 kmers
Used 44.714 GB / 79.750 GB to store  10593389904 kmers; need 30.843 GB to sort     64683044 kmers
Used 44.841 GB / 79.750 GB to store  10645770001 kmers; need 30.843 GB to sort     64683044 kmers
Used 44.969 GB / 79.750 GB to store  10698149930 kmers; need 30.843 GB to sort     64683044 kmers
Used 45.095 GB / 79.750 GB to store  10750530153 kmers; need 30.843 GB to sort     64683044 kmers
Used 45.223 GB / 79.750 GB to store  10802910481 kmers; need 30.843 GB to sort     64683044 kmers
Used 45.350 GB / 79.750 GB to store  10855289641 kmers; need 30.843 GB to sort     64683044 kmers
Used 45.477 GB / 79.750 GB to store  10907669780 kmers; need 30.843 GB to sort     64683044 kmers
Used 45.604 GB / 79.750 GB to store  10960050150 kmers; need 30.843 GB to sort     64683044 kmers
Used 45.732 GB / 79.750 GB to store  11012430394 kmers; need 30.843 GB to sort     64683044 kmers
Used 45.859 GB / 79.750 GB to store  11064810449 kmers; need 30.843 GB to sort     64683044 kmers
Used 45.987 GB / 79.750 GB to store  11117189966 kmers; need 30.843 GB to sort     64683044 kmers
Used 46.114 GB / 79.750 GB to store  11169569052 kmers; need 30.843 GB to sort     64683044 kmers
Used 46.243 GB / 79.750 GB to store  11221948876 kmers; need 30.843 GB to sort     64683044 kmers
Used 46.371 GB / 79.750 GB to store  11274328805 kmers; need 30.843 GB to sort     64683044 kmers
Used 46.500 GB / 79.750 GB to store  11326709007 kmers; need 30.843 GB to sort     64683044 kmers
Used 46.627 GB / 79.750 GB to store  11379088774 kmers; need 30.843 GB to sort     64683044 kmers
Used 46.754 GB / 79.750 GB to store  11431468288 kmers; need 30.843 GB to sort     64683044 kmers
Used 46.882 GB / 79.750 GB to store  11483848133 kmers; need 30.843 GB to sort     64683044 kmers
Used 47.011 GB / 79.750 GB to store  11536227725 kmers; need 30.843 GB to sort     64683044 kmers
Used 47.139 GB / 79.750 GB to store  11588607717 kmers; need 30.843 GB to sort     64683044 kmers
Used 47.267 GB / 79.750 GB to store  11640987015 kmers; need 30.843 GB to sort     64683044 kmers
Used 47.395 GB / 79.750 GB to store  11693366814 kmers; need 30.843 GB to sort     64683044 kmers
Used 47.525 GB / 79.750 GB to store  11745746751 kmers; need 30.843 GB to sort     64683044 kmers
Used 47.652 GB / 79.750 GB to store  11798126764 kmers; need 30.843 GB to sort     64683044 kmers
Used 47.781 GB / 79.750 GB to store  11850506015 kmers; need 30.843 GB to sort     64683044 kmers
Used 47.908 GB / 79.750 GB to store  11902886280 kmers; need 30.843 GB to sort     64683044 kmers
Used 48.035 GB / 79.750 GB to store  11955266230 kmers; need 30.843 GB to sort     64683044 kmers
Used 48.162 GB / 79.750 GB to store  12007645877 kmers; need 30.843 GB to sort     64683044 kmers
Used 48.292 GB / 79.750 GB to store  12060025513 kmers; need 30.843 GB to sort     64683044 kmers
Used 48.420 GB / 79.750 GB to store  12112405547 kmers; need 30.843 GB to sort     64683044 kmers
Used 48.548 GB / 79.750 GB to store  12164785419 kmers; need 30.843 GB to sort     64683044 kmers
Used 48.677 GB / 79.750 GB to store  12217165411 kmers; need 30.843 GB to sort     64683044 kmers
Used 48.804 GB / 79.750 GB to store  12269545067 kmers; need 30.843 GB to sort     64683044 kmers
Memory full.  Writing results to 'hifi.meryl', using 30 threads (2 threads still doing input).

Used 20.947 GB / 79.750 GB to store      2095198 kmers; need 30.744 GB to sort     64474295 kmers
Used 21.073 GB / 79.750 GB to store     12570706 kmers; need 30.744 GB to sort     64475529 kmers
Used 21.217 GB / 79.750 GB to store     23046696 kmers; need 30.744 GB to sort     64475529 kmers
Used 21.368 GB / 79.750 GB to store     33522707 kmers; need 30.744 GB to sort     64475529 kmers
Used 21.522 GB / 79.750 GB to store     43998539 kmers; need 30.744 GB to sort     64475529 kmers
Used 21.676 GB / 79.750 GB to store     54474592 kmers; need 30.744 GB to sort     64475529 kmers
Used 21.804 GB / 79.750 GB to store     62855384 kmers; need 30.744 GB to sort     64475548 kmers
Used 21.930 GB / 79.750 GB to store    111045190 kmers; need 30.744 GB to sort     64475548 kmers
Used 22.057 GB / 79.750 GB to store    299613228 kmers; need 30.744 GB to sort     64475548 kmers
Used 22.183 GB / 79.750 GB to store    456752474 kmers; need 30.744 GB to sort     64475548 kmers
Used 22.310 GB / 79.750 GB to store    582464557 kmers; need 30.744 GB to sort     64475548 kmers
Used 22.436 GB / 79.750 GB to store    689319701 kmers; need 30.744 GB to sort     64475548 kmers
Used 22.562 GB / 79.750 GB to store    785699733 kmers; need 30.744 GB to sort     64475548 kmers
Used 22.687 GB / 79.750 GB to store    875793077 kmers; need 30.744 GB to sort     64475548 kmers
Used 22.813 GB / 79.750 GB to store    961696647 kmers; need 30.744 GB to sort     64475548 kmers
Used 22.939 GB / 79.750 GB to store   1043409936 kmers; need 30.744 GB to sort     64475548 kmers
Used 23.068 GB / 79.750 GB to store   1123027491 kmers; need 30.744 GB to sort     64475548 kmers
Used 23.193 GB / 79.750 GB to store   1198455316 kmers; need 30.744 GB to sort     64475548 kmers
Used 23.319 GB / 79.750 GB to store   1271220260 kmers; need 30.744 GB to sort     64475548 kmers
Used 23.447 GB / 79.750 GB to store   1344557283 kmers; need 30.744 GB to sort     64475548 kmers
Used 23.574 GB / 79.750 GB to store   1415798856 kmers; need 30.744 GB to sort     64475548 kmers
Used 23.700 GB / 79.750 GB to store   1484945052 kmers; need 30.744 GB to sort     64475548 kmers
Used 23.829 GB / 79.750 GB to store   1554091777 kmers; need 30.744 GB to sort     64475548 kmers
Used 23.954 GB / 79.750 GB to store   1621142733 kmers; need 30.744 GB to sort     64475548 kmers
Used 24.081 GB / 79.750 GB to store   1688193752 kmers; need 30.744 GB to sort     64475548 kmers
Used 24.207 GB / 79.750 GB to store   1753149304 kmers; need 30.744 GB to sort     64475548 kmers
Used 24.336 GB / 79.750 GB to store   1820199740 kmers; need 30.744 GB to sort     64475548 kmers
Used 24.464 GB / 79.750 GB to store   1885155162 kmers; need 30.744 GB to sort     64475548 kmers
Used 24.589 GB / 79.750 GB to store   1948015428 kmers; need 30.744 GB to sort     64475548 kmers
Used 24.716 GB / 79.750 GB to store   2010875841 kmers; need 30.744 GB to sort     64475548 kmers
Used 24.843 GB / 79.750 GB to store   2073735799 kmers; need 30.744 GB to sort     64475548 kmers
Used 24.972 GB / 79.750 GB to store   2136595384 kmers; need 30.744 GB to sort     64475548 kmers
Used 25.097 GB / 79.750 GB to store   2197360060 kmers; need 30.744 GB to sort     64475548 kmers
Used 25.227 GB / 79.750 GB to store   2260220221 kmers; need 30.744 GB to sort     64475548 kmers
Used 25.353 GB / 79.750 GB to store   2320985100 kmers; need 30.744 GB to sort     64475548 kmers
Used 25.481 GB / 79.750 GB to store   2381749799 kmers; need 30.744 GB to sort     64475548 kmers
Used 25.607 GB / 79.750 GB to store   2442514644 kmers; need 30.744 GB to sort     64475548 kmers
Used 25.737 GB / 79.750 GB to store   2503279819 kmers; need 30.744 GB to sort     64475548 kmers
Used 25.866 GB / 79.750 GB to store   2564044824 kmers; need 30.744 GB to sort     64475548 kmers
Used 25.995 GB / 79.750 GB to store   2624810039 kmers; need 30.744 GB to sort     64475548 kmers
Used 26.121 GB / 79.750 GB to store   2683479846 kmers; need 30.744 GB to sort     64475548 kmers
Used 26.247 GB / 79.750 GB to store   2742149386 kmers; need 30.744 GB to sort     64475548 kmers
Used 26.373 GB / 79.750 GB to store   2800818415 kmers; need 30.744 GB to sort     64475548 kmers
Used 26.501 GB / 79.750 GB to store   2859488180 kmers; need 30.744 GB to sort     64475548 kmers
Used 26.628 GB / 79.750 GB to store   2918157950 kmers; need 30.744 GB to sort     64475548 kmers
Used 26.757 GB / 79.750 GB to store   2976827295 kmers; need 30.744 GB to sort     64475548 kmers
Used 26.885 GB / 79.750 GB to store   3035495993 kmers; need 30.744 GB to sort     64475548 kmers
Used 27.014 GB / 79.750 GB to store   3094165551 kmers; need 30.744 GB to sort     64475548 kmers
Used 27.144 GB / 79.750 GB to store   3152835316 kmers; need 30.744 GB to sort     64475548 kmers
Used 27.274 GB / 79.750 GB to store   3211504808 kmers; need 30.744 GB to sort     64475548 kmers
Used 27.399 GB / 79.750 GB to store   3268079123 kmers; need 30.744 GB to sort     64475548 kmers
Used 27.525 GB / 79.750 GB to store   3324653018 kmers; need 30.744 GB to sort     64475548 kmers
Used 27.651 GB / 79.750 GB to store   3381226985 kmers; need 30.744 GB to sort     64475548 kmers
Used 27.777 GB / 79.750 GB to store   3437800818 kmers; need 30.744 GB to sort     64475548 kmers
Used 27.904 GB / 79.750 GB to store   3494375258 kmers; need 30.744 GB to sort     64475548 kmers
Used 28.030 GB / 79.750 GB to store   3550949405 kmers; need 30.744 GB to sort     64475548 kmers
Used 28.155 GB / 79.750 GB to store   3607523699 kmers; need 30.744 GB to sort     64475548 kmers
Used 28.282 GB / 79.750 GB to store   3664097825 kmers; need 30.744 GB to sort     64475548 kmers
Used 28.411 GB / 79.750 GB to store   3720670948 kmers; need 30.744 GB to sort     64475548 kmers
Used 28.537 GB / 79.750 GB to store   3777244822 kmers; need 30.744 GB to sort     64475548 kmers
Used 28.665 GB / 79.750 GB to store   3833819242 kmers; need 30.744 GB to sort     64475548 kmers
Used 28.794 GB / 79.750 GB to store   3890393516 kmers; need 30.744 GB to sort     64475548 kmers
Used 28.922 GB / 79.750 GB to store   3946967970 kmers; need 30.744 GB to sort     64475548 kmers
Used 29.051 GB / 79.750 GB to store   4003542243 kmers; need 30.744 GB to sort     64475548 kmers
Used 29.179 GB / 79.750 GB to store   4060116459 kmers; need 30.744 GB to sort     64475548 kmers
Used 29.308 GB / 79.750 GB to store   4116690871 kmers; need 30.744 GB to sort     64475548 kmers
Used 29.433 GB / 79.750 GB to store   4171169519 kmers; need 30.744 GB to sort     64475548 kmers
Used 29.563 GB / 79.750 GB to store   4227743855 kmers; need 30.744 GB to sort     64475548 kmers
Used 29.692 GB / 79.750 GB to store   4284317688 kmers; need 30.744 GB to sort     64475548 kmers
Used 29.821 GB / 79.750 GB to store   4340891835 kmers; need 30.744 GB to sort     64475548 kmers
Used 29.951 GB / 79.750 GB to store   4397465517 kmers; need 30.744 GB to sort     64475548 kmers
Used 30.079 GB / 79.750 GB to store   4454040042 kmers; need 30.744 GB to sort     64475548 kmers
Used 30.209 GB / 79.750 GB to store   4510614462 kmers; need 30.744 GB to sort     64475548 kmers
Used 30.335 GB / 79.750 GB to store   4565093582 kmers; need 30.744 GB to sort     64475548 kmers
Used 30.460 GB / 79.750 GB to store   4619572447 kmers; need 30.744 GB to sort     64475548 kmers
Used 30.585 GB / 79.750 GB to store   4674051648 kmers; need 30.744 GB to sort     64475548 kmers
Used 30.711 GB / 79.750 GB to store   4728530123 kmers; need 30.744 GB to sort     64475548 kmers
Used 30.837 GB / 79.750 GB to store   4783008946 kmers; need 30.744 GB to sort     64475548 kmers
Used 30.967 GB / 79.750 GB to store   4839583156 kmers; need 30.744 GB to sort     64475548 kmers
Used 31.095 GB / 79.750 GB to store   4894062021 kmers; need 30.744 GB to sort     64475548 kmers
Used 31.221 GB / 79.750 GB to store   4948540865 kmers; need 30.744 GB to sort     64475548 kmers
Used 31.346 GB / 79.750 GB to store   5003019604 kmers; need 30.744 GB to sort     64475548 kmers
Used 31.473 GB / 79.750 GB to store   5057498385 kmers; need 30.744 GB to sort     64475548 kmers
Used 31.599 GB / 79.750 GB to store   5111977022 kmers; need 30.744 GB to sort     64475548 kmers
Used 31.726 GB / 79.750 GB to store   5166455845 kmers; need 30.744 GB to sort     64475548 kmers
Used 31.853 GB / 79.750 GB to store   5220934079 kmers; need 30.744 GB to sort     64475548 kmers
Used 31.980 GB / 79.750 GB to store   5275413238 kmers; need 30.744 GB to sort     64475548 kmers
Used 32.107 GB / 79.750 GB to store   5329892187 kmers; need 30.744 GB to sort     64475548 kmers
Used 32.235 GB / 79.750 GB to store   5384370722 kmers; need 30.744 GB to sort     64475548 kmers
Used 32.362 GB / 79.750 GB to store   5438849461 kmers; need 30.744 GB to sort     64475548 kmers
Used 32.490 GB / 79.750 GB to store   5493328284 kmers; need 30.744 GB to sort     64475548 kmers
Used 32.617 GB / 79.750 GB to store   5547807149 kmers; need 30.744 GB to sort     64475548 kmers
Used 32.745 GB / 79.750 GB to store   5602285972 kmers; need 30.744 GB to sort     64475548 kmers
Used 32.872 GB / 79.750 GB to store   5656764963 kmers; need 30.744 GB to sort     64475548 kmers
Used 33.000 GB / 79.750 GB to store   5711243066 kmers; need 30.744 GB to sort     64475548 kmers
Used 33.129 GB / 79.750 GB to store   5765721784 kmers; need 30.744 GB to sort     64475548 kmers
Used 33.257 GB / 79.750 GB to store   5820200261 kmers; need 30.744 GB to sort     64475548 kmers
Used 33.385 GB / 79.750 GB to store   5874679147 kmers; need 30.744 GB to sort     64475548 kmers
Used 33.514 GB / 79.750 GB to store   5929158264 kmers; need 30.744 GB to sort     64475548 kmers
Used 33.643 GB / 79.750 GB to store   5983636932 kmers; need 30.744 GB to sort     64475548 kmers
Used 33.770 GB / 79.750 GB to store   6038115348 kmers; need 30.744 GB to sort     64475548 kmers
Used 33.899 GB / 79.750 GB to store   6092594255 kmers; need 30.744 GB to sort     64475548 kmers
Used 34.024 GB / 79.750 GB to store   6144977677 kmers; need 30.744 GB to sort     64475548 kmers
Used 34.153 GB / 79.750 GB to store   6199456626 kmers; need 30.744 GB to sort     64475548 kmers
Used 34.282 GB / 79.750 GB to store   6253935003 kmers; need 30.744 GB to sort     64475548 kmers
Used 34.411 GB / 79.750 GB to store   6308413532 kmers; need 30.744 GB to sort     64475548 kmers
Used 34.540 GB / 79.750 GB to store   6362892481 kmers; need 30.744 GB to sort     64475548 kmers
Used 34.669 GB / 79.750 GB to store   6417371430 kmers; need 30.744 GB to sort     64475548 kmers
Used 34.799 GB / 79.750 GB to store   6471849854 kmers; need 30.744 GB to sort     64475548 kmers
Used 34.927 GB / 79.750 GB to store   6526328656 kmers; need 30.744 GB to sort     64475548 kmers
Used 35.055 GB / 79.750 GB to store   6580807248 kmers; need 30.744 GB to sort     64475548 kmers
Used 35.184 GB / 79.750 GB to store   6635285861 kmers; need 30.744 GB to sort     64475548 kmers
Used 35.313 GB / 79.750 GB to store   6689764369 kmers; need 30.744 GB to sort     64475548 kmers
Used 35.442 GB / 79.750 GB to store   6744242489 kmers; need 30.744 GB to sort     64475548 kmers
Used 35.572 GB / 79.750 GB to store   6798720803 kmers; need 30.744 GB to sort     64475548 kmers
Used 35.701 GB / 79.750 GB to store   6853199731 kmers; need 30.744 GB to sort     64475548 kmers
Used 35.831 GB / 79.750 GB to store   6907678512 kmers; need 30.744 GB to sort     64475548 kmers
Used 35.960 GB / 79.750 GB to store   6962157096 kmers; need 30.744 GB to sort     64475548 kmers
Used 36.089 GB / 79.750 GB to store   7016635688 kmers; need 30.744 GB to sort     64475548 kmers
Used 36.214 GB / 79.750 GB to store   7069018701 kmers; need 30.744 GB to sort     64475548 kmers
Used 36.343 GB / 79.750 GB to store   7123497197 kmers; need 30.744 GB to sort     64475548 kmers
Used 36.468 GB / 79.750 GB to store   7175880402 kmers; need 30.744 GB to sort     64475548 kmers
Used 36.597 GB / 79.750 GB to store   7230359015 kmers; need 30.744 GB to sort     64475548 kmers
Used 36.723 GB / 79.750 GB to store   7282742409 kmers; need 30.744 GB to sort     64475548 kmers
Used 36.849 GB / 79.750 GB to store   7335125803 kmers; need 30.744 GB to sort     64475548 kmers
Used 36.975 GB / 79.750 GB to store   7387509344 kmers; need 30.744 GB to sort     64475548 kmers
Used 37.101 GB / 79.750 GB to store   7439892591 kmers; need 30.744 GB to sort     64475548 kmers
Used 37.227 GB / 79.750 GB to store   7492275752 kmers; need 30.744 GB to sort     64475548 kmers
Used 37.356 GB / 79.750 GB to store   7546754145 kmers; need 30.744 GB to sort     64475548 kmers
Used 37.481 GB / 79.750 GB to store   7599137539 kmers; need 30.744 GB to sort     64475548 kmers
Used 37.606 GB / 79.750 GB to store   7651521290 kmers; need 30.744 GB to sort     64475548 kmers
Used 37.733 GB / 79.750 GB to store   7703904747 kmers; need 30.744 GB to sort     64475548 kmers
Used 37.859 GB / 79.750 GB to store   7756288057 kmers; need 30.744 GB to sort     64475548 kmers
Used 37.988 GB / 79.750 GB to store   7810766255 kmers; need 30.744 GB to sort     64475548 kmers
Used 38.115 GB / 79.750 GB to store   7863149334 kmers; need 30.744 GB to sort     64475548 kmers
Used 38.240 GB / 79.750 GB to store   7915532758 kmers; need 30.744 GB to sort     64475548 kmers
Used 38.367 GB / 79.750 GB to store   7967915858 kmers; need 30.744 GB to sort     64475548 kmers
Used 38.494 GB / 79.750 GB to store   8020299105 kmers; need 30.744 GB to sort     64475548 kmers
Used 38.624 GB / 79.750 GB to store   8074777739 kmers; need 30.744 GB to sort     64475548 kmers
Used 38.750 GB / 79.750 GB to store   8127161253 kmers; need 30.744 GB to sort     64475548 kmers
Used 38.876 GB / 79.750 GB to store   8179544752 kmers; need 30.744 GB to sort     64475548 kmers
Used 39.002 GB / 79.750 GB to store   8231928104 kmers; need 30.744 GB to sort     64475548 kmers
Used 39.128 GB / 79.750 GB to store   8284311414 kmers; need 30.744 GB to sort     64475548 kmers
Used 39.255 GB / 79.750 GB to store   8336694850 kmers; need 30.744 GB to sort     64475548 kmers
Used 39.381 GB / 79.750 GB to store   8389078265 kmers; need 30.744 GB to sort     64475548 kmers
Used 39.507 GB / 79.750 GB to store   8441461890 kmers; need 30.744 GB to sort     64475548 kmers
Used 39.635 GB / 79.750 GB to store   8493844778 kmers; need 30.744 GB to sort     64475548 kmers
Used 39.762 GB / 79.750 GB to store   8546227689 kmers; need 30.744 GB to sort     64475548 kmers
Used 39.887 GB / 79.750 GB to store   8598611230 kmers; need 30.744 GB to sort     64475548 kmers
Used 40.014 GB / 79.750 GB to store   8650994230 kmers; need 30.744 GB to sort     64475548 kmers
Used 40.140 GB / 79.750 GB to store   8703377432 kmers; need 30.744 GB to sort     64475548 kmers
Used 40.265 GB / 79.750 GB to store   8755761015 kmers; need 30.744 GB to sort     64475548 kmers
Used 40.391 GB / 79.750 GB to store   8808144661 kmers; need 30.744 GB to sort     64475548 kmers
Used 40.516 GB / 79.750 GB to store   8860527141 kmers; need 30.744 GB to sort     64475548 kmers
Used 40.644 GB / 79.750 GB to store   8912910430 kmers; need 30.744 GB to sort     64475548 kmers
Used 40.770 GB / 79.750 GB to store   8965293803 kmers; need 30.744 GB to sort     64475548 kmers
Used 40.900 GB / 79.750 GB to store   9019772507 kmers; need 30.744 GB to sort     64475548 kmers
Used 41.026 GB / 79.750 GB to store   9072155338 kmers; need 30.744 GB to sort     64475548 kmers
Used 41.153 GB / 79.750 GB to store   9124538606 kmers; need 30.744 GB to sort     64475548 kmers
Used 41.280 GB / 79.750 GB to store   9176922252 kmers; need 30.744 GB to sort     64475548 kmers
Used 41.406 GB / 79.750 GB to store   9229305856 kmers; need 30.744 GB to sort     64475548 kmers
Used 41.533 GB / 79.750 GB to store   9281688752 kmers; need 30.744 GB to sort     64475548 kmers
Used 41.661 GB / 79.750 GB to store   9334072377 kmers; need 30.744 GB to sort     64475548 kmers
Used 41.788 GB / 79.750 GB to store   9386455708 kmers; need 30.744 GB to sort     64475548 kmers
Used 41.914 GB / 79.750 GB to store   9438839186 kmers; need 30.744 GB to sort     64475548 kmers
Used 42.041 GB / 79.750 GB to store   9491222748 kmers; need 30.744 GB to sort     64475548 kmers
Used 42.167 GB / 79.750 GB to store   9543605790 kmers; need 30.744 GB to sort     64475548 kmers
Used 42.295 GB / 79.750 GB to store   9595989184 kmers; need 30.744 GB to sort     64475548 kmers
Used 42.423 GB / 79.750 GB to store   9648372184 kmers; need 30.744 GB to sort     64475548 kmers
Used 42.549 GB / 79.750 GB to store   9700755661 kmers; need 30.744 GB to sort     64475548 kmers
Used 42.677 GB / 79.750 GB to store   9753138845 kmers; need 30.744 GB to sort     64475548 kmers
Used 42.803 GB / 79.750 GB to store   9805522302 kmers; need 30.744 GB to sort     64475548 kmers
Used 42.929 GB / 79.750 GB to store   9857905594 kmers; need 30.744 GB to sort     64475548 kmers
Used 43.055 GB / 79.750 GB to store   9910289114 kmers; need 30.744 GB to sort     64475548 kmers
Used 43.182 GB / 79.750 GB to store   9962672802 kmers; need 30.744 GB to sort     64475548 kmers
Used 43.310 GB / 79.750 GB to store  10015056091 kmers; need 30.744 GB to sort     64475548 kmers
Used 43.437 GB / 79.750 GB to store  10067439842 kmers; need 30.744 GB to sort     64475548 kmers
Used 43.564 GB / 79.750 GB to store  10119823172 kmers; need 30.744 GB to sort     64475548 kmers
Used 43.691 GB / 79.750 GB to store  10172206776 kmers; need 30.744 GB to sort     64475548 kmers
Used 43.818 GB / 79.750 GB to store  10224589832 kmers; need 30.744 GB to sort     64475548 kmers
Used 43.945 GB / 79.750 GB to store  10276972911 kmers; need 30.744 GB to sort     64475548 kmers
Used 44.073 GB / 79.750 GB to store  10329356473 kmers; need 30.744 GB to sort     64475548 kmers
Used 44.200 GB / 79.750 GB to store  10381739758 kmers; need 30.744 GB to sort     64475548 kmers
Used 44.328 GB / 79.750 GB to store  10434122751 kmers; need 30.744 GB to sort     64475548 kmers
Used 44.456 GB / 79.750 GB to store  10486506103 kmers; need 30.744 GB to sort     64475548 kmers
Used 44.582 GB / 79.750 GB to store  10538889455 kmers; need 30.744 GB to sort     64475548 kmers
Used 44.710 GB / 79.750 GB to store  10591272849 kmers; need 30.744 GB to sort     64475548 kmers
Used 44.838 GB / 79.750 GB to store  10643656285 kmers; need 30.744 GB to sort     64475548 kmers
Used 44.965 GB / 79.750 GB to store  10696039424 kmers; need 30.744 GB to sort     64475548 kmers
Used 45.092 GB / 79.750 GB to store  10748422965 kmers; need 30.744 GB to sort     64475548 kmers
Used 45.219 GB / 79.750 GB to store  10800806577 kmers; need 30.744 GB to sort     64475548 kmers
Used 45.346 GB / 79.750 GB to store  10853189866 kmers; need 30.744 GB to sort     64475548 kmers
Used 45.474 GB / 79.750 GB to store  10905572708 kmers; need 30.744 GB to sort     64475548 kmers
Used 45.602 GB / 79.750 GB to store  10957956249 kmers; need 30.744 GB to sort     64475548 kmers
Used 45.729 GB / 79.750 GB to store  11010339895 kmers; need 30.744 GB to sort     64475548 kmers
Used 45.856 GB / 79.750 GB to store  11062723625 kmers; need 30.744 GB to sort     64475548 kmers
Used 45.985 GB / 79.750 GB to store  11115106914 kmers; need 30.744 GB to sort     64475548 kmers
Used 46.113 GB / 79.750 GB to store  11167490434 kmers; need 30.744 GB to sort     64475548 kmers
Used 46.241 GB / 79.750 GB to store  11219873747 kmers; need 30.744 GB to sort     64475548 kmers
Used 46.369 GB / 79.750 GB to store  11272257015 kmers; need 30.744 GB to sort     64475548 kmers
Used 46.498 GB / 79.750 GB to store  11324640178 kmers; need 30.744 GB to sort     64475548 kmers
Used 46.625 GB / 79.750 GB to store  11377023446 kmers; need 30.744 GB to sort     64475548 kmers
Used 46.753 GB / 79.750 GB to store  11429406228 kmers; need 30.744 GB to sort     64475548 kmers
Used 46.880 GB / 79.750 GB to store  11481789012 kmers; need 30.744 GB to sort     64475548 kmers
Used 47.007 GB / 79.750 GB to store  11534172427 kmers; need 30.744 GB to sort     64475548 kmers
Used 47.136 GB / 79.750 GB to store  11586555905 kmers; need 30.744 GB to sort     64475548 kmers
Used 47.264 GB / 79.750 GB to store  11638939593 kmers; need 30.744 GB to sort     64475548 kmers
Used 47.392 GB / 79.750 GB to store  11691322987 kmers; need 30.744 GB to sort     64475548 kmers
Used 47.519 GB / 79.750 GB to store  11743706248 kmers; need 30.744 GB to sort     64475548 kmers
Used 47.648 GB / 79.750 GB to store  11796089243 kmers; need 30.744 GB to sort     64475548 kmers
Used 47.776 GB / 79.750 GB to store  11848472742 kmers; need 30.744 GB to sort     64475548 kmers
Used 47.904 GB / 79.750 GB to store  11900856367 kmers; need 30.744 GB to sort     64475548 kmers
Used 48.032 GB / 79.750 GB to store  11953239692 kmers; need 30.744 GB to sort     64475548 kmers
Used 48.160 GB / 79.750 GB to store  12005623170 kmers; need 30.744 GB to sort     64475548 kmers
Used 48.289 GB / 79.750 GB to store  12058006795 kmers; need 30.744 GB to sort     64475548 kmers
Used 48.416 GB / 79.750 GB to store  12110390189 kmers; need 30.744 GB to sort     64475548 kmers
Used 48.546 GB / 79.750 GB to store  12162773877 kmers; need 30.744 GB to sort     64475548 kmers
Used 48.674 GB / 79.750 GB to store  12215157103 kmers; need 30.744 GB to sort     64475548 kmers
Used 48.801 GB / 79.750 GB to store  12267540476 kmers; need 30.744 GB to sort     64475548 kmers
Used 48.930 GB / 79.750 GB to store  12319924017 kmers; need 30.744 GB to sort     64475548 kmers
Memory full.  Writing results to 'hifi.meryl', using 30 threads (2 threads still doing input).

Used 20.930 GB / 79.750 GB to store      2095345 kmers; need 30.563 GB to sort     64095258 kmers
Used 21.083 GB / 79.750 GB to store     18857939 kmers; need 30.563 GB to sort     64096247 kmers
Used 21.223 GB / 79.750 GB to store     29334622 kmers; need 30.564 GB to sort     64097210 kmers
Used 21.351 GB / 79.750 GB to store     37715981 kmers; need 30.564 GB to sort     64097240 kmers
Used 21.481 GB / 79.750 GB to store     46097298 kmers; need 30.564 GB to sort     64097240 kmers
Used 21.635 GB / 79.750 GB to store     56574002 kmers; need 30.564 GB to sort     64097240 kmers
Used 21.763 GB / 79.750 GB to store     64955403 kmers; need 30.564 GB to sort     64097397 kmers
Used 21.891 GB / 79.750 GB to store     85908468 kmers; need 30.564 GB to sort     64097397 kmers
Used 22.017 GB / 79.750 GB to store    245153278 kmers; need 30.564 GB to sort     64097397 kmers
Used 22.143 GB / 79.750 GB to store    416971092 kmers; need 30.564 GB to sort     64097397 kmers
Used 22.270 GB / 79.750 GB to store    548977213 kmers; need 30.564 GB to sort     64097397 kmers
Used 22.395 GB / 79.750 GB to store    660030519 kmers; need 30.564 GB to sort     64097397 kmers
Used 22.520 GB / 79.750 GB to store    758510820 kmers; need 30.564 GB to sort     64097397 kmers
Used 22.645 GB / 79.750 GB to store    850705353 kmers; need 30.564 GB to sort     64097397 kmers
Used 22.772 GB / 79.750 GB to store    938708984 kmers; need 30.564 GB to sort     64097397 kmers
Used 22.900 GB / 79.750 GB to store   1022521757 kmers; need 30.564 GB to sort     64097397 kmers
Used 23.026 GB / 79.750 GB to store   1102144447 kmers; need 30.564 GB to sort     64097397 kmers
Used 23.154 GB / 79.750 GB to store   1179671813 kmers; need 30.564 GB to sort     64097397 kmers
Used 23.279 GB / 79.750 GB to store   1253008846 kmers; need 30.564 GB to sort     64097397 kmers
Used 23.407 GB / 79.750 GB to store   1326345242 kmers; need 30.564 GB to sort     64097397 kmers
Used 23.534 GB / 79.750 GB to store   1397586613 kmers; need 30.564 GB to sort     64097397 kmers
Used 23.660 GB / 79.750 GB to store   1466733124 kmers; need 30.564 GB to sort     64097397 kmers
Used 23.788 GB / 79.750 GB to store   1535879346 kmers; need 30.564 GB to sort     64097397 kmers
Used 23.914 GB / 79.750 GB to store   1602930281 kmers; need 30.564 GB to sort     64097397 kmers
Used 24.041 GB / 79.750 GB to store   1669981111 kmers; need 30.564 GB to sort     64097397 kmers
Used 24.169 GB / 79.750 GB to store   1737031293 kmers; need 30.564 GB to sort     64097397 kmers
Used 24.295 GB / 79.750 GB to store   1801986799 kmers; need 30.564 GB to sort     64097397 kmers
Used 24.423 GB / 79.750 GB to store   1866942284 kmers; need 30.564 GB to sort     64097397 kmers
Used 24.551 GB / 79.750 GB to store   1931897125 kmers; need 30.564 GB to sort     64097397 kmers
Used 24.678 GB / 79.750 GB to store   1994757433 kmers; need 30.564 GB to sort     64097397 kmers
Used 24.805 GB / 79.750 GB to store   2057617363 kmers; need 30.564 GB to sort     64097397 kmers
Used 24.933 GB / 79.750 GB to store   2120477013 kmers; need 30.564 GB to sort     64097397 kmers
Used 25.058 GB / 79.750 GB to store   2181241345 kmers; need 30.564 GB to sort     64097397 kmers
Used 25.184 GB / 79.750 GB to store   2242006245 kmers; need 30.564 GB to sort     64097397 kmers
Used 25.310 GB / 79.750 GB to store   2302771061 kmers; need 30.564 GB to sort     64097397 kmers
Used 25.437 GB / 79.750 GB to store   2363535793 kmers; need 30.564 GB to sort     64097397 kmers
Used 25.564 GB / 79.750 GB to store   2424300546 kmers; need 30.564 GB to sort     64097397 kmers
Used 25.693 GB / 79.750 GB to store   2485065635 kmers; need 30.564 GB to sort     64097397 kmers
Used 25.822 GB / 79.750 GB to store   2545830535 kmers; need 30.564 GB to sort     64097397 kmers
Used 25.952 GB / 79.750 GB to store   2606595540 kmers; need 30.564 GB to sort     64097397 kmers
Used 26.077 GB / 79.750 GB to store   2665264622 kmers; need 30.564 GB to sort     64097397 kmers
Used 26.204 GB / 79.750 GB to store   2723934366 kmers; need 30.564 GB to sort     64097397 kmers
Used 26.331 GB / 79.750 GB to store   2782603472 kmers; need 30.564 GB to sort     64097397 kmers
Used 26.457 GB / 79.750 GB to store   2841272974 kmers; need 30.564 GB to sort     64097397 kmers
Used 26.585 GB / 79.750 GB to store   2899942164 kmers; need 30.564 GB to sort     64097397 kmers
Used 26.713 GB / 79.750 GB to store   2958611656 kmers; need 30.564 GB to sort     64097397 kmers
Used 26.842 GB / 79.750 GB to store   3017280959 kmers; need 30.564 GB to sort     64097397 kmers
Used 26.967 GB / 79.750 GB to store   3073855106 kmers; need 30.564 GB to sort     64097397 kmers
Used 27.092 GB / 79.750 GB to store   3130429305 kmers; need 30.564 GB to sort     64097397 kmers
Used 27.222 GB / 79.750 GB to store   3189098818 kmers; need 30.564 GB to sort     64097397 kmers
Used 27.348 GB / 79.750 GB to store   3245672818 kmers; need 30.564 GB to sort     64097397 kmers
Used 27.477 GB / 79.750 GB to store   3304342352 kmers; need 30.564 GB to sort     64097397 kmers
Used 27.606 GB / 79.750 GB to store   3363011598 kmers; need 30.564 GB to sort     64097397 kmers
Used 27.733 GB / 79.750 GB to store   3419585556 kmers; need 30.564 GB to sort     64097397 kmers
Used 27.859 GB / 79.750 GB to store   3476159703 kmers; need 30.564 GB to sort     64097397 kmers
Used 27.985 GB / 79.750 GB to store   3532733567 kmers; need 30.564 GB to sort     64097397 kmers
Used 28.111 GB / 79.750 GB to store   3589307141 kmers; need 30.564 GB to sort     64097397 kmers
Used 28.239 GB / 79.750 GB to store   3645881162 kmers; need 30.564 GB to sort     64097397 kmers
Used 28.366 GB / 79.750 GB to store   3702455204 kmers; need 30.564 GB to sort     64097397 kmers
Used 28.493 GB / 79.750 GB to store   3759028377 kmers; need 30.564 GB to sort     64097397 kmers
Used 28.621 GB / 79.750 GB to store   3815601862 kmers; need 30.564 GB to sort     64097397 kmers
Used 28.748 GB / 79.750 GB to store   3872175659 kmers; need 30.564 GB to sort     64097397 kmers
Used 28.876 GB / 79.750 GB to store   3928749932 kmers; need 30.564 GB to sort     64097397 kmers
Used 29.005 GB / 79.750 GB to store   3985324226 kmers; need 30.564 GB to sort     64097397 kmers
Used 29.135 GB / 79.750 GB to store   4041898263 kmers; need 30.564 GB to sort     64097397 kmers
Used 29.265 GB / 79.750 GB to store   4098472431 kmers; need 30.564 GB to sort     64097397 kmers
Used 29.393 GB / 79.750 GB to store   4155046588 kmers; need 30.564 GB to sort     64097397 kmers
Used 29.523 GB / 79.750 GB to store   4211620651 kmers; need 30.564 GB to sort     64097397 kmers
Used 29.651 GB / 79.750 GB to store   4268194073 kmers; need 30.564 GB to sort     64097397 kmers
Used 29.780 GB / 79.750 GB to store   4324767892 kmers; need 30.564 GB to sort     64097397 kmers
Used 29.910 GB / 79.750 GB to store   4381341913 kmers; need 30.564 GB to sort     64097397 kmers
Used 30.035 GB / 79.750 GB to store   4435820165 kmers; need 30.564 GB to sort     64097397 kmers
Used 30.164 GB / 79.750 GB to store   4492394417 kmers; need 30.564 GB to sort     64097397 kmers
Used 30.289 GB / 79.750 GB to store   4546872807 kmers; need 30.564 GB to sort     64097397 kmers
Used 30.414 GB / 79.750 GB to store   4601351756 kmers; need 30.564 GB to sort     64097397 kmers
Used 30.540 GB / 79.750 GB to store   4655830537 kmers; need 30.564 GB to sort     64097397 kmers
Used 30.666 GB / 79.750 GB to store   4710309087 kmers; need 30.564 GB to sort     64097397 kmers
Used 30.791 GB / 79.750 GB to store   4764787658 kmers; need 30.564 GB to sort     64097397 kmers
Used 30.918 GB / 79.750 GB to store   4819265978 kmers; need 30.564 GB to sort     64097397 kmers
Used 31.045 GB / 79.750 GB to store   4873744927 kmers; need 30.564 GB to sort     64097397 kmers
Used 31.170 GB / 79.750 GB to store   4928223792 kmers; need 30.564 GB to sort     64097397 kmers
Used 31.296 GB / 79.750 GB to store   4982702160 kmers; need 30.564 GB to sort     64097397 kmers
Used 31.422 GB / 79.750 GB to store   5037180941 kmers; need 30.564 GB to sort     64097397 kmers
Used 31.549 GB / 79.750 GB to store   5091659296 kmers; need 30.564 GB to sort     64097397 kmers
Used 31.675 GB / 79.750 GB to store   5146137505 kmers; need 30.564 GB to sort     64097397 kmers
Used 31.803 GB / 79.750 GB to store   5200616412 kmers; need 30.564 GB to sort     64097397 kmers
Used 31.930 GB / 79.750 GB to store   5255095487 kmers; need 30.564 GB to sort     64097397 kmers
Used 32.057 GB / 79.750 GB to store   5309573901 kmers; need 30.564 GB to sort     64097397 kmers
Used 32.185 GB / 79.750 GB to store   5364052524 kmers; need 30.564 GB to sort     64097397 kmers
Used 32.312 GB / 79.750 GB to store   5418531431 kmers; need 30.564 GB to sort     64097397 kmers
Used 32.438 GB / 79.750 GB to store   5473010485 kmers; need 30.564 GB to sort     64097397 kmers
Used 32.565 GB / 79.750 GB to store   5527489581 kmers; need 30.564 GB to sort     64097397 kmers
Used 32.693 GB / 79.750 GB to store   5581968530 kmers; need 30.564 GB to sort     64097397 kmers
Used 32.820 GB / 79.750 GB to store   5636447626 kmers; need 30.564 GB to sort     64097397 kmers
Used 32.949 GB / 79.750 GB to store   5690926470 kmers; need 30.564 GB to sort     64097397 kmers
Used 33.077 GB / 79.750 GB to store   5745404557 kmers; need 30.564 GB to sort     64097397 kmers
Used 33.205 GB / 79.750 GB to store   5799883296 kmers; need 30.564 GB to sort     64097397 kmers
Used 33.334 GB / 79.750 GB to store   5854362153 kmers; need 30.564 GB to sort     64097397 kmers
Used 33.463 GB / 79.750 GB to store   5908840367 kmers; need 30.564 GB to sort     64097397 kmers
Used 33.591 GB / 79.750 GB to store   5963319400 kmers; need 30.564 GB to sort     64097397 kmers
Used 33.721 GB / 79.750 GB to store   6017798349 kmers; need 30.564 GB to sort     64097397 kmers
Used 33.849 GB / 79.750 GB to store   6072277151 kmers; need 30.564 GB to sort     64097397 kmers
Used 33.980 GB / 79.750 GB to store   6126756205 kmers; need 30.564 GB to sort     64097397 kmers
Used 34.108 GB / 79.750 GB to store   6181234925 kmers; need 30.564 GB to sort     64097397 kmers
Used 34.236 GB / 79.750 GB to store   6235713748 kmers; need 30.564 GB to sort     64097397 kmers
Used 34.365 GB / 79.750 GB to store   6290192802 kmers; need 30.564 GB to sort     64097397 kmers
Used 34.494 GB / 79.750 GB to store   6344671326 kmers; need 30.564 GB to sort     64097397 kmers
Used 34.623 GB / 79.750 GB to store   6399150109 kmers; need 30.564 GB to sort     64097397 kmers
Used 34.752 GB / 79.750 GB to store   6453628701 kmers; need 30.564 GB to sort     64097397 kmers
Used 34.881 GB / 79.750 GB to store   6508107860 kmers; need 30.564 GB to sort     64097397 kmers
Used 35.010 GB / 79.750 GB to store   6562586105 kmers; need 30.564 GB to sort     64097397 kmers
Used 35.138 GB / 79.750 GB to store   6617064823 kmers; need 30.564 GB to sort     64097397 kmers
Used 35.267 GB / 79.750 GB to store   6671543877 kmers; need 30.564 GB to sort     64097397 kmers
Used 35.397 GB / 79.750 GB to store   6726022826 kmers; need 30.564 GB to sort     64097397 kmers
Used 35.522 GB / 79.750 GB to store   6778406608 kmers; need 30.564 GB to sort     64097397 kmers
Used 35.651 GB / 79.750 GB to store   6832885620 kmers; need 30.564 GB to sort     64097397 kmers
Used 35.781 GB / 79.750 GB to store   6887364422 kmers; need 30.564 GB to sort     64097397 kmers
Used 35.910 GB / 79.750 GB to store   6941843062 kmers; need 30.564 GB to sort     64097397 kmers
Used 36.038 GB / 79.750 GB to store   6996321964 kmers; need 30.564 GB to sort     64097397 kmers
Used 36.168 GB / 79.750 GB to store   7050800084 kmers; need 30.564 GB to sort     64097397 kmers
Used 36.298 GB / 79.750 GB to store   7105278256 kmers; need 30.564 GB to sort     64097397 kmers
Used 36.428 GB / 79.750 GB to store   7159757163 kmers; need 30.564 GB to sort     64097397 kmers
Used 36.557 GB / 79.750 GB to store   7214235692 kmers; need 30.564 GB to sort     64097397 kmers
Used 36.683 GB / 79.750 GB to store   7266619380 kmers; need 30.564 GB to sort     64097397 kmers
Used 36.812 GB / 79.750 GB to store   7321098539 kmers; need 30.564 GB to sort     64097397 kmers
Used 36.939 GB / 79.750 GB to store   7373481597 kmers; need 30.564 GB to sort     64097397 kmers
Used 37.065 GB / 79.750 GB to store   7425865038 kmers; need 30.564 GB to sort     64097397 kmers
Used 37.195 GB / 79.750 GB to store   7480344008 kmers; need 30.564 GB to sort     64097397 kmers
Used 37.321 GB / 79.750 GB to store   7532727486 kmers; need 30.564 GB to sort     64097397 kmers
Used 37.447 GB / 79.750 GB to store   7585111069 kmers; need 30.564 GB to sort     64097397 kmers
Used 37.576 GB / 79.750 GB to store   7639589427 kmers; need 30.564 GB to sort     64097397 kmers
Used 37.706 GB / 79.750 GB to store   7694067973 kmers; need 30.564 GB to sort     64097397 kmers
Used 37.831 GB / 79.750 GB to store   7746451514 kmers; need 30.564 GB to sort     64097397 kmers
Used 37.958 GB / 79.750 GB to store   7798834887 kmers; need 30.564 GB to sort     64097397 kmers
Used 38.084 GB / 79.750 GB to store   7851218189 kmers; need 30.564 GB to sort     64097397 kmers
Used 38.210 GB / 79.750 GB to store   7903601667 kmers; need 30.564 GB to sort     64097397 kmers
Used 38.336 GB / 79.750 GB to store   7955984990 kmers; need 30.564 GB to sort     64097397 kmers
Used 38.463 GB / 79.750 GB to store   8008368909 kmers; need 30.564 GB to sort     64097397 kmers
Used 38.589 GB / 79.750 GB to store   8060752459 kmers; need 30.564 GB to sort     64097397 kmers
Used 38.714 GB / 79.750 GB to store   8113135811 kmers; need 30.564 GB to sort     64097397 kmers
Used 38.840 GB / 79.750 GB to store   8165519457 kmers; need 30.564 GB to sort     64097397 kmers
Used 38.966 GB / 79.750 GB to store   8217902998 kmers; need 30.564 GB to sort     64097397 kmers
Used 39.093 GB / 79.750 GB to store   8270286308 kmers; need 30.564 GB to sort     64097397 kmers
Used 39.219 GB / 79.750 GB to store   8322669919 kmers; need 30.564 GB to sort     64097397 kmers
Used 39.345 GB / 79.750 GB to store   8375053250 kmers; need 30.564 GB to sort     64097397 kmers
Used 39.470 GB / 79.750 GB to store   8427436481 kmers; need 30.564 GB to sort     64097397 kmers
Used 39.596 GB / 79.750 GB to store   8479820442 kmers; need 30.564 GB to sort     64097397 kmers
Used 39.723 GB / 79.750 GB to store   8532204100 kmers; need 30.564 GB to sort     64097397 kmers
Used 39.850 GB / 79.750 GB to store   8584587103 kmers; need 30.564 GB to sort     64097397 kmers
Used 39.976 GB / 79.750 GB to store   8636970313 kmers; need 30.564 GB to sort     64097397 kmers
Used 40.102 GB / 79.750 GB to store   8689353783 kmers; need 30.564 GB to sort     64097397 kmers
Used 40.228 GB / 79.750 GB to store   8741736976 kmers; need 30.564 GB to sort     64097397 kmers
Used 40.354 GB / 79.750 GB to store   8794120685 kmers; need 30.564 GB to sort     64097397 kmers
Used 40.480 GB / 79.750 GB to store   8846504388 kmers; need 30.564 GB to sort     64097397 kmers
Used 40.607 GB / 79.750 GB to store   8898887907 kmers; need 30.564 GB to sort     64097397 kmers
Used 40.734 GB / 79.750 GB to store   8951271141 kmers; need 30.564 GB to sort     64097397 kmers
Used 40.859 GB / 79.750 GB to store   9003654829 kmers; need 30.564 GB to sort     64097397 kmers
Used 40.985 GB / 79.750 GB to store   9056038454 kmers; need 30.564 GB to sort     64097397 kmers
Used 41.113 GB / 79.750 GB to store   9108421580 kmers; need 30.564 GB to sort     64097397 kmers
Used 41.240 GB / 79.750 GB to store   9160804497 kmers; need 30.564 GB to sort     64097397 kmers
Used 41.366 GB / 79.750 GB to store   9213187602 kmers; need 30.564 GB to sort     64097397 kmers
Used 41.493 GB / 79.750 GB to store   9265570934 kmers; need 30.564 GB to sort     64097397 kmers
Used 41.619 GB / 79.750 GB to store   9317954601 kmers; need 30.564 GB to sort     64097397 kmers
Used 41.746 GB / 79.750 GB to store   9370338048 kmers; need 30.564 GB to sort     64097397 kmers
Used 41.873 GB / 79.750 GB to store   9422721339 kmers; need 30.564 GB to sort     64097397 kmers
Used 42.000 GB / 79.750 GB to store   9475104700 kmers; need 30.564 GB to sort     64097397 kmers
Used 42.127 GB / 79.750 GB to store   9527487863 kmers; need 30.564 GB to sort     64097397 kmers
Used 42.254 GB / 79.750 GB to store   9579871299 kmers; need 30.564 GB to sort     64097397 kmers
Used 42.382 GB / 79.750 GB to store   9632255008 kmers; need 30.564 GB to sort     64097397 kmers
Used 42.508 GB / 79.750 GB to store   9684637990 kmers; need 30.564 GB to sort     64097397 kmers
Used 42.634 GB / 79.750 GB to store   9737021382 kmers; need 30.564 GB to sort     64097397 kmers
Used 42.761 GB / 79.750 GB to store   9789404860 kmers; need 30.564 GB to sort     64097397 kmers
Used 42.888 GB / 79.750 GB to store   9841788155 kmers; need 30.564 GB to sort     64097397 kmers
Used 43.013 GB / 79.750 GB to store   9894171402 kmers; need 30.564 GB to sort     64097397 kmers
Used 43.141 GB / 79.750 GB to store   9946554408 kmers; need 30.564 GB to sort     64097397 kmers
Used 43.267 GB / 79.750 GB to store   9998937560 kmers; need 30.564 GB to sort     64097397 kmers
Used 43.394 GB / 79.750 GB to store  10051320681 kmers; need 30.564 GB to sort     64097397 kmers
Used 43.521 GB / 79.750 GB to store  10103704362 kmers; need 30.564 GB to sort     64097397 kmers
Used 43.649 GB / 79.750 GB to store  10156087619 kmers; need 30.564 GB to sort     64097397 kmers
Used 43.777 GB / 79.750 GB to store  10208471281 kmers; need 30.564 GB to sort     64097397 kmers
Used 43.904 GB / 79.750 GB to store  10260854801 kmers; need 30.564 GB to sort     64097397 kmers
Used 44.031 GB / 79.750 GB to store  10313237599 kmers; need 30.564 GB to sort     64097397 kmers
Used 44.158 GB / 79.750 GB to store  10365621119 kmers; need 30.564 GB to sort     64097397 kmers
Used 44.286 GB / 79.750 GB to store  10418004681 kmers; need 30.564 GB to sort     64097397 kmers
Used 44.414 GB / 79.750 GB to store  10470387759 kmers; need 30.564 GB to sort     64097397 kmers
Used 44.541 GB / 79.750 GB to store  10522771006 kmers; need 30.564 GB to sort     64097397 kmers
Used 44.668 GB / 79.750 GB to store  10575154505 kmers; need 30.564 GB to sort     64097397 kmers
Used 44.796 GB / 79.750 GB to store  10627538109 kmers; need 30.564 GB to sort     64097397 kmers
Used 44.924 GB / 79.750 GB to store  10679921818 kmers; need 30.564 GB to sort     64097397 kmers
Used 45.050 GB / 79.750 GB to store  10732305485 kmers; need 30.564 GB to sort     64097397 kmers
Used 45.177 GB / 79.750 GB to store  10784689281 kmers; need 30.564 GB to sort     64097397 kmers
Used 45.305 GB / 79.750 GB to store  10837072990 kmers; need 30.564 GB to sort     64097397 kmers
Used 45.433 GB / 79.750 GB to store  10889456083 kmers; need 30.564 GB to sort     64097397 kmers
Used 45.560 GB / 79.750 GB to store  10941839687 kmers; need 30.564 GB to sort     64097397 kmers
Used 45.687 GB / 79.750 GB to store  10994223354 kmers; need 30.564 GB to sort     64097397 kmers
Used 45.815 GB / 79.750 GB to store  11046606958 kmers; need 30.564 GB to sort     64097397 kmers
Used 45.942 GB / 79.750 GB to store  11098990765 kmers; need 30.564 GB to sort     64097397 kmers
Used 46.070 GB / 79.750 GB to store  11151374180 kmers; need 30.564 GB to sort     64097397 kmers
Used 46.198 GB / 79.750 GB to store  11203757721 kmers; need 30.564 GB to sort     64097397 kmers
Used 46.326 GB / 79.750 GB to store  11256141255 kmers; need 30.564 GB to sort     64097397 kmers
Used 46.455 GB / 79.750 GB to store  11308525048 kmers; need 30.564 GB to sort     64097397 kmers
Used 46.582 GB / 79.750 GB to store  11360908442 kmers; need 30.564 GB to sort     64097397 kmers
Used 46.710 GB / 79.750 GB to store  11413292193 kmers; need 30.564 GB to sort     64097397 kmers
Used 46.837 GB / 79.750 GB to store  11465675965 kmers; need 30.564 GB to sort     64097397 kmers
Used 46.965 GB / 79.750 GB to store  11518059484 kmers; need 30.564 GB to sort     64097397 kmers
Used 47.093 GB / 79.750 GB to store  11570442935 kmers; need 30.564 GB to sort     64097397 kmers
Used 47.222 GB / 79.750 GB to store  11622826413 kmers; need 30.564 GB to sort     64097397 kmers
Used 47.349 GB / 79.750 GB to store  11675210185 kmers; need 30.564 GB to sort     64097397 kmers
Used 47.479 GB / 79.750 GB to store  11727593387 kmers; need 30.564 GB to sort     64097397 kmers
Used 47.608 GB / 79.750 GB to store  11779977033 kmers; need 30.564 GB to sort     64097397 kmers
Used 47.736 GB / 79.750 GB to store  11832360448 kmers; need 30.564 GB to sort     64097397 kmers
Used 47.864 GB / 79.750 GB to store  11884744136 kmers; need 30.564 GB to sort     64097397 kmers
Used 47.991 GB / 79.750 GB to store  11937127635 kmers; need 30.564 GB to sort     64097397 kmers
Used 48.119 GB / 79.750 GB to store  11989511008 kmers; need 30.564 GB to sort     64097397 kmers
Used 48.248 GB / 79.750 GB to store  12041894591 kmers; need 30.564 GB to sort     64097397 kmers
Used 48.376 GB / 79.750 GB to store  12094277796 kmers; need 30.564 GB to sort     64097397 kmers
Used 48.504 GB / 79.750 GB to store  12146661400 kmers; need 30.564 GB to sort     64097397 kmers
Used 48.633 GB / 79.750 GB to store  12199044578 kmers; need 30.564 GB to sort     64097397 kmers
Used 48.761 GB / 79.750 GB to store  12251428077 kmers; need 30.564 GB to sort     64097397 kmers
Used 48.890 GB / 79.750 GB to store  12303811131 kmers; need 30.564 GB to sort     64097397 kmers
Used 49.018 GB / 79.750 GB to store  12356194299 kmers; need 30.564 GB to sort     64097397 kmers
Used 49.145 GB / 79.750 GB to store  12408577533 kmers; need 30.564 GB to sort     64097397 kmers
Memory full.  Writing results to 'hifi.meryl', using 30 threads (2 threads still doing input).

Used 20.930 GB / 79.750 GB to store      2095324 kmers; need 30.563 GB to sort     64095406 kmers
Used 21.072 GB / 79.750 GB to store     14667415 kmers; need 30.574 GB to sort     64118077 kmers
Used 21.217 GB / 79.750 GB to store     25144066 kmers; need 30.574 GB to sort     64118077 kmers
Used 21.368 GB / 79.750 GB to store     35620791 kmers; need 30.574 GB to sort     64118077 kmers
Used 21.495 GB / 79.750 GB to store     44002087 kmers; need 30.574 GB to sort     64118077 kmers
Used 21.625 GB / 79.750 GB to store     52383341 kmers; need 30.574 GB to sort     64118077 kmers
Used 21.774 GB / 79.750 GB to store     62860150 kmers; need 30.574 GB to sort     64118079 kmers
Used 21.900 GB / 79.750 GB to store     90099656 kmers; need 30.574 GB to sort     64118079 kmers
Used 22.026 GB / 79.750 GB to store    257726571 kmers; need 30.574 GB to sort     64118079 kmers
Used 22.151 GB / 79.750 GB to store    425354219 kmers; need 30.574 GB to sort     64118079 kmers
Used 22.276 GB / 79.750 GB to store    555264117 kmers; need 30.574 GB to sort     64118079 kmers
Used 22.403 GB / 79.750 GB to store    666317570 kmers; need 30.574 GB to sort     64118079 kmers
Used 22.528 GB / 79.750 GB to store    764797984 kmers; need 30.574 GB to sort     64118079 kmers
Used 22.654 GB / 79.750 GB to store    856992685 kmers; need 30.574 GB to sort     64118079 kmers
Used 22.782 GB / 79.750 GB to store    944996860 kmers; need 30.574 GB to sort     64118079 kmers
Used 22.910 GB / 79.750 GB to store   1028810427 kmers; need 30.574 GB to sort     64118079 kmers
Used 23.038 GB / 79.750 GB to store   1108433084 kmers; need 30.574 GB to sort     64118079 kmers
Used 23.165 GB / 79.750 GB to store   1185960614 kmers; need 30.574 GB to sort     64118079 kmers
Used 23.291 GB / 79.750 GB to store   1259297542 kmers; need 30.574 GB to sort     64118079 kmers
Used 23.419 GB / 79.750 GB to store   1332634635 kmers; need 30.574 GB to sort     64118079 kmers
Used 23.546 GB / 79.750 GB to store   1403876136 kmers; need 30.574 GB to sort     64118079 kmers
Used 23.672 GB / 79.750 GB to store   1473022437 kmers; need 30.574 GB to sort     64118079 kmers
Used 23.800 GB / 79.750 GB to store   1542168030 kmers; need 30.574 GB to sort     64118079 kmers
Used 23.926 GB / 79.750 GB to store   1609219238 kmers; need 30.574 GB to sort     64118079 kmers
Used 24.054 GB / 79.750 GB to store   1676270530 kmers; need 30.574 GB to sort     64118079 kmers
Used 24.182 GB / 79.750 GB to store   1743321654 kmers; need 30.574 GB to sort     64118079 kmers
Used 24.307 GB / 79.750 GB to store   1808277433 kmers; need 30.574 GB to sort     64118079 kmers
Used 24.435 GB / 79.750 GB to store   1873232855 kmers; need 30.574 GB to sort     64118079 kmers
Used 24.564 GB / 79.750 GB to store   1938188151 kmers; need 30.574 GB to sort     64118079 kmers
Used 24.690 GB / 79.750 GB to store   2001048501 kmers; need 30.574 GB to sort     64118079 kmers
Used 24.819 GB / 79.750 GB to store   2063908641 kmers; need 30.574 GB to sort     64118079 kmers
Used 24.946 GB / 79.750 GB to store   2126768904 kmers; need 30.574 GB to sort     64118079 kmers
Used 25.075 GB / 79.750 GB to store   2189628692 kmers; need 30.574 GB to sort     64118079 kmers
Used 25.201 GB / 79.750 GB to store   2250393647 kmers; need 30.574 GB to sort     64118079 kmers
Used 25.327 GB / 79.750 GB to store   2311158378 kmers; need 30.574 GB to sort     64118079 kmers
Used 25.454 GB / 79.750 GB to store   2371923068 kmers; need 30.574 GB to sort     64118079 kmers
Used 25.582 GB / 79.750 GB to store   2432687989 kmers; need 30.574 GB to sort     64118079 kmers
Used 25.707 GB / 79.750 GB to store   2491357523 kmers; need 30.574 GB to sort     64118079 kmers
Used 25.835 GB / 79.750 GB to store   2552122486 kmers; need 30.574 GB to sort     64118079 kmers
Used 25.964 GB / 79.750 GB to store   2612887638 kmers; need 30.574 GB to sort     64118079 kmers
Used 26.090 GB / 79.750 GB to store   2671557151 kmers; need 30.574 GB to sort     64118079 kmers
Used 26.217 GB / 79.750 GB to store   2730226114 kmers; need 30.574 GB to sort     64118079 kmers
Used 26.343 GB / 79.750 GB to store   2788895879 kmers; need 30.574 GB to sort     64118079 kmers
Used 26.471 GB / 79.750 GB to store   2847565434 kmers; need 30.574 GB to sort     64118079 kmers
Used 26.598 GB / 79.750 GB to store   2906234968 kmers; need 30.574 GB to sort     64118079 kmers
Used 26.727 GB / 79.750 GB to store   2964904523 kmers; need 30.574 GB to sort     64118079 kmers
Used 26.855 GB / 79.750 GB to store   3023574183 kmers; need 30.574 GB to sort     64118079 kmers
Used 26.980 GB / 79.750 GB to store   3080148330 kmers; need 30.574 GB to sort     64118079 kmers
Used 27.109 GB / 79.750 GB to store   3138817654 kmers; need 30.574 GB to sort     64118079 kmers
Used 27.235 GB / 79.750 GB to store   3195391511 kmers; need 30.574 GB to sort     64118079 kmers
Used 27.361 GB / 79.750 GB to store   3251965805 kmers; need 30.574 GB to sort     64118079 kmers
Used 27.491 GB / 79.750 GB to store   3310635549 kmers; need 30.574 GB to sort     64118079 kmers
Used 27.617 GB / 79.750 GB to store   3367210221 kmers; need 30.574 GB to sort     64118079 kmers
Used 27.742 GB / 79.750 GB to store   3423784456 kmers; need 30.574 GB to sort     64118079 kmers
Used 27.868 GB / 79.750 GB to store   3480358400 kmers; need 30.574 GB to sort     64118079 kmers
Used 27.994 GB / 79.750 GB to store   3536932264 kmers; need 30.574 GB to sort     64118079 kmers
Used 28.121 GB / 79.750 GB to store   3593506327 kmers; need 30.574 GB to sort     64118079 kmers
Used 28.247 GB / 79.750 GB to store   3650080516 kmers; need 30.574 GB to sort     64118079 kmers
Used 28.375 GB / 79.750 GB to store   3706654554 kmers; need 30.574 GB to sort     64118079 kmers
Used 28.503 GB / 79.750 GB to store   3763228827 kmers; need 30.574 GB to sort     64118079 kmers
Used 28.630 GB / 79.750 GB to store   3819802976 kmers; need 30.574 GB to sort     64118079 kmers
Used 28.758 GB / 79.750 GB to store   3876377064 kmers; need 30.574 GB to sort     64118079 kmers
Used 28.886 GB / 79.750 GB to store   3932951345 kmers; need 30.574 GB to sort     64118079 kmers
Used 29.015 GB / 79.750 GB to store   3989525684 kmers; need 30.574 GB to sort     64118079 kmers
Used 29.144 GB / 79.750 GB to store   4046099852 kmers; need 30.574 GB to sort     64118079 kmers
Used 29.273 GB / 79.750 GB to store   4102674125 kmers; need 30.574 GB to sort     64118079 kmers
Used 29.401 GB / 79.750 GB to store   4159248159 kmers; need 30.574 GB to sort     64118079 kmers
Used 29.531 GB / 79.750 GB to store   4215822057 kmers; need 30.574 GB to sort     64118079 kmers
Used 29.661 GB / 79.750 GB to store   4272396204 kmers; need 30.574 GB to sort     64118079 kmers
Used 29.789 GB / 79.750 GB to store   4328969783 kmers; need 30.574 GB to sort     64118079 kmers
Used 29.918 GB / 79.750 GB to store   4385543659 kmers; need 30.574 GB to sort     64118079 kmers
Used 30.048 GB / 79.750 GB to store   4442117683 kmers; need 30.574 GB to sort     64118079 kmers
Used 30.173 GB / 79.750 GB to store   4496596068 kmers; need 30.574 GB to sort     64118079 kmers
Used 30.303 GB / 79.750 GB to store   4553170362 kmers; need 30.574 GB to sort     64118079 kmers
Used 30.428 GB / 79.750 GB to store   4607649416 kmers; need 30.574 GB to sort     64118079 kmers
Used 30.553 GB / 79.750 GB to store   4662128113 kmers; need 30.574 GB to sort     64118079 kmers
Used 30.680 GB / 79.750 GB to store   4716606852 kmers; need 30.574 GB to sort     64118079 kmers
Used 30.806 GB / 79.750 GB to store   4771085843 kmers; need 30.574 GB to sort     64118079 kmers
Used 30.933 GB / 79.750 GB to store   4825565002 kmers; need 30.574 GB to sort     64118079 kmers
Used 31.060 GB / 79.750 GB to store   4880044098 kmers; need 30.574 GB to sort     64118079 kmers
Used 31.185 GB / 79.750 GB to store   4934522688 kmers; need 30.574 GB to sort     64118079 kmers
Used 31.310 GB / 79.750 GB to store   4989001448 kmers; need 30.574 GB to sort     64118079 kmers
Used 31.437 GB / 79.750 GB to store   5043480523 kmers; need 30.574 GB to sort     64118079 kmers
Used 31.564 GB / 79.750 GB to store   5097959094 kmers; need 30.574 GB to sort     64118079 kmers
Used 31.690 GB / 79.750 GB to store   5152437358 kmers; need 30.574 GB to sort     64118079 kmers
Used 31.816 GB / 79.750 GB to store   5206916454 kmers; need 30.574 GB to sort     64118079 kmers
Used 31.944 GB / 79.750 GB to store   5261395062 kmers; need 30.574 GB to sort     64118079 kmers
Used 32.071 GB / 79.750 GB to store   5315873927 kmers; need 30.574 GB to sort     64118079 kmers
Used 32.199 GB / 79.750 GB to store   5370351532 kmers; need 30.574 GB to sort     64118079 kmers
Used 32.325 GB / 79.750 GB to store   5424830088 kmers; need 30.574 GB to sort     64118079 kmers
Used 32.453 GB / 79.750 GB to store   5479308738 kmers; need 30.574 GB to sort     64118079 kmers
Used 32.580 GB / 79.750 GB to store   5533787288 kmers; need 30.574 GB to sort     64118079 kmers
Used 32.708 GB / 79.750 GB to store   5588266174 kmers; need 30.574 GB to sort     64118079 kmers
Used 32.836 GB / 79.750 GB to store   5642745039 kmers; need 30.574 GB to sort     64118079 kmers
Used 32.964 GB / 79.750 GB to store   5697223889 kmers; need 30.574 GB to sort     64118079 kmers
Used 33.092 GB / 79.750 GB to store   5751702217 kmers; need 30.574 GB to sort     64118079 kmers
Used 33.220 GB / 79.750 GB to store   5806181061 kmers; need 30.574 GB to sort     64118079 kmers
Used 33.348 GB / 79.750 GB to store   5860659443 kmers; need 30.574 GB to sort     64118079 kmers
Used 33.477 GB / 79.750 GB to store   5915138392 kmers; need 30.574 GB to sort     64118079 kmers
Used 33.605 GB / 79.750 GB to store   5969616812 kmers; need 30.574 GB to sort     64118079 kmers
Used 33.735 GB / 79.750 GB to store   6024095698 kmers; need 30.574 GB to sort     64118079 kmers
Used 33.864 GB / 79.750 GB to store   6078574369 kmers; need 30.574 GB to sort     64118079 kmers
Used 33.993 GB / 79.750 GB to store   6133053360 kmers; need 30.574 GB to sort     64118079 kmers
Used 34.123 GB / 79.750 GB to store   6187532211 kmers; need 30.574 GB to sort     64118079 kmers
Used 34.251 GB / 79.750 GB to store   6242010180 kmers; need 30.574 GB to sort     64118079 kmers
Used 34.381 GB / 79.750 GB to store   6296488897 kmers; need 30.574 GB to sort     64118079 kmers
Used 34.510 GB / 79.750 GB to store   6350967573 kmers; need 30.574 GB to sort     64118079 kmers
Used 34.638 GB / 79.750 GB to store   6405446375 kmers; need 30.574 GB to sort     64118079 kmers
Used 34.766 GB / 79.750 GB to store   6459925198 kmers; need 30.574 GB to sort     64118079 kmers
Used 34.895 GB / 79.750 GB to store   6514404084 kmers; need 30.574 GB to sort     64118079 kmers
Used 35.024 GB / 79.750 GB to store   6568882781 kmers; need 30.574 GB to sort     64118079 kmers
Used 35.153 GB / 79.750 GB to store   6623361186 kmers; need 30.574 GB to sort     64118079 kmers
Used 35.278 GB / 79.750 GB to store   6675744466 kmers; need 30.574 GB to sort     64118079 kmers
Used 35.406 GB / 79.750 GB to store   6730223217 kmers; need 30.574 GB to sort     64118079 kmers
Used 35.533 GB / 79.750 GB to store   6784073342 kmers; need 30.574 GB to sort     64118079 kmers
Used 35.663 GB / 79.750 GB to store   6838551771 kmers; need 30.574 GB to sort     64118079 kmers
Used 35.792 GB / 79.750 GB to store   6893030604 kmers; need 30.574 GB to sort     64118079 kmers
Used 35.922 GB / 79.750 GB to store   6947509154 kmers; need 30.574 GB to sort     64118079 kmers
Used 36.051 GB / 79.750 GB to store   7001987648 kmers; need 30.574 GB to sort     64118079 kmers
Used 36.181 GB / 79.750 GB to store   7056466414 kmers; need 30.574 GB to sort     64118079 kmers
Used 36.310 GB / 79.750 GB to store   7110945324 kmers; need 30.574 GB to sort     64118079 kmers
Used 36.437 GB / 79.750 GB to store   7163328277 kmers; need 30.574 GB to sort     64118079 kmers
Used 36.565 GB / 79.750 GB to store   7217806316 kmers; need 30.574 GB to sort     64118079 kmers
Used 36.691 GB / 79.750 GB to store   7270189731 kmers; need 30.574 GB to sort     64118079 kmers
Used 36.817 GB / 79.750 GB to store   7322572936 kmers; need 30.574 GB to sort     64118079 kmers
Used 36.942 GB / 79.750 GB to store   7374955870 kmers; need 30.574 GB to sort     64118079 kmers
Used 37.072 GB / 79.750 GB to store   7429434252 kmers; need 30.574 GB to sort     64118079 kmers
Used 37.197 GB / 79.750 GB to store   7481817373 kmers; need 30.574 GB to sort     64118079 kmers
Used 37.327 GB / 79.750 GB to store   7536295671 kmers; need 30.574 GB to sort     64118079 kmers
Used 37.452 GB / 79.750 GB to store   7588678645 kmers; need 30.574 GB to sort     64118079 kmers
Used 37.578 GB / 79.750 GB to store   7641061724 kmers; need 30.574 GB to sort     64118079 kmers
Used 37.703 GB / 79.750 GB to store   7693444509 kmers; need 30.574 GB to sort     64118079 kmers
Used 37.829 GB / 79.750 GB to store   7745827882 kmers; need 30.574 GB to sort     64118079 kmers
Used 37.956 GB / 79.750 GB to store   7798210814 kmers; need 30.574 GB to sort     64118079 kmers
Used 38.082 GB / 79.750 GB to store   7850593681 kmers; need 30.574 GB to sort     64118079 kmers
Used 38.208 GB / 79.750 GB to store   7902976844 kmers; need 30.574 GB to sort     64118079 kmers
Used 38.334 GB / 79.750 GB to store   7955358974 kmers; need 30.574 GB to sort     64118079 kmers
Used 38.459 GB / 79.750 GB to store   8007741313 kmers; need 30.574 GB to sort     64118079 kmers
Used 38.586 GB / 79.750 GB to store   8060124434 kmers; need 30.574 GB to sort     64118079 kmers
Used 38.711 GB / 79.750 GB to store   8112507408 kmers; need 30.574 GB to sort     64118079 kmers
Used 38.841 GB / 79.750 GB to store   8166985933 kmers; need 30.574 GB to sort     64118079 kmers
Used 38.967 GB / 79.750 GB to store   8219368793 kmers; need 30.574 GB to sort     64118079 kmers
Used 39.094 GB / 79.750 GB to store   8271751572 kmers; need 30.574 GB to sort     64118079 kmers
Used 39.221 GB / 79.750 GB to store   8324134315 kmers; need 30.574 GB to sort     64118079 kmers
Used 39.349 GB / 79.750 GB to store   8376517394 kmers; need 30.574 GB to sort     64118079 kmers
Used 39.474 GB / 79.750 GB to store   8428900037 kmers; need 30.574 GB to sort     64118079 kmers
Used 39.600 GB / 79.750 GB to store   8481283053 kmers; need 30.574 GB to sort     64118079 kmers
Used 39.726 GB / 79.750 GB to store   8533666258 kmers; need 30.574 GB to sort     64118079 kmers
Used 39.852 GB / 79.750 GB to store   8586049484 kmers; need 30.574 GB to sort     64118079 kmers
Used 39.978 GB / 79.750 GB to store   8638432437 kmers; need 30.574 GB to sort     64118079 kmers
Used 40.104 GB / 79.750 GB to store   8690815094 kmers; need 30.574 GB to sort     64118079 kmers
Used 40.230 GB / 79.750 GB to store   8743198257 kmers; need 30.574 GB to sort     64118079 kmers
Used 40.356 GB / 79.750 GB to store   8795581315 kmers; need 30.574 GB to sort     64118079 kmers
Used 40.482 GB / 79.750 GB to store   8847964709 kmers; need 30.574 GB to sort     64118079 kmers
Used 40.609 GB / 79.750 GB to store   8900347998 kmers; need 30.574 GB to sort     64118079 kmers
Used 40.734 GB / 79.750 GB to store   8952731434 kmers; need 30.574 GB to sort     64118079 kmers
Used 40.862 GB / 79.750 GB to store   9005114828 kmers; need 30.574 GB to sort     64118079 kmers
Used 40.988 GB / 79.750 GB to store   9057498033 kmers; need 30.574 GB to sort     64118079 kmers
Used 41.113 GB / 79.750 GB to store   9109881307 kmers; need 30.574 GB to sort     64118079 kmers
Used 41.241 GB / 79.750 GB to store   9162264656 kmers; need 30.574 GB to sort     64118079 kmers
Used 41.368 GB / 79.750 GB to store   9214648134 kmers; need 30.574 GB to sort     64118079 kmers
Used 41.495 GB / 79.750 GB to store   9267031082 kmers; need 30.574 GB to sort     64118079 kmers
Used 41.622 GB / 79.750 GB to store   9319414413 kmers; need 30.574 GB to sort     64118079 kmers
Used 41.748 GB / 79.750 GB to store   9371798017 kmers; need 30.574 GB to sort     64118079 kmers
Used 41.874 GB / 79.750 GB to store   9424181558 kmers; need 30.574 GB to sort     64118079 kmers
Used 42.001 GB / 79.750 GB to store   9476564721 kmers; need 30.574 GB to sort     64118079 kmers
Used 42.127 GB / 79.750 GB to store   9528948157 kmers; need 30.574 GB to sort     64118079 kmers
Used 42.255 GB / 79.750 GB to store   9581331824 kmers; need 30.574 GB to sort     64118079 kmers
Used 42.382 GB / 79.750 GB to store   9633715176 kmers; need 30.574 GB to sort     64118079 kmers
Used 42.508 GB / 79.750 GB to store   9686098362 kmers; need 30.574 GB to sort     64118079 kmers
Used 42.636 GB / 79.750 GB to store   9738481651 kmers; need 30.574 GB to sort     64118079 kmers
Used 42.762 GB / 79.750 GB to store   9790865000 kmers; need 30.574 GB to sort     64118079 kmers
Used 42.890 GB / 79.750 GB to store   9843248604 kmers; need 30.574 GB to sort     64118079 kmers
Used 43.018 GB / 79.750 GB to store   9895631912 kmers; need 30.574 GB to sort     64118079 kmers
Used 43.145 GB / 79.750 GB to store   9948015117 kmers; need 30.574 GB to sort     64118079 kmers
Used 43.271 GB / 79.750 GB to store  10000398406 kmers; need 30.574 GB to sort     64118079 kmers
Used 43.398 GB / 79.750 GB to store  10052781653 kmers; need 30.574 GB to sort     64118079 kmers
Used 43.525 GB / 79.750 GB to store  10105164752 kmers; need 30.574 GB to sort     64118079 kmers
Used 43.651 GB / 79.750 GB to store  10157548041 kmers; need 30.574 GB to sort     64118079 kmers
Used 43.778 GB / 79.750 GB to store  10209931490 kmers; need 30.574 GB to sort     64118079 kmers
Used 43.906 GB / 79.750 GB to store  10262314335 kmers; need 30.574 GB to sort     64118079 kmers
Used 44.033 GB / 79.750 GB to store  10314696731 kmers; need 30.574 GB to sort     64118079 kmers
Used 44.160 GB / 79.750 GB to store  10367080104 kmers; need 30.574 GB to sort     64118079 kmers
Used 44.288 GB / 79.750 GB to store  10419463573 kmers; need 30.574 GB to sort     64118079 kmers
Used 44.416 GB / 79.750 GB to store  10471846628 kmers; need 30.574 GB to sort     64118079 kmers
Used 44.544 GB / 79.750 GB to store  10524230106 kmers; need 30.574 GB to sort     64118079 kmers
Used 44.670 GB / 79.750 GB to store  10576613479 kmers; need 30.574 GB to sort     64118079 kmers
Used 44.798 GB / 79.750 GB to store  10628996263 kmers; need 30.574 GB to sort     64118079 kmers
Used 44.926 GB / 79.750 GB to store  10681379489 kmers; need 30.574 GB to sort     64118079 kmers
Used 45.053 GB / 79.750 GB to store  10733761974 kmers; need 30.574 GB to sort     64118079 kmers
Used 45.179 GB / 79.750 GB to store  10786145242 kmers; need 30.574 GB to sort     64118079 kmers
Used 45.307 GB / 79.750 GB to store  10838528678 kmers; need 30.574 GB to sort     64118079 kmers
Used 45.435 GB / 79.750 GB to store  10890911946 kmers; need 30.574 GB to sort     64118079 kmers
Used 45.563 GB / 79.750 GB to store  10943295571 kmers; need 30.574 GB to sort     64118079 kmers
Used 45.691 GB / 79.750 GB to store  10995678314 kmers; need 30.574 GB to sort     64118079 kmers
Used 45.818 GB / 79.750 GB to store  11048061666 kmers; need 30.574 GB to sort     64118079 kmers
Used 45.946 GB / 79.750 GB to store  11100445018 kmers; need 30.574 GB to sort     64118079 kmers
Used 46.073 GB / 79.750 GB to store  11152828517 kmers; need 30.574 GB to sort     64118079 kmers
Used 46.201 GB / 79.750 GB to store  11205211995 kmers; need 30.574 GB to sort     64118079 kmers
Used 46.330 GB / 79.750 GB to store  11257595431 kmers; need 30.574 GB to sort     64118079 kmers
Used 46.458 GB / 79.750 GB to store  11309978254 kmers; need 30.574 GB to sort     64118079 kmers
Used 46.586 GB / 79.750 GB to store  11362361732 kmers; need 30.574 GB to sort     64118079 kmers
Used 46.713 GB / 79.750 GB to store  11414744790 kmers; need 30.574 GB to sort     64118079 kmers
Used 46.840 GB / 79.750 GB to store  11467128176 kmers; need 30.574 GB to sort     64118079 kmers
Used 46.969 GB / 79.750 GB to store  11519511494 kmers; need 30.574 GB to sort     64118079 kmers
Used 47.097 GB / 79.750 GB to store  11571894900 kmers; need 30.574 GB to sort     64118079 kmers
Used 47.225 GB / 79.750 GB to store  11624278189 kmers; need 30.574 GB to sort     64118079 kmers
Used 47.353 GB / 79.750 GB to store  11676661420 kmers; need 30.574 GB to sort     64118079 kmers
Used 47.480 GB / 79.750 GB to store  11729044808 kmers; need 30.574 GB to sort     64118079 kmers
Used 47.608 GB / 79.750 GB to store  11781428391 kmers; need 30.574 GB to sort     64118079 kmers
Used 47.736 GB / 79.750 GB to store  11833811848 kmers; need 30.574 GB to sort     64118079 kmers
Used 47.864 GB / 79.750 GB to store  11886195641 kmers; need 30.574 GB to sort     64118079 kmers
Used 47.993 GB / 79.750 GB to store  11938579077 kmers; need 30.574 GB to sort     64118079 kmers
Used 48.121 GB / 79.750 GB to store  11990962660 kmers; need 30.574 GB to sort     64118079 kmers
Used 48.249 GB / 79.750 GB to store  12043346495 kmers; need 30.574 GB to sort     64118079 kmers
Used 48.378 GB / 79.750 GB to store  12095729868 kmers; need 30.574 GB to sort     64118079 kmers
Used 48.507 GB / 79.750 GB to store  12148112567 kmers; need 30.574 GB to sort     64118079 kmers
Used 48.635 GB / 79.750 GB to store  12200496003 kmers; need 30.574 GB to sort     64118079 kmers
Used 48.763 GB / 79.750 GB to store  12252878431 kmers; need 30.574 GB to sort     64118079 kmers
Used 48.890 GB / 79.750 GB to store  12305261386 kmers; need 30.574 GB to sort     64118079 kmers
Used 49.019 GB / 79.750 GB to store  12357644969 kmers; need 30.574 GB to sort     64118079 kmers
Used 49.148 GB / 79.750 GB to store  12410028305 kmers; need 30.574 GB to sort     64118079 kmers
Memory full.  Writing results to 'hifi.meryl', using 30 threads (2 threads still doing input).

Used 20.943 GB / 79.750 GB to store      2095366 kmers; need 29.977 GB to sort     62867050 kmers
Used 21.077 GB / 79.750 GB to store     14667352 kmers; need 29.978 GB to sort     62867640 kmers
Used 21.210 GB / 79.750 GB to store     23048474 kmers; need 29.978 GB to sort     62867640 kmers
Used 21.358 GB / 79.750 GB to store     33525199 kmers; need 29.978 GB to sort     62867640 kmers
Used 21.507 GB / 79.750 GB to store     44001924 kmers; need 29.978 GB to sort     62867833 kmers
Used 21.637 GB / 79.750 GB to store     52383304 kmers; need 29.978 GB to sort     62867955 kmers
Used 21.778 GB / 79.750 GB to store     62860134 kmers; need 29.978 GB to sort     62867955 kmers
Used 21.903 GB / 79.750 GB to store     98480852 kmers; need 29.978 GB to sort     62867955 kmers
Used 22.030 GB / 79.750 GB to store    280775227 kmers; need 29.978 GB to sort     62867955 kmers
Used 22.156 GB / 79.750 GB to store    442115392 kmers; need 29.978 GB to sort     62867955 kmers
Used 22.281 GB / 79.750 GB to store    567835609 kmers; need 29.978 GB to sort     62867955 kmers
Used 22.408 GB / 79.750 GB to store    676792369 kmers; need 29.978 GB to sort     62867955 kmers
Used 22.535 GB / 79.750 GB to store    775273290 kmers; need 29.978 GB to sort     62867955 kmers
Used 22.663 GB / 79.750 GB to store    867467852 kmers; need 29.978 GB to sort     62867955 kmers
Used 22.789 GB / 79.750 GB to store    953376703 kmers; need 29.978 GB to sort     62867955 kmers
Used 22.914 GB / 79.750 GB to store   1035095221 kmers; need 29.978 GB to sort     62867955 kmers
Used 23.042 GB / 79.750 GB to store   1114717855 kmers; need 29.978 GB to sort     62867955 kmers
Used 23.168 GB / 79.750 GB to store   1190149949 kmers; need 29.978 GB to sort     62867955 kmers
Used 23.294 GB / 79.750 GB to store   1263486832 kmers; need 29.978 GB to sort     62867955 kmers
Used 23.422 GB / 79.750 GB to store   1336823571 kmers; need 29.978 GB to sort     62867955 kmers
Used 23.549 GB / 79.750 GB to store   1408065007 kmers; need 29.978 GB to sort     62867955 kmers
Used 23.676 GB / 79.750 GB to store   1477211497 kmers; need 29.978 GB to sort     62867955 kmers
Used 23.804 GB / 79.750 GB to store   1546357504 kmers; need 29.978 GB to sort     62867955 kmers
Used 23.930 GB / 79.750 GB to store   1613407519 kmers; need 29.978 GB to sort     62867955 kmers
Used 24.057 GB / 79.750 GB to store   1680457799 kmers; need 29.978 GB to sort     62867955 kmers
Used 24.182 GB / 79.750 GB to store   1745412586 kmers; need 29.978 GB to sort     62867955 kmers
Used 24.308 GB / 79.750 GB to store   1810367966 kmers; need 29.978 GB to sort     62867955 kmers
Used 24.435 GB / 79.750 GB to store   1875323304 kmers; need 29.978 GB to sort     62867955 kmers
Used 24.564 GB / 79.750 GB to store   1940278894 kmers; need 29.978 GB to sort     62867955 kmers
Used 24.692 GB / 79.750 GB to store   2003139013 kmers; need 29.978 GB to sort     62867955 kmers
Used 24.818 GB / 79.750 GB to store   2065999069 kmers; need 29.978 GB to sort     62867955 kmers
Used 24.946 GB / 79.750 GB to store   2128859098 kmers; need 29.978 GB to sort     62867955 kmers
Used 25.071 GB / 79.750 GB to store   2189623517 kmers; need 29.978 GB to sort     62867955 kmers
Used 25.197 GB / 79.750 GB to store   2250388375 kmers; need 29.978 GB to sort     62867955 kmers
Used 25.323 GB / 79.750 GB to store   2311153401 kmers; need 29.978 GB to sort     62867955 kmers
Used 25.451 GB / 79.750 GB to store   2371918002 kmers; need 29.978 GB to sort     62867955 kmers
Used 25.579 GB / 79.750 GB to store   2432682813 kmers; need 29.978 GB to sort     62867955 kmers
Used 25.707 GB / 79.750 GB to store   2493447014 kmers; need 29.978 GB to sort     62867955 kmers
Used 25.836 GB / 79.750 GB to store   2554211835 kmers; need 29.978 GB to sort     62867955 kmers
Used 25.961 GB / 79.750 GB to store   2612881264 kmers; need 29.978 GB to sort     62867955 kmers
Used 26.087 GB / 79.750 GB to store   2671550567 kmers; need 29.978 GB to sort     62867955 kmers
Used 26.214 GB / 79.750 GB to store   2730220185 kmers; need 29.978 GB to sort     62867955 kmers
Used 26.340 GB / 79.750 GB to store   2788889698 kmers; need 29.978 GB to sort     62867955 kmers
Used 26.467 GB / 79.750 GB to store   2847558870 kmers; need 29.978 GB to sort     62867955 kmers
Used 26.595 GB / 79.750 GB to store   2906228139 kmers; need 29.978 GB to sort     62867955 kmers
Used 26.723 GB / 79.750 GB to store   2964897246 kmers; need 29.978 GB to sort     62867955 kmers
Used 26.851 GB / 79.750 GB to store   3023566591 kmers; need 29.978 GB to sort     62867955 kmers
Used 26.977 GB / 79.750 GB to store   3080140461 kmers; need 29.978 GB to sort     62867955 kmers
Used 27.105 GB / 79.750 GB to store   3138809658 kmers; need 29.978 GB to sort     62867955 kmers
Used 27.231 GB / 79.750 GB to store   3195383994 kmers; need 29.978 GB to sort     62867955 kmers
Used 27.361 GB / 79.750 GB to store   3254053271 kmers; need 29.978 GB to sort     62867955 kmers
Used 27.490 GB / 79.750 GB to store   3312722800 kmers; need 29.978 GB to sort     62867955 kmers
Used 27.617 GB / 79.750 GB to store   3369296821 kmers; need 29.978 GB to sort     62867955 kmers
Used 27.743 GB / 79.750 GB to store   3425870918 kmers; need 29.978 GB to sort     62867955 kmers
Used 27.870 GB / 79.750 GB to store   3482445415 kmers; need 29.978 GB to sort     62867955 kmers
Used 27.996 GB / 79.750 GB to store   3539019520 kmers; need 29.978 GB to sort     62867955 kmers
Used 28.123 GB / 79.750 GB to store   3595593583 kmers; need 29.978 GB to sort     62867955 kmers
Used 28.250 GB / 79.750 GB to store   3652167562 kmers; need 29.978 GB to sort     62867955 kmers
Used 28.376 GB / 79.750 GB to store   3708741835 kmers; need 29.978 GB to sort     62867955 kmers
Used 28.504 GB / 79.750 GB to store   3765316129 kmers; need 29.978 GB to sort     62867955 kmers
Used 28.633 GB / 79.750 GB to store   3821890318 kmers; need 29.978 GB to sort     62867955 kmers
Used 28.761 GB / 79.750 GB to store   3878463504 kmers; need 29.978 GB to sort     62867955 kmers
Used 28.889 GB / 79.750 GB to store   3935037710 kmers; need 29.978 GB to sort     62867955 kmers
Used 29.018 GB / 79.750 GB to store   3991611668 kmers; need 29.978 GB to sort     62867955 kmers
Used 29.147 GB / 79.750 GB to store   4048185899 kmers; need 29.978 GB to sort     62867955 kmers
Used 29.276 GB / 79.750 GB to store   4104760109 kmers; need 29.978 GB to sort     62867955 kmers
Used 29.404 GB / 79.750 GB to store   4161334067 kmers; need 29.978 GB to sort     62867955 kmers
Used 29.533 GB / 79.750 GB to store   4217907962 kmers; need 29.978 GB to sort     62867955 kmers
Used 29.659 GB / 79.750 GB to store   4272386680 kmers; need 29.978 GB to sort     62867955 kmers
Used 29.789 GB / 79.750 GB to store   4328960722 kmers; need 29.978 GB to sort     62867955 kmers
Used 29.917 GB / 79.750 GB to store   4385534559 kmers; need 29.978 GB to sort     62867955 kmers
Used 30.045 GB / 79.750 GB to store   4442108727 kmers; need 29.978 GB to sort     62867955 kmers
Used 30.175 GB / 79.750 GB to store   4498682517 kmers; need 29.978 GB to sort     62867955 kmers
Used 30.300 GB / 79.750 GB to store   4553161119 kmers; need 29.978 GB to sort     62867955 kmers
Used 30.425 GB / 79.750 GB to store   4607639837 kmers; need 29.978 GB to sort     62867955 kmers
Used 30.552 GB / 79.750 GB to store   4662118702 kmers; need 29.978 GB to sort     62867955 kmers
Used 30.679 GB / 79.750 GB to store   4716597166 kmers; need 29.978 GB to sort     62867955 kmers
Used 30.805 GB / 79.750 GB to store   4771076052 kmers; need 29.978 GB to sort     62867955 kmers
Used 30.931 GB / 79.750 GB to store   4825554442 kmers; need 29.978 GB to sort     62867955 kmers
Used 31.056 GB / 79.750 GB to store   4880032605 kmers; need 29.978 GB to sort     62867955 kmers
Used 31.182 GB / 79.750 GB to store   4934511065 kmers; need 29.978 GB to sort     62867955 kmers
Used 31.308 GB / 79.750 GB to store   4988989123 kmers; need 29.978 GB to sort     62867955 kmers
Used 31.435 GB / 79.750 GB to store   5043467820 kmers; need 29.978 GB to sort     62867955 kmers
Used 31.562 GB / 79.750 GB to store   5097946145 kmers; need 29.978 GB to sort     62867955 kmers
Used 31.688 GB / 79.750 GB to store   5152424968 kmers; need 29.978 GB to sort     62867955 kmers
Used 31.814 GB / 79.750 GB to store   5206903728 kmers; need 29.978 GB to sort     62867955 kmers
Used 31.942 GB / 79.750 GB to store   5261382320 kmers; need 29.978 GB to sort     62867955 kmers
Used 32.070 GB / 79.750 GB to store   5315861206 kmers; need 29.978 GB to sort     62867955 kmers
Used 32.197 GB / 79.750 GB to store   5370340092 kmers; need 29.978 GB to sort     62867955 kmers
Used 32.324 GB / 79.750 GB to store   5424818904 kmers; need 29.978 GB to sort     62867955 kmers
Used 32.451 GB / 79.750 GB to store   5479297286 kmers; need 29.978 GB to sort     62867955 kmers
Used 32.578 GB / 79.750 GB to store   5533776088 kmers; need 29.978 GB to sort     62867955 kmers
Used 32.705 GB / 79.750 GB to store   5588254920 kmers; need 29.978 GB to sort     62867955 kmers
Used 32.834 GB / 79.750 GB to store   5642733420 kmers; need 29.978 GB to sort     62867955 kmers
Used 32.962 GB / 79.750 GB to store   5697211907 kmers; need 29.978 GB to sort     62867955 kmers
Used 33.090 GB / 79.750 GB to store   5751690499 kmers; need 29.978 GB to sort     62867955 kmers
Used 33.218 GB / 79.750 GB to store   5806169217 kmers; need 29.978 GB to sort     62867955 kmers
Used 33.346 GB / 79.750 GB to store   5860648007 kmers; need 29.978 GB to sort     62867955 kmers
Used 33.474 GB / 79.750 GB to store   5915126297 kmers; need 29.978 GB to sort     62867955 kmers
Used 33.604 GB / 79.750 GB to store   5969605078 kmers; need 29.978 GB to sort     62867955 kmers
Used 33.733 GB / 79.750 GB to store   6024083162 kmers; need 29.978 GB to sort     62867955 kmers
Used 33.861 GB / 79.750 GB to store   6078561691 kmers; need 29.978 GB to sort     62867955 kmers
Used 33.990 GB / 79.750 GB to store   6133040283 kmers; need 29.978 GB to sort     62867955 kmers
Used 34.119 GB / 79.750 GB to store   6187519316 kmers; need 29.978 GB to sort     62867955 kmers
Used 34.248 GB / 79.750 GB to store   6241997558 kmers; need 29.978 GB to sort     62867955 kmers
Used 34.377 GB / 79.750 GB to store   6296476360 kmers; need 29.978 GB to sort     62867955 kmers
Used 34.506 GB / 79.750 GB to store   6350955246 kmers; need 29.978 GB to sort     62867955 kmers
Used 34.635 GB / 79.750 GB to store   6405433859 kmers; need 29.978 GB to sort     62867955 kmers
Used 34.763 GB / 79.750 GB to store   6459912651 kmers; need 29.978 GB to sort     62867955 kmers
Used 34.892 GB / 79.750 GB to store   6514391497 kmers; need 29.978 GB to sort     62867955 kmers
Used 35.017 GB / 79.750 GB to store   6566774933 kmers; need 29.978 GB to sort     62867955 kmers
Used 35.146 GB / 79.750 GB to store   6621253630 kmers; need 29.978 GB to sort     62867955 kmers
Used 35.274 GB / 79.750 GB to store   6675732306 kmers; need 29.978 GB to sort     62867955 kmers
Used 35.403 GB / 79.750 GB to store   6730211035 kmers; need 29.978 GB to sort     62867955 kmers
Used 35.533 GB / 79.750 GB to store   6784689711 kmers; need 29.978 GB to sort     62867955 kmers
Used 35.658 GB / 79.750 GB to store   6837073126 kmers; need 29.978 GB to sort     62867955 kmers
Used 35.783 GB / 79.750 GB to store   6889456268 kmers; need 29.978 GB to sort     62867955 kmers
Used 35.911 GB / 79.750 GB to store   6943935112 kmers; need 29.978 GB to sort     62867955 kmers
Used 36.041 GB / 79.750 GB to store   6998413518 kmers; need 29.978 GB to sort     62867955 kmers
Used 36.170 GB / 79.750 GB to store   7052892173 kmers; need 29.978 GB to sort     62867955 kmers
Used 36.297 GB / 79.750 GB to store   7105275840 kmers; need 29.978 GB to sort     62867955 kmers
Used 36.426 GB / 79.750 GB to store   7159754684 kmers; need 29.978 GB to sort     62867955 kmers
Used 36.556 GB / 79.750 GB to store   7214233329 kmers; need 29.978 GB to sort     62867955 kmers
Used 36.681 GB / 79.750 GB to store   7266616975 kmers; need 29.978 GB to sort     62867955 kmers
Used 36.810 GB / 79.750 GB to store   7321095278 kmers; need 29.978 GB to sort     62867955 kmers
Used 36.935 GB / 79.750 GB to store   7373478572 kmers; need 29.978 GB to sort     62867955 kmers
Used 37.065 GB / 79.750 GB to store   7427957143 kmers; need 29.978 GB to sort     62867955 kmers
Used 37.191 GB / 79.750 GB to store   7480340348 kmers; need 29.978 GB to sort     62867955 kmers
Used 37.317 GB / 79.750 GB to store   7532723637 kmers; need 29.978 GB to sort     62867955 kmers
Used 37.447 GB / 79.750 GB to store   7587202192 kmers; need 29.978 GB to sort     62867955 kmers
Used 37.573 GB / 79.750 GB to store   7639585460 kmers; need 29.978 GB to sort     62867955 kmers
Used 37.700 GB / 79.750 GB to store   7691969211 kmers; need 29.978 GB to sort     62867955 kmers
Used 37.826 GB / 79.750 GB to store   7744352542 kmers; need 29.978 GB to sort     62867955 kmers
Used 37.951 GB / 79.750 GB to store   7796735936 kmers; need 29.978 GB to sort     62867955 kmers
Used 38.076 GB / 79.750 GB to store   7849119162 kmers; need 29.978 GB to sort     62867955 kmers
Used 38.203 GB / 79.750 GB to store   7901502472 kmers; need 29.978 GB to sort     62867955 kmers
Used 38.330 GB / 79.750 GB to store   7953886097 kmers; need 29.978 GB to sort     62867955 kmers
Used 38.456 GB / 79.750 GB to store   8006269055 kmers; need 29.978 GB to sort     62867955 kmers
Used 38.586 GB / 79.750 GB to store   8060747857 kmers; need 29.978 GB to sort     62867955 kmers
Used 38.712 GB / 79.750 GB to store   8113131230 kmers; need 29.978 GB to sort     62867955 kmers
Used 38.838 GB / 79.750 GB to store   8165514641 kmers; need 29.978 GB to sort     62867955 kmers
Used 38.965 GB / 79.750 GB to store   8217897865 kmers; need 29.978 GB to sort     62867955 kmers
Used 39.092 GB / 79.750 GB to store   8270281170 kmers; need 29.978 GB to sort     62867955 kmers
Used 39.218 GB / 79.750 GB to store   8322664837 kmers; need 29.978 GB to sort     62867955 kmers
Used 39.344 GB / 79.750 GB to store   8375048385 kmers; need 29.978 GB to sort     62867955 kmers
Used 39.470 GB / 79.750 GB to store   8427431092 kmers; need 29.978 GB to sort     62867955 kmers
Used 39.600 GB / 79.750 GB to store   8481909673 kmers; need 29.978 GB to sort     62867955 kmers
Used 39.727 GB / 79.750 GB to store   8534292941 kmers; need 29.978 GB to sort     62867955 kmers
Used 39.854 GB / 79.750 GB to store   8586676692 kmers; need 29.978 GB to sort     62867955 kmers
Used 39.980 GB / 79.750 GB to store   8639060086 kmers; need 29.978 GB to sort     62867955 kmers
Used 40.106 GB / 79.750 GB to store   8691443451 kmers; need 29.978 GB to sort     62867955 kmers
Used 40.232 GB / 79.750 GB to store   8743826719 kmers; need 29.978 GB to sort     62867955 kmers
Used 40.358 GB / 79.750 GB to store   8796209903 kmers; need 29.978 GB to sort     62867955 kmers
Used 40.488 GB / 79.750 GB to store   8850688726 kmers; need 29.978 GB to sort     62867955 kmers
Used 40.615 GB / 79.750 GB to store   8903071942 kmers; need 29.978 GB to sort     62867955 kmers
Used 40.740 GB / 79.750 GB to store   8955455128 kmers; need 29.978 GB to sort     62867955 kmers
Used 40.867 GB / 79.750 GB to store   9007838543 kmers; need 29.978 GB to sort     62867955 kmers
Used 40.993 GB / 79.750 GB to store   9060221388 kmers; need 29.978 GB to sort     62867955 kmers
Used 41.120 GB / 79.750 GB to store   9112604465 kmers; need 29.978 GB to sort     62867955 kmers
Used 41.247 GB / 79.750 GB to store   9164987544 kmers; need 29.978 GB to sort     62867955 kmers
Used 41.373 GB / 79.750 GB to store   9217370959 kmers; need 29.978 GB to sort     62867955 kmers
Used 41.500 GB / 79.750 GB to store   9269754103 kmers; need 29.978 GB to sort     62867955 kmers
Used 41.627 GB / 79.750 GB to store   9322137429 kmers; need 29.978 GB to sort     62867955 kmers
Used 41.753 GB / 79.750 GB to store   9374520775 kmers; need 29.978 GB to sort     62867955 kmers
Used 41.880 GB / 79.750 GB to store   9426904295 kmers; need 29.978 GB to sort     62867955 kmers
Used 42.007 GB / 79.750 GB to store   9479287668 kmers; need 29.978 GB to sort     62867955 kmers
Used 42.133 GB / 79.750 GB to store   9531671083 kmers; need 29.978 GB to sort     62867955 kmers
Used 42.260 GB / 79.750 GB to store   9584054573 kmers; need 29.978 GB to sort     62867955 kmers
Used 42.387 GB / 79.750 GB to store   9636438177 kmers; need 29.978 GB to sort     62867955 kmers
Used 42.515 GB / 79.750 GB to store   9688821403 kmers; need 29.978 GB to sort     62867955 kmers
Used 42.641 GB / 79.750 GB to store   9741204881 kmers; need 29.978 GB to sort     62867955 kmers
Used 42.768 GB / 79.750 GB to store   9793588233 kmers; need 29.978 GB to sort     62867955 kmers
Used 42.895 GB / 79.750 GB to store   9845971522 kmers; need 29.978 GB to sort     62867955 kmers
Used 43.022 GB / 79.750 GB to store   9898355084 kmers; need 29.978 GB to sort     62867955 kmers
Used 43.149 GB / 79.750 GB to store   9950738492 kmers; need 29.978 GB to sort     62867955 kmers
Used 43.275 GB / 79.750 GB to store  10003121676 kmers; need 29.978 GB to sort     62867955 kmers
Used 43.403 GB / 79.750 GB to store  10055504797 kmers; need 29.978 GB to sort     62867955 kmers
Used 43.531 GB / 79.750 GB to store  10107888086 kmers; need 29.978 GB to sort     62867955 kmers
Used 43.658 GB / 79.750 GB to store  10160271564 kmers; need 29.978 GB to sort     62867955 kmers
Used 43.786 GB / 79.750 GB to store  10212655063 kmers; need 29.978 GB to sort     62867955 kmers
Used 43.913 GB / 79.750 GB to store  10265038415 kmers; need 29.978 GB to sort     62867955 kmers
Used 44.041 GB / 79.750 GB to store  10317421851 kmers; need 29.978 GB to sort     62867955 kmers
Used 44.169 GB / 79.750 GB to store  10369805455 kmers; need 29.978 GB to sort     62867955 kmers
Used 44.295 GB / 79.750 GB to store  10422188593 kmers; need 29.978 GB to sort     62867955 kmers
Used 44.424 GB / 79.750 GB to store  10474571903 kmers; need 29.978 GB to sort     62867955 kmers
Used 44.549 GB / 79.750 GB to store  10526955171 kmers; need 29.978 GB to sort     62867955 kmers
Used 44.677 GB / 79.750 GB to store  10579338204 kmers; need 29.978 GB to sort     62867955 kmers
Used 44.805 GB / 79.750 GB to store  10631721745 kmers; need 29.978 GB to sort     62867955 kmers
Used 44.932 GB / 79.750 GB to store  10684105000 kmers; need 29.978 GB to sort     62867955 kmers
Used 45.059 GB / 79.750 GB to store  10736488032 kmers; need 29.978 GB to sort     62867955 kmers
Used 45.187 GB / 79.750 GB to store  10788871237 kmers; need 29.978 GB to sort     62867955 kmers
Used 45.314 GB / 79.750 GB to store  10841254392 kmers; need 29.978 GB to sort     62867955 kmers
Used 45.442 GB / 79.750 GB to store  10893637828 kmers; need 29.978 GB to sort     62867955 kmers
Used 45.570 GB / 79.750 GB to store  10946021198 kmers; need 29.978 GB to sort     62867955 kmers
Used 45.697 GB / 79.750 GB to store  10998404592 kmers; need 29.978 GB to sort     62867955 kmers
Used 45.824 GB / 79.750 GB to store  11050787610 kmers; need 29.978 GB to sort     62867955 kmers
Used 45.952 GB / 79.750 GB to store  11103170992 kmers; need 29.978 GB to sort     62867955 kmers
Used 46.079 GB / 79.750 GB to store  11155554522 kmers; need 29.978 GB to sort     62867955 kmers
Used 46.208 GB / 79.750 GB to store  11207937622 kmers; need 29.978 GB to sort     62867955 kmers
Used 46.336 GB / 79.750 GB to store  11260320995 kmers; need 29.978 GB to sort     62867955 kmers
Used 46.464 GB / 79.750 GB to store  11312704530 kmers; need 29.978 GB to sort     62867955 kmers
Used 46.592 GB / 79.750 GB to store  11365087341 kmers; need 29.978 GB to sort     62867955 kmers
Used 46.720 GB / 79.750 GB to store  11417470554 kmers; need 29.978 GB to sort     62867955 kmers
Used 46.848 GB / 79.750 GB to store  11469853990 kmers; need 29.978 GB to sort     62867955 kmers
Used 46.976 GB / 79.750 GB to store  11522237300 kmers; need 29.978 GB to sort     62867955 kmers
Used 47.103 GB / 79.750 GB to store  11574620654 kmers; need 29.978 GB to sort     62867955 kmers
Used 47.231 GB / 79.750 GB to store  11627003641 kmers; need 29.978 GB to sort     62867955 kmers
Used 47.359 GB / 79.750 GB to store  11679386496 kmers; need 29.978 GB to sort     62867955 kmers
Used 47.487 GB / 79.750 GB to store  11731769785 kmers; need 29.978 GB to sort     62867955 kmers
Used 47.616 GB / 79.750 GB to store  11784153263 kmers; need 29.978 GB to sort     62867955 kmers
Used 47.744 GB / 79.750 GB to store  11836536552 kmers; need 29.978 GB to sort     62867955 kmers
Used 47.871 GB / 79.750 GB to store  11888919451 kmers; need 29.978 GB to sort     62867955 kmers
Used 47.998 GB / 79.750 GB to store  11941302411 kmers; need 29.978 GB to sort     62867955 kmers
Used 48.128 GB / 79.750 GB to store  11993685847 kmers; need 29.978 GB to sort     62867955 kmers
Used 48.255 GB / 79.750 GB to store  12046069073 kmers; need 29.978 GB to sort     62867955 kmers
Used 48.383 GB / 79.750 GB to store  12098452419 kmers; need 29.978 GB to sort     62867955 kmers
Used 48.512 GB / 79.750 GB to store  12150835897 kmers; need 29.978 GB to sort     62867955 kmers
Used 48.640 GB / 79.750 GB to store  12203219027 kmers; need 29.978 GB to sort     62867955 kmers
Used 48.767 GB / 79.750 GB to store  12255602547 kmers; need 29.978 GB to sort     62867955 kmers
Used 48.895 GB / 79.750 GB to store  12307986067 kmers; need 29.978 GB to sort     62867955 kmers
Used 49.024 GB / 79.750 GB to store  12360369209 kmers; need 29.978 GB to sort     62867955 kmers
Used 49.153 GB / 79.750 GB to store  12412752603 kmers; need 29.978 GB to sort     62867955 kmers
Used 49.260 GB / 79.750 GB to store  12456754722 kmers; need 30.002 GB to sort     62917773 kmers
Used 49.321 GB / 79.750 GB to store  12481898673 kmers; need 30.067 GB to sort     63055060 kmers
Used 49.378 GB / 79.750 GB to store  12504947300 kmers; need 30.136 GB to sort     63200617 kmers
Used 49.450 GB / 79.750 GB to store  12534281368 kmers; need 30.202 GB to sort     63338027 kmers
Memory full.  Writing results to 'hifi.meryl', using 30 threads (2 threads still doing input).

Used 20.938 GB / 79.750 GB to store      2095303 kmers; need 30.253 GB to sort     63445646 kmers
Used 21.073 GB / 79.750 GB to store     14667226 kmers; need 30.254 GB to sort     63447700 kmers
Used 21.225 GB / 79.750 GB to store     25143972 kmers; need 30.254 GB to sort     63447700 kmers
Used 21.354 GB / 79.750 GB to store     33525310 kmers; need 30.254 GB to sort     63447700 kmers
Used 21.513 GB / 79.750 GB to store     46097236 kmers; need 30.254 GB to sort     63447700 kmers
Used 21.652 GB / 79.750 GB to store     54478511 kmers; need 30.254 GB to sort     63447700 kmers
Used 21.790 GB / 79.750 GB to store     64955068 kmers; need 30.254 GB to sort     63447700 kmers
Used 21.918 GB / 79.750 GB to store     98480651 kmers; need 30.254 GB to sort     63447700 kmers
Used 22.043 GB / 79.750 GB to store    274488036 kmers; need 30.254 GB to sort     63447700 kmers
Used 22.169 GB / 79.750 GB to store    440018921 kmers; need 30.254 GB to sort     63447700 kmers
Used 22.294 GB / 79.750 GB to store    567834236 kmers; need 30.254 GB to sort     63447700 kmers
Used 22.420 GB / 79.750 GB to store    676791210 kmers; need 30.254 GB to sort     63447700 kmers
Used 22.546 GB / 79.750 GB to store    775271873 kmers; need 30.254 GB to sort     63447700 kmers
Used 22.673 GB / 79.750 GB to store    867465762 kmers; need 30.254 GB to sort     63447700 kmers
Used 22.801 GB / 79.750 GB to store    955468666 kmers; need 30.254 GB to sort     63447700 kmers
Used 22.928 GB / 79.750 GB to store   1039281836 kmers; need 30.254 GB to sort     63447700 kmers
Used 23.057 GB / 79.750 GB to store   1118903980 kmers; need 30.254 GB to sort     63447700 kmers
Used 23.182 GB / 79.750 GB to store   1194335833 kmers; need 30.254 GB to sort     63447700 kmers
Used 23.307 GB / 79.750 GB to store   1267672425 kmers; need 30.254 GB to sort     63447700 kmers
Used 23.435 GB / 79.750 GB to store   1341008387 kmers; need 30.254 GB to sort     63447700 kmers
Used 23.562 GB / 79.750 GB to store   1412249613 kmers; need 30.254 GB to sort     63447700 kmers
Used 23.688 GB / 79.750 GB to store   1481395221 kmers; need 30.254 GB to sort     63447700 kmers
Used 23.816 GB / 79.750 GB to store   1550541284 kmers; need 30.254 GB to sort     63447700 kmers
Used 23.941 GB / 79.750 GB to store   1617591694 kmers; need 30.254 GB to sort     63447700 kmers
Used 24.069 GB / 79.750 GB to store   1684642209 kmers; need 30.254 GB to sort     63447700 kmers
Used 24.198 GB / 79.750 GB to store   1751692745 kmers; need 30.254 GB to sort     63447700 kmers
Used 24.324 GB / 79.750 GB to store   1816647747 kmers; need 30.254 GB to sort     63447700 kmers
Used 24.451 GB / 79.750 GB to store   1881602685 kmers; need 30.254 GB to sort     63447700 kmers
Used 24.579 GB / 79.750 GB to store   1946557897 kmers; need 30.254 GB to sort     63447700 kmers
Used 24.707 GB / 79.750 GB to store   2009417617 kmers; need 30.254 GB to sort     63447700 kmers
Used 24.834 GB / 79.750 GB to store   2072276802 kmers; need 30.254 GB to sort     63447700 kmers
Used 24.963 GB / 79.750 GB to store   2135136606 kmers; need 30.254 GB to sort     63447700 kmers
Used 25.090 GB / 79.750 GB to store   2197996431 kmers; need 30.254 GB to sort     63447700 kmers
Used 25.217 GB / 79.750 GB to store   2258760905 kmers; need 30.254 GB to sort     63447700 kmers
Used 25.343 GB / 79.750 GB to store   2319524772 kmers; need 30.254 GB to sort     63447700 kmers
Used 25.470 GB / 79.750 GB to store   2380288618 kmers; need 30.254 GB to sort     63447700 kmers
Used 25.598 GB / 79.750 GB to store   2441052867 kmers; need 30.254 GB to sort     63447700 kmers
Used 25.726 GB / 79.750 GB to store   2501817136 kmers; need 30.254 GB to sort     63447700 kmers
Used 25.855 GB / 79.750 GB to store   2562581826 kmers; need 30.254 GB to sort     63447700 kmers
Used 25.980 GB / 79.750 GB to store   2621251066 kmers; need 30.254 GB to sort     63447700 kmers
Used 26.105 GB / 79.750 GB to store   2679920118 kmers; need 30.254 GB to sort     63447700 kmers
Used 26.232 GB / 79.750 GB to store   2738588935 kmers; need 30.254 GB to sort     63447700 kmers
Used 26.359 GB / 79.750 GB to store   2797257684 kmers; need 30.254 GB to sort     63447700 kmers
Used 26.487 GB / 79.750 GB to store   2855926743 kmers; need 30.254 GB to sort     63447700 kmers
Used 26.614 GB / 79.750 GB to store   2914595244 kmers; need 30.254 GB to sort     63447700 kmers
Used 26.743 GB / 79.750 GB to store   2973264568 kmers; need 30.254 GB to sort     63447700 kmers
Used 26.871 GB / 79.750 GB to store   3031933892 kmers; need 30.254 GB to sort     63447700 kmers
Used 26.999 GB / 79.750 GB to store   3090603216 kmers; need 30.254 GB to sort     63447700 kmers
Used 27.129 GB / 79.750 GB to store   3149272351 kmers; need 30.254 GB to sort     63447700 kmers
Used 27.255 GB / 79.750 GB to store   3205846369 kmers; need 30.254 GB to sort     63447700 kmers
Used 27.381 GB / 79.750 GB to store   3262419973 kmers; need 30.254 GB to sort     63447700 kmers
Used 27.510 GB / 79.750 GB to store   3321089121 kmers; need 30.254 GB to sort     63447700 kmers
Used 27.637 GB / 79.750 GB to store   3377662737 kmers; need 30.254 GB to sort     63447700 kmers
Used 27.763 GB / 79.750 GB to store   3434236716 kmers; need 30.254 GB to sort     63447700 kmers
Used 27.888 GB / 79.750 GB to store   3490810506 kmers; need 30.254 GB to sort     63447700 kmers
Used 28.015 GB / 79.750 GB to store   3547384458 kmers; need 30.254 GB to sort     63447700 kmers
Used 28.142 GB / 79.750 GB to store   3603958605 kmers; need 30.254 GB to sort     63447700 kmers
Used 28.268 GB / 79.750 GB to store   3660532731 kmers; need 30.254 GB to sort     63447700 kmers
Used 28.396 GB / 79.750 GB to store   3717106515 kmers; need 30.254 GB to sort     63447700 kmers
Used 28.523 GB / 79.750 GB to store   3773680725 kmers; need 30.254 GB to sort     63447700 kmers
Used 28.651 GB / 79.750 GB to store   3830254494 kmers; need 30.254 GB to sort     63447700 kmers
Used 28.779 GB / 79.750 GB to store   3886828431 kmers; need 30.254 GB to sort     63447700 kmers
Used 28.908 GB / 79.750 GB to store   3943402410 kmers; need 30.254 GB to sort     63447700 kmers
Used 29.036 GB / 79.750 GB to store   3999976326 kmers; need 30.254 GB to sort     63447700 kmers
Used 29.165 GB / 79.750 GB to store   4056550242 kmers; need 30.254 GB to sort     63447700 kmers
Used 29.294 GB / 79.750 GB to store   4113124221 kmers; need 30.254 GB to sort     63447700 kmers
Used 29.422 GB / 79.750 GB to store   4169698146 kmers; need 30.254 GB to sort     63447700 kmers
Used 29.552 GB / 79.750 GB to store   4226271768 kmers; need 30.254 GB to sort     63447700 kmers
Used 29.680 GB / 79.750 GB to store   4282845747 kmers; need 30.254 GB to sort     63447700 kmers
Used 29.806 GB / 79.750 GB to store   4337324486 kmers; need 30.254 GB to sort     63447700 kmers
Used 29.934 GB / 79.750 GB to store   4393898226 kmers; need 30.254 GB to sort     63447700 kmers
Used 30.060 GB / 79.750 GB to store   4448376443 kmers; need 30.254 GB to sort     63447700 kmers
Used 30.185 GB / 79.750 GB to store   4502855144 kmers; need 30.254 GB to sort     63447700 kmers
Used 30.315 GB / 79.750 GB to store   4559428871 kmers; need 30.254 GB to sort     63447700 kmers
Used 30.444 GB / 79.750 GB to store   4616003039 kmers; need 30.254 GB to sort     63447700 kmers
Used 30.569 GB / 79.750 GB to store   4670481883 kmers; need 30.254 GB to sort     63447700 kmers
Used 30.696 GB / 79.750 GB to store   4724960758 kmers; need 30.254 GB to sort     63447700 kmers
Used 30.823 GB / 79.750 GB to store   4779439610 kmers; need 30.254 GB to sort     63447700 kmers
Used 30.948 GB / 79.750 GB to store   4833918307 kmers; need 30.254 GB to sort     63447700 kmers
Used 31.074 GB / 79.750 GB to store   4888397067 kmers; need 30.254 GB to sort     63447700 kmers
Used 31.201 GB / 79.750 GB to store   4942875638 kmers; need 30.254 GB to sort     63447700 kmers
Used 31.327 GB / 79.750 GB to store   4997354146 kmers; need 30.254 GB to sort     63447700 kmers
Used 31.454 GB / 79.750 GB to store   5051832498 kmers; need 30.254 GB to sort     63447700 kmers
Used 31.579 GB / 79.750 GB to store   5106310901 kmers; need 30.254 GB to sort     63447700 kmers
Used 31.706 GB / 79.750 GB to store   5160789766 kmers; need 30.254 GB to sort     63447700 kmers
Used 31.833 GB / 79.750 GB to store   5215268316 kmers; need 30.254 GB to sort     63447700 kmers
Used 31.960 GB / 79.750 GB to store   5269746950 kmers; need 30.254 GB to sort     63447700 kmers
Used 32.088 GB / 79.750 GB to store   5324225500 kmers; need 30.254 GB to sort     63447700 kmers
Used 32.214 GB / 79.750 GB to store   5378703925 kmers; need 30.254 GB to sort     63447700 kmers
Used 32.340 GB / 79.750 GB to store   5433182445 kmers; need 30.254 GB to sort     63447700 kmers
Used 32.468 GB / 79.750 GB to store   5487660995 kmers; need 30.254 GB to sort     63447700 kmers
Used 32.596 GB / 79.750 GB to store   5542139450 kmers; need 30.254 GB to sort     63447700 kmers
Used 32.724 GB / 79.750 GB to store   5596618252 kmers; need 30.254 GB to sort     63447700 kmers
Used 32.852 GB / 79.750 GB to store   5651096722 kmers; need 30.254 GB to sort     63447700 kmers
Used 32.981 GB / 79.750 GB to store   5705575608 kmers; need 30.254 GB to sort     63447700 kmers
Used 33.108 GB / 79.750 GB to store   5760054242 kmers; need 30.254 GB to sort     63447700 kmers
Used 33.236 GB / 79.750 GB to store   5814532813 kmers; need 30.254 GB to sort     63447700 kmers
Used 33.365 GB / 79.750 GB to store   5869011339 kmers; need 30.254 GB to sort     63447700 kmers
Used 33.494 GB / 79.750 GB to store   5923489585 kmers; need 30.254 GB to sort     63447700 kmers
Used 33.623 GB / 79.750 GB to store   5977968009 kmers; need 30.254 GB to sort     63447700 kmers
Used 33.751 GB / 79.750 GB to store   6032446423 kmers; need 30.254 GB to sort     63447700 kmers
Used 33.881 GB / 79.750 GB to store   6086925078 kmers; need 30.254 GB to sort     63447700 kmers
Used 34.009 GB / 79.750 GB to store   6141403298 kmers; need 30.254 GB to sort     63447700 kmers
Used 34.138 GB / 79.750 GB to store   6195881873 kmers; need 30.254 GB to sort     63447700 kmers
Used 34.266 GB / 79.750 GB to store   6250360495 kmers; need 30.254 GB to sort     63447700 kmers
Used 34.391 GB / 79.750 GB to store   6302743534 kmers; need 30.254 GB to sort     63447700 kmers
Used 34.520 GB / 79.750 GB to store   6357222042 kmers; need 30.254 GB to sort     63447700 kmers
Used 34.647 GB / 79.750 GB to store   6411699918 kmers; need 30.254 GB to sort     63447700 kmers
Used 34.776 GB / 79.750 GB to store   6466178650 kmers; need 30.254 GB to sort     63447700 kmers
Used 34.905 GB / 79.750 GB to store   6520657179 kmers; need 30.254 GB to sort     63447700 kmers
Used 35.034 GB / 79.750 GB to store   6575135263 kmers; need 30.254 GB to sort     63447700 kmers
Used 35.162 GB / 79.750 GB to store   6629613338 kmers; need 30.254 GB to sort     63447700 kmers
Used 35.292 GB / 79.750 GB to store   6684091025 kmers; need 30.254 GB to sort     63447700 kmers
Used 35.421 GB / 79.750 GB to store   6738569428 kmers; need 30.254 GB to sort     63447700 kmers
Used 35.547 GB / 79.750 GB to store   6790952365 kmers; need 30.254 GB to sort     63447700 kmers
Used 35.676 GB / 79.750 GB to store   6845430638 kmers; need 30.254 GB to sort     63447700 kmers
Used 35.804 GB / 79.750 GB to store   6899908915 kmers; need 30.254 GB to sort     63447700 kmers
Used 35.929 GB / 79.750 GB to store   6952291672 kmers; need 30.254 GB to sort     63447700 kmers
Used 36.059 GB / 79.750 GB to store   7006769865 kmers; need 30.254 GB to sort     63447700 kmers
Used 36.189 GB / 79.750 GB to store   7061248520 kmers; need 30.254 GB to sort     63447700 kmers
Used 36.318 GB / 79.750 GB to store   7115726587 kmers; need 30.254 GB to sort     63447700 kmers
Used 36.443 GB / 79.750 GB to store   7168109708 kmers; need 30.254 GB to sort     63447700 kmers
Used 36.573 GB / 79.750 GB to store   7222588111 kmers; need 30.254 GB to sort     63447700 kmers
Used 36.698 GB / 79.750 GB to store   7274971085 kmers; need 30.254 GB to sort     63447700 kmers
Used 36.824 GB / 79.750 GB to store   7327353667 kmers; need 30.254 GB to sort     63447700 kmers
Used 36.954 GB / 79.750 GB to store   7381831635 kmers; need 30.254 GB to sort     63447700 kmers
Used 37.083 GB / 79.750 GB to store   7436309807 kmers; need 30.254 GB to sort     63447700 kmers
Used 37.210 GB / 79.750 GB to store   7488692739 kmers; need 30.254 GB to sort     63447700 kmers
Used 37.335 GB / 79.750 GB to store   7541076049 kmers; need 30.254 GB to sort     63447700 kmers
Used 37.462 GB / 79.750 GB to store   7593458986 kmers; need 30.254 GB to sort     63447700 kmers
Used 37.587 GB / 79.750 GB to store   7645842254 kmers; need 30.254 GB to sort     63447700 kmers
Used 37.712 GB / 79.750 GB to store   7698225669 kmers; need 30.254 GB to sort     63447700 kmers
Used 37.837 GB / 79.750 GB to store   7750608260 kmers; need 30.254 GB to sort     63447700 kmers
Used 37.963 GB / 79.750 GB to store   7802991255 kmers; need 30.254 GB to sort     63447700 kmers
Used 38.089 GB / 79.750 GB to store   7855374425 kmers; need 30.254 GB to sort     63447700 kmers
Used 38.216 GB / 79.750 GB to store   7907757735 kmers; need 30.254 GB to sort     63447700 kmers
Used 38.341 GB / 79.750 GB to store   7960141129 kmers; need 30.254 GB to sort     63447700 kmers
Used 38.468 GB / 79.750 GB to store   8012524439 kmers; need 30.254 GB to sort     63447700 kmers
Used 38.594 GB / 79.750 GB to store   8064907959 kmers; need 30.254 GB to sort     63447700 kmers
Used 38.720 GB / 79.750 GB to store   8117291794 kmers; need 30.254 GB to sort     63447700 kmers
Used 38.846 GB / 79.750 GB to store   8169675377 kmers; need 30.254 GB to sort     63447700 kmers
Used 38.973 GB / 79.750 GB to store   8222058736 kmers; need 30.254 GB to sort     63447700 kmers
Used 39.100 GB / 79.750 GB to store   8274441692 kmers; need 30.254 GB to sort     63447700 kmers
Used 39.225 GB / 79.750 GB to store   8327267806 kmers; need 30.254 GB to sort     63447700 kmers
Used 39.352 GB / 79.750 GB to store   8379651746 kmers; need 30.254 GB to sort     63447700 kmers
Used 39.478 GB / 79.750 GB to store   8432035286 kmers; need 30.254 GB to sort     63447700 kmers
Used 39.605 GB / 79.750 GB to store   8484419394 kmers; need 30.254 GB to sort     63447700 kmers
Used 39.732 GB / 79.750 GB to store   8536803077 kmers; need 30.254 GB to sort     63447700 kmers
Used 39.858 GB / 79.750 GB to store   8589187059 kmers; need 30.254 GB to sort     63447700 kmers
Used 39.983 GB / 79.750 GB to store   8641571335 kmers; need 30.254 GB to sort     63447700 kmers
Used 40.109 GB / 79.750 GB to store   8693955611 kmers; need 30.254 GB to sort     63447700 kmers
Used 40.235 GB / 79.750 GB to store   8746339698 kmers; need 30.254 GB to sort     63447700 kmers
Used 40.362 GB / 79.750 GB to store   8798723806 kmers; need 30.254 GB to sort     63447700 kmers
Used 40.488 GB / 79.750 GB to store   8851107201 kmers; need 30.254 GB to sort     63447700 kmers
Used 40.614 GB / 79.750 GB to store   8903491120 kmers; need 30.254 GB to sort     63447700 kmers
Used 40.741 GB / 79.750 GB to store   8955875018 kmers; need 30.254 GB to sort     63447700 kmers
Used 40.867 GB / 79.750 GB to store   9008259126 kmers; need 30.254 GB to sort     63447700 kmers
Used 40.994 GB / 79.750 GB to store   9060643276 kmers; need 30.254 GB to sort     63447700 kmers
Used 41.121 GB / 79.750 GB to store   9113027300 kmers; need 30.254 GB to sort     63447700 kmers
Used 41.247 GB / 79.750 GB to store   9165410765 kmers; need 30.254 GB to sort     63447700 kmers
Used 41.373 GB / 79.750 GB to store   9217794705 kmers; need 30.254 GB to sort     63447700 kmers
Used 41.500 GB / 79.750 GB to store   9270178435 kmers; need 30.254 GB to sort     63447700 kmers
Used 41.627 GB / 79.750 GB to store   9322562438 kmers; need 30.254 GB to sort     63447700 kmers
Used 41.754 GB / 79.750 GB to store   9374946630 kmers; need 30.254 GB to sort     63447700 kmers
Used 41.881 GB / 79.750 GB to store   9427330652 kmers; need 30.254 GB to sort     63447700 kmers
Used 42.008 GB / 79.750 GB to store   9479714299 kmers; need 30.254 GB to sort     63447700 kmers
Used 42.134 GB / 79.750 GB to store   9532097590 kmers; need 30.254 GB to sort     63447700 kmers
Used 42.261 GB / 79.750 GB to store   9584481434 kmers; need 30.254 GB to sort     63447700 kmers
Used 42.387 GB / 79.750 GB to store   9636864575 kmers; need 30.254 GB to sort     63447700 kmers
Used 42.515 GB / 79.750 GB to store   9689248159 kmers; need 30.254 GB to sort     63447700 kmers
Used 42.642 GB / 79.750 GB to store   9741631931 kmers; need 30.254 GB to sort     63447700 kmers
Used 42.767 GB / 79.750 GB to store   9794015658 kmers; need 30.254 GB to sort     63447700 kmers
Used 42.894 GB / 79.750 GB to store   9846399325 kmers; need 30.254 GB to sort     63447700 kmers
Used 43.022 GB / 79.750 GB to store   9898782865 kmers; need 30.254 GB to sort     63447700 kmers
Used 43.150 GB / 79.750 GB to store   9951166721 kmers; need 30.254 GB to sort     63447700 kmers
Used 43.277 GB / 79.750 GB to store  10003550587 kmers; need 30.254 GB to sort     63447700 kmers
Used 43.404 GB / 79.750 GB to store  10055934464 kmers; need 30.254 GB to sort     63447700 kmers
Used 43.531 GB / 79.750 GB to store  10108318237 kmers; need 30.254 GB to sort     63447700 kmers
Used 43.659 GB / 79.750 GB to store  10160702156 kmers; need 30.254 GB to sort     63447700 kmers
Used 43.786 GB / 79.750 GB to store  10213085717 kmers; need 30.254 GB to sort     63447700 kmers
Used 43.913 GB / 79.750 GB to store  10265469636 kmers; need 30.254 GB to sort     63447700 kmers
Used 44.040 GB / 79.750 GB to store  10317853673 kmers; need 30.254 GB to sort     63447700 kmers
Used 44.168 GB / 79.750 GB to store  10370237739 kmers; need 30.254 GB to sort     63447700 kmers
Used 44.296 GB / 79.750 GB to store  10422621627 kmers; need 30.254 GB to sort     63447700 kmers
Used 44.422 GB / 79.750 GB to store  10475005391 kmers; need 30.254 GB to sort     63447700 kmers
Used 44.550 GB / 79.750 GB to store  10527389352 kmers; need 30.254 GB to sort     63447700 kmers
Used 44.677 GB / 79.750 GB to store  10579772750 kmers; need 30.254 GB to sort     63447700 kmers
Used 44.805 GB / 79.750 GB to store  10632156090 kmers; need 30.254 GB to sort     63447700 kmers
Used 44.932 GB / 79.750 GB to store  10684540030 kmers; need 30.254 GB to sort     63447700 kmers
Used 45.059 GB / 79.750 GB to store  10736923991 kmers; need 30.254 GB to sort     63447700 kmers
Used 45.186 GB / 79.750 GB to store  10789308078 kmers; need 30.254 GB to sort     63447700 kmers
Used 45.314 GB / 79.750 GB to store  10841691802 kmers; need 30.254 GB to sort     63447700 kmers
Used 45.441 GB / 79.750 GB to store  10894074944 kmers; need 30.254 GB to sort     63447700 kmers
Used 45.569 GB / 79.750 GB to store  10946458483 kmers; need 30.254 GB to sort     63447700 kmers
Used 45.697 GB / 79.750 GB to store  10998842096 kmers; need 30.254 GB to sort     63447700 kmers
Used 45.824 GB / 79.750 GB to store  11051226137 kmers; need 30.254 GB to sort     63447700 kmers
Used 45.952 GB / 79.750 GB to store  11103610224 kmers; need 30.254 GB to sort     63447700 kmers
Used 46.080 GB / 79.750 GB to store  11155993760 kmers; need 30.254 GB to sort     63447700 kmers
Used 46.208 GB / 79.750 GB to store  11208377280 kmers; need 30.254 GB to sort     63447700 kmers
Used 46.336 GB / 79.750 GB to store  11260761325 kmers; need 30.254 GB to sort     63447700 kmers
Used 46.465 GB / 79.750 GB to store  11313145232 kmers; need 30.254 GB to sort     63447700 kmers
Used 46.593 GB / 79.750 GB to store  11365528492 kmers; need 30.254 GB to sort     63447700 kmers
Used 46.720 GB / 79.750 GB to store  11417912575 kmers; need 30.254 GB to sort     63447700 kmers
Used 46.848 GB / 79.750 GB to store  11470296515 kmers; need 30.254 GB to sort     63447700 kmers
Used 46.976 GB / 79.750 GB to store  11522680077 kmers; need 30.254 GB to sort     63447700 kmers
Used 47.104 GB / 79.750 GB to store  11575063719 kmers; need 30.254 GB to sort     63447700 kmers
Used 47.233 GB / 79.750 GB to store  11627447806 kmers; need 30.254 GB to sort     63447700 kmers
Used 47.360 GB / 79.750 GB to store  11679831547 kmers; need 30.254 GB to sort     63447700 kmers
Used 47.488 GB / 79.750 GB to store  11732215466 kmers; need 30.254 GB to sort     63447700 kmers
Used 47.617 GB / 79.750 GB to store  11784599174 kmers; need 30.254 GB to sort     63447700 kmers
Used 47.745 GB / 79.750 GB to store  11836983063 kmers; need 30.254 GB to sort     63447700 kmers
Used 47.873 GB / 79.750 GB to store  11889366520 kmers; need 30.254 GB to sort     63447700 kmers
Used 48.002 GB / 79.750 GB to store  11941750271 kmers; need 30.254 GB to sort     63447700 kmers
Used 48.129 GB / 79.750 GB to store  11994133859 kmers; need 30.254 GB to sort     63447700 kmers
Used 48.256 GB / 79.750 GB to store  12046518093 kmers; need 30.254 GB to sort     63447700 kmers
Used 48.385 GB / 79.750 GB to store  12098902201 kmers; need 30.254 GB to sort     63447700 kmers
Used 48.513 GB / 79.750 GB to store  12151286225 kmers; need 30.254 GB to sort     63447700 kmers
Used 48.641 GB / 79.750 GB to store  12203669954 kmers; need 30.254 GB to sort     63447700 kmers
Used 48.769 GB / 79.750 GB to store  12256053957 kmers; need 30.254 GB to sort     63447700 kmers
Used 48.898 GB / 79.750 GB to store  12308437429 kmers; need 30.254 GB to sort     63447700 kmers
Used 49.025 GB / 79.750 GB to store  12360821453 kmers; need 30.254 GB to sort     63447700 kmers
Used 49.154 GB / 79.750 GB to store  12413205498 kmers; need 30.254 GB to sort     63447700 kmers
Used 49.282 GB / 79.750 GB to store  12465589441 kmers; need 30.254 GB to sort     63447700 kmers
Used 49.410 GB / 79.750 GB to store  12517973633 kmers; need 30.254 GB to sort     63447700 kmers
Memory full.  Writing results to 'hifi.meryl', using 30 threads (2 threads still doing input).

Used 20.954 GB / 79.750 GB to store      2095366 kmers; need 30.105 GB to sort     63134979 kmers
Used 21.081 GB / 79.750 GB to store     16762844 kmers; need 30.105 GB to sort     63135296 kmers
Used 21.218 GB / 79.750 GB to store     27239674 kmers; need 30.105 GB to sort     63135296 kmers
Used 21.372 GB / 79.750 GB to store     37716483 kmers; need 30.105 GB to sort     63135312 kmers
Used 21.503 GB / 79.750 GB to store     46097947 kmers; need 30.105 GB to sort     63135312 kmers
Used 21.628 GB / 79.750 GB to store     54479348 kmers; need 30.105 GB to sort     63135312 kmers
Used 21.759 GB / 79.750 GB to store     62860271 kmers; need 30.105 GB to sort     63135312 kmers
Used 21.885 GB / 79.750 GB to store     83813721 kmers; need 30.105 GB to sort     63135312 kmers
Used 22.011 GB / 79.750 GB to store    220011771 kmers; need 30.105 GB to sort     63135312 kmers
Used 22.136 GB / 79.750 GB to store    400212259 kmers; need 30.105 GB to sort     63135312 kmers
Used 22.263 GB / 79.750 GB to store    536410398 kmers; need 30.105 GB to sort     63135312 kmers
Used 22.389 GB / 79.750 GB to store    649559259 kmers; need 30.105 GB to sort     63135312 kmers
Used 22.515 GB / 79.750 GB to store    750136438 kmers; need 30.105 GB to sort     63135312 kmers
Used 22.642 GB / 79.750 GB to store    844427129 kmers; need 30.105 GB to sort     63135312 kmers
Used 22.769 GB / 79.750 GB to store    932431501 kmers; need 30.105 GB to sort     63135312 kmers
Used 22.896 GB / 79.750 GB to store   1016245679 kmers; need 30.105 GB to sort     63135312 kmers
Used 23.022 GB / 79.750 GB to store   1095869335 kmers; need 30.105 GB to sort     63135312 kmers
Used 23.147 GB / 79.750 GB to store   1171301881 kmers; need 30.105 GB to sort     63135312 kmers
Used 23.275 GB / 79.750 GB to store   1246733510 kmers; need 30.105 GB to sort     63135312 kmers
Used 23.402 GB / 79.750 GB to store   1320070905 kmers; need 30.105 GB to sort     63135312 kmers
Used 23.528 GB / 79.750 GB to store   1391313097 kmers; need 30.105 GB to sort     63135312 kmers
Used 23.654 GB / 79.750 GB to store   1460459671 kmers; need 30.105 GB to sort     63135312 kmers
Used 23.780 GB / 79.750 GB to store   1529606623 kmers; need 30.105 GB to sort     63135312 kmers
Used 23.906 GB / 79.750 GB to store   1596657726 kmers; need 30.105 GB to sort     63135312 kmers
Used 24.034 GB / 79.750 GB to store   1663709116 kmers; need 30.105 GB to sort     63135312 kmers
Used 24.162 GB / 79.750 GB to store   1730760132 kmers; need 30.105 GB to sort     63135312 kmers
Used 24.288 GB / 79.750 GB to store   1795716520 kmers; need 30.105 GB to sort     63135312 kmers
Used 24.414 GB / 79.750 GB to store   1860672614 kmers; need 30.105 GB to sort     63135312 kmers
Used 24.542 GB / 79.750 GB to store   1925628222 kmers; need 30.105 GB to sort     63135312 kmers
Used 24.669 GB / 79.750 GB to store   1988488525 kmers; need 30.105 GB to sort     63135312 kmers
Used 24.797 GB / 79.750 GB to store   2051349463 kmers; need 30.105 GB to sort     63135312 kmers
Used 24.924 GB / 79.750 GB to store   2114210170 kmers; need 30.105 GB to sort     63135312 kmers
Used 25.054 GB / 79.750 GB to store   2177070898 kmers; need 30.105 GB to sort     63135312 kmers
Used 25.182 GB / 79.750 GB to store   2239931284 kmers; need 30.105 GB to sort     63135312 kmers
Used 25.308 GB / 79.750 GB to store   2300696330 kmers; need 30.105 GB to sort     63135312 kmers
Used 25.436 GB / 79.750 GB to store   2361461323 kmers; need 30.105 GB to sort     63135312 kmers
Used 25.563 GB / 79.750 GB to store   2422226580 kmers; need 30.105 GB to sort     63135312 kmers
Used 25.692 GB / 79.750 GB to store   2482991918 kmers; need 30.105 GB to sort     63135312 kmers
Used 25.821 GB / 79.750 GB to store   2543757260 kmers; need 30.105 GB to sort     63135312 kmers
Used 25.950 GB / 79.750 GB to store   2604522614 kmers; need 30.105 GB to sort     63135312 kmers
Used 26.076 GB / 79.750 GB to store   2663192631 kmers; need 30.105 GB to sort     63135312 kmers
Used 26.202 GB / 79.750 GB to store   2721862711 kmers; need 30.105 GB to sort     63135312 kmers
Used 26.329 GB / 79.750 GB to store   2780531802 kmers; need 30.105 GB to sort     63135312 kmers
Used 26.454 GB / 79.750 GB to store   2839201866 kmers; need 30.105 GB to sort     63135312 kmers
Used 26.583 GB / 79.750 GB to store   2897871767 kmers; need 30.105 GB to sort     63135312 kmers
Used 26.712 GB / 79.750 GB to store   2956541451 kmers; need 30.105 GB to sort     63135312 kmers
Used 26.841 GB / 79.750 GB to store   3015211257 kmers; need 30.105 GB to sort     63135312 kmers
Used 26.968 GB / 79.750 GB to store   3073881232 kmers; need 30.105 GB to sort     63135312 kmers
Used 27.097 GB / 79.750 GB to store   3132551312 kmers; need 30.105 GB to sort     63135312 kmers
Used 27.224 GB / 79.750 GB to store   3189125879 kmers; need 30.105 GB to sort     63135312 kmers
Used 27.349 GB / 79.750 GB to store   3245700635 kmers; need 30.105 GB to sort     63135312 kmers
Used 27.475 GB / 79.750 GB to store   3302275244 kmers; need 30.105 GB to sort     63135312 kmers
Used 27.601 GB / 79.750 GB to store   3358850084 kmers; need 30.105 GB to sort     63135312 kmers
Used 27.728 GB / 79.750 GB to store   3415424410 kmers; need 30.105 GB to sort     63135312 kmers
Used 27.857 GB / 79.750 GB to store   3474094238 kmers; need 30.105 GB to sort     63135312 kmers
Used 27.983 GB / 79.750 GB to store   3530668784 kmers; need 30.105 GB to sort     63135312 kmers
Used 28.110 GB / 79.750 GB to store   3587243191 kmers; need 30.105 GB to sort     63135312 kmers
Used 28.237 GB / 79.750 GB to store   3643817422 kmers; need 30.105 GB to sort     63135312 kmers
Used 28.363 GB / 79.750 GB to store   3700391968 kmers; need 30.105 GB to sort     63135312 kmers
Used 28.491 GB / 79.750 GB to store   3756966598 kmers; need 30.105 GB to sort     63135312 kmers
Used 28.618 GB / 79.750 GB to store   3813540955 kmers; need 30.105 GB to sort     63135312 kmers
Used 28.746 GB / 79.750 GB to store   3870115333 kmers; need 30.105 GB to sort     63135312 kmers
Used 28.874 GB / 79.750 GB to store   3926689353 kmers; need 30.105 GB to sort     63135312 kmers
Used 29.002 GB / 79.750 GB to store   3983263815 kmers; need 30.105 GB to sort     63135312 kmers
Used 29.132 GB / 79.750 GB to store   4039838319 kmers; need 30.105 GB to sort     63135312 kmers
Used 29.261 GB / 79.750 GB to store   4096412724 kmers; need 30.105 GB to sort     63135312 kmers
Used 29.391 GB / 79.750 GB to store   4152987144 kmers; need 30.105 GB to sort     63135312 kmers
Used 29.519 GB / 79.750 GB to store   4209561438 kmers; need 30.105 GB to sort     63135312 kmers
Used 29.648 GB / 79.750 GB to store   4266136018 kmers; need 30.105 GB to sort     63135312 kmers
Used 29.778 GB / 79.750 GB to store   4322710048 kmers; need 30.105 GB to sort     63135312 kmers
Used 29.907 GB / 79.750 GB to store   4379284180 kmers; need 30.105 GB to sort     63135312 kmers
Used 30.037 GB / 79.750 GB to store   4435858726 kmers; need 30.105 GB to sort     63135312 kmers
Used 30.166 GB / 79.750 GB to store   4492433125 kmers; need 30.105 GB to sort     63135312 kmers
Used 30.291 GB / 79.750 GB to store   4546912221 kmers; need 30.105 GB to sort     63135312 kmers
Used 30.421 GB / 79.750 GB to store   4603486704 kmers; need 30.105 GB to sort     63135312 kmers
Used 30.550 GB / 79.750 GB to store   4660061208 kmers; need 30.105 GB to sort     63135312 kmers
Used 30.678 GB / 79.750 GB to store   4714540550 kmers; need 30.105 GB to sort     63135312 kmers
Used 30.803 GB / 79.750 GB to store   4769019793 kmers; need 30.105 GB to sort     63135312 kmers
Used 30.929 GB / 79.750 GB to store   4823498553 kmers; need 30.105 GB to sort     63135312 kmers
Used 31.055 GB / 79.750 GB to store   4877977901 kmers; need 30.105 GB to sort     63135312 kmers
Used 31.182 GB / 79.750 GB to store   4932456797 kmers; need 30.105 GB to sort     63135312 kmers
Used 31.308 GB / 79.750 GB to store   4986935724 kmers; need 30.105 GB to sort     63135312 kmers
Used 31.435 GB / 79.750 GB to store   5041414754 kmers; need 30.105 GB to sort     63135312 kmers
Used 31.562 GB / 79.750 GB to store   5095893163 kmers; need 30.105 GB to sort     63135312 kmers
Used 31.689 GB / 79.750 GB to store   5150372153 kmers; need 30.105 GB to sort     63135312 kmers
Used 31.814 GB / 79.750 GB to store   5204850980 kmers; need 30.105 GB to sort     63135312 kmers
Used 31.941 GB / 79.750 GB to store   5259329992 kmers; need 30.105 GB to sort     63135312 kmers
Used 32.068 GB / 79.750 GB to store   5313808061 kmers; need 30.105 GB to sort     63135312 kmers
Used 32.195 GB / 79.750 GB to store   5368287003 kmers; need 30.105 GB to sort     63135312 kmers
Used 32.322 GB / 79.750 GB to store   5422766162 kmers; need 30.105 GB to sort     63135312 kmers
Used 32.450 GB / 79.750 GB to store   5477245141 kmers; need 30.105 GB to sort     63135312 kmers
Used 32.576 GB / 79.750 GB to store   5531724678 kmers; need 30.105 GB to sort     63135312 kmers
Used 32.703 GB / 79.750 GB to store   5586203753 kmers; need 30.105 GB to sort     63135312 kmers
Used 32.831 GB / 79.750 GB to store   5640682736 kmers; need 30.105 GB to sort     63135312 kmers
Used 32.960 GB / 79.750 GB to store   5695161968 kmers; need 30.105 GB to sort     63135312 kmers
Used 33.088 GB / 79.750 GB to store   5749641463 kmers; need 30.105 GB to sort     63135312 kmers
Used 33.217 GB / 79.750 GB to store   5804120664 kmers; need 30.105 GB to sort     63135312 kmers
Used 33.345 GB / 79.750 GB to store   5858599865 kmers; need 30.105 GB to sort     63135312 kmers
Used 33.475 GB / 79.750 GB to store   5913079129 kmers; need 30.105 GB to sort     63135312 kmers
Used 33.603 GB / 79.750 GB to store   5967558519 kmers; need 30.105 GB to sort     63135312 kmers
Used 33.731 GB / 79.750 GB to store   6022037810 kmers; need 30.105 GB to sort     63135312 kmers
Used 33.859 GB / 79.750 GB to store   6076516049 kmers; need 30.105 GB to sort     63135312 kmers
Used 33.989 GB / 79.750 GB to store   6130995292 kmers; need 30.105 GB to sort     63135312 kmers
Used 34.116 GB / 79.750 GB to store   6185474099 kmers; need 30.105 GB to sort     63135312 kmers
Used 34.242 GB / 79.750 GB to store   6237858007 kmers; need 30.105 GB to sort     63135312 kmers
Used 34.371 GB / 79.750 GB to store   6292337250 kmers; need 30.105 GB to sort     63135312 kmers
Used 34.499 GB / 79.750 GB to store   6346815717 kmers; need 30.105 GB to sort     63135312 kmers
Used 34.629 GB / 79.750 GB to store   6401295149 kmers; need 30.105 GB to sort     63135312 kmers
Used 34.759 GB / 79.750 GB to store   6455774204 kmers; need 30.105 GB to sort     63135312 kmers
Used 34.888 GB / 79.750 GB to store   6510253468 kmers; need 30.105 GB to sort     63135312 kmers
Used 35.015 GB / 79.750 GB to store   6564732627 kmers; need 30.105 GB to sort     63135312 kmers
Used 35.144 GB / 79.750 GB to store   6619211643 kmers; need 30.105 GB to sort     63135312 kmers
Used 35.270 GB / 79.750 GB to store   6671595415 kmers; need 30.105 GB to sort     63135312 kmers
Used 35.399 GB / 79.750 GB to store   6726074931 kmers; need 30.105 GB to sort     63135312 kmers
Used 35.529 GB / 79.750 GB to store   6780553964 kmers; need 30.105 GB to sort     63135312 kmers
Used 35.657 GB / 79.750 GB to store   6835032909 kmers; need 30.105 GB to sort     63135312 kmers
Used 35.787 GB / 79.750 GB to store   6889512152 kmers; need 30.105 GB to sort     63135312 kmers
Used 35.917 GB / 79.750 GB to store   6943991341 kmers; need 30.105 GB to sort     63135312 kmers
Used 36.046 GB / 79.750 GB to store   6998470267 kmers; need 30.105 GB to sort     63135312 kmers
Used 36.174 GB / 79.750 GB to store   7052949341 kmers; need 30.105 GB to sort     63135312 kmers
Used 36.299 GB / 79.750 GB to store   7105333058 kmers; need 30.105 GB to sort     63135312 kmers
Used 36.425 GB / 79.750 GB to store   7157716872 kmers; need 30.105 GB to sort     63135312 kmers
Used 36.555 GB / 79.750 GB to store   7212195625 kmers; need 30.105 GB to sort     63135312 kmers
Used 36.680 GB / 79.750 GB to store   7264579607 kmers; need 30.105 GB to sort     63135312 kmers
Used 36.809 GB / 79.750 GB to store   7319058738 kmers; need 30.105 GB to sort     63135312 kmers
Used 36.935 GB / 79.750 GB to store   7371442657 kmers; need 30.105 GB to sort     63135312 kmers
Used 37.065 GB / 79.750 GB to store   7425921641 kmers; need 30.105 GB to sort     63135312 kmers
Used 37.191 GB / 79.750 GB to store   7478305569 kmers; need 30.105 GB to sort     63135312 kmers
Used 37.321 GB / 79.750 GB to store   7532784686 kmers; need 30.105 GB to sort     63135312 kmers
Used 37.446 GB / 79.750 GB to store   7585168542 kmers; need 30.105 GB to sort     63135312 kmers
Used 37.575 GB / 79.750 GB to store   7639647533 kmers; need 30.105 GB to sort     63135312 kmers
Used 37.701 GB / 79.750 GB to store   7692031473 kmers; need 30.105 GB to sort     63135312 kmers
Used 37.827 GB / 79.750 GB to store   7744414690 kmers; need 30.105 GB to sort     63135312 kmers
Used 37.954 GB / 79.750 GB to store   7796798231 kmers; need 30.105 GB to sort     63135312 kmers
Used 38.080 GB / 79.750 GB to store   7849181937 kmers; need 30.105 GB to sort     63135312 kmers
Used 38.205 GB / 79.750 GB to store   7901565919 kmers; need 30.105 GB to sort     63135312 kmers
Used 38.332 GB / 79.750 GB to store   7953949691 kmers; need 30.105 GB to sort     63135312 kmers
Used 38.459 GB / 79.750 GB to store   8006333355 kmers; need 30.105 GB to sort     63135312 kmers
Used 38.585 GB / 79.750 GB to store   8058717337 kmers; need 30.105 GB to sort     63135312 kmers
Used 38.710 GB / 79.750 GB to store   8111101466 kmers; need 30.105 GB to sort     63135312 kmers
Used 38.836 GB / 79.750 GB to store   8163485406 kmers; need 30.105 GB to sort     63135312 kmers
Used 38.962 GB / 79.750 GB to store   8215868678 kmers; need 30.105 GB to sort     63135312 kmers
Used 39.088 GB / 79.750 GB to store   8268252723 kmers; need 30.105 GB to sort     63135312 kmers
Used 39.215 GB / 79.750 GB to store   8320636206 kmers; need 30.105 GB to sort     63135312 kmers
Used 39.341 GB / 79.750 GB to store   8373020188 kmers; need 30.105 GB to sort     63135312 kmers
Used 39.467 GB / 79.750 GB to store   8425403734 kmers; need 30.105 GB to sort     63135312 kmers
Used 39.595 GB / 79.750 GB to store   8477787338 kmers; need 30.105 GB to sort     63135312 kmers
Used 39.721 GB / 79.750 GB to store   8530171110 kmers; need 30.105 GB to sort     63135312 kmers
Used 39.847 GB / 79.750 GB to store   8582555071 kmers; need 30.105 GB to sort     63135312 kmers
Used 39.972 GB / 79.750 GB to store   8634939032 kmers; need 30.105 GB to sort     63135312 kmers
Used 40.098 GB / 79.750 GB to store   8687323014 kmers; need 30.105 GB to sort     63135312 kmers
Used 40.224 GB / 79.750 GB to store   8739706828 kmers; need 30.105 GB to sort     63135312 kmers
Used 40.350 GB / 79.750 GB to store   8792090196 kmers; need 30.105 GB to sort     63135312 kmers
Used 40.477 GB / 79.750 GB to store   8844474157 kmers; need 30.105 GB to sort     63135312 kmers
Used 40.604 GB / 79.750 GB to store   8896857950 kmers; need 30.105 GB to sort     63135312 kmers
Used 40.730 GB / 79.750 GB to store   8949241806 kmers; need 30.105 GB to sort     63135312 kmers
Used 40.856 GB / 79.750 GB to store   9001625767 kmers; need 30.105 GB to sort     63135312 kmers
Used 40.982 GB / 79.750 GB to store   9054009234 kmers; need 30.105 GB to sort     63135312 kmers
Used 41.109 GB / 79.750 GB to store   9106392838 kmers; need 30.105 GB to sort     63135312 kmers
Used 41.235 GB / 79.750 GB to store   9158776883 kmers; need 30.105 GB to sort     63135312 kmers
Used 41.360 GB / 79.750 GB to store   9211160529 kmers; need 30.105 GB to sort     63135312 kmers
Used 41.488 GB / 79.750 GB to store   9263544490 kmers; need 30.105 GB to sort     63135312 kmers
Used 41.614 GB / 79.750 GB to store   9315928472 kmers; need 30.105 GB to sort     63135312 kmers
Used 41.740 GB / 79.750 GB to store   9368312045 kmers; need 30.105 GB to sort     63135312 kmers
Used 41.868 GB / 79.750 GB to store   9420695775 kmers; need 30.105 GB to sort     63135312 kmers
Used 41.996 GB / 79.750 GB to store   9473079652 kmers; need 30.105 GB to sort     63135312 kmers
Used 42.124 GB / 79.750 GB to store   9525463303 kmers; need 30.105 GB to sort     63135312 kmers
Used 42.251 GB / 79.750 GB to store   9577847411 kmers; need 30.105 GB to sort     63135312 kmers
Used 42.377 GB / 79.750 GB to store   9630231330 kmers; need 30.105 GB to sort     63135312 kmers
Used 42.503 GB / 79.750 GB to store   9682614728 kmers; need 30.105 GB to sort     63135312 kmers
Used 42.630 GB / 79.750 GB to store   9734998651 kmers; need 30.105 GB to sort     63135312 kmers
Used 42.757 GB / 79.750 GB to store   9787382353 kmers; need 30.105 GB to sort     63135312 kmers
Used 42.883 GB / 79.750 GB to store   9839766272 kmers; need 30.105 GB to sort     63135312 kmers
Used 43.010 GB / 79.750 GB to store   9892150002 kmers; need 30.105 GB to sort     63135312 kmers
Used 43.138 GB / 79.750 GB to store   9944533816 kmers; need 30.105 GB to sort     63135312 kmers
Used 43.265 GB / 79.750 GB to store   9996917735 kmers; need 30.105 GB to sort     63135312 kmers
Used 43.392 GB / 79.750 GB to store  10049301182 kmers; need 30.105 GB to sort     63135312 kmers
Used 43.520 GB / 79.750 GB to store  10101684956 kmers; need 30.105 GB to sort     63135312 kmers
Used 43.647 GB / 79.750 GB to store  10154068812 kmers; need 30.105 GB to sort     63135312 kmers
Used 43.773 GB / 79.750 GB to store  10206452626 kmers; need 30.105 GB to sort     63135312 kmers
Used 43.900 GB / 79.750 GB to store  10258836586 kmers; need 30.105 GB to sort     63135312 kmers
Used 44.027 GB / 79.750 GB to store  10311220337 kmers; need 30.105 GB to sort     63135312 kmers
Used 44.155 GB / 79.750 GB to store  10363604256 kmers; need 30.105 GB to sort     63135312 kmers
Used 44.282 GB / 79.750 GB to store  10415988343 kmers; need 30.105 GB to sort     63135312 kmers
Used 44.409 GB / 79.750 GB to store  10468371934 kmers; need 30.105 GB to sort     63135312 kmers
Used 44.536 GB / 79.750 GB to store  10520755895 kmers; need 30.105 GB to sort     63135312 kmers
Used 44.663 GB / 79.750 GB to store  10573139304 kmers; need 30.105 GB to sort     63135312 kmers
Used 44.791 GB / 79.750 GB to store  10625522992 kmers; need 30.105 GB to sort     63135312 kmers
Used 44.919 GB / 79.750 GB to store  10677906890 kmers; need 30.105 GB to sort     63135312 kmers
Used 45.046 GB / 79.750 GB to store  10730290746 kmers; need 30.105 GB to sort     63135312 kmers
Used 45.174 GB / 79.750 GB to store  10782674458 kmers; need 30.105 GB to sort     63135312 kmers
Used 45.302 GB / 79.750 GB to store  10835058020 kmers; need 30.105 GB to sort     63135312 kmers
Used 45.428 GB / 79.750 GB to store  10887441918 kmers; need 30.105 GB to sort     63135312 kmers
Used 45.555 GB / 79.750 GB to store  10939826047 kmers; need 30.105 GB to sort     63135312 kmers
Used 45.683 GB / 79.750 GB to store  10992209924 kmers; need 30.105 GB to sort     63135312 kmers
Used 45.811 GB / 79.750 GB to store  11044593738 kmers; need 30.105 GB to sort     63135312 kmers
Used 45.937 GB / 79.750 GB to store  11096977426 kmers; need 30.105 GB to sort     63135312 kmers
Used 46.066 GB / 79.750 GB to store  11149361366 kmers; need 30.105 GB to sort     63135312 kmers
Used 46.195 GB / 79.750 GB to store  11201745012 kmers; need 30.105 GB to sort     63135312 kmers
Used 46.323 GB / 79.750 GB to store  11254128893 kmers; need 30.105 GB to sort     63135312 kmers
Used 46.451 GB / 79.750 GB to store  11306512323 kmers; need 30.105 GB to sort     63135312 kmers
Used 46.579 GB / 79.750 GB to store  11358896100 kmers; need 30.105 GB to sort     63135312 kmers
Used 46.708 GB / 79.750 GB to store  11411279293 kmers; need 30.105 GB to sort     63135312 kmers
Used 46.834 GB / 79.750 GB to store  11463663442 kmers; need 30.105 GB to sort     63135312 kmers
Used 46.962 GB / 79.750 GB to store  11516047068 kmers; need 30.105 GB to sort     63135312 kmers
Used 47.091 GB / 79.750 GB to store  11568430708 kmers; need 30.105 GB to sort     63135312 kmers
Used 47.218 GB / 79.750 GB to store  11620814669 kmers; need 30.105 GB to sort     63135312 kmers
Used 47.347 GB / 79.750 GB to store  11673198435 kmers; need 30.105 GB to sort     63135312 kmers
Used 47.476 GB / 79.750 GB to store  11725582270 kmers; need 30.105 GB to sort     63135312 kmers
Used 47.603 GB / 79.750 GB to store  11777965488 kmers; need 30.105 GB to sort     63135312 kmers
Used 47.732 GB / 79.750 GB to store  11830349218 kmers; need 30.105 GB to sort     63135312 kmers
Used 47.860 GB / 79.750 GB to store  11882732841 kmers; need 30.105 GB to sort     63135312 kmers
Used 47.986 GB / 79.750 GB to store  11935116115 kmers; need 30.105 GB to sort     63135312 kmers
Used 48.114 GB / 79.750 GB to store  11987500055 kmers; need 30.105 GB to sort     63135312 kmers
Used 48.241 GB / 79.750 GB to store  12039884100 kmers; need 30.105 GB to sort     63135312 kmers
Used 48.370 GB / 79.750 GB to store  12092267332 kmers; need 30.105 GB to sort     63135312 kmers
Used 48.498 GB / 79.750 GB to store  12144651293 kmers; need 30.105 GB to sort     63135312 kmers
Used 48.626 GB / 79.750 GB to store  12197035132 kmers; need 30.105 GB to sort     63135312 kmers
Used 48.755 GB / 79.750 GB to store  12249418469 kmers; need 30.105 GB to sort     63135312 kmers
Used 48.885 GB / 79.750 GB to store  12301802052 kmers; need 30.105 GB to sort     63135312 kmers
Used 48.965 GB / 79.750 GB to store  12335327677 kmers; need 30.161 GB to sort     63252500 kmers
Used 49.031 GB / 79.750 GB to store  12362566780 kmers; need 30.235 GB to sort     63407326 kmers
Used 49.098 GB / 79.750 GB to store  12389806141 kmers; need 30.297 GB to sort     63537718 kmers
Used 49.169 GB / 79.750 GB to store  12419141412 kmers; need 30.356 GB to sort     63660838 kmers
Used 49.220 GB / 79.750 GB to store  12440094841 kmers; need 30.433 GB to sort     63823112 kmers
Memory full.  Writing results to 'hifi.meryl', using 30 threads (2 threads still doing input).

Used 20.944 GB / 79.750 GB to store      2095450 kmers; need 30.466 GB to sort     63891061 kmers
Used 21.076 GB / 79.750 GB to store     12572154 kmers; need 30.469 GB to sort     63897190 kmers
Used 21.231 GB / 79.750 GB to store     23048879 kmers; need 30.469 GB to sort     63897190 kmers
Used 21.358 GB / 79.750 GB to store     31430217 kmers; need 30.469 GB to sort     63897190 kmers
Used 21.486 GB / 79.750 GB to store     39811660 kmers; need 30.469 GB to sort     63897190 kmers
Used 21.615 GB / 79.750 GB to store     48193061 kmers; need 30.469 GB to sort     63897190 kmers
Used 21.746 GB / 79.750 GB to store     58669765 kmers; need 30.469 GB to sort     63897190 kmers
Used 21.872 GB / 79.750 GB to store     77528017 kmers; need 30.469 GB to sort     63897190 kmers
Used 21.998 GB / 79.750 GB to store    224201915 kmers; need 30.469 GB to sort     63897190 kmers
Used 22.123 GB / 79.750 GB to store    400211482 kmers; need 30.469 GB to sort     63897190 kmers
Used 22.249 GB / 79.750 GB to store    534313260 kmers; need 30.469 GB to sort     63897190 kmers
Used 22.376 GB / 79.750 GB to store    647462226 kmers; need 30.469 GB to sort     63897190 kmers
Used 22.502 GB / 79.750 GB to store    748039164 kmers; need 30.469 GB to sort     63897190 kmers
Used 22.628 GB / 79.750 GB to store    840234735 kmers; need 30.469 GB to sort     63897190 kmers
Used 22.755 GB / 79.750 GB to store    928239708 kmers; need 30.469 GB to sort     63897190 kmers
Used 22.881 GB / 79.750 GB to store   1012053920 kmers; need 30.469 GB to sort     63897190 kmers
Used 23.008 GB / 79.750 GB to store   1091677534 kmers; need 30.469 GB to sort     63897190 kmers
Used 23.136 GB / 79.750 GB to store   1169205866 kmers; need 30.469 GB to sort     63897190 kmers
Used 23.261 GB / 79.750 GB to store   1242543487 kmers; need 30.469 GB to sort     63897190 kmers
Used 23.388 GB / 79.750 GB to store   1315880766 kmers; need 30.469 GB to sort     63897190 kmers
Used 23.515 GB / 79.750 GB to store   1387122729 kmers; need 30.469 GB to sort     63897190 kmers
Used 23.640 GB / 79.750 GB to store   1456269016 kmers; need 30.469 GB to sort     63897190 kmers
Used 23.767 GB / 79.750 GB to store   1525415557 kmers; need 30.469 GB to sort     63897190 kmers
Used 23.894 GB / 79.750 GB to store   1592466516 kmers; need 30.469 GB to sort     63897190 kmers
Used 24.021 GB / 79.750 GB to store   1659517496 kmers; need 30.469 GB to sort     63897190 kmers
Used 24.148 GB / 79.750 GB to store   1726568267 kmers; need 30.469 GB to sort     63897190 kmers
Used 24.274 GB / 79.750 GB to store   1791524052 kmers; need 30.469 GB to sort     63897190 kmers
Used 24.401 GB / 79.750 GB to store   1856479873 kmers; need 30.469 GB to sort     63897190 kmers
Used 24.527 GB / 79.750 GB to store   1919340496 kmers; need 30.469 GB to sort     63897190 kmers
Used 24.652 GB / 79.750 GB to store   1982200704 kmers; need 30.469 GB to sort     63897190 kmers
Used 24.779 GB / 79.750 GB to store   2045061516 kmers; need 30.469 GB to sort     63897190 kmers
Used 24.908 GB / 79.750 GB to store   2107922433 kmers; need 30.469 GB to sort     63897190 kmers
Used 25.033 GB / 79.750 GB to store   2168687322 kmers; need 30.469 GB to sort     63897190 kmers
Used 25.158 GB / 79.750 GB to store   2229452537 kmers; need 30.469 GB to sort     63897190 kmers
Used 25.284 GB / 79.750 GB to store   2290217479 kmers; need 30.469 GB to sort     63897190 kmers
Used 25.410 GB / 79.750 GB to store   2350982480 kmers; need 30.469 GB to sort     63897190 kmers
Used 25.539 GB / 79.750 GB to store   2411747905 kmers; need 30.469 GB to sort     63897190 kmers
Used 25.667 GB / 79.750 GB to store   2472512849 kmers; need 30.469 GB to sort     63897190 kmers
Used 25.796 GB / 79.750 GB to store   2533277697 kmers; need 30.469 GB to sort     63897190 kmers
Used 25.922 GB / 79.750 GB to store   2591947345 kmers; need 30.469 GB to sort     63897190 kmers
Used 26.051 GB / 79.750 GB to store   2652712770 kmers; need 30.469 GB to sort     63897190 kmers
Used 26.177 GB / 79.750 GB to store   2711382703 kmers; need 30.469 GB to sort     63897190 kmers
Used 26.303 GB / 79.750 GB to store   2770052720 kmers; need 30.469 GB to sort     63897190 kmers
Used 26.430 GB / 79.750 GB to store   2828722836 kmers; need 30.469 GB to sort     63897190 kmers
Used 26.557 GB / 79.750 GB to store   2887392769 kmers; need 30.469 GB to sort     63897190 kmers
Used 26.686 GB / 79.750 GB to store   2946062576 kmers; need 30.469 GB to sort     63897190 kmers
Used 26.815 GB / 79.750 GB to store   3004732761 kmers; need 30.469 GB to sort     63897190 kmers
Used 26.943 GB / 79.750 GB to store   3063402820 kmers; need 30.469 GB to sort     63897190 kmers
Used 27.068 GB / 79.750 GB to store   3119977356 kmers; need 30.469 GB to sort     63897190 kmers
Used 27.194 GB / 79.750 GB to store   3176551944 kmers; need 30.469 GB to sort     63897190 kmers
Used 27.319 GB / 79.750 GB to store   3233126154 kmers; need 30.469 GB to sort     63897190 kmers
Used 27.449 GB / 79.750 GB to store   3291795888 kmers; need 30.469 GB to sort     63897190 kmers
Used 27.576 GB / 79.750 GB to store   3348370623 kmers; need 30.469 GB to sort     63897190 kmers
Used 27.705 GB / 79.750 GB to store   3407040308 kmers; need 30.469 GB to sort     63897190 kmers
Used 27.831 GB / 79.750 GB to store   3463615064 kmers; need 30.469 GB to sort     63897190 kmers
Used 27.957 GB / 79.750 GB to store   3520189667 kmers; need 30.469 GB to sort     63897190 kmers
Used 28.084 GB / 79.750 GB to store   3576764339 kmers; need 30.469 GB to sort     63897190 kmers
Used 28.211 GB / 79.750 GB to store   3633339095 kmers; need 30.469 GB to sort     63897190 kmers
Used 28.338 GB / 79.750 GB to store   3689913578 kmers; need 30.469 GB to sort     63897190 kmers
Used 28.465 GB / 79.750 GB to store   3746487851 kmers; need 30.469 GB to sort     63897190 kmers
Used 28.593 GB / 79.750 GB to store   3803062460 kmers; need 30.469 GB to sort     63897190 kmers
Used 28.721 GB / 79.750 GB to store   3859636788 kmers; need 30.469 GB to sort     63897190 kmers
Used 28.850 GB / 79.750 GB to store   3916211460 kmers; need 30.469 GB to sort     63897190 kmers
Used 28.977 GB / 79.750 GB to store   3972786006 kmers; need 30.469 GB to sort     63897190 kmers
Used 29.106 GB / 79.750 GB to store   4029360783 kmers; need 30.469 GB to sort     63897190 kmers
Used 29.235 GB / 79.750 GB to store   4085935390 kmers; need 30.469 GB to sort     63897190 kmers
Used 29.361 GB / 79.750 GB to store   4140414661 kmers; need 30.469 GB to sort     63897190 kmers
Used 29.489 GB / 79.750 GB to store   4196989279 kmers; need 30.469 GB to sort     63897190 kmers
Used 29.615 GB / 79.750 GB to store   4251468506 kmers; need 30.469 GB to sort     63897190 kmers
Used 29.744 GB / 79.750 GB to store   4308043115 kmers; need 30.469 GB to sort     63897190 kmers
Used 29.873 GB / 79.750 GB to store   4364617703 kmers; need 30.469 GB to sort     63897190 kmers
Used 30.002 GB / 79.750 GB to store   4421192312 kmers; need 30.469 GB to sort     63897190 kmers
Used 30.132 GB / 79.750 GB to store   4477766870 kmers; need 30.469 GB to sort     63897190 kmers
Used 30.261 GB / 79.750 GB to store   4534341227 kmers; need 30.469 GB to sort     63897190 kmers
Used 30.386 GB / 79.750 GB to store   4588820206 kmers; need 30.469 GB to sort     63897190 kmers
Used 30.516 GB / 79.750 GB to store   4645394486 kmers; need 30.469 GB to sort     63897190 kmers
Used 30.642 GB / 79.750 GB to store   4699873750 kmers; need 30.469 GB to sort     63897190 kmers
Used 30.767 GB / 79.750 GB to store   4754352663 kmers; need 30.469 GB to sort     63897190 kmers
Used 30.894 GB / 79.750 GB to store   4808831801 kmers; need 30.469 GB to sort     63897190 kmers
Used 31.021 GB / 79.750 GB to store   4863310954 kmers; need 30.469 GB to sort     63897190 kmers
Used 31.146 GB / 79.750 GB to store   4917790121 kmers; need 30.469 GB to sort     63897190 kmers
Used 31.273 GB / 79.750 GB to store   4972269637 kmers; need 30.469 GB to sort     63897190 kmers
Used 31.400 GB / 79.750 GB to store   5026748360 kmers; need 30.469 GB to sort     63897190 kmers
Used 31.526 GB / 79.750 GB to store   5081227207 kmers; need 30.469 GB to sort     63897190 kmers
Used 31.651 GB / 79.750 GB to store   5135706555 kmers; need 30.469 GB to sort     63897190 kmers
Used 31.779 GB / 79.750 GB to store   5190185588 kmers; need 30.469 GB to sort     63897190 kmers
Used 31.905 GB / 79.750 GB to store   5244664600 kmers; need 30.469 GB to sort     63897190 kmers
Used 32.032 GB / 79.750 GB to store   5299143834 kmers; need 30.469 GB to sort     63897190 kmers
Used 32.159 GB / 79.750 GB to store   5353623098 kmers; need 30.469 GB to sort     63897190 kmers
Used 32.286 GB / 79.750 GB to store   5408102278 kmers; need 30.469 GB to sort     63897190 kmers
Used 32.414 GB / 79.750 GB to store   5462581290 kmers; need 30.469 GB to sort     63897190 kmers
Used 32.541 GB / 79.750 GB to store   5517060659 kmers; need 30.469 GB to sort     63897190 kmers
Used 32.670 GB / 79.750 GB to store   5571539755 kmers; need 30.469 GB to sort     63897190 kmers
Used 32.797 GB / 79.750 GB to store   5626018935 kmers; need 30.469 GB to sort     63897190 kmers
Used 32.925 GB / 79.750 GB to store   5680498157 kmers; need 30.469 GB to sort     63897190 kmers
Used 33.054 GB / 79.750 GB to store   5734977088 kmers; need 30.469 GB to sort     63897190 kmers
Used 33.183 GB / 79.750 GB to store   5789456247 kmers; need 30.469 GB to sort     63897190 kmers
Used 33.312 GB / 79.750 GB to store   5843935301 kmers; need 30.469 GB to sort     63897190 kmers
Used 33.439 GB / 79.750 GB to store   5898414586 kmers; need 30.469 GB to sort     63897190 kmers
Used 33.567 GB / 79.750 GB to store   5952893472 kmers; need 30.469 GB to sort     63897190 kmers
Used 33.695 GB / 79.750 GB to store   6007372336 kmers; need 30.469 GB to sort     63897190 kmers
Used 33.824 GB / 79.750 GB to store   6061851642 kmers; need 30.469 GB to sort     63897190 kmers
Used 33.952 GB / 79.750 GB to store   6116330948 kmers; need 30.469 GB to sort     63897190 kmers
Used 34.082 GB / 79.750 GB to store   6170810254 kmers; need 30.469 GB to sort     63897190 kmers
Used 34.212 GB / 79.750 GB to store   6225289623 kmers; need 30.469 GB to sort     63897190 kmers
Used 34.341 GB / 79.750 GB to store   6279768593 kmers; need 30.469 GB to sort     63897190 kmers
Used 34.471 GB / 79.750 GB to store   6334247920 kmers; need 30.469 GB to sort     63897190 kmers
Used 34.598 GB / 79.750 GB to store   6388726742 kmers; need 30.469 GB to sort     63897190 kmers
Used 34.726 GB / 79.750 GB to store   6443205977 kmers; need 30.469 GB to sort     63897190 kmers
Used 34.856 GB / 79.750 GB to store   6497685471 kmers; need 30.469 GB to sort     63897190 kmers
Used 34.985 GB / 79.750 GB to store   6552164434 kmers; need 30.469 GB to sort     63897190 kmers
Used 35.114 GB / 79.750 GB to store   6606643698 kmers; need 30.469 GB to sort     63897190 kmers
Used 35.243 GB / 79.750 GB to store   6661122756 kmers; need 30.469 GB to sort     63897190 kmers
Used 35.372 GB / 79.750 GB to store   6715601519 kmers; need 30.469 GB to sort     63897190 kmers
Used 35.501 GB / 79.750 GB to store   6770080302 kmers; need 30.469 GB to sort     63897190 kmers
Used 35.631 GB / 79.750 GB to store   6824559587 kmers; need 30.469 GB to sort     63897190 kmers
Used 35.756 GB / 79.750 GB to store   6876943422 kmers; need 30.469 GB to sort     63897190 kmers
Used 35.884 GB / 79.750 GB to store   6931422455 kmers; need 30.469 GB to sort     63897190 kmers
Used 36.009 GB / 79.750 GB to store   6983806332 kmers; need 30.469 GB to sort     63897190 kmers
Used 36.139 GB / 79.750 GB to store   7038285396 kmers; need 30.469 GB to sort     63897190 kmers
Used 36.267 GB / 79.750 GB to store   7092764461 kmers; need 30.469 GB to sort     63897190 kmers
Used 36.394 GB / 79.750 GB to store   7145148569 kmers; need 30.469 GB to sort     63897190 kmers
Used 36.523 GB / 79.750 GB to store   7199627523 kmers; need 30.469 GB to sort     63897190 kmers
Used 36.653 GB / 79.750 GB to store   7254106329 kmers; need 30.469 GB to sort     63897190 kmers
Used 36.779 GB / 79.750 GB to store   7306490038 kmers; need 30.469 GB to sort     63897190 kmers
Used 36.904 GB / 79.750 GB to store   7358873138 kmers; need 30.469 GB to sort     63897190 kmers
Used 37.034 GB / 79.750 GB to store   7413352423 kmers; need 30.469 GB to sort     63897190 kmers
Used 37.164 GB / 79.750 GB to store   7467831561 kmers; need 30.469 GB to sort     63897190 kmers
Used 37.290 GB / 79.750 GB to store   7520215690 kmers; need 30.469 GB to sort     63897190 kmers
Used 37.416 GB / 79.750 GB to store   7572599465 kmers; need 30.469 GB to sort     63897190 kmers
Used 37.541 GB / 79.750 GB to store   7624983407 kmers; need 30.469 GB to sort     63897190 kmers
Used 37.671 GB / 79.750 GB to store   7679462629 kmers; need 30.469 GB to sort     63897190 kmers
Used 37.797 GB / 79.750 GB to store   7731846456 kmers; need 30.469 GB to sort     63897190 kmers
Used 37.923 GB / 79.750 GB to store   7784230375 kmers; need 30.469 GB to sort     63897190 kmers
Used 38.048 GB / 79.750 GB to store   7836614210 kmers; need 30.469 GB to sort     63897190 kmers
Used 38.174 GB / 79.750 GB to store   7888998087 kmers; need 30.469 GB to sort     63897190 kmers
Used 38.299 GB / 79.750 GB to store   7941381754 kmers; need 30.469 GB to sort     63897190 kmers
Used 38.425 GB / 79.750 GB to store   7993765736 kmers; need 30.469 GB to sort     63897190 kmers
Used 38.552 GB / 79.750 GB to store   8046149312 kmers; need 30.469 GB to sort     63897190 kmers
Used 38.678 GB / 79.750 GB to store   8098533267 kmers; need 30.469 GB to sort     63897190 kmers
Used 38.804 GB / 79.750 GB to store   8150917123 kmers; need 30.469 GB to sort     63897190 kmers
Used 38.932 GB / 79.750 GB to store   8203300853 kmers; need 30.469 GB to sort     63897190 kmers
Used 39.059 GB / 79.750 GB to store   8255684856 kmers; need 30.469 GB to sort     63897190 kmers
Used 39.185 GB / 79.750 GB to store   8308068691 kmers; need 30.469 GB to sort     63897190 kmers
Used 39.311 GB / 79.750 GB to store   8360452643 kmers; need 30.469 GB to sort     63897190 kmers
Used 39.438 GB / 79.750 GB to store   8412836541 kmers; need 30.469 GB to sort     63897190 kmers
Used 39.564 GB / 79.750 GB to store   8465220355 kmers; need 30.469 GB to sort     63897190 kmers
Used 39.690 GB / 79.750 GB to store   8517603626 kmers; need 30.469 GB to sort     63897190 kmers
Used 39.817 GB / 79.750 GB to store   8569987566 kmers; need 30.469 GB to sort     63897190 kmers
Used 39.942 GB / 79.750 GB to store   8622371233 kmers; need 30.469 GB to sort     63897190 kmers
Used 40.068 GB / 79.750 GB to store   8674754942 kmers; need 30.469 GB to sort     63897190 kmers
Used 40.198 GB / 79.750 GB to store   8729234290 kmers; need 30.469 GB to sort     63897190 kmers
Used 40.325 GB / 79.750 GB to store   8781618293 kmers; need 30.469 GB to sort     63897190 kmers
Used 40.451 GB / 79.750 GB to store   8834002044 kmers; need 30.469 GB to sort     63897190 kmers
Used 40.577 GB / 79.750 GB to store   8886385732 kmers; need 30.469 GB to sort     63897190 kmers
Used 40.703 GB / 79.750 GB to store   8938769292 kmers; need 30.469 GB to sort     63897190 kmers
Used 40.829 GB / 79.750 GB to store   8991153127 kmers; need 30.469 GB to sort     63897190 kmers
Used 40.957 GB / 79.750 GB to store   9043537161 kmers; need 30.469 GB to sort     63897190 kmers
Used 41.083 GB / 79.750 GB to store   9095920702 kmers; need 30.469 GB to sort     63897190 kmers
Used 41.208 GB / 79.750 GB to store   9148303962 kmers; need 30.469 GB to sort     63897190 kmers
Used 41.335 GB / 79.750 GB to store   9200688007 kmers; need 30.469 GB to sort     63897190 kmers
Used 41.463 GB / 79.750 GB to store   9253072325 kmers; need 30.469 GB to sort     63897190 kmers
Used 41.590 GB / 79.750 GB to store   9305456181 kmers; need 30.469 GB to sort     63897190 kmers
Used 41.716 GB / 79.750 GB to store   9357839911 kmers; need 30.469 GB to sort     63897190 kmers
Used 41.844 GB / 79.750 GB to store   9410223851 kmers; need 30.469 GB to sort     63897190 kmers
Used 41.970 GB / 79.750 GB to store   9462607523 kmers; need 30.469 GB to sort     63897190 kmers
Used 42.097 GB / 79.750 GB to store   9514991547 kmers; need 30.469 GB to sort     63897190 kmers
Used 42.225 GB / 79.750 GB to store   9567375471 kmers; need 30.469 GB to sort     63897190 kmers
Used 42.351 GB / 79.750 GB to store   9619759558 kmers; need 30.469 GB to sort     63897190 kmers
Used 42.479 GB / 79.750 GB to store   9672143107 kmers; need 30.469 GB to sort     63897190 kmers
Used 42.606 GB / 79.750 GB to store   9724527299 kmers; need 30.469 GB to sort     63897190 kmers
Used 42.731 GB / 79.750 GB to store   9776910630 kmers; need 30.469 GB to sort     63897190 kmers
Used 42.858 GB / 79.750 GB to store   9829293998 kmers; need 30.469 GB to sort     63897190 kmers
Used 42.985 GB / 79.750 GB to store   9881677728 kmers; need 30.469 GB to sort     63897190 kmers
Used 43.112 GB / 79.750 GB to store   9934061510 kmers; need 30.469 GB to sort     63897190 kmers
Used 43.239 GB / 79.750 GB to store   9986445234 kmers; need 30.469 GB to sort     63897190 kmers
Used 43.366 GB / 79.750 GB to store  10038828936 kmers; need 30.469 GB to sort     63897190 kmers
Used 43.492 GB / 79.750 GB to store  10091213023 kmers; need 30.469 GB to sort     63897190 kmers
Used 43.620 GB / 79.750 GB to store  10143596837 kmers; need 30.469 GB to sort     63897190 kmers
Used 43.746 GB / 79.750 GB to store  10195980428 kmers; need 30.469 GB to sort     63897190 kmers
Used 43.873 GB / 79.750 GB to store  10248364181 kmers; need 30.469 GB to sort     63897190 kmers
Used 44.001 GB / 79.750 GB to store  10300747953 kmers; need 30.469 GB to sort     63897190 kmers
Used 44.129 GB / 79.750 GB to store  10353131788 kmers; need 30.469 GB to sort     63897190 kmers
Used 44.256 GB / 79.750 GB to store  10405515394 kmers; need 30.469 GB to sort     63897190 kmers
Used 44.383 GB / 79.750 GB to store  10457899355 kmers; need 30.469 GB to sort     63897190 kmers
Used 44.510 GB / 79.750 GB to store  10510283400 kmers; need 30.469 GB to sort     63897190 kmers
Used 44.637 GB / 79.750 GB to store  10562667046 kmers; need 30.469 GB to sort     63897190 kmers
Used 44.765 GB / 79.750 GB to store  10615050630 kmers; need 30.469 GB to sort     63897190 kmers
Used 44.893 GB / 79.750 GB to store  10667434015 kmers; need 30.469 GB to sort     63897190 kmers
Used 45.020 GB / 79.750 GB to store  10719817418 kmers; need 30.469 GB to sort     63897190 kmers
Used 45.148 GB / 79.750 GB to store  10772201365 kmers; need 30.469 GB to sort     63897190 kmers
Used 45.276 GB / 79.750 GB to store  10824585100 kmers; need 30.469 GB to sort     63897190 kmers
Used 45.403 GB / 79.750 GB to store  10876969187 kmers; need 30.469 GB to sort     63897190 kmers
Used 45.531 GB / 79.750 GB to store  10929352686 kmers; need 30.469 GB to sort     63897190 kmers
Used 45.659 GB / 79.750 GB to store  10981736626 kmers; need 30.469 GB to sort     63897190 kmers
Used 45.785 GB / 79.750 GB to store  11034120230 kmers; need 30.469 GB to sort     63897190 kmers
Used 45.912 GB / 79.750 GB to store  11086504128 kmers; need 30.469 GB to sort     63897190 kmers
Used 46.041 GB / 79.750 GB to store  11138888005 kmers; need 30.469 GB to sort     63897190 kmers
Used 46.169 GB / 79.750 GB to store  11191271798 kmers; need 30.469 GB to sort     63897190 kmers
Used 46.297 GB / 79.750 GB to store  11243655208 kmers; need 30.469 GB to sort     63897190 kmers
Used 46.426 GB / 79.750 GB to store  11296038944 kmers; need 30.469 GB to sort     63897190 kmers
Used 46.554 GB / 79.750 GB to store  11348422989 kmers; need 30.469 GB to sort     63897190 kmers
Used 46.681 GB / 79.750 GB to store  11400806249 kmers; need 30.469 GB to sort     63897190 kmers
Used 46.808 GB / 79.750 GB to store  11453190000 kmers; need 30.469 GB to sort     63897190 kmers
Used 46.935 GB / 79.750 GB to store  11505573698 kmers; need 30.469 GB to sort     63897190 kmers
Used 47.064 GB / 79.750 GB to store  11557957097 kmers; need 30.469 GB to sort     63897190 kmers
Used 47.192 GB / 79.750 GB to store  11610340692 kmers; need 30.469 GB to sort     63897190 kmers
Used 47.321 GB / 79.750 GB to store  11662724098 kmers; need 30.469 GB to sort     63897190 kmers
Used 47.450 GB / 79.750 GB to store  11715107629 kmers; need 30.469 GB to sort     63897190 kmers
Used 47.578 GB / 79.750 GB to store  11767491296 kmers; need 30.469 GB to sort     63897190 kmers
Used 47.706 GB / 79.750 GB to store  11819874624 kmers; need 30.469 GB to sort     63897190 kmers
Used 47.832 GB / 79.750 GB to store  11872258396 kmers; need 30.469 GB to sort     63897190 kmers
Used 47.960 GB / 79.750 GB to store  11924642252 kmers; need 30.469 GB to sort     63897190 kmers
Used 48.089 GB / 79.750 GB to store  11977026276 kmers; need 30.469 GB to sort     63897190 kmers
Used 48.217 GB / 79.750 GB to store  12029409943 kmers; need 30.469 GB to sort     63897190 kmers
Used 48.344 GB / 79.750 GB to store  12081793376 kmers; need 30.469 GB to sort     63897190 kmers
Used 48.472 GB / 79.750 GB to store  12134177430 kmers; need 30.469 GB to sort     63897190 kmers
Used 48.601 GB / 79.750 GB to store  12186560970 kmers; need 30.469 GB to sort     63897190 kmers
Used 48.728 GB / 79.750 GB to store  12238944449 kmers; need 30.469 GB to sort     63897190 kmers
Used 48.857 GB / 79.750 GB to store  12291328200 kmers; need 30.469 GB to sort     63897190 kmers
Used 48.986 GB / 79.750 GB to store  12343712014 kmers; need 30.469 GB to sort     63897190 kmers
Used 49.115 GB / 79.750 GB to store  12396095597 kmers; need 30.469 GB to sort     63897190 kmers
Used 49.243 GB / 79.750 GB to store  12448478729 kmers; need 30.469 GB to sort     63897190 kmers
Memory full.  Writing results to 'hifi.meryl', using 30 threads (2 threads still doing input).

Used 20.946 GB / 79.750 GB to store      2095387 kmers; need 30.411 GB to sort     63775843 kmers
Used 21.088 GB / 79.750 GB to store     14667499 kmers; need 30.412 GB to sort     63777551 kmers
Used 21.220 GB / 79.750 GB to store     25144245 kmers; need 30.412 GB to sort     63777785 kmers
Used 21.375 GB / 79.750 GB to store     35620844 kmers; need 30.412 GB to sort     63777785 kmers
Used 21.508 GB / 79.750 GB to store     44002266 kmers; need 30.412 GB to sort     63777785 kmers
Used 21.647 GB / 79.750 GB to store     52383562 kmers; need 30.412 GB to sort     63777785 kmers
Used 21.800 GB / 79.750 GB to store     62860129 kmers; need 30.412 GB to sort     63777841 kmers
Used 21.926 GB / 79.750 GB to store    108957646 kmers; need 30.412 GB to sort     63777841 kmers
Used 22.052 GB / 79.750 GB to store    299634361 kmers; need 30.412 GB to sort     63777841 kmers
Used 22.178 GB / 79.750 GB to store    456785997 kmers; need 30.412 GB to sort     63777841 kmers
Used 22.305 GB / 79.750 GB to store    582507117 kmers; need 30.412 GB to sort     63777841 kmers
Used 22.431 GB / 79.750 GB to store    689369185 kmers; need 30.412 GB to sort     63777841 kmers
Used 22.557 GB / 79.750 GB to store    785755055 kmers; need 30.412 GB to sort     63777841 kmers
Used 22.684 GB / 79.750 GB to store    877950172 kmers; need 30.412 GB to sort     63777841 kmers
Used 22.811 GB / 79.750 GB to store    963859317 kmers; need 30.412 GB to sort     63777841 kmers
Used 22.936 GB / 79.750 GB to store   1045576725 kmers; need 30.412 GB to sort     63777841 kmers
Used 23.064 GB / 79.750 GB to store   1125199296 kmers; need 30.412 GB to sort     63777841 kmers
Used 23.190 GB / 79.750 GB to store   1200631280 kmers; need 30.412 GB to sort     63777841 kmers
Used 23.316 GB / 79.750 GB to store   1273968153 kmers; need 30.412 GB to sort     63777841 kmers
Used 23.444 GB / 79.750 GB to store   1347304995 kmers; need 30.412 GB to sort     63777841 kmers
Used 23.572 GB / 79.750 GB to store   1418547054 kmers; need 30.412 GB to sort     63777841 kmers
Used 23.697 GB / 79.750 GB to store   1487693607 kmers; need 30.412 GB to sort     63777841 kmers
Used 23.824 GB / 79.750 GB to store   1555939478 kmers; need 30.412 GB to sort     63777841 kmers
Used 23.951 GB / 79.750 GB to store   1622990819 kmers; need 30.412 GB to sort     63777841 kmers
Used 24.078 GB / 79.750 GB to store   1690041370 kmers; need 30.412 GB to sort     63777841 kmers
Used 24.207 GB / 79.750 GB to store   1757092662 kmers; need 30.412 GB to sort     63777841 kmers
Used 24.332 GB / 79.750 GB to store   1822048093 kmers; need 30.412 GB to sort     63777841 kmers
Used 24.460 GB / 79.750 GB to store   1887004333 kmers; need 30.412 GB to sort     63777841 kmers
Used 24.586 GB / 79.750 GB to store   1949864704 kmers; need 30.412 GB to sort     63777841 kmers
Used 24.712 GB / 79.750 GB to store   2012725537 kmers; need 30.412 GB to sort     63777841 kmers
Used 24.840 GB / 79.750 GB to store   2075585845 kmers; need 30.412 GB to sort     63777841 kmers
Used 24.969 GB / 79.750 GB to store   2138446258 kmers; need 30.412 GB to sort     63777841 kmers
Used 25.097 GB / 79.750 GB to store   2201306776 kmers; need 30.412 GB to sort     63777841 kmers
Used 25.223 GB / 79.750 GB to store   2262071024 kmers; need 30.412 GB to sort     63777841 kmers
Used 25.349 GB / 79.750 GB to store   2322835967 kmers; need 30.412 GB to sort     63777841 kmers
Used 25.477 GB / 79.750 GB to store   2383601350 kmers; need 30.412 GB to sort     63777841 kmers
Used 25.604 GB / 79.750 GB to store   2444366271 kmers; need 30.412 GB to sort     63777841 kmers
Used 25.733 GB / 79.750 GB to store   2505130280 kmers; need 30.412 GB to sort     63777841 kmers
Used 25.859 GB / 79.750 GB to store   2563799940 kmers; need 30.412 GB to sort     63777841 kmers
Used 25.985 GB / 79.750 GB to store   2622469537 kmers; need 30.412 GB to sort     63777841 kmers
Used 26.111 GB / 79.750 GB to store   2681139428 kmers; need 30.412 GB to sort     63777841 kmers
Used 26.237 GB / 79.750 GB to store   2739808962 kmers; need 30.412 GB to sort     63777841 kmers
Used 26.364 GB / 79.750 GB to store   2798478811 kmers; need 30.412 GB to sort     63777841 kmers
Used 26.490 GB / 79.750 GB to store   2857148471 kmers; need 30.412 GB to sort     63777841 kmers
Used 26.618 GB / 79.750 GB to store   2915817921 kmers; need 30.412 GB to sort     63777841 kmers
Used 26.745 GB / 79.750 GB to store   2974487178 kmers; need 30.412 GB to sort     63777841 kmers
Used 26.874 GB / 79.750 GB to store   3033156585 kmers; need 30.412 GB to sort     63777841 kmers
Used 27.004 GB / 79.750 GB to store   3091826554 kmers; need 30.412 GB to sort     63777841 kmers
Used 27.132 GB / 79.750 GB to store   3150496282 kmers; need 30.412 GB to sort     63777841 kmers
Used 27.257 GB / 79.750 GB to store   3207070723 kmers; need 30.412 GB to sort     63777841 kmers
Used 27.383 GB / 79.750 GB to store   3263645206 kmers; need 30.412 GB to sort     63777841 kmers
Used 27.509 GB / 79.750 GB to store   3320219479 kmers; need 30.412 GB to sort     63777841 kmers
Used 27.635 GB / 79.750 GB to store   3376793605 kmers; need 30.412 GB to sort     63777841 kmers
Used 27.761 GB / 79.750 GB to store   3433368025 kmers; need 30.412 GB to sort     63777841 kmers
Used 27.888 GB / 79.750 GB to store   3489942255 kmers; need 30.412 GB to sort     63777841 kmers
Used 28.014 GB / 79.750 GB to store   3546516382 kmers; need 30.412 GB to sort     63777841 kmers
Used 28.141 GB / 79.750 GB to store   3603091117 kmers; need 30.412 GB to sort     63777841 kmers
Used 28.268 GB / 79.750 GB to store   3659664919 kmers; need 30.412 GB to sort     63777841 kmers
Used 28.395 GB / 79.750 GB to store   3716239151 kmers; need 30.412 GB to sort     63777841 kmers
Used 28.522 GB / 79.750 GB to store   3772813159 kmers; need 30.412 GB to sort     63777841 kmers
Used 28.650 GB / 79.750 GB to store   3829387642 kmers; need 30.412 GB to sort     63777841 kmers
Used 28.778 GB / 79.750 GB to store   3885961692 kmers; need 30.412 GB to sort     63777841 kmers
Used 28.906 GB / 79.750 GB to store   3942536301 kmers; need 30.412 GB to sort     63777841 kmers
Used 29.035 GB / 79.750 GB to store   3999111015 kmers; need 30.412 GB to sort     63777841 kmers
Used 29.165 GB / 79.750 GB to store   4055685918 kmers; need 30.412 GB to sort     63777841 kmers
Used 29.290 GB / 79.750 GB to store   4110164825 kmers; need 30.412 GB to sort     63777841 kmers
Used 29.418 GB / 79.750 GB to store   4166739188 kmers; need 30.412 GB to sort     63777841 kmers
Used 29.544 GB / 79.750 GB to store   4221218326 kmers; need 30.412 GB to sort     63777841 kmers
Used 29.672 GB / 79.750 GB to store   4277792977 kmers; need 30.412 GB to sort     63777841 kmers
Used 29.801 GB / 79.750 GB to store   4334366736 kmers; need 30.412 GB to sort     63777841 kmers
Used 29.930 GB / 79.750 GB to store   4390940800 kmers; need 30.412 GB to sort     63777841 kmers
Used 30.060 GB / 79.750 GB to store   4447514879 kmers; need 30.412 GB to sort     63777841 kmers
Used 30.185 GB / 79.750 GB to store   4501993903 kmers; need 30.412 GB to sort     63777841 kmers
Used 30.310 GB / 79.750 GB to store   4556473188 kmers; need 30.412 GB to sort     63777841 kmers
Used 30.436 GB / 79.750 GB to store   4610952305 kmers; need 30.412 GB to sort     63777841 kmers
Used 30.565 GB / 79.750 GB to store   4667526830 kmers; need 30.412 GB to sort     63777841 kmers
Used 30.691 GB / 79.750 GB to store   4722005779 kmers; need 30.412 GB to sort     63777841 kmers
Used 30.817 GB / 79.750 GB to store   4776484707 kmers; need 30.412 GB to sort     63777841 kmers
Used 30.943 GB / 79.750 GB to store   4830963992 kmers; need 30.412 GB to sort     63777841 kmers
Used 31.070 GB / 79.750 GB to store   4885442413 kmers; need 30.412 GB to sort     63777841 kmers
Used 31.196 GB / 79.750 GB to store   4939921593 kmers; need 30.412 GB to sort     63777841 kmers
Used 31.323 GB / 79.750 GB to store   4994400770 kmers; need 30.412 GB to sort     63777841 kmers
Used 31.449 GB / 79.750 GB to store   5048879887 kmers; need 30.412 GB to sort     63777841 kmers
Used 31.575 GB / 79.750 GB to store   5103358681 kmers; need 30.412 GB to sort     63777841 kmers
Used 31.703 GB / 79.750 GB to store   5157837987 kmers; need 30.412 GB to sort     63777841 kmers
Used 31.829 GB / 79.750 GB to store   5212317146 kmers; need 30.412 GB to sort     63777841 kmers
Used 31.956 GB / 79.750 GB to store   5266795751 kmers; need 30.412 GB to sort     63777841 kmers
Used 32.084 GB / 79.750 GB to store   5321274834 kmers; need 30.412 GB to sort     63777841 kmers
Used 32.211 GB / 79.750 GB to store   5375753804 kmers; need 30.412 GB to sort     63777841 kmers
Used 32.339 GB / 79.750 GB to store   5430232942 kmers; need 30.412 GB to sort     63777841 kmers
Used 32.466 GB / 79.750 GB to store   5484711241 kmers; need 30.412 GB to sort     63777841 kmers
Used 32.593 GB / 79.750 GB to store   5539189923 kmers; need 30.412 GB to sort     63777841 kmers
Used 32.719 GB / 79.750 GB to store   5593669019 kmers; need 30.412 GB to sort     63777841 kmers
Used 32.848 GB / 79.750 GB to store   5648148136 kmers; need 30.412 GB to sort     63777841 kmers
Used 32.976 GB / 79.750 GB to store   5702627526 kmers; need 30.412 GB to sort     63777841 kmers
Used 33.103 GB / 79.750 GB to store   5757106517 kmers; need 30.412 GB to sort     63777841 kmers
Used 33.232 GB / 79.750 GB to store   5811585907 kmers; need 30.412 GB to sort     63777841 kmers
Used 33.361 GB / 79.750 GB to store   5866065318 kmers; need 30.412 GB to sort     63777841 kmers
Used 33.489 GB / 79.750 GB to store   5920544011 kmers; need 30.412 GB to sort     63777841 kmers
Used 33.618 GB / 79.750 GB to store   5975023464 kmers; need 30.412 GB to sort     63777841 kmers
Used 33.746 GB / 79.750 GB to store   6029502455 kmers; need 30.412 GB to sort     63777841 kmers
Used 33.875 GB / 79.750 GB to store   6083981530 kmers; need 30.412 GB to sort     63777841 kmers
Used 34.000 GB / 79.750 GB to store   6136364502 kmers; need 30.412 GB to sort     63777841 kmers
Used 34.129 GB / 79.750 GB to store   6190843467 kmers; need 30.412 GB to sort     63777841 kmers
Used 34.259 GB / 79.750 GB to store   6245322108 kmers; need 30.412 GB to sort     63777841 kmers
Used 34.387 GB / 79.750 GB to store   6299801023 kmers; need 30.412 GB to sort     63777841 kmers
Used 34.515 GB / 79.750 GB to store   6354280030 kmers; need 30.412 GB to sort     63777841 kmers
Used 34.644 GB / 79.750 GB to store   6408759063 kmers; need 30.412 GB to sort     63777841 kmers
Used 34.769 GB / 79.750 GB to store   6461143024 kmers; need 30.412 GB to sort     63777841 kmers
Used 34.898 GB / 79.750 GB to store   6515622314 kmers; need 30.412 GB to sort     63777841 kmers
Used 35.026 GB / 79.750 GB to store   6570101200 kmers; need 30.412 GB to sort     63777841 kmers
Used 35.155 GB / 79.750 GB to store   6624580485 kmers; need 30.412 GB to sort     63777841 kmers
Used 35.284 GB / 79.750 GB to store   6679059100 kmers; need 30.412 GB to sort     63777841 kmers
Used 35.414 GB / 79.750 GB to store   6733537709 kmers; need 30.412 GB to sort     63777841 kmers
Used 35.542 GB / 79.750 GB to store   6788016587 kmers; need 30.412 GB to sort     63777841 kmers
Used 35.671 GB / 79.750 GB to store   6842495809 kmers; need 30.412 GB to sort     63777841 kmers
Used 35.797 GB / 79.750 GB to store   6894879476 kmers; need 30.412 GB to sort     63777841 kmers
Used 35.926 GB / 79.750 GB to store   6949358174 kmers; need 30.412 GB to sort     63777841 kmers
Used 36.056 GB / 79.750 GB to store   7003836920 kmers; need 30.412 GB to sort     63777841 kmers
Used 36.185 GB / 79.750 GB to store   7058315633 kmers; need 30.412 GB to sort     63777841 kmers
Used 36.311 GB / 79.750 GB to store   7110699405 kmers; need 30.412 GB to sort     63777841 kmers
Used 36.440 GB / 79.750 GB to store   7165177494 kmers; need 30.412 GB to sort     63777841 kmers
Used 36.569 GB / 79.750 GB to store   7219656821 kmers; need 30.412 GB to sort     63777841 kmers
Used 36.695 GB / 79.750 GB to store   7272040698 kmers; need 30.412 GB to sort     63777841 kmers
Used 36.821 GB / 79.750 GB to store   7324424533 kmers; need 30.412 GB to sort     63777841 kmers
Used 36.946 GB / 79.750 GB to store   7376808473 kmers; need 30.412 GB to sort     63777841 kmers
Used 37.072 GB / 79.750 GB to store   7429191962 kmers; need 30.412 GB to sort     63777841 kmers
Used 37.197 GB / 79.750 GB to store   7481575249 kmers; need 30.412 GB to sort     63777841 kmers
Used 37.322 GB / 79.750 GB to store   7533959189 kmers; need 30.412 GB to sort     63777841 kmers
Used 37.452 GB / 79.750 GB to store   7588437706 kmers; need 30.412 GB to sort     63777841 kmers
Used 37.577 GB / 79.750 GB to store   7640821499 kmers; need 30.412 GB to sort     63777841 kmers
Used 37.703 GB / 79.750 GB to store   7693204828 kmers; need 30.412 GB to sort     63777841 kmers
Used 37.830 GB / 79.750 GB to store   7745588684 kmers; need 30.412 GB to sort     63777841 kmers
Used 37.956 GB / 79.750 GB to store   7797972197 kmers; need 30.412 GB to sort     63777841 kmers
Used 38.081 GB / 79.750 GB to store   7850356016 kmers; need 30.412 GB to sort     63777841 kmers
Used 38.207 GB / 79.750 GB to store   7902739830 kmers; need 30.412 GB to sort     63777841 kmers
Used 38.333 GB / 79.750 GB to store   7955123387 kmers; need 30.412 GB to sort     63777841 kmers
Used 38.458 GB / 79.750 GB to store   8007507222 kmers; need 30.412 GB to sort     63777841 kmers
Used 38.584 GB / 79.750 GB to store   8059890186 kmers; need 30.412 GB to sort     63777841 kmers
Used 38.711 GB / 79.750 GB to store   8112274061 kmers; need 30.412 GB to sort     63777841 kmers
Used 38.838 GB / 79.750 GB to store   8164657914 kmers; need 30.412 GB to sort     63777841 kmers
Used 38.964 GB / 79.750 GB to store   8217041728 kmers; need 30.412 GB to sort     63777841 kmers
Used 39.090 GB / 79.750 GB to store   8269425395 kmers; need 30.412 GB to sort     63777841 kmers
Used 39.217 GB / 79.750 GB to store   8321809262 kmers; need 30.412 GB to sort     63777841 kmers
Used 39.343 GB / 79.750 GB to store   8374192150 kmers; need 30.412 GB to sort     63777841 kmers
Used 39.469 GB / 79.750 GB to store   8426576216 kmers; need 30.412 GB to sort     63777841 kmers
Used 39.595 GB / 79.750 GB to store   8478960172 kmers; need 30.412 GB to sort     63777841 kmers
Used 39.722 GB / 79.750 GB to store   8531343713 kmers; need 30.412 GB to sort     63777841 kmers
Used 39.848 GB / 79.750 GB to store   8583727276 kmers; need 30.412 GB to sort     63777841 kmers
Used 39.977 GB / 79.750 GB to store   8638206152 kmers; need 30.412 GB to sort     63777841 kmers
Used 40.103 GB / 79.750 GB to store   8690590218 kmers; need 30.412 GB to sort     63777841 kmers
Used 40.230 GB / 79.750 GB to store   8742973557 kmers; need 30.412 GB to sort     63777841 kmers
Used 40.356 GB / 79.750 GB to store   8795357266 kmers; need 30.412 GB to sort     63777841 kmers
Used 40.482 GB / 79.750 GB to store   8847740680 kmers; need 30.412 GB to sort     63777841 kmers
Used 40.609 GB / 79.750 GB to store   8900124578 kmers; need 30.412 GB to sort     63777841 kmers
Used 40.736 GB / 79.750 GB to store   8952508329 kmers; need 30.412 GB to sort     63777841 kmers
Used 40.862 GB / 79.750 GB to store   9004891679 kmers; need 30.412 GB to sort     63777841 kmers
Used 40.988 GB / 79.750 GB to store   9057275689 kmers; need 30.412 GB to sort     63777841 kmers
Used 41.114 GB / 79.750 GB to store   9109659202 kmers; need 30.412 GB to sort     63777841 kmers
Used 41.240 GB / 79.750 GB to store   9162042995 kmers; need 30.412 GB to sort     63777841 kmers
Used 41.368 GB / 79.750 GB to store   9214426827 kmers; need 30.412 GB to sort     63777841 kmers
Used 41.496 GB / 79.750 GB to store   9266810172 kmers; need 30.412 GB to sort     63777841 kmers
Used 41.621 GB / 79.750 GB to store   9319193842 kmers; need 30.412 GB to sort     63777841 kmers
Used 41.747 GB / 79.750 GB to store   9371576966 kmers; need 30.412 GB to sort     63777841 kmers
Used 41.874 GB / 79.750 GB to store   9423960297 kmers; need 30.412 GB to sort     63777841 kmers
Used 42.001 GB / 79.750 GB to store   9476343794 kmers; need 30.412 GB to sort     63777841 kmers
Used 42.128 GB / 79.750 GB to store   9528727608 kmers; need 30.412 GB to sort     63777841 kmers
Used 42.255 GB / 79.750 GB to store   9581111257 kmers; need 30.412 GB to sort     63777841 kmers
Used 42.381 GB / 79.750 GB to store   9633494882 kmers; need 30.412 GB to sort     63777841 kmers
Used 42.509 GB / 79.750 GB to store   9685878528 kmers; need 30.412 GB to sort     63777841 kmers
Used 42.636 GB / 79.750 GB to store   9738262342 kmers; need 30.412 GB to sort     63777841 kmers
Used 42.763 GB / 79.750 GB to store   9790646177 kmers; need 30.412 GB to sort     63777841 kmers
Used 42.890 GB / 79.750 GB to store   9843029886 kmers; need 30.412 GB to sort     63777841 kmers
Used 43.018 GB / 79.750 GB to store   9895413826 kmers; need 30.412 GB to sort     63777841 kmers
Used 43.144 GB / 79.750 GB to store   9947797577 kmers; need 30.412 GB to sort     63777841 kmers
Used 43.271 GB / 79.750 GB to store  10000181239 kmers; need 30.412 GB to sort     63777841 kmers
Used 43.399 GB / 79.750 GB to store  10052564842 kmers; need 30.412 GB to sort     63777841 kmers
Used 43.526 GB / 79.750 GB to store  10104948167 kmers; need 30.412 GB to sort     63777841 kmers
Used 43.653 GB / 79.750 GB to store  10157331939 kmers; need 30.412 GB to sort     63777841 kmers
Used 43.780 GB / 79.750 GB to store  10209716068 kmers; need 30.412 GB to sort     63777841 kmers
Used 43.907 GB / 79.750 GB to store  10262099847 kmers; need 30.412 GB to sort     63777841 kmers
Used 44.034 GB / 79.750 GB to store  10314483444 kmers; need 30.412 GB to sort     63777841 kmers
Used 44.161 GB / 79.750 GB to store  10366867103 kmers; need 30.412 GB to sort     63777841 kmers
Used 44.288 GB / 79.750 GB to store  10419250791 kmers; need 30.412 GB to sort     63777841 kmers
Used 44.416 GB / 79.750 GB to store  10471634794 kmers; need 30.412 GB to sort     63777841 kmers
Used 44.543 GB / 79.750 GB to store  10524018088 kmers; need 30.412 GB to sort     63777841 kmers
Used 44.671 GB / 79.750 GB to store  10576401839 kmers; need 30.412 GB to sort     63777841 kmers
Used 44.798 GB / 79.750 GB to store  10628785338 kmers; need 30.412 GB to sort     63777841 kmers
Used 44.926 GB / 79.750 GB to store  10681169019 kmers; need 30.412 GB to sort     63777841 kmers
Used 45.054 GB / 79.750 GB to store  10733552623 kmers; need 30.412 GB to sort     63777841 kmers
Used 45.181 GB / 79.750 GB to store  10785936710 kmers; need 30.412 GB to sort     63777841 kmers
Used 45.308 GB / 79.750 GB to store  10838320225 kmers; need 30.412 GB to sort     63777841 kmers
Used 45.435 GB / 79.750 GB to store  10890703976 kmers; need 30.412 GB to sort     63777841 kmers
Used 45.563 GB / 79.750 GB to store  10943087304 kmers; need 30.412 GB to sort     63777841 kmers
Used 45.690 GB / 79.750 GB to store  10995470635 kmers; need 30.412 GB to sort     63777841 kmers
Used 45.818 GB / 79.750 GB to store  11047853932 kmers; need 30.412 GB to sort     63777841 kmers
Used 45.945 GB / 79.750 GB to store  11100236978 kmers; need 30.412 GB to sort     63777841 kmers
Used 46.073 GB / 79.750 GB to store  11152620834 kmers; need 30.412 GB to sort     63777841 kmers
Used 46.201 GB / 79.750 GB to store  11205004774 kmers; need 30.412 GB to sort     63777841 kmers
Used 46.329 GB / 79.750 GB to store  11257388714 kmers; need 30.412 GB to sort     63777841 kmers
Used 46.457 GB / 79.750 GB to store  11309772570 kmers; need 30.412 GB to sort     63777841 kmers
Used 46.584 GB / 79.750 GB to store  11362156079 kmers; need 30.412 GB to sort     63777841 kmers
Used 46.713 GB / 79.750 GB to store  11414539974 kmers; need 30.412 GB to sort     63777841 kmers
Used 46.840 GB / 79.750 GB to store  11466923830 kmers; need 30.412 GB to sort     63777841 kmers
Used 46.969 GB / 79.750 GB to store  11519307833 kmers; need 30.412 GB to sort     63777841 kmers
Used 47.096 GB / 79.750 GB to store  11571691668 kmers; need 30.412 GB to sort     63777841 kmers
Used 47.226 GB / 79.750 GB to store  11624075377 kmers; need 30.412 GB to sort     63777841 kmers
Used 47.352 GB / 79.750 GB to store  11676458865 kmers; need 30.412 GB to sort     63777841 kmers
Used 47.481 GB / 79.750 GB to store  11728842679 kmers; need 30.412 GB to sort     63777841 kmers
Used 47.610 GB / 79.750 GB to store  11781226367 kmers; need 30.412 GB to sort     63777841 kmers
Used 47.739 GB / 79.750 GB to store  11833610286 kmers; need 30.412 GB to sort     63777841 kmers
Used 47.865 GB / 79.750 GB to store  11885994247 kmers; need 30.412 GB to sort     63777841 kmers
Used 47.993 GB / 79.750 GB to store  11938377578 kmers; need 30.412 GB to sort     63777841 kmers
Used 48.120 GB / 79.750 GB to store  11990761413 kmers; need 30.412 GB to sort     63777841 kmers
Used 48.248 GB / 79.750 GB to store  12043145416 kmers; need 30.412 GB to sort     63777841 kmers
Used 48.377 GB / 79.750 GB to store  12095529377 kmers; need 30.412 GB to sort     63777841 kmers
Used 48.506 GB / 79.750 GB to store  12147913233 kmers; need 30.412 GB to sort     63777841 kmers
Used 48.634 GB / 79.750 GB to store  12200296725 kmers; need 30.412 GB to sort     63777841 kmers
Used 48.762 GB / 79.750 GB to store  12252680287 kmers; need 30.412 GB to sort     63777841 kmers
Used 48.891 GB / 79.750 GB to store  12305064059 kmers; need 30.412 GB to sort     63777841 kmers
Used 49.020 GB / 79.750 GB to store  12357447885 kmers; need 30.412 GB to sort     63777841 kmers
Used 49.148 GB / 79.750 GB to store  12409831538 kmers; need 30.412 GB to sort     63777841 kmers
Used 49.271 GB / 79.750 GB to store  12460119924 kmers; need 30.418 GB to sort     63791639 kmers
Memory full.  Writing results to 'hifi.meryl', using 30 threads (2 threads still doing input).

Used 20.950 GB / 79.750 GB to store      2095387 kmers; need 30.449 GB to sort     63856621 kmers
Used 21.080 GB / 79.750 GB to store     12572196 kmers; need 30.449 GB to sort     63856961 kmers
Used 21.219 GB / 79.750 GB to store     23048921 kmers; need 30.449 GB to sort     63856962 kmers
Used 21.381 GB / 79.750 GB to store     33525520 kmers; need 30.449 GB to sort     63856962 kmers
Used 21.531 GB / 79.750 GB to store     44002224 kmers; need 30.449 GB to sort     63857059 kmers
Used 21.662 GB / 79.750 GB to store     52383646 kmers; need 30.449 GB to sort     63857059 kmers
Used 21.818 GB / 79.750 GB to store     62860165 kmers; need 30.449 GB to sort     63857059 kmers
Used 21.944 GB / 79.750 GB to store    134102483 kmers; need 30.449 GB to sort     63857059 kmers
Used 22.071 GB / 79.750 GB to store    331063999 kmers; need 30.449 GB to sort     63857059 kmers
Used 22.197 GB / 79.750 GB to store    479833872 kmers; need 30.449 GB to sort     63857059 kmers
Used 22.324 GB / 79.750 GB to store    601364293 kmers; need 30.449 GB to sort     63857059 kmers
Used 22.450 GB / 79.750 GB to store    706131711 kmers; need 30.449 GB to sort     63857059 kmers
Used 22.577 GB / 79.750 GB to store    802518021 kmers; need 30.449 GB to sort     63857059 kmers
Used 22.704 GB / 79.750 GB to store    892617877 kmers; need 30.449 GB to sort     63857059 kmers
Used 22.831 GB / 79.750 GB to store    978526642 kmers; need 30.449 GB to sort     63857059 kmers
Used 22.958 GB / 79.750 GB to store   1060245567 kmers; need 30.449 GB to sort     63857059 kmers
Used 23.085 GB / 79.750 GB to store   1137773521 kmers; need 30.449 GB to sort     63857059 kmers
Used 23.212 GB / 79.750 GB to store   1213206214 kmers; need 30.449 GB to sort     63857059 kmers
Used 23.338 GB / 79.750 GB to store   1286543562 kmers; need 30.449 GB to sort     63857059 kmers
Used 23.464 GB / 79.750 GB to store   1357785439 kmers; need 30.449 GB to sort     63857059 kmers
Used 23.593 GB / 79.750 GB to store   1429027591 kmers; need 30.449 GB to sort     63857059 kmers
Used 23.719 GB / 79.750 GB to store   1498174291 kmers; need 30.449 GB to sort     63857059 kmers
Used 23.848 GB / 79.750 GB to store   1567320572 kmers; need 30.449 GB to sort     63857059 kmers
Used 23.975 GB / 79.750 GB to store   1634372011 kmers; need 30.449 GB to sort     63857059 kmers
Used 24.102 GB / 79.750 GB to store   1701422460 kmers; need 30.449 GB to sort     63857059 kmers
Used 24.230 GB / 79.750 GB to store   1768473589 kmers; need 30.449 GB to sort     63857059 kmers
Used 24.357 GB / 79.750 GB to store   1833429556 kmers; need 30.449 GB to sort     63857059 kmers
Used 24.485 GB / 79.750 GB to store   1898385713 kmers; need 30.449 GB to sort     63857059 kmers
Used 24.615 GB / 79.750 GB to store   1963341356 kmers; need 30.449 GB to sort     63857059 kmers
Used 24.743 GB / 79.750 GB to store   2026201558 kmers; need 30.449 GB to sort     63857059 kmers
Used 24.870 GB / 79.750 GB to store   2089061916 kmers; need 30.449 GB to sort     63857059 kmers
Used 24.998 GB / 79.750 GB to store   2151922959 kmers; need 30.449 GB to sort     63857059 kmers
Used 25.124 GB / 79.750 GB to store   2212687849 kmers; need 30.449 GB to sort     63857059 kmers
Used 25.250 GB / 79.750 GB to store   2273453295 kmers; need 30.449 GB to sort     63857059 kmers
Used 25.376 GB / 79.750 GB to store   2334218371 kmers; need 30.449 GB to sort     63857059 kmers
Used 25.504 GB / 79.750 GB to store   2394983544 kmers; need 30.449 GB to sort     63857059 kmers
Used 25.632 GB / 79.750 GB to store   2455749137 kmers; need 30.449 GB to sort     63857059 kmers
Used 25.761 GB / 79.750 GB to store   2516514625 kmers; need 30.449 GB to sort     63857059 kmers
Used 25.886 GB / 79.750 GB to store   2575184021 kmers; need 30.449 GB to sort     63857059 kmers
Used 26.015 GB / 79.750 GB to store   2635948746 kmers; need 30.449 GB to sort     63857059 kmers
Used 26.141 GB / 79.750 GB to store   2694619015 kmers; need 30.449 GB to sort     63857059 kmers
Used 26.267 GB / 79.750 GB to store   2753288696 kmers; need 30.449 GB to sort     63857059 kmers
Used 26.394 GB / 79.750 GB to store   2811957935 kmers; need 30.449 GB to sort     63857059 kmers
Used 26.523 GB / 79.750 GB to store   2870627265 kmers; need 30.449 GB to sort     63857059 kmers
Used 26.650 GB / 79.750 GB to store   2929297309 kmers; need 30.449 GB to sort     63857059 kmers
Used 26.778 GB / 79.750 GB to store   2987967032 kmers; need 30.449 GB to sort     63857059 kmers
Used 26.907 GB / 79.750 GB to store   3046637063 kmers; need 30.449 GB to sort     63857059 kmers
Used 27.036 GB / 79.750 GB to store   3105307059 kmers; need 30.449 GB to sort     63857059 kmers
Used 27.161 GB / 79.750 GB to store   3161881412 kmers; need 30.449 GB to sort     63857059 kmers
Used 27.287 GB / 79.750 GB to store   3218456114 kmers; need 30.449 GB to sort     63857059 kmers
Used 27.416 GB / 79.750 GB to store   3277126131 kmers; need 30.449 GB to sort     63857059 kmers
Used 27.542 GB / 79.750 GB to store   3333700677 kmers; need 30.449 GB to sort     63857059 kmers
Used 27.668 GB / 79.750 GB to store   3390275391 kmers; need 30.449 GB to sort     63857059 kmers
Used 27.794 GB / 79.750 GB to store   3446849832 kmers; need 30.449 GB to sort     63857059 kmers
Used 27.920 GB / 79.750 GB to store   3503424294 kmers; need 30.449 GB to sort     63857059 kmers
Used 28.047 GB / 79.750 GB to store   3559998714 kmers; need 30.449 GB to sort     63857059 kmers
Used 28.172 GB / 79.750 GB to store   3616572978 kmers; need 30.449 GB to sort     63857059 kmers
Used 28.301 GB / 79.750 GB to store   3673147377 kmers; need 30.449 GB to sort     63857059 kmers
Used 28.428 GB / 79.750 GB to store   3729721860 kmers; need 30.449 GB to sort     63857059 kmers
Used 28.557 GB / 79.750 GB to store   3786296616 kmers; need 30.449 GB to sort     63857059 kmers
Used 28.685 GB / 79.750 GB to store   3842871246 kmers; need 30.449 GB to sort     63857059 kmers
Used 28.812 GB / 79.750 GB to store   3899445897 kmers; need 30.449 GB to sort     63857059 kmers
Used 28.941 GB / 79.750 GB to store   3956020317 kmers; need 30.449 GB to sort     63857059 kmers
Used 29.069 GB / 79.750 GB to store   4012595255 kmers; need 30.449 GB to sort     63857059 kmers
Used 29.198 GB / 79.750 GB to store   4069169538 kmers; need 30.449 GB to sort     63857059 kmers
Used 29.326 GB / 79.750 GB to store   4125743437 kmers; need 30.449 GB to sort     63857059 kmers
Used 29.456 GB / 79.750 GB to store   4182317292 kmers; need 30.449 GB to sort     63857059 kmers
Used 29.581 GB / 79.750 GB to store   4236796514 kmers; need 30.449 GB to sort     63857059 kmers
Used 29.706 GB / 79.750 GB to store   4291275436 kmers; need 30.449 GB to sort     63857059 kmers
Used 29.835 GB / 79.750 GB to store   4347850276 kmers; need 30.449 GB to sort     63857059 kmers
Used 29.964 GB / 79.750 GB to store   4404424396 kmers; need 30.449 GB to sort     63857059 kmers
Used 30.093 GB / 79.750 GB to store   4460998858 kmers; need 30.449 GB to sort     63857059 kmers
Used 30.218 GB / 79.750 GB to store   4515477661 kmers; need 30.449 GB to sort     63857059 kmers
Used 30.348 GB / 79.750 GB to store   4572052123 kmers; need 30.449 GB to sort     63857059 kmers
Used 30.473 GB / 79.750 GB to store   4626531450 kmers; need 30.449 GB to sort     63857059 kmers
Used 30.599 GB / 79.750 GB to store   4681010756 kmers; need 30.449 GB to sort     63857059 kmers
Used 30.726 GB / 79.750 GB to store   4735489295 kmers; need 30.449 GB to sort     63857059 kmers
Used 30.851 GB / 79.750 GB to store   4789967652 kmers; need 30.449 GB to sort     63857059 kmers
Used 30.977 GB / 79.750 GB to store   4844446578 kmers; need 30.449 GB to sort     63857059 kmers
Used 31.103 GB / 79.750 GB to store   4898925779 kmers; need 30.449 GB to sort     63857059 kmers
Used 31.230 GB / 79.750 GB to store   4953404665 kmers; need 30.449 GB to sort     63857059 kmers
Used 31.357 GB / 79.750 GB to store   5007883824 kmers; need 30.449 GB to sort     63857059 kmers
Used 31.484 GB / 79.750 GB to store   5062363151 kmers; need 30.449 GB to sort     63857059 kmers
Used 31.610 GB / 79.750 GB to store   5116841915 kmers; need 30.449 GB to sort     63857059 kmers
Used 31.736 GB / 79.750 GB to store   5171320793 kmers; need 30.449 GB to sort     63857059 kmers
Used 31.862 GB / 79.750 GB to store   5225799429 kmers; need 30.449 GB to sort     63857059 kmers
Used 31.989 GB / 79.750 GB to store   5280278642 kmers; need 30.449 GB to sort     63857059 kmers
Used 32.116 GB / 79.750 GB to store   5334757738 kmers; need 30.449 GB to sort     63857059 kmers
Used 32.244 GB / 79.750 GB to store   5389236676 kmers; need 30.449 GB to sort     63857059 kmers
Used 32.371 GB / 79.750 GB to store   5443715625 kmers; need 30.449 GB to sort     63857059 kmers
Used 32.499 GB / 79.750 GB to store   5498194351 kmers; need 30.449 GB to sort     63857059 kmers
Used 32.626 GB / 79.750 GB to store   5552673657 kmers; need 30.449 GB to sort     63857059 kmers
Used 32.753 GB / 79.750 GB to store   5607152482 kmers; need 30.449 GB to sort     63857059 kmers
Used 32.882 GB / 79.750 GB to store   5661631670 kmers; need 30.449 GB to sort     63857059 kmers
Used 33.010 GB / 79.750 GB to store   5716110661 kmers; need 30.449 GB to sort     63857059 kmers
Used 33.139 GB / 79.750 GB to store   5770589883 kmers; need 30.449 GB to sort     63857059 kmers
Used 33.267 GB / 79.750 GB to store   5825069294 kmers; need 30.449 GB to sort     63857059 kmers
Used 33.394 GB / 79.750 GB to store   5879548579 kmers; need 30.449 GB to sort     63857059 kmers
Used 33.523 GB / 79.750 GB to store   5934028158 kmers; need 30.449 GB to sort     63857059 kmers
Used 33.651 GB / 79.750 GB to store   5988507317 kmers; need 30.449 GB to sort     63857059 kmers
Used 33.779 GB / 79.750 GB to store   6042986089 kmers; need 30.449 GB to sort     63857059 kmers
Used 33.909 GB / 79.750 GB to store   6097465185 kmers; need 30.449 GB to sort     63857059 kmers
Used 34.038 GB / 79.750 GB to store   6151944554 kmers; need 30.449 GB to sort     63857059 kmers
Used 34.167 GB / 79.750 GB to store   6206423650 kmers; need 30.449 GB to sort     63857059 kmers
Used 34.296 GB / 79.750 GB to store   6260902601 kmers; need 30.449 GB to sort     63857059 kmers
Used 34.425 GB / 79.750 GB to store   6315381157 kmers; need 30.449 GB to sort     63857059 kmers
Used 34.554 GB / 79.750 GB to store   6369860400 kmers; need 30.449 GB to sort     63857059 kmers
Used 34.683 GB / 79.750 GB to store   6424339599 kmers; need 30.449 GB to sort     63857059 kmers
Used 34.812 GB / 79.750 GB to store   6478818884 kmers; need 30.449 GB to sort     63857059 kmers
Used 34.941 GB / 79.750 GB to store   6533298127 kmers; need 30.449 GB to sort     63857059 kmers
Used 35.070 GB / 79.750 GB to store   6587776925 kmers; need 30.449 GB to sort     63857059 kmers
Used 35.199 GB / 79.750 GB to store   6642256105 kmers; need 30.449 GB to sort     63857059 kmers
Used 35.328 GB / 79.750 GB to store   6696735180 kmers; need 30.449 GB to sort     63857059 kmers
Used 35.457 GB / 79.750 GB to store   6751213902 kmers; need 30.449 GB to sort     63857059 kmers
Used 35.582 GB / 79.750 GB to store   6803597716 kmers; need 30.449 GB to sort     63857059 kmers
Used 35.711 GB / 79.750 GB to store   6858076294 kmers; need 30.449 GB to sort     63857059 kmers
Used 35.841 GB / 79.750 GB to store   6912555684 kmers; need 30.449 GB to sort     63857059 kmers
Used 35.970 GB / 79.750 GB to store   6967034948 kmers; need 30.449 GB to sort     63857059 kmers
Used 36.095 GB / 79.750 GB to store   7019418846 kmers; need 30.449 GB to sort     63857059 kmers
Used 36.224 GB / 79.750 GB to store   7073897963 kmers; need 30.449 GB to sort     63857059 kmers
Used 36.350 GB / 79.750 GB to store   7126281756 kmers; need 30.449 GB to sort     63857059 kmers
Used 36.480 GB / 79.750 GB to store   7180760978 kmers; need 30.449 GB to sort     63857059 kmers
Used 36.608 GB / 79.750 GB to store   7235240200 kmers; need 30.449 GB to sort     63857059 kmers
Used 36.734 GB / 79.750 GB to store   7287624224 kmers; need 30.449 GB to sort     63857059 kmers
Used 36.860 GB / 79.750 GB to store   7340008269 kmers; need 30.449 GB to sort     63857059 kmers
Used 36.990 GB / 79.750 GB to store   7394487408 kmers; need 30.449 GB to sort     63857059 kmers
Used 37.116 GB / 79.750 GB to store   7446871264 kmers; need 30.449 GB to sort     63857059 kmers
Used 37.242 GB / 79.750 GB to store   7499255159 kmers; need 30.449 GB to sort     63857059 kmers
Used 37.367 GB / 79.750 GB to store   7551638784 kmers; need 30.449 GB to sort     63857059 kmers
Used 37.492 GB / 79.750 GB to store   7604022892 kmers; need 30.449 GB to sort     63857059 kmers
Used 37.622 GB / 79.750 GB to store   7658502219 kmers; need 30.449 GB to sort     63857059 kmers
Used 37.748 GB / 79.750 GB to store   7710885814 kmers; need 30.449 GB to sort     63857059 kmers
Used 37.873 GB / 79.750 GB to store   7763269607 kmers; need 30.449 GB to sort     63857059 kmers
Used 37.999 GB / 79.750 GB to store   7815652989 kmers; need 30.449 GB to sort     63857059 kmers
Used 38.124 GB / 79.750 GB to store   7868037076 kmers; need 30.449 GB to sort     63857059 kmers
Used 38.250 GB / 79.750 GB to store   7920420973 kmers; need 30.449 GB to sort     63857059 kmers
Used 38.377 GB / 79.750 GB to store   7972804416 kmers; need 30.449 GB to sort     63857059 kmers
Used 38.503 GB / 79.750 GB to store   8025188230 kmers; need 30.449 GB to sort     63857059 kmers
Used 38.628 GB / 79.750 GB to store   8077571885 kmers; need 30.449 GB to sort     63857059 kmers
Used 38.754 GB / 79.750 GB to store   8129955323 kmers; need 30.449 GB to sort     63857059 kmers
Used 38.881 GB / 79.750 GB to store   8182338874 kmers; need 30.449 GB to sort     63857059 kmers
Used 39.008 GB / 79.750 GB to store   8234722049 kmers; need 30.449 GB to sort     63857059 kmers
Used 39.135 GB / 79.750 GB to store   8287106136 kmers; need 30.449 GB to sort     63857059 kmers
Used 39.261 GB / 79.750 GB to store   8339489950 kmers; need 30.449 GB to sort     63857059 kmers
Used 39.391 GB / 79.750 GB to store   8393969214 kmers; need 30.449 GB to sort     63857059 kmers
Used 39.518 GB / 79.750 GB to store   8446352923 kmers; need 30.449 GB to sort     63857059 kmers
Used 39.644 GB / 79.750 GB to store   8498736141 kmers; need 30.449 GB to sort     63857059 kmers
Used 39.770 GB / 79.750 GB to store   8551119745 kmers; need 30.449 GB to sort     63857059 kmers
Used 39.897 GB / 79.750 GB to store   8603503391 kmers; need 30.449 GB to sort     63857059 kmers
Used 40.023 GB / 79.750 GB to store   8655886797 kmers; need 30.449 GB to sort     63857059 kmers
Used 40.149 GB / 79.750 GB to store   8708270308 kmers; need 30.449 GB to sort     63857059 kmers
Used 40.274 GB / 79.750 GB to store   8760654185 kmers; need 30.449 GB to sort     63857059 kmers
Used 40.400 GB / 79.750 GB to store   8813037957 kmers; need 30.449 GB to sort     63857059 kmers
Used 40.526 GB / 79.750 GB to store   8865421642 kmers; need 30.449 GB to sort     63857059 kmers
Used 40.653 GB / 79.750 GB to store   8917805351 kmers; need 30.449 GB to sort     63857059 kmers
Used 40.779 GB / 79.750 GB to store   8970189032 kmers; need 30.449 GB to sort     63857059 kmers
Used 40.906 GB / 79.750 GB to store   9022572864 kmers; need 30.449 GB to sort     63857059 kmers
Used 41.033 GB / 79.750 GB to store   9074956457 kmers; need 30.449 GB to sort     63857059 kmers
Used 41.159 GB / 79.750 GB to store   9127340103 kmers; need 30.449 GB to sort     63857059 kmers
Used 41.286 GB / 79.750 GB to store   9179723770 kmers; need 30.449 GB to sort     63857059 kmers
Used 41.412 GB / 79.750 GB to store   9232107784 kmers; need 30.449 GB to sort     63857059 kmers
Used 41.538 GB / 79.750 GB to store   9284491588 kmers; need 30.449 GB to sort     63857059 kmers
Used 41.666 GB / 79.750 GB to store   9336875444 kmers; need 30.449 GB to sort     63857059 kmers
Used 41.792 GB / 79.750 GB to store   9389259174 kmers; need 30.449 GB to sort     63857059 kmers
Used 41.919 GB / 79.750 GB to store   9441643104 kmers; need 30.449 GB to sort     63857059 kmers
Used 42.046 GB / 79.750 GB to store   9494027002 kmers; need 30.449 GB to sort     63857059 kmers
Used 42.173 GB / 79.750 GB to store   9546411152 kmers; need 30.449 GB to sort     63857059 kmers
Used 42.299 GB / 79.750 GB to store   9598795134 kmers; need 30.449 GB to sort     63857059 kmers
Used 42.426 GB / 79.750 GB to store   9651178572 kmers; need 30.449 GB to sort     63857059 kmers
Used 42.554 GB / 79.750 GB to store   9703562239 kmers; need 30.449 GB to sort     63857059 kmers
Used 42.682 GB / 79.750 GB to store   9755946263 kmers; need 30.449 GB to sort     63857059 kmers
Used 42.809 GB / 79.750 GB to store   9808330077 kmers; need 30.449 GB to sort     63857059 kmers
Used 42.936 GB / 79.750 GB to store   9860713912 kmers; need 30.449 GB to sort     63857059 kmers
Used 43.064 GB / 79.750 GB to store   9913097127 kmers; need 30.449 GB to sort     63857059 kmers
Used 43.190 GB / 79.750 GB to store   9965481130 kmers; need 30.449 GB to sort     63857059 kmers
Used 43.317 GB / 79.750 GB to store  10017864798 kmers; need 30.449 GB to sort     63857059 kmers
Used 43.443 GB / 79.750 GB to store  10070248696 kmers; need 30.449 GB to sort     63857059 kmers
Used 43.570 GB / 79.750 GB to store  10122631845 kmers; need 30.449 GB to sort     63857059 kmers
Used 43.697 GB / 79.750 GB to store  10175015575 kmers; need 30.449 GB to sort     63857059 kmers
Used 43.824 GB / 79.750 GB to store  10227399481 kmers; need 30.449 GB to sort     63857059 kmers
Used 43.951 GB / 79.750 GB to store  10279782886 kmers; need 30.449 GB to sort     63857059 kmers
Used 44.079 GB / 79.750 GB to store  10332166574 kmers; need 30.449 GB to sort     63857059 kmers
Used 44.206 GB / 79.750 GB to store  10384550535 kmers; need 30.449 GB to sort     63857059 kmers
Used 44.333 GB / 79.750 GB to store  10436934143 kmers; need 30.449 GB to sort     63857059 kmers
Used 44.460 GB / 79.750 GB to store  10489317746 kmers; need 30.449 GB to sort     63857059 kmers
Used 44.587 GB / 79.750 GB to store  10541701329 kmers; need 30.449 GB to sort     63857059 kmers
Used 44.715 GB / 79.750 GB to store  10594084807 kmers; need 30.449 GB to sort     63857059 kmers
Used 44.844 GB / 79.750 GB to store  10646468453 kmers; need 30.449 GB to sort     63857059 kmers
Used 44.970 GB / 79.750 GB to store  10698852351 kmers; need 30.449 GB to sort     63857059 kmers
Used 45.098 GB / 79.750 GB to store  10751236222 kmers; need 30.449 GB to sort     63857059 kmers
Used 45.226 GB / 79.750 GB to store  10803620141 kmers; need 30.449 GB to sort     63857059 kmers
Used 45.353 GB / 79.750 GB to store  10856003913 kmers; need 30.449 GB to sort     63857059 kmers
Used 45.481 GB / 79.750 GB to store  10908387254 kmers; need 30.449 GB to sort     63857059 kmers
Used 45.608 GB / 79.750 GB to store  10960771278 kmers; need 30.449 GB to sort     63857059 kmers
Used 45.735 GB / 79.750 GB to store  11013154810 kmers; need 30.449 GB to sort     63857059 kmers
Used 45.860 GB / 79.750 GB to store  11065538273 kmers; need 30.449 GB to sort     63857059 kmers
Used 45.988 GB / 79.750 GB to store  11117921940 kmers; need 30.449 GB to sort     63857059 kmers
Used 46.117 GB / 79.750 GB to store  11170304955 kmers; need 30.449 GB to sort     63857059 kmers
Used 46.242 GB / 79.750 GB to store  11220593340 kmers; need 30.449 GB to sort     63857059 kmers
Used 46.370 GB / 79.750 GB to store  11272977448 kmers; need 30.449 GB to sort     63857059 kmers
Used 46.499 GB / 79.750 GB to store  11325360981 kmers; need 30.449 GB to sort     63857059 kmers
Used 46.626 GB / 79.750 GB to store  11377744621 kmers; need 30.449 GB to sort     63857059 kmers
Used 46.753 GB / 79.750 GB to store  11430128326 kmers; need 30.449 GB to sort     63857059 kmers
Used 46.881 GB / 79.750 GB to store  11482512077 kmers; need 30.449 GB to sort     63857059 kmers
Used 47.008 GB / 79.750 GB to store  11534895406 kmers; need 30.449 GB to sort     63857059 kmers
Used 47.136 GB / 79.750 GB to store  11587279388 kmers; need 30.449 GB to sort     63857059 kmers
Used 47.265 GB / 79.750 GB to store  11639663328 kmers; need 30.449 GB to sort     63857059 kmers
Used 47.393 GB / 79.750 GB to store  11692046653 kmers; need 30.449 GB to sort     63857059 kmers
Used 47.521 GB / 79.750 GB to store  11744429989 kmers; need 30.449 GB to sort     63857059 kmers
Used 47.650 GB / 79.750 GB to store  11796813803 kmers; need 30.449 GB to sort     63857059 kmers
Used 47.777 GB / 79.750 GB to store  11849197533 kmers; need 30.449 GB to sort     63857059 kmers
Used 47.905 GB / 79.750 GB to store  11901581200 kmers; need 30.449 GB to sort     63857059 kmers
Used 48.033 GB / 79.750 GB to store  11953964930 kmers; need 30.449 GB to sort     63857059 kmers
Used 48.161 GB / 79.750 GB to store  12006348597 kmers; need 30.449 GB to sort     63857059 kmers
Used 48.289 GB / 79.750 GB to store  12058732015 kmers; need 30.449 GB to sort     63857059 kmers
Used 48.418 GB / 79.750 GB to store  12111116039 kmers; need 30.449 GB to sort     63857059 kmers
Used 48.546 GB / 79.750 GB to store  12163499937 kmers; need 30.449 GB to sort     63857059 kmers
Used 48.675 GB / 79.750 GB to store  12215883688 kmers; need 30.449 GB to sort     63857059 kmers
Used 48.803 GB / 79.750 GB to store  12268267439 kmers; need 30.449 GB to sort     63857059 kmers
Used 48.931 GB / 79.750 GB to store  12320651182 kmers; need 30.449 GB to sort     63857059 kmers
Used 49.008 GB / 79.750 GB to store  12352081588 kmers; need 30.504 GB to sort     63971837 kmers
Used 49.070 GB / 79.750 GB to store  12377225379 kmers; need 30.573 GB to sort     64116562 kmers
Memory full.  Writing results to 'hifi.meryl', using 30 threads (2 threads still doing input).

Used 20.948 GB / 79.750 GB to store      2095366 kmers; need 30.632 GB to sort     64240405 kmers
Used 21.084 GB / 79.750 GB to store     14667499 kmers; need 30.632 GB to sort     64240405 kmers
Used 21.212 GB / 79.750 GB to store     25144308 kmers; need 30.632 GB to sort     64240405 kmers
Used 21.346 GB / 79.750 GB to store     33525793 kmers; need 30.632 GB to sort     64240405 kmers
Used 21.487 GB / 79.750 GB to store     44002518 kmers; need 30.632 GB to sort     64240405 kmers
Used 21.615 GB / 79.750 GB to store     52383919 kmers; need 30.632 GB to sort     64240405 kmers
Used 21.744 GB / 79.750 GB to store     60765320 kmers; need 30.632 GB to sort     64240405 kmers
Used 21.872 GB / 79.750 GB to store     79623509 kmers; need 30.632 GB to sort     64240405 kmers
Used 21.998 GB / 79.750 GB to store    205343843 kmers; need 30.632 GB to sort     64240405 kmers
Used 22.124 GB / 79.750 GB to store    389734291 kmers; need 30.632 GB to sort     64240405 kmers
Used 22.251 GB / 79.750 GB to store    528027019 kmers; need 30.632 GB to sort     64240405 kmers
Used 22.378 GB / 79.750 GB to store    643270225 kmers; need 30.632 GB to sort     64240405 kmers
Used 22.503 GB / 79.750 GB to store    743846974 kmers; need 30.632 GB to sort     64240405 kmers
Used 22.630 GB / 79.750 GB to store    838136928 kmers; need 30.632 GB to sort     64240405 kmers
Used 22.757 GB / 79.750 GB to store    926141458 kmers; need 30.632 GB to sort     64240405 kmers
Used 22.884 GB / 79.750 GB to store   1009955363 kmers; need 30.632 GB to sort     64240405 kmers
Used 23.012 GB / 79.750 GB to store   1091673716 kmers; need 30.632 GB to sort     64240405 kmers
Used 23.140 GB / 79.750 GB to store   1169201487 kmers; need 30.632 GB to sort     64240405 kmers
Used 23.268 GB / 79.750 GB to store   1244634014 kmers; need 30.632 GB to sort     64240405 kmers
Used 23.395 GB / 79.750 GB to store   1317970918 kmers; need 30.632 GB to sort     64240405 kmers
Used 23.522 GB / 79.750 GB to store   1389212879 kmers; need 30.632 GB to sort     64240405 kmers
Used 23.651 GB / 79.750 GB to store   1460454894 kmers; need 30.632 GB to sort     64240405 kmers
Used 23.778 GB / 79.750 GB to store   1529601003 kmers; need 30.632 GB to sort     64240405 kmers
Used 23.903 GB / 79.750 GB to store   1596652085 kmers; need 30.632 GB to sort     64240405 kmers
Used 24.031 GB / 79.750 GB to store   1663703419 kmers; need 30.632 GB to sort     64240405 kmers
Used 24.159 GB / 79.750 GB to store   1730754597 kmers; need 30.632 GB to sort     64240405 kmers
Used 24.284 GB / 79.750 GB to store   1795710206 kmers; need 30.632 GB to sort     64240405 kmers
Used 24.411 GB / 79.750 GB to store   1860666069 kmers; need 30.632 GB to sort     64240405 kmers
Used 24.540 GB / 79.750 GB to store   1925621680 kmers; need 30.632 GB to sort     64240405 kmers
Used 24.666 GB / 79.750 GB to store   1988482618 kmers; need 30.632 GB to sort     64240405 kmers
Used 24.794 GB / 79.750 GB to store   2051343348 kmers; need 30.632 GB to sort     64240405 kmers
Used 24.921 GB / 79.750 GB to store   2114203593 kmers; need 30.632 GB to sort     64240405 kmers
Used 25.047 GB / 79.750 GB to store   2174968459 kmers; need 30.632 GB to sort     64240405 kmers
Used 25.176 GB / 79.750 GB to store   2237828737 kmers; need 30.632 GB to sort     64240405 kmers
Used 25.302 GB / 79.750 GB to store   2298593763 kmers; need 30.632 GB to sort     64240405 kmers
Used 25.429 GB / 79.750 GB to store   2359359062 kmers; need 30.632 GB to sort     64240405 kmers
Used 25.557 GB / 79.750 GB to store   2420124550 kmers; need 30.632 GB to sort     64240405 kmers
Used 25.686 GB / 79.750 GB to store   2480889768 kmers; need 30.632 GB to sort     64240405 kmers
Used 25.814 GB / 79.750 GB to store   2541654633 kmers; need 30.632 GB to sort     64240405 kmers
Used 25.943 GB / 79.750 GB to store   2602419415 kmers; need 30.632 GB to sort     64240405 kmers
Used 26.070 GB / 79.750 GB to store   2661089170 kmers; need 30.632 GB to sort     64240405 kmers
Used 26.196 GB / 79.750 GB to store   2719759439 kmers; need 30.632 GB to sort     64240405 kmers
Used 26.322 GB / 79.750 GB to store   2778429030 kmers; need 30.632 GB to sort     64240405 kmers
Used 26.449 GB / 79.750 GB to store   2837098963 kmers; need 30.632 GB to sort     64240405 kmers
Used 26.577 GB / 79.750 GB to store   2895768623 kmers; need 30.632 GB to sort     64240405 kmers
Used 26.704 GB / 79.750 GB to store   2954438084 kmers; need 30.632 GB to sort     64240405 kmers
Used 26.834 GB / 79.750 GB to store   3013107723 kmers; need 30.632 GB to sort     64240405 kmers
Used 26.962 GB / 79.750 GB to store   3071776808 kmers; need 30.632 GB to sort     64240405 kmers
Used 27.091 GB / 79.750 GB to store   3130446675 kmers; need 30.632 GB to sort     64240405 kmers
Used 27.221 GB / 79.750 GB to store   3189116314 kmers; need 30.632 GB to sort     64240405 kmers
Used 27.346 GB / 79.750 GB to store   3245690860 kmers; need 30.632 GB to sort     64240405 kmers
Used 27.471 GB / 79.750 GB to store   3302265133 kmers; need 30.632 GB to sort     64240405 kmers
Used 27.598 GB / 79.750 GB to store   3358839427 kmers; need 30.632 GB to sort     64240405 kmers
Used 27.724 GB / 79.750 GB to store   3415412992 kmers; need 30.632 GB to sort     64240405 kmers
Used 27.849 GB / 79.750 GB to store   3471986549 kmers; need 30.632 GB to sort     64240405 kmers
Used 27.976 GB / 79.750 GB to store   3528561305 kmers; need 30.632 GB to sort     64240405 kmers
Used 28.103 GB / 79.750 GB to store   3585135065 kmers; need 30.632 GB to sort     64240405 kmers
Used 28.229 GB / 79.750 GB to store   3641709443 kmers; need 30.632 GB to sort     64240405 kmers
Used 28.357 GB / 79.750 GB to store   3698283779 kmers; need 30.632 GB to sort     64240405 kmers
Used 28.484 GB / 79.750 GB to store   3754858073 kmers; need 30.632 GB to sort     64240405 kmers
Used 28.611 GB / 79.750 GB to store   3811432451 kmers; need 30.632 GB to sort     64240405 kmers
Used 28.739 GB / 79.750 GB to store   3868007102 kmers; need 30.632 GB to sort     64240405 kmers
Used 28.868 GB / 79.750 GB to store   3924581648 kmers; need 30.632 GB to sort     64240405 kmers
Used 28.996 GB / 79.750 GB to store   3981156152 kmers; need 30.632 GB to sort     64240405 kmers
Used 29.125 GB / 79.750 GB to store   4037730235 kmers; need 30.632 GB to sort     64240405 kmers
Used 29.254 GB / 79.750 GB to store   4094304613 kmers; need 30.632 GB to sort     64240405 kmers
Used 29.383 GB / 79.750 GB to store   4150879054 kmers; need 30.632 GB to sort     64240405 kmers
Used 29.512 GB / 79.750 GB to store   4207453432 kmers; need 30.632 GB to sort     64240405 kmers
Used 29.641 GB / 79.750 GB to store   4264026903 kmers; need 30.632 GB to sort     64240405 kmers
Used 29.766 GB / 79.750 GB to store   4318505185 kmers; need 30.632 GB to sort     64240405 kmers
Used 29.895 GB / 79.750 GB to store   4375079152 kmers; need 30.632 GB to sort     64240405 kmers
Used 30.023 GB / 79.750 GB to store   4431653277 kmers; need 30.632 GB to sort     64240405 kmers
Used 30.149 GB / 79.750 GB to store   4486132499 kmers; need 30.632 GB to sort     64240405 kmers
Used 30.275 GB / 79.750 GB to store   4540611483 kmers; need 30.632 GB to sort     64240405 kmers
Used 30.400 GB / 79.750 GB to store   4595090558 kmers; need 30.632 GB to sort     64240405 kmers
Used 30.525 GB / 79.750 GB to store   4649569486 kmers; need 30.632 GB to sort     64240405 kmers
Used 30.651 GB / 79.750 GB to store   4704048057 kmers; need 30.632 GB to sort     64240405 kmers
Used 30.777 GB / 79.750 GB to store   4758526666 kmers; need 30.632 GB to sort     64240405 kmers
Used 30.902 GB / 79.750 GB to store   4813005678 kmers; need 30.632 GB to sort     64240405 kmers
Used 31.029 GB / 79.750 GB to store   4867484051 kmers; need 30.632 GB to sort     64240405 kmers
Used 31.156 GB / 79.750 GB to store   4921962980 kmers; need 30.632 GB to sort     64240405 kmers
Used 31.282 GB / 79.750 GB to store   4976440926 kmers; need 30.632 GB to sort     64240405 kmers
Used 31.408 GB / 79.750 GB to store   5030919581 kmers; need 30.632 GB to sort     64240405 kmers
Used 31.535 GB / 79.750 GB to store   5085397992 kmers; need 30.632 GB to sort     64240405 kmers
Used 31.661 GB / 79.750 GB to store   5139876941 kmers; need 30.632 GB to sort     64240405 kmers
Used 31.787 GB / 79.750 GB to store   5194355869 kmers; need 30.632 GB to sort     64240405 kmers
Used 31.914 GB / 79.750 GB to store   5248834478 kmers; need 30.632 GB to sort     64240405 kmers
Used 32.042 GB / 79.750 GB to store   5303313448 kmers; need 30.632 GB to sort     64240405 kmers
Used 32.169 GB / 79.750 GB to store   5357792166 kmers; need 30.632 GB to sort     64240405 kmers
Used 32.295 GB / 79.750 GB to store   5412271136 kmers; need 30.632 GB to sort     64240405 kmers
Used 32.422 GB / 79.750 GB to store   5466749833 kmers; need 30.632 GB to sort     64240405 kmers
Used 32.550 GB / 79.750 GB to store   5521228593 kmers; need 30.632 GB to sort     64240405 kmers
Used 32.678 GB / 79.750 GB to store   5575707500 kmers; need 30.632 GB to sort     64240405 kmers
Used 32.806 GB / 79.750 GB to store   5630186174 kmers; need 30.632 GB to sort     64240405 kmers
Used 32.935 GB / 79.750 GB to store   5684664808 kmers; need 30.632 GB to sort     64240405 kmers
Used 33.063 GB / 79.750 GB to store   5739143766 kmers; need 30.632 GB to sort     64240405 kmers
Used 33.191 GB / 79.750 GB to store   5793622120 kmers; need 30.632 GB to sort     64240405 kmers
Used 33.319 GB / 79.750 GB to store   5848101006 kmers; need 30.632 GB to sort     64240405 kmers
Used 33.448 GB / 79.750 GB to store   5902579473 kmers; need 30.632 GB to sort     64240405 kmers
Used 33.576 GB / 79.750 GB to store   5957058597 kmers; need 30.632 GB to sort     64240405 kmers
Used 33.704 GB / 79.750 GB to store   6011537669 kmers; need 30.632 GB to sort     64240405 kmers
Used 33.833 GB / 79.750 GB to store   6066016261 kmers; need 30.632 GB to sort     64240405 kmers
Used 33.963 GB / 79.750 GB to store   6120495147 kmers; need 30.632 GB to sort     64240405 kmers
Used 34.088 GB / 79.750 GB to store   6172878730 kmers; need 30.632 GB to sort     64240405 kmers
Used 34.216 GB / 79.750 GB to store   6227357721 kmers; need 30.632 GB to sort     64240405 kmers
Used 34.344 GB / 79.750 GB to store   6281836348 kmers; need 30.632 GB to sort     64240405 kmers
Used 34.474 GB / 79.750 GB to store   6336315382 kmers; need 30.632 GB to sort     64240405 kmers
Used 34.602 GB / 79.750 GB to store   6390794121 kmers; need 30.632 GB to sort     64240405 kmers
Used 34.731 GB / 79.750 GB to store   6445273124 kmers; need 30.632 GB to sort     64240405 kmers
Used 34.860 GB / 79.750 GB to store   6500382209 kmers; need 30.632 GB to sort     64240405 kmers
Used 34.989 GB / 79.750 GB to store   6554861057 kmers; need 30.632 GB to sort     64240405 kmers
Used 35.119 GB / 79.750 GB to store   6609339796 kmers; need 30.632 GB to sort     64240405 kmers
Used 35.248 GB / 79.750 GB to store   6663818634 kmers; need 30.632 GB to sort     64240405 kmers
Used 35.378 GB / 79.750 GB to store   6718297772 kmers; need 30.632 GB to sort     64240405 kmers
Used 35.507 GB / 79.750 GB to store   6772776709 kmers; need 30.632 GB to sort     64240405 kmers
Used 35.636 GB / 79.750 GB to store   6827255298 kmers; need 30.632 GB to sort     64240405 kmers
Used 35.761 GB / 79.750 GB to store   6879638629 kmers; need 30.632 GB to sort     64240405 kmers
Used 35.891 GB / 79.750 GB to store   6934117221 kmers; need 30.632 GB to sort     64240405 kmers
Used 36.020 GB / 79.750 GB to store   6988596023 kmers; need 30.632 GB to sort     64240405 kmers
Used 36.150 GB / 79.750 GB to store   7043074594 kmers; need 30.632 GB to sort     64240405 kmers
Used 36.279 GB / 79.750 GB to store   7097552671 kmers; need 30.632 GB to sort     64240405 kmers
Used 36.404 GB / 79.750 GB to store   7149935704 kmers; need 30.632 GB to sort     64240405 kmers
Used 36.533 GB / 79.750 GB to store   7204414527 kmers; need 30.632 GB to sort     64240405 kmers
Used 36.664 GB / 79.750 GB to store   7258892979 kmers; need 30.632 GB to sort     64240405 kmers
Used 36.790 GB / 79.750 GB to store   7311276667 kmers; need 30.632 GB to sort     64240405 kmers
Used 36.916 GB / 79.750 GB to store   7363659830 kmers; need 30.632 GB to sort     64240405 kmers
Used 37.041 GB / 79.750 GB to store   7416043329 kmers; need 30.632 GB to sort     64240405 kmers
Used 37.171 GB / 79.750 GB to store   7470521640 kmers; need 30.632 GB to sort     64240405 kmers
Used 37.297 GB / 79.750 GB to store   7522904677 kmers; need 30.632 GB to sort     64240405 kmers
Used 37.426 GB / 79.750 GB to store   7577383128 kmers; need 30.632 GB to sort     64240405 kmers
Used 37.553 GB / 79.750 GB to store   7629766375 kmers; need 30.632 GB to sort     64240405 kmers
Used 37.678 GB / 79.750 GB to store   7682149916 kmers; need 30.632 GB to sort     64240405 kmers
Used 37.803 GB / 79.750 GB to store   7734533241 kmers; need 30.632 GB to sort     64240405 kmers
Used 37.933 GB / 79.750 GB to store   7789011770 kmers; need 30.632 GB to sort     64240405 kmers
Used 38.059 GB / 79.750 GB to store   7841395017 kmers; need 30.632 GB to sort     64240405 kmers
Used 38.185 GB / 79.750 GB to store   7893778201 kmers; need 30.632 GB to sort     64240405 kmers
Used 38.312 GB / 79.750 GB to store   7946161679 kmers; need 30.632 GB to sort     64240405 kmers
Used 38.438 GB / 79.750 GB to store   7998544821 kmers; need 30.632 GB to sort     64240405 kmers
Used 38.564 GB / 79.750 GB to store   8050928068 kmers; need 30.632 GB to sort     64240405 kmers
Used 38.690 GB / 79.750 GB to store   8103311483 kmers; need 30.632 GB to sort     64240405 kmers
Used 38.816 GB / 79.750 GB to store   8155694751 kmers; need 30.632 GB to sort     64240405 kmers
Used 38.942 GB / 79.750 GB to store   8208078061 kmers; need 30.632 GB to sort     64240405 kmers
Used 39.069 GB / 79.750 GB to store   8260461350 kmers; need 30.632 GB to sort     64240405 kmers
Used 39.196 GB / 79.750 GB to store   8312844555 kmers; need 30.632 GB to sort     64240405 kmers
Used 39.321 GB / 79.750 GB to store   8365227900 kmers; need 30.632 GB to sort     64240405 kmers
Used 39.448 GB / 79.750 GB to store   8417611301 kmers; need 30.632 GB to sort     64240405 kmers
Used 39.574 GB / 79.750 GB to store   8469994292 kmers; need 30.632 GB to sort     64240405 kmers
Used 39.700 GB / 79.750 GB to store   8522377202 kmers; need 30.632 GB to sort     64240405 kmers
Used 39.827 GB / 79.750 GB to store   8574760126 kmers; need 30.632 GB to sort     64240405 kmers
Used 39.957 GB / 79.750 GB to store   8629238938 kmers; need 30.632 GB to sort     64240405 kmers
Used 40.082 GB / 79.750 GB to store   8681622479 kmers; need 30.632 GB to sort     64240405 kmers
Used 40.212 GB / 79.750 GB to store   8736101184 kmers; need 30.632 GB to sort     64240405 kmers
Used 40.339 GB / 79.750 GB to store   8788484452 kmers; need 30.632 GB to sort     64240405 kmers
Used 40.466 GB / 79.750 GB to store   8840867825 kmers; need 30.632 GB to sort     64240405 kmers
Used 40.592 GB / 79.750 GB to store   8893250787 kmers; need 30.632 GB to sort     64240405 kmers
Used 40.718 GB / 79.750 GB to store   8945634349 kmers; need 30.632 GB to sort     64240405 kmers
Used 40.845 GB / 79.750 GB to store   8998017701 kmers; need 30.632 GB to sort     64240405 kmers
Used 40.972 GB / 79.750 GB to store   9050401095 kmers; need 30.632 GB to sort     64240405 kmers
Used 41.097 GB / 79.750 GB to store   9102784573 kmers; need 30.632 GB to sort     64240405 kmers
Used 41.224 GB / 79.750 GB to store   9155167883 kmers; need 30.632 GB to sort     64240405 kmers
Used 41.352 GB / 79.750 GB to store   9207551508 kmers; need 30.632 GB to sort     64240405 kmers
Used 41.479 GB / 79.750 GB to store   9259935133 kmers; need 30.632 GB to sort     64240405 kmers
Used 41.605 GB / 79.750 GB to store   9312318506 kmers; need 30.632 GB to sort     64240405 kmers
Used 41.732 GB / 79.750 GB to store   9364702257 kmers; need 30.632 GB to sort     64240405 kmers
Used 41.859 GB / 79.750 GB to store   9417085096 kmers; need 30.632 GB to sort     64240405 kmers
Used 41.985 GB / 79.750 GB to store   9469468679 kmers; need 30.632 GB to sort     64240405 kmers
Used 42.112 GB / 79.750 GB to store   9521852041 kmers; need 30.632 GB to sort     64240405 kmers
Used 42.239 GB / 79.750 GB to store   9574234557 kmers; need 30.632 GB to sort     64240405 kmers
Used 42.367 GB / 79.750 GB to store   9626618098 kmers; need 30.632 GB to sort     64240405 kmers
Used 42.493 GB / 79.750 GB to store   9679001555 kmers; need 30.632 GB to sort     64240405 kmers
Used 42.619 GB / 79.750 GB to store   9731384423 kmers; need 30.632 GB to sort     64240405 kmers
Used 42.747 GB / 79.750 GB to store   9783767429 kmers; need 30.632 GB to sort     64240405 kmers
Used 42.874 GB / 79.750 GB to store   9836150970 kmers; need 30.632 GB to sort     64240405 kmers
Used 43.000 GB / 79.750 GB to store   9888534427 kmers; need 30.632 GB to sort     64240405 kmers
Used 43.127 GB / 79.750 GB to store   9940917548 kmers; need 30.632 GB to sort     64240405 kmers
Used 43.254 GB / 79.750 GB to store   9993301089 kmers; need 30.632 GB to sort     64240405 kmers
Used 43.382 GB / 79.750 GB to store  10045684397 kmers; need 30.632 GB to sort     64240405 kmers
Used 43.508 GB / 79.750 GB to store  10098067775 kmers; need 30.632 GB to sort     64240405 kmers
Used 43.635 GB / 79.750 GB to store  10150450463 kmers; need 30.632 GB to sort     64240405 kmers
Used 43.763 GB / 79.750 GB to store  10202833920 kmers; need 30.632 GB to sort     64240405 kmers
Used 43.890 GB / 79.750 GB to store  10255217108 kmers; need 30.632 GB to sort     64240405 kmers
Used 44.017 GB / 79.750 GB to store  10307600438 kmers; need 30.632 GB to sort     64240405 kmers
Used 44.146 GB / 79.750 GB to store  10359983183 kmers; need 30.632 GB to sort     64240405 kmers
Used 44.274 GB / 79.750 GB to store  10412365974 kmers; need 30.632 GB to sort     64240405 kmers
Used 44.400 GB / 79.750 GB to store  10464749431 kmers; need 30.632 GB to sort     64240405 kmers
Used 44.528 GB / 79.750 GB to store  10517132661 kmers; need 30.632 GB to sort     64240405 kmers
Used 44.655 GB / 79.750 GB to store  10569516139 kmers; need 30.632 GB to sort     64240405 kmers
Used 44.784 GB / 79.750 GB to store  10621899238 kmers; need 30.632 GB to sort     64240405 kmers
Used 44.910 GB / 79.750 GB to store  10674282041 kmers; need 30.632 GB to sort     64240405 kmers
Used 45.038 GB / 79.750 GB to store  10726665081 kmers; need 30.632 GB to sort     64240405 kmers
Used 45.164 GB / 79.750 GB to store  10779048097 kmers; need 30.632 GB to sort     64240405 kmers
Used 45.292 GB / 79.750 GB to store  10831431383 kmers; need 30.632 GB to sort     64240405 kmers
Used 45.419 GB / 79.750 GB to store  10883814798 kmers; need 30.632 GB to sort     64240405 kmers
Used 45.546 GB / 79.750 GB to store  10936198116 kmers; need 30.632 GB to sort     64240405 kmers
Used 45.674 GB / 79.750 GB to store  10988581510 kmers; need 30.632 GB to sort     64240405 kmers
Used 45.802 GB / 79.750 GB to store  11040964638 kmers; need 30.632 GB to sort     64240405 kmers
Used 45.929 GB / 79.750 GB to store  11093347780 kmers; need 30.632 GB to sort     64240405 kmers
Used 46.056 GB / 79.750 GB to store  11145731090 kmers; need 30.632 GB to sort     64240405 kmers
Used 46.185 GB / 79.750 GB to store  11198114190 kmers; need 30.632 GB to sort     64240405 kmers
Used 46.314 GB / 79.750 GB to store  11250496646 kmers; need 30.632 GB to sort     64240405 kmers
Used 46.442 GB / 79.750 GB to store  11302879893 kmers; need 30.632 GB to sort     64240405 kmers
Used 46.570 GB / 79.750 GB to store  11355263056 kmers; need 30.632 GB to sort     64240405 kmers
Used 46.697 GB / 79.750 GB to store  11407645923 kmers; need 30.632 GB to sort     64240405 kmers
Used 46.825 GB / 79.750 GB to store  11460029023 kmers; need 30.632 GB to sort     64240405 kmers
Used 46.953 GB / 79.750 GB to store  11512412258 kmers; need 30.632 GB to sort     64240405 kmers
Used 47.080 GB / 79.750 GB to store  11564794689 kmers; need 30.632 GB to sort     64240405 kmers
Used 47.208 GB / 79.750 GB to store  11617177790 kmers; need 30.632 GB to sort     64240405 kmers
Used 47.336 GB / 79.750 GB to store  11669561058 kmers; need 30.632 GB to sort     64240405 kmers
Used 47.466 GB / 79.750 GB to store  11721944179 kmers; need 30.632 GB to sort     64240405 kmers
Used 47.594 GB / 79.750 GB to store  11774327269 kmers; need 30.632 GB to sort     64240405 kmers
Used 47.722 GB / 79.750 GB to store  11826710264 kmers; need 30.632 GB to sort     64240405 kmers
Used 47.850 GB / 79.750 GB to store  11879093553 kmers; need 30.632 GB to sort     64240405 kmers
Used 47.977 GB / 79.750 GB to store  11931476403 kmers; need 30.632 GB to sort     64240405 kmers
Used 48.104 GB / 79.750 GB to store  11983859383 kmers; need 30.632 GB to sort     64240405 kmers
Used 48.232 GB / 79.750 GB to store  12036242149 kmers; need 30.632 GB to sort     64240405 kmers
Used 48.361 GB / 79.750 GB to store  12088625543 kmers; need 30.632 GB to sort     64240405 kmers
Used 48.490 GB / 79.750 GB to store  12141008217 kmers; need 30.632 GB to sort     64240405 kmers
Used 48.619 GB / 79.750 GB to store  12193391233 kmers; need 30.632 GB to sort     64240405 kmers
Used 48.748 GB / 79.750 GB to store  12245774312 kmers; need 30.632 GB to sort     64240405 kmers
Used 48.875 GB / 79.750 GB to store  12298157383 kmers; need 30.632 GB to sort     64240405 kmers
Used 49.003 GB / 79.750 GB to store  12350540777 kmers; need 30.632 GB to sort     64240405 kmers
Memory full.  Writing results to 'hifi.meryl', using 30 threads (2 threads still doing input).

Used 20.930 GB / 79.750 GB to store      2095324 kmers; need 30.571 GB to sort     64111103 kmers
Used 21.048 GB / 79.750 GB to store     16762571 kmers; need 30.585 GB to sort     64141990 kmers
Used 21.177 GB / 79.750 GB to store     27238999 kmers; need 30.585 GB to sort     64142069 kmers
Used 21.305 GB / 79.750 GB to store     35620274 kmers; need 30.585 GB to sort     64142069 kmers
Used 21.458 GB / 79.750 GB to store     46097020 kmers; need 30.585 GB to sort     64142069 kmers
Used 21.614 GB / 79.750 GB to store     56573619 kmers; need 30.585 GB to sort     64142069 kmers
Used 21.758 GB / 79.750 GB to store     67050344 kmers; need 30.585 GB to sort     64142069 kmers
Used 21.887 GB / 79.750 GB to store     83813062 kmers; need 30.585 GB to sort     64142069 kmers
Used 22.012 GB / 79.750 GB to store    228391032 kmers; need 30.585 GB to sort     64142069 kmers
Used 22.138 GB / 79.750 GB to store    404398296 kmers; need 30.585 GB to sort     64142069 kmers
Used 22.264 GB / 79.750 GB to store    538499746 kmers; need 30.585 GB to sort     64142069 kmers
Used 22.390 GB / 79.750 GB to store    651646727 kmers; need 30.585 GB to sort     64142069 kmers
Used 22.518 GB / 79.750 GB to store    752222846 kmers; need 30.585 GB to sort     64142069 kmers
Used 22.643 GB / 79.750 GB to store    844417239 kmers; need 30.585 GB to sort     64142069 kmers
Used 22.770 GB / 79.750 GB to store    932420679 kmers; need 30.585 GB to sort     64142069 kmers
Used 22.896 GB / 79.750 GB to store   1016233992 kmers; need 30.585 GB to sort     64142069 kmers
Used 23.022 GB / 79.750 GB to store   1095856388 kmers; need 30.585 GB to sort     64142069 kmers
Used 23.150 GB / 79.750 GB to store   1173383544 kmers; need 30.585 GB to sort     64142069 kmers
Used 23.278 GB / 79.750 GB to store   1248815251 kmers; need 30.585 GB to sort     64142069 kmers
Used 23.406 GB / 79.750 GB to store   1322151428 kmers; need 30.585 GB to sort     64142069 kmers
Used 23.533 GB / 79.750 GB to store   1393392421 kmers; need 30.585 GB to sort     64142069 kmers
Used 23.658 GB / 79.750 GB to store   1462538281 kmers; need 30.585 GB to sort     64142069 kmers
Used 23.785 GB / 79.750 GB to store   1531684330 kmers; need 30.585 GB to sort     64142069 kmers
Used 23.911 GB / 79.750 GB to store   1598734845 kmers; need 30.585 GB to sort     64142069 kmers
Used 24.037 GB / 79.750 GB to store   1665785381 kmers; need 30.585 GB to sort     64142069 kmers
Used 24.166 GB / 79.750 GB to store   1732835801 kmers; need 30.585 GB to sort     64142069 kmers
Used 24.292 GB / 79.750 GB to store   1797790820 kmers; need 30.585 GB to sort     64142069 kmers
Used 24.419 GB / 79.750 GB to store   1862745887 kmers; need 30.585 GB to sort     64142069 kmers
Used 24.547 GB / 79.750 GB to store   1927701157 kmers; need 30.585 GB to sort     64142069 kmers
Used 24.673 GB / 79.750 GB to store   1990560772 kmers; need 30.585 GB to sort     64142069 kmers
Used 24.801 GB / 79.750 GB to store   2053420681 kmers; need 30.585 GB to sort     64142069 kmers
Used 24.930 GB / 79.750 GB to store   2116280596 kmers; need 30.585 GB to sort     64142069 kmers
Used 25.059 GB / 79.750 GB to store   2179139884 kmers; need 30.585 GB to sort     64142069 kmers
Used 25.188 GB / 79.750 GB to store   2242000003 kmers; need 30.585 GB to sort     64142069 kmers
Used 25.315 GB / 79.750 GB to store   2302764483 kmers; need 30.585 GB to sort     64142069 kmers
Used 25.441 GB / 79.750 GB to store   2363528617 kmers; need 30.585 GB to sort     64142069 kmers
Used 25.569 GB / 79.750 GB to store   2424293097 kmers; need 30.585 GB to sort     64142069 kmers
Used 25.698 GB / 79.750 GB to store   2485057640 kmers; need 30.585 GB to sort     64142069 kmers
Used 25.827 GB / 79.750 GB to store   2545821587 kmers; need 30.585 GB to sort     64142069 kmers
Used 25.956 GB / 79.750 GB to store   2606585891 kmers; need 30.585 GB to sort     64142069 kmers
Used 26.082 GB / 79.750 GB to store   2665255177 kmers; need 30.585 GB to sort     64142069 kmers
Used 26.207 GB / 79.750 GB to store   2723924501 kmers; need 30.585 GB to sort     64142069 kmers
Used 26.333 GB / 79.750 GB to store   2782593552 kmers; need 30.585 GB to sort     64142069 kmers
Used 26.460 GB / 79.750 GB to store   2841262113 kmers; need 30.585 GB to sort     64142069 kmers
Used 26.588 GB / 79.750 GB to store   2899930894 kmers; need 30.585 GB to sort     64142069 kmers
Used 26.717 GB / 79.750 GB to store   2958600247 kmers; need 30.585 GB to sort     64142069 kmers
Used 26.846 GB / 79.750 GB to store   3017269259 kmers; need 30.585 GB to sort     64142069 kmers
Used 26.974 GB / 79.750 GB to store   3075938576 kmers; need 30.585 GB to sort     64142069 kmers
Used 27.103 GB / 79.750 GB to store   3134607837 kmers; need 30.585 GB to sort     64142069 kmers
Used 27.233 GB / 79.750 GB to store   3193277098 kmers; need 30.585 GB to sort     64142069 kmers
Used 27.358 GB / 79.750 GB to store   3249851224 kmers; need 30.585 GB to sort     64142069 kmers
Used 27.484 GB / 79.750 GB to store   3306424866 kmers; need 30.585 GB to sort     64142069 kmers
Used 27.610 GB / 79.750 GB to store   3362998147 kmers; need 30.585 GB to sort     64142069 kmers
Used 27.737 GB / 79.750 GB to store   3419572252 kmers; need 30.585 GB to sort     64142069 kmers
Used 27.863 GB / 79.750 GB to store   3476146462 kmers; need 30.585 GB to sort     64142069 kmers
Used 27.990 GB / 79.750 GB to store   3532720147 kmers; need 30.585 GB to sort     64142069 kmers
Used 28.116 GB / 79.750 GB to store   3589293711 kmers; need 30.585 GB to sort     64142069 kmers
Used 28.242 GB / 79.750 GB to store   3645867711 kmers; need 30.585 GB to sort     64142069 kmers
Used 28.370 GB / 79.750 GB to store   3702441942 kmers; need 30.585 GB to sort     64142069 kmers
Used 28.498 GB / 79.750 GB to store   3759015542 kmers; need 30.585 GB to sort     64142069 kmers
Used 28.625 GB / 79.750 GB to store   3815589605 kmers; need 30.585 GB to sort     64142069 kmers
Used 28.753 GB / 79.750 GB to store   3872163437 kmers; need 30.585 GB to sort     64142069 kmers
Used 28.882 GB / 79.750 GB to store   3928737143 kmers; need 30.585 GB to sort     64142069 kmers
Used 29.011 GB / 79.750 GB to store   3985310896 kmers; need 30.585 GB to sort     64142069 kmers
Used 29.139 GB / 79.750 GB to store   4041885127 kmers; need 30.585 GB to sort     64142069 kmers
Used 29.268 GB / 79.750 GB to store   4098459190 kmers; need 30.585 GB to sort     64142069 kmers
Used 29.398 GB / 79.750 GB to store   4155032909 kmers; need 30.585 GB to sort     64142069 kmers
Used 29.527 GB / 79.750 GB to store   4211606825 kmers; need 30.585 GB to sort     64142069 kmers
Used 29.656 GB / 79.750 GB to store   4268180909 kmers; need 30.585 GB to sort     64142069 kmers
Used 29.785 GB / 79.750 GB to store   4324754594 kmers; need 30.585 GB to sort     64142069 kmers
Used 29.910 GB / 79.750 GB to store   4379233270 kmers; need 30.585 GB to sort     64142069 kmers
Used 30.036 GB / 79.750 GB to store   4433711921 kmers; need 30.585 GB to sort     64142069 kmers
Used 30.165 GB / 79.750 GB to store   4490285921 kmers; need 30.585 GB to sort     64142069 kmers
Used 30.290 GB / 79.750 GB to store   4544764327 kmers; need 30.585 GB to sort     64142069 kmers
Used 30.419 GB / 79.750 GB to store   4601338264 kmers; need 30.585 GB to sort     64142069 kmers
Used 30.545 GB / 79.750 GB to store   4655816877 kmers; need 30.585 GB to sort     64142069 kmers
Used 30.670 GB / 79.750 GB to store   4710295574 kmers; need 30.585 GB to sort     64142069 kmers
Used 30.795 GB / 79.750 GB to store   4764774198 kmers; need 30.585 GB to sort     64142069 kmers
Used 30.921 GB / 79.750 GB to store   4819252825 kmers; need 30.585 GB to sort     64142069 kmers
Used 31.048 GB / 79.750 GB to store   4873731375 kmers; need 30.585 GB to sort     64142069 kmers
Used 31.175 GB / 79.750 GB to store   4928210212 kmers; need 30.585 GB to sort     64142069 kmers
Used 31.300 GB / 79.750 GB to store   4982688447 kmers; need 30.585 GB to sort     64142069 kmers
Used 31.426 GB / 79.750 GB to store   5037167333 kmers; need 30.585 GB to sort     64142069 kmers
Used 31.553 GB / 79.750 GB to store   5091646134 kmers; need 30.585 GB to sort     64142069 kmers
Used 31.679 GB / 79.750 GB to store   5146124405 kmers; need 30.585 GB to sort     64142069 kmers
Used 31.806 GB / 79.750 GB to store   5200602639 kmers; need 30.585 GB to sort     64142069 kmers
Used 31.933 GB / 79.750 GB to store   5255081286 kmers; need 30.585 GB to sort     64142069 kmers
Used 32.059 GB / 79.750 GB to store   5309560067 kmers; need 30.585 GB to sort     64142069 kmers
Used 32.187 GB / 79.750 GB to store   5364038407 kmers; need 30.585 GB to sort     64142069 kmers
Used 32.314 GB / 79.750 GB to store   5418516450 kmers; need 30.585 GB to sort     64142069 kmers
Used 32.442 GB / 79.750 GB to store   5472994869 kmers; need 30.585 GB to sort     64142069 kmers
Used 32.569 GB / 79.750 GB to store   5527473209 kmers; need 30.585 GB to sort     64142069 kmers
Used 32.696 GB / 79.750 GB to store   5581951339 kmers; need 30.585 GB to sort     64142069 kmers
Used 32.824 GB / 79.750 GB to store   5636429871 kmers; need 30.585 GB to sort     64142069 kmers
Used 32.952 GB / 79.750 GB to store   5690908105 kmers; need 30.585 GB to sort     64142069 kmers
Used 33.081 GB / 79.750 GB to store   5745386844 kmers; need 30.585 GB to sort     64142069 kmers
Used 33.209 GB / 79.750 GB to store   5799865388 kmers; need 30.585 GB to sort     64142069 kmers
Used 33.337 GB / 79.750 GB to store   5854343271 kmers; need 30.585 GB to sort     64142069 kmers
Used 33.466 GB / 79.750 GB to store   5908821867 kmers; need 30.585 GB to sort     64142069 kmers
Used 33.596 GB / 79.750 GB to store   5963300690 kmers; need 30.585 GB to sort     64142069 kmers
Used 33.725 GB / 79.750 GB to store   6017779359 kmers; need 30.585 GB to sort     64142069 kmers
Used 33.853 GB / 79.750 GB to store   6072257818 kmers; need 30.585 GB to sort     64142069 kmers
Used 33.983 GB / 79.750 GB to store   6126736578 kmers; need 30.585 GB to sort     64142069 kmers
Used 34.110 GB / 79.750 GB to store   6181214945 kmers; need 30.585 GB to sort     64142069 kmers
Used 34.239 GB / 79.750 GB to store   6235693234 kmers; need 30.585 GB to sort     64142069 kmers
Used 34.367 GB / 79.750 GB to store   6290171889 kmers; need 30.585 GB to sort     64142069 kmers
Used 34.496 GB / 79.750 GB to store   6344649997 kmers; need 30.585 GB to sort     64142069 kmers
Used 34.626 GB / 79.750 GB to store   6399128694 kmers; need 30.585 GB to sort     64142069 kmers
Used 34.755 GB / 79.750 GB to store   6453606889 kmers; need 30.585 GB to sort     64142069 kmers
Used 34.884 GB / 79.750 GB to store   6508085418 kmers; need 30.585 GB to sort     64142069 kmers
Used 35.013 GB / 79.750 GB to store   6562564241 kmers; need 30.585 GB to sort     64142069 kmers
Used 35.142 GB / 79.750 GB to store   6617042775 kmers; need 30.585 GB to sort     64142069 kmers
Used 35.270 GB / 79.750 GB to store   6671520736 kmers; need 30.585 GB to sort     64142069 kmers
Used 35.400 GB / 79.750 GB to store   6725998890 kmers; need 30.585 GB to sort     64142069 kmers
Used 35.529 GB / 79.750 GB to store   6780477381 kmers; need 30.585 GB to sort     64142069 kmers
Used 35.655 GB / 79.750 GB to store   6832860678 kmers; need 30.585 GB to sort     64142069 kmers
Used 35.784 GB / 79.750 GB to store   6887339165 kmers; need 30.585 GB to sort     64142069 kmers
Used 35.914 GB / 79.750 GB to store   6941818030 kmers; need 30.585 GB to sort     64142069 kmers
Used 36.043 GB / 79.750 GB to store   6996296727 kmers; need 30.585 GB to sort     64142069 kmers
Used 36.173 GB / 79.750 GB to store   7050774843 kmers; need 30.585 GB to sort     64142069 kmers
Used 36.302 GB / 79.750 GB to store   7105253343 kmers; need 30.585 GB to sort     64142069 kmers
Used 36.431 GB / 79.750 GB to store   7159731767 kmers; need 30.585 GB to sort     64142069 kmers
Used 36.557 GB / 79.750 GB to store   7212115119 kmers; need 30.585 GB to sort     64142069 kmers
Used 36.682 GB / 79.750 GB to store   7264498324 kmers; need 30.585 GB to sort     64142069 kmers
Used 36.812 GB / 79.750 GB to store   7318976570 kmers; need 30.585 GB to sort     64142069 kmers
Used 36.937 GB / 79.750 GB to store   7371359665 kmers; need 30.585 GB to sort     64142069 kmers
Used 37.067 GB / 79.750 GB to store   7425837836 kmers; need 30.585 GB to sort     64142069 kmers
Used 37.193 GB / 79.750 GB to store   7478221230 kmers; need 30.585 GB to sort     64142069 kmers
Used 37.318 GB / 79.750 GB to store   7530604456 kmers; need 30.585 GB to sort     64142069 kmers
Used 37.448 GB / 79.750 GB to store   7585082639 kmers; need 30.585 GB to sort     64142069 kmers
Used 37.574 GB / 79.750 GB to store   7637465735 kmers; need 30.585 GB to sort     64142069 kmers
Used 37.700 GB / 79.750 GB to store   7689849249 kmers; need 30.585 GB to sort     64142069 kmers
Used 37.825 GB / 79.750 GB to store   7742232193 kmers; need 30.585 GB to sort     64142069 kmers
Used 37.952 GB / 79.750 GB to store   7794615671 kmers; need 30.585 GB to sort     64142069 kmers
Used 38.077 GB / 79.750 GB to store   7846998746 kmers; need 30.585 GB to sort     64142069 kmers
Used 38.203 GB / 79.750 GB to store   7899381827 kmers; need 30.585 GB to sort     64142069 kmers
Used 38.329 GB / 79.750 GB to store   7951765245 kmers; need 30.585 GB to sort     64142069 kmers
Used 38.454 GB / 79.750 GB to store   8004148557 kmers; need 30.585 GB to sort     64142069 kmers
Used 38.580 GB / 79.750 GB to store   8056531615 kmers; need 30.585 GB to sort     64142069 kmers
Used 38.706 GB / 79.750 GB to store   8108914862 kmers; need 30.585 GB to sort     64142069 kmers
Used 38.833 GB / 79.750 GB to store   8161298151 kmers; need 30.585 GB to sort     64142069 kmers
Used 38.959 GB / 79.750 GB to store   8213681377 kmers; need 30.585 GB to sort     64142069 kmers
Used 39.086 GB / 79.750 GB to store   8266064771 kmers; need 30.585 GB to sort     64142069 kmers
Used 39.212 GB / 79.750 GB to store   8318448170 kmers; need 30.585 GB to sort     64142069 kmers
Used 39.338 GB / 79.750 GB to store   8370831606 kmers; need 30.585 GB to sort     64142069 kmers
Used 39.465 GB / 79.750 GB to store   8423214748 kmers; need 30.585 GB to sort     64142069 kmers
Used 39.591 GB / 79.750 GB to store   8475598331 kmers; need 30.585 GB to sort     64142069 kmers
Used 39.717 GB / 79.750 GB to store   8527981272 kmers; need 30.585 GB to sort     64142069 kmers
Used 39.844 GB / 79.750 GB to store   8580364624 kmers; need 30.585 GB to sort     64142069 kmers
Used 39.970 GB / 79.750 GB to store   8632747746 kmers; need 30.585 GB to sort     64142069 kmers
Used 40.096 GB / 79.750 GB to store   8685131014 kmers; need 30.585 GB to sort     64142069 kmers
Used 40.223 GB / 79.750 GB to store   8737514219 kmers; need 30.585 GB to sort     64142069 kmers
Used 40.348 GB / 79.750 GB to store   8789897301 kmers; need 30.585 GB to sort     64142069 kmers
Used 40.474 GB / 79.750 GB to store   8842280653 kmers; need 30.585 GB to sort     64142069 kmers
Used 40.600 GB / 79.750 GB to store   8894663684 kmers; need 30.585 GB to sort     64142069 kmers
Used 40.726 GB / 79.750 GB to store   8947046600 kmers; need 30.585 GB to sort     64142069 kmers
Used 40.853 GB / 79.750 GB to store   8999429994 kmers; need 30.585 GB to sort     64142069 kmers
Used 40.978 GB / 79.750 GB to store   9051813367 kmers; need 30.585 GB to sort     64142069 kmers
Used 41.106 GB / 79.750 GB to store   9104196446 kmers; need 30.585 GB to sort     64142069 kmers
Used 41.232 GB / 79.750 GB to store   9156579882 kmers; need 30.585 GB to sort     64142069 kmers
Used 41.359 GB / 79.750 GB to store   9208963171 kmers; need 30.585 GB to sort     64142069 kmers
Used 41.485 GB / 79.750 GB to store   9261346201 kmers; need 30.585 GB to sort     64142069 kmers
Used 41.612 GB / 79.750 GB to store   9313729847 kmers; need 30.585 GB to sort     64142069 kmers
Used 41.738 GB / 79.750 GB to store   9366113157 kmers; need 30.585 GB to sort     64142069 kmers
Used 41.865 GB / 79.750 GB to store   9418496425 kmers; need 30.585 GB to sort     64142069 kmers
Used 41.992 GB / 79.750 GB to store   9470879966 kmers; need 30.585 GB to sort     64142069 kmers
Used 42.118 GB / 79.750 GB to store   9523263046 kmers; need 30.585 GB to sort     64142069 kmers
Used 42.246 GB / 79.750 GB to store   9575645706 kmers; need 30.585 GB to sort     64142069 kmers
Used 42.373 GB / 79.750 GB to store   9628028955 kmers; need 30.585 GB to sort     64142069 kmers
Used 42.501 GB / 79.750 GB to store   9680412173 kmers; need 30.585 GB to sort     64142069 kmers
Used 42.626 GB / 79.750 GB to store   9732795021 kmers; need 30.585 GB to sort     64142069 kmers
Used 42.754 GB / 79.750 GB to store   9785178212 kmers; need 30.585 GB to sort     64142069 kmers
Used 42.881 GB / 79.750 GB to store   9837561858 kmers; need 30.585 GB to sort     64142069 kmers
Used 43.008 GB / 79.750 GB to store   9889945084 kmers; need 30.585 GB to sort     64142069 kmers
Used 43.135 GB / 79.750 GB to store   9942328501 kmers; need 30.585 GB to sort     64142069 kmers
Used 43.262 GB / 79.750 GB to store   9994711466 kmers; need 30.585 GB to sort     64142069 kmers
Used 43.389 GB / 79.750 GB to store  10047094779 kmers; need 30.585 GB to sort     64142069 kmers
Used 43.516 GB / 79.750 GB to store  10099478131 kmers; need 30.585 GB to sort     64142069 kmers
Used 43.642 GB / 79.750 GB to store  10151861672 kmers; need 30.585 GB to sort     64142069 kmers
Used 43.769 GB / 79.750 GB to store  10204244982 kmers; need 30.585 GB to sort     64142069 kmers
Used 43.897 GB / 79.750 GB to store  10256628166 kmers; need 30.585 GB to sort     64142069 kmers
Used 44.023 GB / 79.750 GB to store  10309011300 kmers; need 30.585 GB to sort     64142069 kmers
Used 44.151 GB / 79.750 GB to store  10361394925 kmers; need 30.585 GB to sort     64142069 kmers
Used 44.280 GB / 79.750 GB to store  10413778092 kmers; need 30.585 GB to sort     64142069 kmers
Used 44.408 GB / 79.750 GB to store  10466161360 kmers; need 30.585 GB to sort     64142069 kmers
Used 44.534 GB / 79.750 GB to store  10518544080 kmers; need 30.585 GB to sort     64142069 kmers
Used 44.661 GB / 79.750 GB to store  10570927285 kmers; need 30.585 GB to sort     64142069 kmers
Used 44.790 GB / 79.750 GB to store  10623310330 kmers; need 30.585 GB to sort     64142069 kmers
Used 44.916 GB / 79.750 GB to store  10675693514 kmers; need 30.585 GB to sort     64142069 kmers
Used 45.043 GB / 79.750 GB to store  10728076866 kmers; need 30.585 GB to sort     64142069 kmers
Used 45.171 GB / 79.750 GB to store  10780459731 kmers; need 30.585 GB to sort     64142069 kmers
Used 45.299 GB / 79.750 GB to store  10832843146 kmers; need 30.585 GB to sort     64142069 kmers
Used 45.426 GB / 79.750 GB to store  10885226687 kmers; need 30.585 GB to sort     64142069 kmers
Used 45.554 GB / 79.750 GB to store  10937609850 kmers; need 30.585 GB to sort     64142069 kmers
Used 45.681 GB / 79.750 GB to store  10989993181 kmers; need 30.585 GB to sort     64142069 kmers
Used 45.808 GB / 79.750 GB to store  11042376533 kmers; need 30.585 GB to sort     64142069 kmers
Used 45.936 GB / 79.750 GB to store  11094760011 kmers; need 30.585 GB to sort     64142069 kmers
Used 46.063 GB / 79.750 GB to store  11147143594 kmers; need 30.585 GB to sort     64142069 kmers
Used 46.191 GB / 79.750 GB to store  11199526477 kmers; need 30.585 GB to sort     64142069 kmers
Used 46.318 GB / 79.750 GB to store  11251909598 kmers; need 30.585 GB to sort     64142069 kmers
Used 46.445 GB / 79.750 GB to store  11304292992 kmers; need 30.585 GB to sort     64142069 kmers
Used 46.574 GB / 79.750 GB to store  11356676263 kmers; need 30.585 GB to sort     64142069 kmers
Used 46.702 GB / 79.750 GB to store  11409059426 kmers; need 30.585 GB to sort     64142069 kmers
Used 46.831 GB / 79.750 GB to store  11461442757 kmers; need 30.585 GB to sort     64142069 kmers
Used 46.959 GB / 79.750 GB to store  11513826319 kmers; need 30.585 GB to sort     64142069 kmers
Used 47.087 GB / 79.750 GB to store  11566209482 kmers; need 30.585 GB to sort     64142069 kmers
Used 47.216 GB / 79.750 GB to store  11618593002 kmers; need 30.585 GB to sort     64142069 kmers
Used 47.344 GB / 79.750 GB to store  11670976480 kmers; need 30.585 GB to sort     64142069 kmers
Used 47.471 GB / 79.750 GB to store  11723359958 kmers; need 30.585 GB to sort     64142069 kmers
Used 47.599 GB / 79.750 GB to store  11775743562 kmers; need 30.585 GB to sort     64142069 kmers
Used 47.726 GB / 79.750 GB to store  11828127145 kmers; need 30.585 GB to sort     64142069 kmers
Used 47.855 GB / 79.750 GB to store  11880510329 kmers; need 30.585 GB to sort     64142069 kmers
Used 47.982 GB / 79.750 GB to store  11932893828 kmers; need 30.585 GB to sort     64142069 kmers
Used 48.111 GB / 79.750 GB to store  11985277138 kmers; need 30.585 GB to sort     64142069 kmers
Used 48.239 GB / 79.750 GB to store  12037660742 kmers; need 30.585 GB to sort     64142069 kmers
Used 48.368 GB / 79.750 GB to store  12090044036 kmers; need 30.585 GB to sort     64142069 kmers
Used 48.490 GB / 79.750 GB to store  12140332295 kmers; need 30.602 GB to sort     64176256 kmers
Used 48.552 GB / 79.750 GB to store  12165476372 kmers; need 30.679 GB to sort     64337977 kmers
Used 48.618 GB / 79.750 GB to store  12192715752 kmers; need 30.742 GB to sort     64469610 kmers
Used 48.681 GB / 79.750 GB to store  12217859688 kmers; need 30.805 GB to sort     64603478 kmers
Used 48.737 GB / 79.750 GB to store  12240908525 kmers; need 30.877 GB to sort     64753214 kmers
Used 48.819 GB / 79.750 GB to store  12274433835 kmers; need 30.924 GB to sort     64852633 kmers
Memory full.  Writing results to 'hifi.meryl', using 30 threads (2 threads still doing input).

Used 20.947 GB / 79.750 GB to store      2095324 kmers; need 30.954 GB to sort     64915742 kmers
Used 21.078 GB / 79.750 GB to store     12572028 kmers; need 30.955 GB to sort     64917191 kmers
Used 21.221 GB / 79.750 GB to store     23048669 kmers; need 30.955 GB to sort     64917191 kmers
Used 21.359 GB / 79.750 GB to store     31429986 kmers; need 30.955 GB to sort     64917262 kmers
Used 21.512 GB / 79.750 GB to store     44002014 kmers; need 30.955 GB to sort     64917325 kmers
Used 21.640 GB / 79.750 GB to store     52383205 kmers; need 30.955 GB to sort     64917325 kmers
Used 21.798 GB / 79.750 GB to store     62859930 kmers; need 30.955 GB to sort     64917367 kmers
Used 21.924 GB / 79.750 GB to store    106862112 kmers; need 30.955 GB to sort     64917367 kmers
Used 22.050 GB / 79.750 GB to store    293346834 kmers; need 30.955 GB to sort     64917367 kmers
Used 22.176 GB / 79.750 GB to store    450496929 kmers; need 30.955 GB to sort     64917367 kmers
Used 22.303 GB / 79.750 GB to store    578312260 kmers; need 30.955 GB to sort     64917367 kmers
Used 22.428 GB / 79.750 GB to store    685173233 kmers; need 30.955 GB to sort     64917367 kmers
Used 22.556 GB / 79.750 GB to store    783653109 kmers; need 30.955 GB to sort     64917367 kmers
Used 22.682 GB / 79.750 GB to store    873752065 kmers; need 30.955 GB to sort     64917367 kmers
Used 22.808 GB / 79.750 GB to store    959661134 kmers; need 30.955 GB to sort     64917367 kmers
Used 22.933 GB / 79.750 GB to store   1041378767 kmers; need 30.955 GB to sort     64917367 kmers
Used 23.062 GB / 79.750 GB to store   1121001562 kmers; need 30.955 GB to sort     64917367 kmers
Used 23.187 GB / 79.750 GB to store   1196433688 kmers; need 30.955 GB to sort     64917367 kmers
Used 23.313 GB / 79.750 GB to store   1269770362 kmers; need 30.955 GB to sort     64917367 kmers
Used 23.441 GB / 79.750 GB to store   1343106448 kmers; need 30.955 GB to sort     64917367 kmers
Used 23.569 GB / 79.750 GB to store   1414347863 kmers; need 30.955 GB to sort     64917367 kmers
Used 23.695 GB / 79.750 GB to store   1483493790 kmers; need 30.955 GB to sort     64917367 kmers
Used 23.823 GB / 79.750 GB to store   1552639923 kmers; need 30.955 GB to sort     64917367 kmers
Used 23.949 GB / 79.750 GB to store   1619689951 kmers; need 30.955 GB to sort     64917367 kmers
Used 24.077 GB / 79.750 GB to store   1686740261 kmers; need 30.955 GB to sort     64917367 kmers
Used 24.206 GB / 79.750 GB to store   1753791133 kmers; need 30.955 GB to sort     64917367 kmers
Used 24.332 GB / 79.750 GB to store   1818746576 kmers; need 30.955 GB to sort     64917367 kmers
Used 24.458 GB / 79.750 GB to store   1883701812 kmers; need 30.955 GB to sort     64917367 kmers
Used 24.585 GB / 79.750 GB to store   1946561235 kmers; need 30.955 GB to sort     64917367 kmers
Used 24.711 GB / 79.750 GB to store   2009420867 kmers; need 30.955 GB to sort     64917367 kmers
Used 24.838 GB / 79.750 GB to store   2072280986 kmers; need 30.955 GB to sort     64917367 kmers
Used 24.967 GB / 79.750 GB to store   2135141195 kmers; need 30.955 GB to sort     64917367 kmers
Used 25.097 GB / 79.750 GB to store   2198001467 kmers; need 30.955 GB to sort     64917367 kmers
Used 25.226 GB / 79.750 GB to store   2260861523 kmers; need 30.955 GB to sort     64917367 kmers
Used 25.353 GB / 79.750 GB to store   2321625426 kmers; need 30.955 GB to sort     64917367 kmers
Used 25.480 GB / 79.750 GB to store   2382389528 kmers; need 30.955 GB to sort     64917367 kmers
Used 25.609 GB / 79.750 GB to store   2443153632 kmers; need 30.955 GB to sort     64917367 kmers
Used 25.736 GB / 79.750 GB to store   2503918301 kmers; need 30.955 GB to sort     64917367 kmers
Used 25.862 GB / 79.750 GB to store   2562587366 kmers; need 30.955 GB to sort     64917367 kmers
Used 25.991 GB / 79.750 GB to store   2623351826 kmers; need 30.955 GB to sort     64917367 kmers
Used 26.117 GB / 79.750 GB to store   2682021066 kmers; need 30.955 GB to sort     64917367 kmers
Used 26.244 GB / 79.750 GB to store   2740690348 kmers; need 30.955 GB to sort     64917367 kmers
Used 26.369 GB / 79.750 GB to store   2799359924 kmers; need 30.955 GB to sort     64917367 kmers
Used 26.498 GB / 79.750 GB to store   2858029491 kmers; need 30.955 GB to sort     64917367 kmers
Used 26.626 GB / 79.750 GB to store   2916699235 kmers; need 30.955 GB to sort     64917367 kmers
Used 26.754 GB / 79.750 GB to store   2975368100 kmers; need 30.955 GB to sort     64917367 kmers
Used 26.883 GB / 79.750 GB to store   3034037404 kmers; need 30.955 GB to sort     64917367 kmers
Used 27.011 GB / 79.750 GB to store   3092706896 kmers; need 30.955 GB to sort     64917367 kmers
Used 27.136 GB / 79.750 GB to store   3149281211 kmers; need 30.955 GB to sort     64917367 kmers
Used 27.261 GB / 79.750 GB to store   3205855526 kmers; need 30.955 GB to sort     64917367 kmers
Used 27.387 GB / 79.750 GB to store   3262429173 kmers; need 30.955 GB to sort     64917367 kmers
Used 27.512 GB / 79.750 GB to store   3319003119 kmers; need 30.955 GB to sort     64917367 kmers
Used 27.638 GB / 79.750 GB to store   3375577371 kmers; need 30.955 GB to sort     64917367 kmers
Used 27.765 GB / 79.750 GB to store   3431882278 kmers; need 30.955 GB to sort     64917367 kmers
Used 27.891 GB / 79.750 GB to store   3488456761 kmers; need 30.955 GB to sort     64917367 kmers
Used 28.017 GB / 79.750 GB to store   3545031097 kmers; need 30.955 GB to sort     64917367 kmers
Used 28.144 GB / 79.750 GB to store   3601605266 kmers; need 30.955 GB to sort     64917367 kmers
Used 28.271 GB / 79.750 GB to store   3658179518 kmers; need 30.955 GB to sort     64917367 kmers
Used 28.397 GB / 79.750 GB to store   3714753896 kmers; need 30.955 GB to sort     64917367 kmers
Used 28.525 GB / 79.750 GB to store   3771327980 kmers; need 30.955 GB to sort     64917367 kmers
Used 28.653 GB / 79.750 GB to store   3827902253 kmers; need 30.955 GB to sort     64917367 kmers
Used 28.782 GB / 79.750 GB to store   3884476610 kmers; need 30.955 GB to sort     64917367 kmers
Used 28.910 GB / 79.750 GB to store   3941050415 kmers; need 30.955 GB to sort     64917367 kmers
Used 29.038 GB / 79.750 GB to store   3997624381 kmers; need 30.955 GB to sort     64917367 kmers
Used 29.166 GB / 79.750 GB to store   4054198230 kmers; need 30.955 GB to sort     64917367 kmers
Used 29.296 GB / 79.750 GB to store   4110772251 kmers; need 30.955 GB to sort     64917367 kmers
Used 29.421 GB / 79.750 GB to store   4165250869 kmers; need 30.955 GB to sort     64917367 kmers
Used 29.550 GB / 79.750 GB to store   4221825121 kmers; need 30.955 GB to sort     64917367 kmers
Used 29.678 GB / 79.750 GB to store   4278399163 kmers; need 30.955 GB to sort     64917367 kmers
Used 29.807 GB / 79.750 GB to store   4334973058 kmers; need 30.955 GB to sort     64917367 kmers
Used 29.937 GB / 79.750 GB to store   4391547394 kmers; need 30.955 GB to sort     64917367 kmers
Used 30.062 GB / 79.750 GB to store   4446025881 kmers; need 30.955 GB to sort     64917367 kmers
Used 30.191 GB / 79.750 GB to store   4502599443 kmers; need 30.955 GB to sort     64917367 kmers
Used 30.316 GB / 79.750 GB to store   4557078329 kmers; need 30.955 GB to sort     64917367 kmers
Used 30.446 GB / 79.750 GB to store   4613652455 kmers; need 30.955 GB to sort     64917367 kmers
Used 30.572 GB / 79.750 GB to store   4668131152 kmers; need 30.955 GB to sort     64917367 kmers
Used 30.698 GB / 79.750 GB to store   4722609786 kmers; need 30.955 GB to sort     64917367 kmers
Used 30.824 GB / 79.750 GB to store   4777088123 kmers; need 30.955 GB to sort     64917367 kmers
Used 30.951 GB / 79.750 GB to store   4831566631 kmers; need 30.955 GB to sort     64917367 kmers
Used 31.077 GB / 79.750 GB to store   4886045113 kmers; need 30.955 GB to sort     64917367 kmers
Used 31.203 GB / 79.750 GB to store   4940523753 kmers; need 30.955 GB to sort     64917367 kmers
Used 31.329 GB / 79.750 GB to store   4995002577 kmers; need 30.955 GB to sort     64917367 kmers
Used 31.455 GB / 79.750 GB to store   5049481757 kmers; need 30.955 GB to sort     64917367 kmers
Used 31.581 GB / 79.750 GB to store   5103960601 kmers; need 30.955 GB to sort     64917367 kmers
Used 31.708 GB / 79.750 GB to store   5158439130 kmers; need 30.955 GB to sort     64917367 kmers
Used 31.834 GB / 79.750 GB to store   5212918184 kmers; need 30.955 GB to sort     64917367 kmers
Used 31.961 GB / 79.750 GB to store   5267396986 kmers; need 30.955 GB to sort     64917367 kmers
Used 32.088 GB / 79.750 GB to store   5321875591 kmers; need 30.955 GB to sort     64917367 kmers
Used 32.216 GB / 79.750 GB to store   5376354309 kmers; need 30.955 GB to sort     64917367 kmers
Used 32.342 GB / 79.750 GB to store   5430833342 kmers; need 30.955 GB to sort     64917367 kmers
Used 32.470 GB / 79.750 GB to store   5485312228 kmers; need 30.955 GB to sort     64917367 kmers
Used 32.597 GB / 79.750 GB to store   5539790913 kmers; need 30.955 GB to sort     64917367 kmers
Used 32.725 GB / 79.750 GB to store   5594269066 kmers; need 30.955 GB to sort     64917367 kmers
Used 32.853 GB / 79.750 GB to store   5648747742 kmers; need 30.955 GB to sort     64917367 kmers
Used 32.982 GB / 79.750 GB to store   5703226355 kmers; need 30.955 GB to sort     64917367 kmers
Used 33.111 GB / 79.750 GB to store   5757705556 kmers; need 30.955 GB to sort     64917367 kmers
Used 33.239 GB / 79.750 GB to store   5812184295 kmers; need 30.955 GB to sort     64917367 kmers
Used 33.367 GB / 79.750 GB to store   5866662609 kmers; need 30.955 GB to sort     64917367 kmers
Used 33.496 GB / 79.750 GB to store   5921141655 kmers; need 30.955 GB to sort     64917367 kmers
Used 33.625 GB / 79.750 GB to store   5975620241 kmers; need 30.955 GB to sort     64917367 kmers
Used 33.753 GB / 79.750 GB to store   6030099358 kmers; need 30.955 GB to sort     64917367 kmers
Used 33.882 GB / 79.750 GB to store   6084578202 kmers; need 30.955 GB to sort     64917367 kmers
Used 34.011 GB / 79.750 GB to store   6139056920 kmers; need 30.955 GB to sort     64917367 kmers
Used 34.140 GB / 79.750 GB to store   6193535869 kmers; need 30.955 GB to sort     64917367 kmers
Used 34.269 GB / 79.750 GB to store   6248014467 kmers; need 30.955 GB to sort     64917367 kmers
Used 34.397 GB / 79.750 GB to store   6302493276 kmers; need 30.955 GB to sort     64917367 kmers
Used 34.527 GB / 79.750 GB to store   6356972141 kmers; need 30.955 GB to sort     64917367 kmers
Used 34.655 GB / 79.750 GB to store   6411451279 kmers; need 30.955 GB to sort     64917367 kmers
Used 34.784 GB / 79.750 GB to store   6465930137 kmers; need 30.955 GB to sort     64917367 kmers
Used 34.913 GB / 79.750 GB to store   6520408400 kmers; need 30.955 GB to sort     64917367 kmers
Used 35.042 GB / 79.750 GB to store   6574887202 kmers; need 30.955 GB to sort     64917367 kmers
Used 35.171 GB / 79.750 GB to store   6629366067 kmers; need 30.955 GB to sort     64917367 kmers
Used 35.301 GB / 79.750 GB to store   6683845058 kmers; need 30.955 GB to sort     64917367 kmers
Used 35.430 GB / 79.750 GB to store   6738323902 kmers; need 30.955 GB to sort     64917367 kmers
Used 35.560 GB / 79.750 GB to store   6792802654 kmers; need 30.955 GB to sort     64917367 kmers
Used 35.688 GB / 79.750 GB to store   6847280970 kmers; need 30.955 GB to sort     64917367 kmers
Used 35.817 GB / 79.750 GB to store   6901759709 kmers; need 30.955 GB to sort     64917367 kmers
Used 35.942 GB / 79.750 GB to store   6954142349 kmers; need 30.955 GB to sort     64917367 kmers
Used 36.072 GB / 79.750 GB to store   7008621088 kmers; need 30.955 GB to sort     64917367 kmers
Used 36.202 GB / 79.750 GB to store   7063100352 kmers; need 30.955 GB to sort     64917367 kmers
Used 36.327 GB / 79.750 GB to store   7115483606 kmers; need 30.955 GB to sort     64917367 kmers
Used 36.457 GB / 79.750 GB to store   7169962303 kmers; need 30.955 GB to sort     64917367 kmers
Used 36.587 GB / 79.750 GB to store   7224441357 kmers; need 30.955 GB to sort     64917367 kmers
Used 36.716 GB / 79.750 GB to store   7278919682 kmers; need 30.955 GB to sort     64917367 kmers
Used 36.842 GB / 79.750 GB to store   7331302866 kmers; need 30.955 GB to sort     64917367 kmers
Used 36.972 GB / 79.750 GB to store   7385781157 kmers; need 30.955 GB to sort     64917367 kmers
Used 37.101 GB / 79.750 GB to store   7440260169 kmers; need 30.955 GB to sort     64917367 kmers
Used 37.228 GB / 79.750 GB to store   7492643592 kmers; need 30.955 GB to sort     64917367 kmers
Used 37.358 GB / 79.750 GB to store   7547122499 kmers; need 30.955 GB to sort     64917367 kmers
Used 37.484 GB / 79.750 GB to store   7599505523 kmers; need 30.955 GB to sort     64917367 kmers
Used 37.611 GB / 79.750 GB to store   7651887980 kmers; need 30.955 GB to sort     64917367 kmers
Used 37.740 GB / 79.750 GB to store   7706366879 kmers; need 30.955 GB to sort     64917367 kmers
Used 37.866 GB / 79.750 GB to store   7758750084 kmers; need 30.955 GB to sort     64917367 kmers
Used 37.992 GB / 79.750 GB to store   7811133688 kmers; need 30.955 GB to sort     64917367 kmers
Used 38.117 GB / 79.750 GB to store   7863516919 kmers; need 30.955 GB to sort     64917367 kmers
Used 38.243 GB / 79.750 GB to store   7915900544 kmers; need 30.955 GB to sort     64917367 kmers
Used 38.369 GB / 79.750 GB to store   7968284043 kmers; need 30.955 GB to sort     64917367 kmers
Used 38.494 GB / 79.750 GB to store   8020666585 kmers; need 30.955 GB to sort     64917367 kmers
Used 38.621 GB / 79.750 GB to store   8073049818 kmers; need 30.955 GB to sort     64917367 kmers
Used 38.747 GB / 79.750 GB to store   8125433422 kmers; need 30.955 GB to sort     64917367 kmers
Used 38.873 GB / 79.750 GB to store   8177816551 kmers; need 30.955 GB to sort     64917367 kmers
Used 38.999 GB / 79.750 GB to store   8230200121 kmers; need 30.955 GB to sort     64917367 kmers
Used 39.126 GB / 79.750 GB to store   8282583145 kmers; need 30.955 GB to sort     64917367 kmers
Used 39.253 GB / 79.750 GB to store   8334966644 kmers; need 30.955 GB to sort     64917367 kmers
Used 39.379 GB / 79.750 GB to store   8387350080 kmers; need 30.955 GB to sort     64917367 kmers
Used 39.506 GB / 79.750 GB to store   8439733243 kmers; need 30.955 GB to sort     64917367 kmers
Used 39.631 GB / 79.750 GB to store   8492116721 kmers; need 30.955 GB to sort     64917367 kmers
Used 39.757 GB / 79.750 GB to store   8544499968 kmers; need 30.955 GB to sort     64917367 kmers
Used 39.884 GB / 79.750 GB to store   8596883299 kmers; need 30.955 GB to sort     64917367 kmers
Used 40.010 GB / 79.750 GB to store   8649266903 kmers; need 30.955 GB to sort     64917367 kmers
Used 40.136 GB / 79.750 GB to store   8701650255 kmers; need 30.955 GB to sort     64917367 kmers
Used 40.261 GB / 79.750 GB to store   8754034069 kmers; need 30.955 GB to sort     64917367 kmers
Used 40.387 GB / 79.750 GB to store   8806417820 kmers; need 30.955 GB to sort     64917367 kmers
Used 40.514 GB / 79.750 GB to store   8858800885 kmers; need 30.955 GB to sort     64917367 kmers
Used 40.640 GB / 79.750 GB to store   8911184678 kmers; need 30.955 GB to sort     64917367 kmers
Used 40.766 GB / 79.750 GB to store   8963568219 kmers; need 30.955 GB to sort     64917367 kmers
Used 40.892 GB / 79.750 GB to store   9015951655 kmers; need 30.955 GB to sort     64917367 kmers
Used 41.019 GB / 79.750 GB to store   9068334734 kmers; need 30.955 GB to sort     64917367 kmers
Used 41.146 GB / 79.750 GB to store   9120718212 kmers; need 30.955 GB to sort     64917367 kmers
Used 41.273 GB / 79.750 GB to store   9173101690 kmers; need 30.955 GB to sort     64917367 kmers
Used 41.399 GB / 79.750 GB to store   9225484683 kmers; need 30.955 GB to sort     64917367 kmers
Used 41.526 GB / 79.750 GB to store   9277867877 kmers; need 30.955 GB to sort     64917367 kmers
Used 41.652 GB / 79.750 GB to store   9330251313 kmers; need 30.955 GB to sort     64917367 kmers
Used 41.778 GB / 79.750 GB to store   9382635106 kmers; need 30.955 GB to sort     64917367 kmers
Used 41.904 GB / 79.750 GB to store   9435018500 kmers; need 30.955 GB to sort     64917367 kmers
Used 42.032 GB / 79.750 GB to store   9487402146 kmers; need 30.955 GB to sort     64917367 kmers
Used 42.159 GB / 79.750 GB to store   9539785771 kmers; need 30.955 GB to sort     64917367 kmers
Used 42.287 GB / 79.750 GB to store   9592169084 kmers; need 30.955 GB to sort     64917367 kmers
Used 42.415 GB / 79.750 GB to store   9644552215 kmers; need 30.955 GB to sort     64917367 kmers
Used 42.541 GB / 79.750 GB to store   9696935630 kmers; need 30.955 GB to sort     64917367 kmers
Used 42.668 GB / 79.750 GB to store   9749318841 kmers; need 30.955 GB to sort     64917367 kmers
Used 42.794 GB / 79.750 GB to store   9801702067 kmers; need 30.955 GB to sort     64917367 kmers
Used 42.921 GB / 79.750 GB to store   9854085524 kmers; need 30.955 GB to sort     64917367 kmers
Used 43.047 GB / 79.750 GB to store   9906468834 kmers; need 30.955 GB to sort     64917367 kmers
Used 43.174 GB / 79.750 GB to store   9958851807 kmers; need 30.955 GB to sort     64917367 kmers
Used 43.302 GB / 79.750 GB to store  10011234438 kmers; need 30.955 GB to sort     64917367 kmers
Used 43.428 GB / 79.750 GB to store  10063617810 kmers; need 30.955 GB to sort     64917367 kmers
Used 43.556 GB / 79.750 GB to store  10116001330 kmers; need 30.955 GB to sort     64917367 kmers
Used 43.683 GB / 79.750 GB to store  10168384430 kmers; need 30.955 GB to sort     64917367 kmers
Used 43.811 GB / 79.750 GB to store  10220767864 kmers; need 30.955 GB to sort     64917367 kmers
Used 43.939 GB / 79.750 GB to store  10273151468 kmers; need 30.955 GB to sort     64917367 kmers
Used 44.065 GB / 79.750 GB to store  10325535009 kmers; need 30.955 GB to sort     64917367 kmers
Used 44.192 GB / 79.750 GB to store  10377918382 kmers; need 30.955 GB to sort     64917367 kmers
Used 44.319 GB / 79.750 GB to store  10430301353 kmers; need 30.955 GB to sort     64917367 kmers
Used 44.447 GB / 79.750 GB to store  10482684077 kmers; need 30.955 GB to sort     64917367 kmers
Used 44.574 GB / 79.750 GB to store  10535067156 kmers; need 30.955 GB to sort     64917367 kmers
Used 44.702 GB / 79.750 GB to store  10587450049 kmers; need 30.955 GB to sort     64917367 kmers
Used 44.830 GB / 79.750 GB to store  10639833322 kmers; need 30.955 GB to sort     64917367 kmers
Used 44.957 GB / 79.750 GB to store  10692216202 kmers; need 30.955 GB to sort     64917367 kmers
Used 45.084 GB / 79.750 GB to store  10744599701 kmers; need 30.955 GB to sort     64917367 kmers
Used 45.211 GB / 79.750 GB to store  10796982731 kmers; need 30.955 GB to sort     64917367 kmers
Used 45.337 GB / 79.750 GB to store  10849365558 kmers; need 30.955 GB to sort     64917367 kmers
Used 45.466 GB / 79.750 GB to store  10901748952 kmers; need 30.955 GB to sort     64917367 kmers
Used 45.594 GB / 79.750 GB to store  10954132577 kmers; need 30.955 GB to sort     64917367 kmers
Used 45.721 GB / 79.750 GB to store  11006515929 kmers; need 30.955 GB to sort     64917367 kmers
Used 45.848 GB / 79.750 GB to store  11058899449 kmers; need 30.955 GB to sort     64917367 kmers
Used 45.976 GB / 79.750 GB to store  11111282969 kmers; need 30.955 GB to sort     64917367 kmers
Used 46.104 GB / 79.750 GB to store  11163665866 kmers; need 30.955 GB to sort     64917367 kmers
Used 46.231 GB / 79.750 GB to store  11216048884 kmers; need 30.955 GB to sort     64917367 kmers
Used 46.359 GB / 79.750 GB to store  11268432425 kmers; need 30.955 GB to sort     64917367 kmers
Used 46.489 GB / 79.750 GB to store  11320815609 kmers; need 30.955 GB to sort     64917367 kmers
Used 46.617 GB / 79.750 GB to store  11373199108 kmers; need 30.955 GB to sort     64917367 kmers
Used 46.745 GB / 79.750 GB to store  11425582313 kmers; need 30.955 GB to sort     64917367 kmers
Used 46.873 GB / 79.750 GB to store  11477965434 kmers; need 30.955 GB to sort     64917367 kmers
Used 47.002 GB / 79.750 GB to store  11530348166 kmers; need 30.955 GB to sort     64917367 kmers
Used 47.129 GB / 79.750 GB to store  11582731080 kmers; need 30.955 GB to sort     64917367 kmers
Used 47.256 GB / 79.750 GB to store  11635114174 kmers; need 30.955 GB to sort     64917367 kmers
Used 47.384 GB / 79.750 GB to store  11687497715 kmers; need 30.955 GB to sort     64917367 kmers
Used 47.513 GB / 79.750 GB to store  11739880392 kmers; need 30.955 GB to sort     64917367 kmers
Used 47.641 GB / 79.750 GB to store  11792263912 kmers; need 30.955 GB to sort     64917367 kmers
Used 47.768 GB / 79.750 GB to store  11844647506 kmers; need 30.955 GB to sort     64917367 kmers
Used 47.896 GB / 79.750 GB to store  11897031383 kmers; need 30.955 GB to sort     64917367 kmers
Used 48.024 GB / 79.750 GB to store  11949414785 kmers; need 30.955 GB to sort     64917367 kmers
Used 48.152 GB / 79.750 GB to store  12001798158 kmers; need 30.955 GB to sort     64917367 kmers
Used 48.280 GB / 79.750 GB to store  12054181720 kmers; need 30.955 GB to sort     64917367 kmers
Used 48.408 GB / 79.750 GB to store  12106564757 kmers; need 30.955 GB to sort     64917367 kmers
Used 48.536 GB / 79.750 GB to store  12158948156 kmers; need 30.955 GB to sort     64917367 kmers
Used 48.666 GB / 79.750 GB to store  12211331718 kmers; need 30.955 GB to sort     64917367 kmers
Used 48.768 GB / 79.750 GB to store  12253238023 kmers; need 30.987 GB to sort     64984293 kmers
Memory full.  Writing results to 'hifi.meryl', using 30 threads (2 threads still doing input).

Used 20.945 GB / 79.750 GB to store      2095303 kmers; need 30.987 GB to sort     64984415 kmers
Used 21.078 GB / 79.750 GB to store     16762655 kmers; need 30.987 GB to sort     64985217 kmers
Used 21.205 GB / 79.750 GB to store     25144119 kmers; need 30.987 GB to sort     64985217 kmers
Used 21.355 GB / 79.750 GB to store     35620676 kmers; need 30.987 GB to sort     64985217 kmers
Used 21.490 GB / 79.750 GB to store     46097170 kmers; need 30.987 GB to sort     64985217 kmers
Used 21.629 GB / 79.750 GB to store     54478264 kmers; need 30.987 GB to sort     64985217 kmers
Used 21.778 GB / 79.750 GB to store     64955136 kmers; need 30.987 GB to sort     64985217 kmers
Used 21.904 GB / 79.750 GB to store     92194348 kmers; need 30.987 GB to sort     64985217 kmers
Used 22.029 GB / 79.750 GB to store    253535388 kmers; need 30.987 GB to sort     64985217 kmers
Used 22.156 GB / 79.750 GB to store    423257513 kmers; need 30.987 GB to sort     64985217 kmers
Used 22.282 GB / 79.750 GB to store    555263267 kmers; need 30.987 GB to sort     64985217 kmers
Used 22.408 GB / 79.750 GB to store    666315514 kmers; need 30.987 GB to sort     64985217 kmers
Used 22.534 GB / 79.750 GB to store    764795893 kmers; need 30.987 GB to sort     64985217 kmers
Used 22.661 GB / 79.750 GB to store    856990258 kmers; need 30.987 GB to sort     64985217 kmers
Used 22.788 GB / 79.750 GB to store    944993962 kmers; need 30.987 GB to sort     64985217 kmers
Used 22.916 GB / 79.750 GB to store   1028807510 kmers; need 30.987 GB to sort     64985217 kmers
Used 23.044 GB / 79.750 GB to store   1108429969 kmers; need 30.987 GB to sort     64985217 kmers
Used 23.172 GB / 79.750 GB to store   1185957488 kmers; need 30.987 GB to sort     64985217 kmers
Used 23.301 GB / 79.750 GB to store   1261389761 kmers; need 30.987 GB to sort     64985217 kmers
Used 23.428 GB / 79.750 GB to store   1334726416 kmers; need 30.987 GB to sort     64985217 kmers
Used 23.556 GB / 79.750 GB to store   1405967978 kmers; need 30.987 GB to sort     64985217 kmers
Used 23.682 GB / 79.750 GB to store   1475113922 kmers; need 30.987 GB to sort     64985217 kmers
Used 23.810 GB / 79.750 GB to store   1544259232 kmers; need 30.987 GB to sort     64985217 kmers
Used 23.936 GB / 79.750 GB to store   1611310125 kmers; need 30.987 GB to sort     64985217 kmers
Used 24.064 GB / 79.750 GB to store   1678360355 kmers; need 30.987 GB to sort     64985217 kmers
Used 24.192 GB / 79.750 GB to store   1745411416 kmers; need 30.987 GB to sort     64985217 kmers
Used 24.318 GB / 79.750 GB to store   1810366922 kmers; need 30.987 GB to sort     64985217 kmers
Used 24.445 GB / 79.750 GB to store   1875321786 kmers; need 30.987 GB to sort     64985217 kmers
Used 24.574 GB / 79.750 GB to store   1940276893 kmers; need 30.987 GB to sort     64985217 kmers
Used 24.701 GB / 79.750 GB to store   2003136802 kmers; need 30.987 GB to sort     64985217 kmers
Used 24.828 GB / 79.750 GB to store   2065997047 kmers; need 30.987 GB to sort     64985217 kmers
Used 24.956 GB / 79.750 GB to store   2128857166 kmers; need 30.987 GB to sort     64985217 kmers
Used 25.085 GB / 79.750 GB to store   2191717037 kmers; need 30.987 GB to sort     64985217 kmers
Used 25.211 GB / 79.750 GB to store   2252481434 kmers; need 30.987 GB to sort     64985217 kmers
Used 25.337 GB / 79.750 GB to store   2313245761 kmers; need 30.987 GB to sort     64985217 kmers
Used 25.464 GB / 79.750 GB to store   2374010808 kmers; need 30.987 GB to sort     64985217 kmers
Used 25.592 GB / 79.750 GB to store   2434775666 kmers; need 30.987 GB to sort     64985217 kmers
Used 25.721 GB / 79.750 GB to store   2495540146 kmers; need 30.987 GB to sort     64985217 kmers
Used 25.846 GB / 79.750 GB to store   2554209470 kmers; need 30.987 GB to sort     64985217 kmers
Used 25.975 GB / 79.750 GB to store   2614974021 kmers; need 30.987 GB to sort     64985217 kmers
Used 26.101 GB / 79.750 GB to store   2673642975 kmers; need 30.987 GB to sort     64985217 kmers
Used 26.226 GB / 79.750 GB to store   2732312068 kmers; need 30.987 GB to sort     64985217 kmers
Used 26.353 GB / 79.750 GB to store   2790981728 kmers; need 30.987 GB to sort     64985217 kmers
Used 26.480 GB / 79.750 GB to store   2849650842 kmers; need 30.987 GB to sort     64985217 kmers
Used 26.608 GB / 79.750 GB to store   2908320103 kmers; need 30.987 GB to sort     64985217 kmers
Used 26.736 GB / 79.750 GB to store   2966989742 kmers; need 30.987 GB to sort     64985217 kmers
Used 26.865 GB / 79.750 GB to store   3025659255 kmers; need 30.987 GB to sort     64985217 kmers
Used 26.995 GB / 79.750 GB to store   3084328558 kmers; need 30.987 GB to sort     64985217 kmers
Used 27.124 GB / 79.750 GB to store   3142997966 kmers; need 30.987 GB to sort     64985217 kmers
Used 27.253 GB / 79.750 GB to store   3201667248 kmers; need 30.987 GB to sort     64985217 kmers
Used 27.379 GB / 79.750 GB to store   3258240632 kmers; need 30.987 GB to sort     64985217 kmers
Used 27.508 GB / 79.750 GB to store   3316909416 kmers; need 30.987 GB to sort     64985217 kmers
Used 27.635 GB / 79.750 GB to store   3373483458 kmers; need 30.987 GB to sort     64985217 kmers
Used 27.761 GB / 79.750 GB to store   3430057416 kmers; need 30.987 GB to sort     64985217 kmers
Used 27.887 GB / 79.750 GB to store   3486631353 kmers; need 30.987 GB to sort     64985217 kmers
Used 28.014 GB / 79.750 GB to store   3543205269 kmers; need 30.987 GB to sort     64985217 kmers
Used 28.141 GB / 79.750 GB to store   3599779626 kmers; need 30.987 GB to sort     64985217 kmers
Used 28.267 GB / 79.750 GB to store   3656352740 kmers; need 30.987 GB to sort     64985217 kmers
Used 28.394 GB / 79.750 GB to store   3712926730 kmers; need 30.987 GB to sort     64985217 kmers
Used 28.522 GB / 79.750 GB to store   3769500478 kmers; need 30.987 GB to sort     64985217 kmers
Used 28.649 GB / 79.750 GB to store   3826074730 kmers; need 30.987 GB to sort     64985217 kmers
Used 28.778 GB / 79.750 GB to store   3882648477 kmers; need 30.987 GB to sort     64985217 kmers
Used 28.906 GB / 79.750 GB to store   3939222379 kmers; need 30.987 GB to sort     64985217 kmers
Used 29.036 GB / 79.750 GB to store   3995795957 kmers; need 30.987 GB to sort     64985217 kmers
Used 29.163 GB / 79.750 GB to store   4052369923 kmers; need 30.987 GB to sort     64985217 kmers
Used 29.293 GB / 79.750 GB to store   4108944028 kmers; need 30.987 GB to sort     64985217 kmers
Used 29.421 GB / 79.750 GB to store   4165517799 kmers; need 30.987 GB to sort     64985217 kmers
Used 29.550 GB / 79.750 GB to store   4222091533 kmers; need 30.987 GB to sort     64985217 kmers
Used 29.679 GB / 79.750 GB to store   4278665365 kmers; need 30.987 GB to sort     64985217 kmers
Used 29.805 GB / 79.750 GB to store   4333144146 kmers; need 30.987 GB to sort     64985217 kmers
Used 29.934 GB / 79.750 GB to store   4389718251 kmers; need 30.987 GB to sort     64985217 kmers
Used 30.064 GB / 79.750 GB to store   4446292148 kmers; need 30.987 GB to sort     64985217 kmers
Used 30.189 GB / 79.750 GB to store   4500770350 kmers; need 30.987 GB to sort     64985217 kmers
Used 30.318 GB / 79.750 GB to store   4557344371 kmers; need 30.987 GB to sort     64985217 kmers
Used 30.444 GB / 79.750 GB to store   4611823131 kmers; need 30.987 GB to sort     64985217 kmers
Used 30.569 GB / 79.750 GB to store   4666301941 kmers; need 30.987 GB to sort     64985217 kmers
Used 30.696 GB / 79.750 GB to store   4720780785 kmers; need 30.987 GB to sort     64985217 kmers
Used 30.822 GB / 79.750 GB to store   4775259076 kmers; need 30.987 GB to sort     64985217 kmers
Used 30.948 GB / 79.750 GB to store   4829737437 kmers; need 30.987 GB to sort     64985217 kmers
Used 31.075 GB / 79.750 GB to store   4884216155 kmers; need 30.987 GB to sort     64985217 kmers
Used 31.200 GB / 79.750 GB to store   4938694852 kmers; need 30.987 GB to sort     64985217 kmers
Used 31.325 GB / 79.750 GB to store   4993173381 kmers; need 30.987 GB to sort     64985217 kmers
Used 31.453 GB / 79.750 GB to store   5047651718 kmers; need 30.987 GB to sort     64985217 kmers
Used 31.579 GB / 79.750 GB to store   5102130206 kmers; need 30.987 GB to sort     64985217 kmers
Used 31.705 GB / 79.750 GB to store   5156608714 kmers; need 30.987 GB to sort     64985217 kmers
Used 31.832 GB / 79.750 GB to store   5211087302 kmers; need 30.987 GB to sort     64985217 kmers
Used 31.959 GB / 79.750 GB to store   5265565709 kmers; need 30.987 GB to sort     64985217 kmers
Used 32.085 GB / 79.750 GB to store   5320043960 kmers; need 30.987 GB to sort     64985217 kmers
Used 32.212 GB / 79.750 GB to store   5374522615 kmers; need 30.987 GB to sort     64985217 kmers
Used 32.339 GB / 79.750 GB to store   5429000535 kmers; need 30.987 GB to sort     64985217 kmers
Used 32.467 GB / 79.750 GB to store   5483478969 kmers; need 30.987 GB to sort     64985217 kmers
Used 32.595 GB / 79.750 GB to store   5537957174 kmers; need 30.987 GB to sort     64985217 kmers
Used 32.722 GB / 79.750 GB to store   5592435836 kmers; need 30.987 GB to sort     64985217 kmers
Used 32.850 GB / 79.750 GB to store   5646913818 kmers; need 30.987 GB to sort     64985217 kmers
Used 32.979 GB / 79.750 GB to store   5701392536 kmers; need 30.987 GB to sort     64985217 kmers
Used 33.107 GB / 79.750 GB to store   5755870392 kmers; need 30.987 GB to sort     64985217 kmers
Used 33.235 GB / 79.750 GB to store   5810348724 kmers; need 30.987 GB to sort     64985217 kmers
Used 33.364 GB / 79.750 GB to store   5864827379 kmers; need 30.987 GB to sort     64985217 kmers
Used 33.492 GB / 79.750 GB to store   5919306244 kmers; need 30.987 GB to sort     64985217 kmers
Used 33.622 GB / 79.750 GB to store   5973785172 kmers; need 30.987 GB to sort     64985217 kmers
Used 33.750 GB / 79.750 GB to store   6028263953 kmers; need 30.987 GB to sort     64985217 kmers
Used 33.878 GB / 79.750 GB to store   6082741990 kmers; need 30.987 GB to sort     64985217 kmers
Used 34.007 GB / 79.750 GB to store   6137220383 kmers; need 30.987 GB to sort     64985217 kmers
Used 34.136 GB / 79.750 GB to store   6191699290 kmers; need 30.987 GB to sort     64985217 kmers
Used 34.266 GB / 79.750 GB to store   6246178050 kmers; need 30.987 GB to sort     64985217 kmers
Used 34.395 GB / 79.750 GB to store   6300657062 kmers; need 30.987 GB to sort     64985217 kmers
Used 34.524 GB / 79.750 GB to store   6355135547 kmers; need 30.987 GB to sort     64985217 kmers
Used 34.653 GB / 79.750 GB to store   6409614307 kmers; need 30.987 GB to sort     64985217 kmers
Used 34.781 GB / 79.750 GB to store   6464093361 kmers; need 30.987 GB to sort     64985217 kmers
Used 34.910 GB / 79.750 GB to store   6518572352 kmers; need 30.987 GB to sort     64985217 kmers
Used 35.038 GB / 79.750 GB to store   6573051259 kmers; need 30.987 GB to sort     64985217 kmers
Used 35.168 GB / 79.750 GB to store   6627530315 kmers; need 30.987 GB to sort     64985217 kmers
Used 35.297 GB / 79.750 GB to store   6682009138 kmers; need 30.987 GB to sort     64985217 kmers
Used 35.427 GB / 79.750 GB to store   6736487940 kmers; need 30.987 GB to sort     64985217 kmers
Used 35.556 GB / 79.750 GB to store   6790966441 kmers; need 30.987 GB to sort     64985217 kmers
Used 35.684 GB / 79.750 GB to store   6845445054 kmers; need 30.987 GB to sort     64985217 kmers
Used 35.814 GB / 79.750 GB to store   6899923793 kmers; need 30.987 GB to sort     64985217 kmers
Used 35.944 GB / 79.750 GB to store   6954402385 kmers; need 30.987 GB to sort     64985217 kmers
Used 36.073 GB / 79.750 GB to store   7008880873 kmers; need 30.987 GB to sort     64985217 kmers
Used 36.198 GB / 79.750 GB to store   7061264204 kmers; need 30.987 GB to sort     64985217 kmers
Used 36.323 GB / 79.750 GB to store   7113647451 kmers; need 30.987 GB to sort     64985217 kmers
Used 36.453 GB / 79.750 GB to store   7168126295 kmers; need 30.987 GB to sort     64985217 kmers
Used 36.578 GB / 79.750 GB to store   7220509647 kmers; need 30.987 GB to sort     64985217 kmers
Used 36.703 GB / 79.750 GB to store   7272892999 kmers; need 30.987 GB to sort     64985217 kmers
Used 36.829 GB / 79.750 GB to store   7325276519 kmers; need 30.987 GB to sort     64985217 kmers
Used 36.954 GB / 79.750 GB to store   7377659997 kmers; need 30.987 GB to sort     64985217 kmers
Used 37.079 GB / 79.750 GB to store   7430043139 kmers; need 30.987 GB to sort     64985217 kmers
Used 37.205 GB / 79.750 GB to store   7482426659 kmers; need 30.987 GB to sort     64985217 kmers
Used 37.330 GB / 79.750 GB to store   7534809843 kmers; need 30.987 GB to sort     64985217 kmers
Used 37.456 GB / 79.750 GB to store   7587193531 kmers; need 30.987 GB to sort     64985217 kmers
Used 37.582 GB / 79.750 GB to store   7639576936 kmers; need 30.987 GB to sort     64985217 kmers
Used 37.707 GB / 79.750 GB to store   7691959985 kmers; need 30.987 GB to sort     64985217 kmers
Used 37.833 GB / 79.750 GB to store   7744342881 kmers; need 30.987 GB to sort     64985217 kmers
Used 37.959 GB / 79.750 GB to store   7796726380 kmers; need 30.987 GB to sort     64985217 kmers
Used 38.085 GB / 79.750 GB to store   7849109860 kmers; need 30.987 GB to sort     64985217 kmers
Used 38.210 GB / 79.750 GB to store   7901493443 kmers; need 30.987 GB to sort     64985217 kmers
Used 38.336 GB / 79.750 GB to store   7953876594 kmers; need 30.987 GB to sort     64985217 kmers
Used 38.466 GB / 79.750 GB to store   8008355123 kmers; need 30.987 GB to sort     64985217 kmers
Used 38.596 GB / 79.750 GB to store   8062833862 kmers; need 30.987 GB to sort     64985217 kmers
Used 38.722 GB / 79.750 GB to store   8115217242 kmers; need 30.987 GB to sort     64985217 kmers
Used 38.848 GB / 79.750 GB to store   8167600484 kmers; need 30.987 GB to sort     64985217 kmers
Used 38.975 GB / 79.750 GB to store   8219983920 kmers; need 30.987 GB to sort     64985217 kmers
Used 39.103 GB / 79.750 GB to store   8272367166 kmers; need 30.987 GB to sort     64985217 kmers
Used 39.230 GB / 79.750 GB to store   8324750146 kmers; need 30.987 GB to sort     64985217 kmers
Used 39.357 GB / 79.750 GB to store   8377133277 kmers; need 30.987 GB to sort     64985217 kmers
Used 39.483 GB / 79.750 GB to store   8429516528 kmers; need 30.987 GB to sort     64985217 kmers
Used 39.608 GB / 79.750 GB to store   8481899686 kmers; need 30.987 GB to sort     64985217 kmers
Used 39.735 GB / 79.750 GB to store   8534283059 kmers; need 30.987 GB to sort     64985217 kmers
Used 39.861 GB / 79.750 GB to store   8586666537 kmers; need 30.987 GB to sort     64985217 kmers
Used 39.987 GB / 79.750 GB to store   8639050015 kmers; need 30.987 GB to sort     64985217 kmers
Used 40.113 GB / 79.750 GB to store   8691433367 kmers; need 30.987 GB to sort     64985217 kmers
Used 40.238 GB / 79.750 GB to store   8743816401 kmers; need 30.987 GB to sort     64985217 kmers
Used 40.365 GB / 79.750 GB to store   8796199430 kmers; need 30.987 GB to sort     64985217 kmers
Used 40.491 GB / 79.750 GB to store   8848582488 kmers; need 30.987 GB to sort     64985217 kmers
Used 40.616 GB / 79.750 GB to store   8900965528 kmers; need 30.987 GB to sort     64985217 kmers
Used 40.743 GB / 79.750 GB to store   8953348527 kmers; need 30.987 GB to sort     64985217 kmers
Used 40.869 GB / 79.750 GB to store   9005732488 kmers; need 30.987 GB to sort     64985217 kmers
Used 40.995 GB / 79.750 GB to store   9058115371 kmers; need 30.987 GB to sort     64985217 kmers
Used 41.122 GB / 79.750 GB to store   9110499017 kmers; need 30.987 GB to sort     64985217 kmers
Used 41.248 GB / 79.750 GB to store   9162882327 kmers; need 30.987 GB to sort     64985217 kmers
Used 41.377 GB / 79.750 GB to store   9215265658 kmers; need 30.987 GB to sort     64985217 kmers
Used 41.502 GB / 79.750 GB to store   9267648737 kmers; need 30.987 GB to sort     64985217 kmers
Used 41.628 GB / 79.750 GB to store   9320032131 kmers; need 30.987 GB to sort     64985217 kmers
Used 41.754 GB / 79.750 GB to store   9372415588 kmers; need 30.987 GB to sort     64985217 kmers
Used 41.881 GB / 79.750 GB to store   9424799087 kmers; need 30.987 GB to sort     64985217 kmers
Used 42.009 GB / 79.750 GB to store   9477182272 kmers; need 30.987 GB to sort     64985217 kmers
Used 42.136 GB / 79.750 GB to store   9529565708 kmers; need 30.987 GB to sort     64985217 kmers
Used 42.262 GB / 79.750 GB to store   9581949354 kmers; need 30.987 GB to sort     64985217 kmers
Used 42.390 GB / 79.750 GB to store   9634332979 kmers; need 30.987 GB to sort     64985217 kmers
Used 42.517 GB / 79.750 GB to store   9686716100 kmers; need 30.987 GB to sort     64985217 kmers
Used 42.645 GB / 79.750 GB to store   9739099312 kmers; need 30.987 GB to sort     64985217 kmers
Used 42.771 GB / 79.750 GB to store   9791482937 kmers; need 30.987 GB to sort     64985217 kmers
Used 42.898 GB / 79.750 GB to store   9843866413 kmers; need 30.987 GB to sort     64985217 kmers
Used 43.025 GB / 79.750 GB to store   9896249468 kmers; need 30.987 GB to sort     64985217 kmers
Used 43.151 GB / 79.750 GB to store   9948632300 kmers; need 30.987 GB to sort     64985217 kmers
Used 43.277 GB / 79.750 GB to store  10001016282 kmers; need 30.987 GB to sort     64985217 kmers
Used 43.405 GB / 79.750 GB to store  10053399781 kmers; need 30.987 GB to sort     64985217 kmers
Used 43.532 GB / 79.750 GB to store  10105782727 kmers; need 30.987 GB to sort     64985217 kmers
Used 43.660 GB / 79.750 GB to store  10158166226 kmers; need 30.987 GB to sort     64985217 kmers
Used 43.787 GB / 79.750 GB to store  10210549237 kmers; need 30.987 GB to sort     64985217 kmers
Used 43.913 GB / 79.750 GB to store  10262932505 kmers; need 30.987 GB to sort     64985217 kmers
Used 44.040 GB / 79.750 GB to store  10315316130 kmers; need 30.987 GB to sort     64985217 kmers
Used 44.168 GB / 79.750 GB to store  10367699244 kmers; need 30.987 GB to sort     64985217 kmers
Used 44.295 GB / 79.750 GB to store  10420082443 kmers; need 30.987 GB to sort     64985217 kmers
Used 44.423 GB / 79.750 GB to store  10472465420 kmers; need 30.987 GB to sort     64985217 kmers
Used 44.551 GB / 79.750 GB to store  10524848458 kmers; need 30.987 GB to sort     64985217 kmers
Used 44.678 GB / 79.750 GB to store  10577231867 kmers; need 30.987 GB to sort     64985217 kmers
Used 44.804 GB / 79.750 GB to store  10629615240 kmers; need 30.987 GB to sort     64985217 kmers
Used 44.931 GB / 79.750 GB to store  10681998602 kmers; need 30.987 GB to sort     64985217 kmers
Used 45.059 GB / 79.750 GB to store  10734382017 kmers; need 30.987 GB to sort     64985217 kmers
Used 45.187 GB / 79.750 GB to store  10786765642 kmers; need 30.987 GB to sort     64985217 kmers
Used 45.315 GB / 79.750 GB to store  10839148804 kmers; need 30.987 GB to sort     64985217 kmers
Used 45.442 GB / 79.750 GB to store  10891532219 kmers; need 30.987 GB to sort     64985217 kmers
Used 45.569 GB / 79.750 GB to store  10943915760 kmers; need 30.987 GB to sort     64985217 kmers
Used 45.697 GB / 79.750 GB to store  10996298541 kmers; need 30.987 GB to sort     64985217 kmers
Used 45.825 GB / 79.750 GB to store  11048682019 kmers; need 30.987 GB to sort     64985217 kmers
Used 45.952 GB / 79.750 GB to store  11101065287 kmers; need 30.987 GB to sort     64985217 kmers
Used 46.079 GB / 79.750 GB to store  11153448807 kmers; need 30.987 GB to sort     64985217 kmers
Used 46.207 GB / 79.750 GB to store  11205832285 kmers; need 30.987 GB to sort     64985217 kmers
Used 46.334 GB / 79.750 GB to store  11258215847 kmers; need 30.987 GB to sort     64985217 kmers
Used 46.463 GB / 79.750 GB to store  11310599409 kmers; need 30.987 GB to sort     64985217 kmers
Used 46.592 GB / 79.750 GB to store  11362982698 kmers; need 30.987 GB to sort     64985217 kmers
Used 46.720 GB / 79.750 GB to store  11415366299 kmers; need 30.987 GB to sort     64985217 kmers
Used 46.848 GB / 79.750 GB to store  11467749814 kmers; need 30.987 GB to sort     64985217 kmers
Used 46.976 GB / 79.750 GB to store  11520133002 kmers; need 30.987 GB to sort     64985217 kmers
Used 47.105 GB / 79.750 GB to store  11572516564 kmers; need 30.987 GB to sort     64985217 kmers
Used 47.232 GB / 79.750 GB to store  11624899713 kmers; need 30.987 GB to sort     64985217 kmers
Used 47.360 GB / 79.750 GB to store  11677283191 kmers; need 30.987 GB to sort     64985217 kmers
Used 47.488 GB / 79.750 GB to store  11729666711 kmers; need 30.987 GB to sort     64985217 kmers
Used 47.616 GB / 79.750 GB to store  11782050336 kmers; need 30.987 GB to sort     64985217 kmers
Used 47.744 GB / 79.750 GB to store  11834433692 kmers; need 30.987 GB to sort     64985217 kmers
Used 47.873 GB / 79.750 GB to store  11886817028 kmers; need 30.987 GB to sort     64985217 kmers
Used 48.001 GB / 79.750 GB to store  11939200405 kmers; need 30.987 GB to sort     64985217 kmers
Used 48.128 GB / 79.750 GB to store  11991584313 kmers; need 30.987 GB to sort     64985217 kmers
Used 48.256 GB / 79.750 GB to store  12043967700 kmers; need 30.987 GB to sort     64985217 kmers
Used 48.384 GB / 79.750 GB to store  12096350968 kmers; need 30.987 GB to sort     64985217 kmers
Used 48.512 GB / 79.750 GB to store  12148734719 kmers; need 30.987 GB to sort     64985217 kmers
Used 48.641 GB / 79.750 GB to store  12201118067 kmers; need 30.987 GB to sort     64985217 kmers
Used 48.713 GB / 79.750 GB to store  12230452645 kmers; need 31.045 GB to sort     65107118 kmers
Memory full.  Writing results to 'hifi.meryl', using 30 threads (2 threads still doing input).

Used 20.930 GB / 79.750 GB to store      2095366 kmers; need 30.998 GB to sort     65007178 kmers
Used 21.030 GB / 79.750 GB to store     10476746 kmers; need 31.046 GB to sort     65108251 kmers
Used 21.156 GB / 79.750 GB to store     18858084 kmers; need 31.046 GB to sort     65108284 kmers
Used 21.291 GB / 79.750 GB to store     27239443 kmers; need 31.046 GB to sort     65108284 kmers
Used 21.447 GB / 79.750 GB to store     39811597 kmers; need 31.046 GB to sort     65108284 kmers
Used 21.598 GB / 79.750 GB to store     50288301 kmers; need 31.046 GB to sort     65108284 kmers
Used 21.742 GB / 79.750 GB to store     60765089 kmers; need 31.046 GB to sort     65108284 kmers
Used 21.869 GB / 79.750 GB to store     75432420 kmers; need 31.046 GB to sort     65108284 kmers
Used 21.995 GB / 79.750 GB to store    213724854 kmers; need 31.046 GB to sort     65108284 kmers
Used 22.121 GB / 79.750 GB to store    393923591 kmers; need 31.046 GB to sort     65108284 kmers
Used 22.248 GB / 79.750 GB to store    530120428 kmers; need 31.046 GB to sort     65108284 kmers
Used 22.374 GB / 79.750 GB to store    643268482 kmers; need 31.046 GB to sort     65108284 kmers
Used 22.501 GB / 79.750 GB to store    743844353 kmers; need 31.046 GB to sort     65108284 kmers
Used 22.629 GB / 79.750 GB to store    838134111 kmers; need 31.046 GB to sort     65108284 kmers
Used 22.756 GB / 79.750 GB to store    926137900 kmers; need 31.046 GB to sort     65108284 kmers
Used 22.882 GB / 79.750 GB to store   1009951540 kmers; need 31.046 GB to sort     65108284 kmers
Used 23.010 GB / 79.750 GB to store   1089574335 kmers; need 31.046 GB to sort     65108284 kmers
Used 23.137 GB / 79.750 GB to store   1167101953 kmers; need 31.046 GB to sort     65108284 kmers
Used 23.265 GB / 79.750 GB to store   1242533932 kmers; need 31.046 GB to sort     65108284 kmers
Used 23.392 GB / 79.750 GB to store   1315870356 kmers; need 31.046 GB to sort     65108284 kmers
Used 23.520 GB / 79.750 GB to store   1387111745 kmers; need 31.046 GB to sort     65108284 kmers
Used 23.645 GB / 79.750 GB to store   1456257731 kmers; need 31.046 GB to sort     65108284 kmers
Used 23.772 GB / 79.750 GB to store   1525403591 kmers; need 31.046 GB to sort     65108284 kmers
Used 23.897 GB / 79.750 GB to store   1592454379 kmers; need 31.046 GB to sort     65108284 kmers
Used 24.025 GB / 79.750 GB to store   1659505043 kmers; need 31.046 GB to sort     65108284 kmers
Used 24.153 GB / 79.750 GB to store   1726555667 kmers; need 31.046 GB to sort     65108284 kmers
Used 24.279 GB / 79.750 GB to store   1791511110 kmers; need 31.046 GB to sort     65108284 kmers
Used 24.405 GB / 79.750 GB to store   1856466290 kmers; need 31.046 GB to sort     65108284 kmers
Used 24.534 GB / 79.750 GB to store   1921421775 kmers; need 31.046 GB to sort     65108284 kmers
Used 24.659 GB / 79.750 GB to store   1984282083 kmers; need 31.046 GB to sort     65108284 kmers
Used 24.787 GB / 79.750 GB to store   2047142076 kmers; need 31.046 GB to sort     65108284 kmers
Used 24.914 GB / 79.750 GB to store   2110002405 kmers; need 31.046 GB to sort     65108284 kmers
Used 25.040 GB / 79.750 GB to store   2170767242 kmers; need 31.046 GB to sort     65108284 kmers
Used 25.165 GB / 79.750 GB to store   2231531415 kmers; need 31.046 GB to sort     65108284 kmers
Used 25.291 GB / 79.750 GB to store   2292296027 kmers; need 31.046 GB to sort     65108284 kmers
Used 25.419 GB / 79.750 GB to store   2353060684 kmers; need 31.046 GB to sort     65108284 kmers
Used 25.547 GB / 79.750 GB to store   2413825479 kmers; need 31.046 GB to sort     65108284 kmers
Used 25.674 GB / 79.750 GB to store   2474590295 kmers; need 31.046 GB to sort     65108284 kmers
Used 25.799 GB / 79.750 GB to store   2533259668 kmers; need 31.046 GB to sort     65108284 kmers
Used 25.928 GB / 79.750 GB to store   2594024757 kmers; need 31.046 GB to sort     65108284 kmers
Used 26.053 GB / 79.750 GB to store   2652458381 kmers; need 31.046 GB to sort     65108284 kmers
Used 26.178 GB / 79.750 GB to store   2711122885 kmers; need 31.046 GB to sort     65108284 kmers
Used 26.306 GB / 79.750 GB to store   2769786702 kmers; need 31.046 GB to sort     65108284 kmers
Used 26.433 GB / 79.750 GB to store   2828451133 kmers; need 31.046 GB to sort     65108284 kmers
Used 26.561 GB / 79.750 GB to store   2887115184 kmers; need 31.046 GB to sort     65108284 kmers
Used 26.689 GB / 79.750 GB to store   2945778984 kmers; need 31.046 GB to sort     65108284 kmers
Used 26.818 GB / 79.750 GB to store   3004443249 kmers; need 31.046 GB to sort     65108284 kmers
Used 26.946 GB / 79.750 GB to store   3063107575 kmers; need 31.046 GB to sort     65108284 kmers
Used 27.075 GB / 79.750 GB to store   3121772147 kmers; need 31.046 GB to sort     65108284 kmers
Used 27.201 GB / 79.750 GB to store   3178340844 kmers; need 31.046 GB to sort     65108284 kmers
Used 27.327 GB / 79.750 GB to store   3234909846 kmers; need 31.046 GB to sort     65108284 kmers
Used 27.452 GB / 79.750 GB to store   3291478267 kmers; need 31.046 GB to sort     65108284 kmers
Used 27.579 GB / 79.750 GB to store   3348046725 kmers; need 31.046 GB to sort     65108284 kmers
Used 27.704 GB / 79.750 GB to store   3404615885 kmers; need 31.046 GB to sort     65108284 kmers
Used 27.831 GB / 79.750 GB to store   3461184702 kmers; need 31.046 GB to sort     65108284 kmers
Used 27.956 GB / 79.750 GB to store   3517753809 kmers; need 31.046 GB to sort     65108284 kmers
Used 28.084 GB / 79.750 GB to store   3574322769 kmers; need 31.046 GB to sort     65108284 kmers
Used 28.210 GB / 79.750 GB to store   3630891645 kmers; need 31.046 GB to sort     65108284 kmers
Used 28.337 GB / 79.750 GB to store   3687460626 kmers; need 31.046 GB to sort     65108284 kmers
Used 28.465 GB / 79.750 GB to store   3744029193 kmers; need 31.046 GB to sort     65108284 kmers
Used 28.593 GB / 79.750 GB to store   3800598615 kmers; need 31.046 GB to sort     65108284 kmers
Used 28.721 GB / 79.750 GB to store   3857167721 kmers; need 31.046 GB to sort     65108284 kmers
Used 28.850 GB / 79.750 GB to store   3913736933 kmers; need 31.046 GB to sort     65108284 kmers
Used 28.978 GB / 79.750 GB to store   3970305683 kmers; need 31.046 GB to sort     65108284 kmers
Used 29.106 GB / 79.750 GB to store   4026874748 kmers; need 31.046 GB to sort     65108284 kmers
Used 29.235 GB / 79.750 GB to store   4083443708 kmers; need 31.046 GB to sort     65108284 kmers
Used 29.360 GB / 79.750 GB to store   4137917185 kmers; need 31.046 GB to sort     65108284 kmers
Used 29.486 GB / 79.750 GB to store   4192391094 kmers; need 31.046 GB to sort     65108284 kmers
Used 29.615 GB / 79.750 GB to store   4248960285 kmers; need 31.046 GB to sort     65108284 kmers
Used 29.743 GB / 79.750 GB to store   4305529560 kmers; need 31.046 GB to sort     65108284 kmers
Used 29.873 GB / 79.750 GB to store   4362098772 kmers; need 31.046 GB to sort     65108284 kmers
Used 30.002 GB / 79.750 GB to store   4418667711 kmers; need 31.046 GB to sort     65108284 kmers
Used 30.128 GB / 79.750 GB to store   4473141676 kmers; need 31.046 GB to sort     65108284 kmers
Used 30.253 GB / 79.750 GB to store   4527615363 kmers; need 31.046 GB to sort     65108284 kmers
Used 30.382 GB / 79.750 GB to store   4584184155 kmers; need 31.046 GB to sort     65108284 kmers
Used 30.512 GB / 79.750 GB to store   4640753304 kmers; need 31.046 GB to sort     65108284 kmers
Used 30.639 GB / 79.750 GB to store   4695227232 kmers; need 31.046 GB to sort     65108284 kmers
Used 30.764 GB / 79.750 GB to store   4749701183 kmers; need 31.046 GB to sort     65108284 kmers
Used 30.890 GB / 79.750 GB to store   4804175008 kmers; need 31.046 GB to sort     65108284 kmers
Used 31.017 GB / 79.750 GB to store   4858648959 kmers; need 31.046 GB to sort     65108284 kmers
Used 31.146 GB / 79.750 GB to store   4915218213 kmers; need 31.046 GB to sort     65108284 kmers
Used 31.274 GB / 79.750 GB to store   4969691530 kmers; need 31.046 GB to sort     65108284 kmers
Used 31.400 GB / 79.750 GB to store   5024165754 kmers; need 31.046 GB to sort     65108284 kmers
Used 31.526 GB / 79.750 GB to store   5078639558 kmers; need 31.046 GB to sort     65108284 kmers
Used 31.652 GB / 79.750 GB to store   5133113505 kmers; need 31.046 GB to sort     65108284 kmers
Used 31.779 GB / 79.750 GB to store   5187586543 kmers; need 31.046 GB to sort     65108284 kmers
Used 31.907 GB / 79.750 GB to store   5242060641 kmers; need 31.046 GB to sort     65108284 kmers
Used 32.034 GB / 79.750 GB to store   5296534424 kmers; need 31.046 GB to sort     65108284 kmers
Used 32.162 GB / 79.750 GB to store   5351008333 kmers; need 31.046 GB to sort     65108284 kmers
Used 32.288 GB / 79.750 GB to store   5405481948 kmers; need 31.046 GB to sort     65108284 kmers
Used 32.416 GB / 79.750 GB to store   5459955626 kmers; need 31.046 GB to sort     65108284 kmers
Used 32.543 GB / 79.750 GB to store   5514429367 kmers; need 31.046 GB to sort     65108284 kmers
Used 32.671 GB / 79.750 GB to store   5568903835 kmers; need 31.046 GB to sort     65108284 kmers
Used 32.799 GB / 79.750 GB to store   5623377765 kmers; need 31.046 GB to sort     65108284 kmers
Used 32.927 GB / 79.750 GB to store   5677851405 kmers; need 31.046 GB to sort     65108284 kmers
Used 33.056 GB / 79.750 GB to store   5732325461 kmers; need 31.046 GB to sort     65108284 kmers
Used 33.183 GB / 79.750 GB to store   5786799187 kmers; need 31.046 GB to sort     65108284 kmers
Used 33.311 GB / 79.750 GB to store   5841272992 kmers; need 31.046 GB to sort     65108284 kmers
Used 33.439 GB / 79.750 GB to store   5895746733 kmers; need 31.046 GB to sort     65108284 kmers
Used 33.568 GB / 79.750 GB to store   5950220246 kmers; need 31.046 GB to sort     65108284 kmers
Used 33.698 GB / 79.750 GB to store   6004693777 kmers; need 31.046 GB to sort     65108284 kmers
Used 33.825 GB / 79.750 GB to store   6059167791 kmers; need 31.046 GB to sort     65108284 kmers
Used 33.954 GB / 79.750 GB to store   6113641567 kmers; need 31.046 GB to sort     65108284 kmers
Used 34.084 GB / 79.750 GB to store   6168115441 kmers; need 31.046 GB to sort     65108284 kmers
Used 34.213 GB / 79.750 GB to store   6222589707 kmers; need 31.046 GB to sort     65108284 kmers
Used 34.338 GB / 79.750 GB to store   6274968414 kmers; need 31.046 GB to sort     65108284 kmers
Used 34.467 GB / 79.750 GB to store   6329442407 kmers; need 31.046 GB to sort     65108284 kmers
Used 34.594 GB / 79.750 GB to store   6383916358 kmers; need 31.046 GB to sort     65108284 kmers
Used 34.724 GB / 79.750 GB to store   6438390015 kmers; need 31.046 GB to sort     65108284 kmers
Used 34.853 GB / 79.750 GB to store   6492863630 kmers; need 31.046 GB to sort     65108284 kmers
Used 34.980 GB / 79.750 GB to store   6547337265 kmers; need 31.046 GB to sort     65108284 kmers
Used 35.109 GB / 79.750 GB to store   6601811132 kmers; need 31.046 GB to sort     65108284 kmers
Used 35.238 GB / 79.750 GB to store   6656284789 kmers; need 31.046 GB to sort     65108284 kmers
Used 35.363 GB / 79.750 GB to store   6708663420 kmers; need 31.046 GB to sort     65108284 kmers
Used 35.492 GB / 79.750 GB to store   6763137371 kmers; need 31.046 GB to sort     65108284 kmers
Used 35.621 GB / 79.750 GB to store   6817611343 kmers; need 31.046 GB to sort     65108284 kmers
Used 35.751 GB / 79.750 GB to store   6872085378 kmers; need 31.046 GB to sort     65108284 kmers
Used 35.880 GB / 79.750 GB to store   6926559518 kmers; need 31.046 GB to sort     65108284 kmers
Used 36.009 GB / 79.750 GB to store   6981033448 kmers; need 31.046 GB to sort     65108284 kmers
Used 36.135 GB / 79.750 GB to store   7033412132 kmers; need 31.046 GB to sort     65108284 kmers
Used 36.260 GB / 79.750 GB to store   7085790568 kmers; need 31.046 GB to sort     65108284 kmers
Used 36.389 GB / 79.750 GB to store   7140264624 kmers; need 31.046 GB to sort     65108284 kmers
Used 36.514 GB / 79.750 GB to store   7192643456 kmers; need 31.046 GB to sort     65108284 kmers
Used 36.639 GB / 79.750 GB to store   7245022205 kmers; need 31.046 GB to sort     65108284 kmers
Used 36.764 GB / 79.750 GB to store   7297400895 kmers; need 31.046 GB to sort     65108284 kmers
Used 36.894 GB / 79.750 GB to store   7351874804 kmers; need 31.046 GB to sort     65108284 kmers
Used 37.019 GB / 79.750 GB to store   7404253557 kmers; need 31.046 GB to sort     65108284 kmers
Used 37.145 GB / 79.750 GB to store   7456632436 kmers; need 31.046 GB to sort     65108284 kmers
Used 37.270 GB / 79.750 GB to store   7509011515 kmers; need 31.046 GB to sort     65108284 kmers
Used 37.397 GB / 79.750 GB to store   7561390373 kmers; need 31.046 GB to sort     65108284 kmers
Used 37.522 GB / 79.750 GB to store   7613769168 kmers; need 31.046 GB to sort     65108284 kmers
Used 37.647 GB / 79.750 GB to store   7666147879 kmers; need 31.046 GB to sort     65108284 kmers
Used 37.773 GB / 79.750 GB to store   7718526506 kmers; need 31.046 GB to sort     65108284 kmers
Used 37.903 GB / 79.750 GB to store   7773000331 kmers; need 31.046 GB to sort     65108284 kmers
Used 38.029 GB / 79.750 GB to store   7825379260 kmers; need 31.046 GB to sort     65108284 kmers
Used 38.155 GB / 79.750 GB to store   7877757929 kmers; need 31.046 GB to sort     65108284 kmers
Used 38.280 GB / 79.750 GB to store   7930136724 kmers; need 31.046 GB to sort     65108284 kmers
Used 38.406 GB / 79.750 GB to store   7982515373 kmers; need 31.046 GB to sort     65108284 kmers
Used 38.532 GB / 79.750 GB to store   8034894378 kmers; need 31.046 GB to sort     65108284 kmers
Used 38.659 GB / 79.750 GB to store   8087272986 kmers; need 31.046 GB to sort     65108284 kmers
Used 38.786 GB / 79.750 GB to store   8139651756 kmers; need 31.046 GB to sort     65108284 kmers
Used 38.911 GB / 79.750 GB to store   8192030824 kmers; need 31.046 GB to sort     65108284 kmers
Used 39.037 GB / 79.750 GB to store   8244409415 kmers; need 31.046 GB to sort     65108284 kmers
Used 39.165 GB / 79.750 GB to store   8296788336 kmers; need 31.046 GB to sort     65108284 kmers
Used 39.291 GB / 79.750 GB to store   8349167425 kmers; need 31.046 GB to sort     65108284 kmers
Used 39.418 GB / 79.750 GB to store   8401546241 kmers; need 31.046 GB to sort     65108284 kmers
Used 39.544 GB / 79.750 GB to store   8453925141 kmers; need 31.046 GB to sort     65108284 kmers
Used 39.670 GB / 79.750 GB to store   8506303705 kmers; need 31.046 GB to sort     65108284 kmers
Used 39.796 GB / 79.750 GB to store   8558682395 kmers; need 31.046 GB to sort     65108284 kmers
Used 39.922 GB / 79.750 GB to store   8611061610 kmers; need 31.046 GB to sort     65108284 kmers
Used 40.048 GB / 79.750 GB to store   8663440174 kmers; need 31.046 GB to sort     65108284 kmers
Used 40.173 GB / 79.750 GB to store   8715818990 kmers; need 31.046 GB to sort     65108284 kmers
Used 40.298 GB / 79.750 GB to store   8768197932 kmers; need 31.046 GB to sort     65108284 kmers
Used 40.425 GB / 79.750 GB to store   8820576790 kmers; need 31.046 GB to sort     65108284 kmers
Used 40.552 GB / 79.750 GB to store   8872955381 kmers; need 31.046 GB to sort     65108284 kmers
Used 40.678 GB / 79.750 GB to store   8925334052 kmers; need 31.046 GB to sort     65108284 kmers
Used 40.804 GB / 79.750 GB to store   8977711970 kmers; need 31.046 GB to sort     65108284 kmers
Used 40.932 GB / 79.750 GB to store   9030090891 kmers; need 31.046 GB to sort     65108284 kmers
Used 41.059 GB / 79.750 GB to store   9082469257 kmers; need 31.046 GB to sort     65108284 kmers
Used 41.185 GB / 79.750 GB to store   9134848304 kmers; need 31.046 GB to sort     65108284 kmers
Used 41.311 GB / 79.750 GB to store   9187226923 kmers; need 31.046 GB to sort     65108284 kmers
Used 41.438 GB / 79.750 GB to store   9239605720 kmers; need 31.046 GB to sort     65108284 kmers
Used 41.564 GB / 79.750 GB to store   9291984494 kmers; need 31.046 GB to sort     65108284 kmers
Used 41.692 GB / 79.750 GB to store   9344363289 kmers; need 31.046 GB to sort     65108284 kmers
Used 41.817 GB / 79.750 GB to store   9396742125 kmers; need 31.046 GB to sort     65108284 kmers
Used 41.944 GB / 79.750 GB to store   9449120676 kmers; need 31.046 GB to sort     65108284 kmers
Used 42.070 GB / 79.750 GB to store   9501499471 kmers; need 31.046 GB to sort     65108284 kmers
Used 42.197 GB / 79.750 GB to store   9553878273 kmers; need 31.046 GB to sort     65108284 kmers
Used 42.324 GB / 79.750 GB to store   9606257266 kmers; need 31.046 GB to sort     65108284 kmers
Used 42.452 GB / 79.750 GB to store   9658636376 kmers; need 31.046 GB to sort     65108284 kmers
Used 42.579 GB / 79.750 GB to store   9711015192 kmers; need 31.046 GB to sort     65108284 kmers
Used 42.706 GB / 79.750 GB to store   9763394134 kmers; need 31.046 GB to sort     65108284 kmers
Used 42.832 GB / 79.750 GB to store   9815772924 kmers; need 31.046 GB to sort     65108284 kmers
Used 42.958 GB / 79.750 GB to store   9868151515 kmers; need 31.046 GB to sort     65108284 kmers
Used 43.084 GB / 79.750 GB to store   9920530068 kmers; need 31.046 GB to sort     65108284 kmers
Used 43.212 GB / 79.750 GB to store   9972908800 kmers; need 31.046 GB to sort     65108284 kmers
Used 43.340 GB / 79.750 GB to store  10025287889 kmers; need 31.046 GB to sort     65108284 kmers
Used 43.467 GB / 79.750 GB to store  10077666642 kmers; need 31.046 GB to sort     65108284 kmers
Used 43.594 GB / 79.750 GB to store  10130044946 kmers; need 31.046 GB to sort     65108284 kmers
Used 43.722 GB / 79.750 GB to store  10182423615 kmers; need 31.046 GB to sort     65108284 kmers
Used 43.848 GB / 79.750 GB to store  10234802074 kmers; need 31.046 GB to sort     65108284 kmers
Used 43.977 GB / 79.750 GB to store  10287180869 kmers; need 31.046 GB to sort     65108284 kmers
Used 44.103 GB / 79.750 GB to store  10339559262 kmers; need 31.046 GB to sort     65108284 kmers
Used 44.231 GB / 79.750 GB to store  10391937818 kmers; need 31.046 GB to sort     65108284 kmers
Used 44.358 GB / 79.750 GB to store  10444316359 kmers; need 31.046 GB to sort     65108284 kmers
Used 44.485 GB / 79.750 GB to store  10496695191 kmers; need 31.046 GB to sort     65108284 kmers
Used 44.613 GB / 79.750 GB to store  10549073506 kmers; need 31.046 GB to sort     65108284 kmers
Used 44.738 GB / 79.750 GB to store  10600672951 kmers; need 31.046 GB to sort     65108284 kmers
Used 44.865 GB / 79.750 GB to store  10653052187 kmers; need 31.046 GB to sort     65108284 kmers
Used 44.993 GB / 79.750 GB to store  10705431056 kmers; need 31.046 GB to sort     65108284 kmers
Used 45.120 GB / 79.750 GB to store  10757810121 kmers; need 31.046 GB to sort     65108284 kmers
Used 45.248 GB / 79.750 GB to store  10810188790 kmers; need 31.046 GB to sort     65108284 kmers
Used 45.376 GB / 79.750 GB to store  10862567669 kmers; need 31.046 GB to sort     65108284 kmers
Used 45.504 GB / 79.750 GB to store  10914946464 kmers; need 31.046 GB to sort     65108284 kmers
Used 45.630 GB / 79.750 GB to store  10967324986 kmers; need 31.046 GB to sort     65108284 kmers
Used 45.756 GB / 79.750 GB to store  11019703949 kmers; need 31.046 GB to sort     65108284 kmers
Used 45.884 GB / 79.750 GB to store  11072082565 kmers; need 31.046 GB to sort     65108284 kmers
Used 46.013 GB / 79.750 GB to store  11124461402 kmers; need 31.046 GB to sort     65108284 kmers
Used 46.140 GB / 79.750 GB to store  11176840001 kmers; need 31.046 GB to sort     65108284 kmers
Used 46.267 GB / 79.750 GB to store  11229218502 kmers; need 31.046 GB to sort     65108284 kmers
Used 46.396 GB / 79.750 GB to store  11281597252 kmers; need 31.046 GB to sort     65108284 kmers
Used 46.523 GB / 79.750 GB to store  11333975816 kmers; need 31.046 GB to sort     65108284 kmers
Used 46.652 GB / 79.750 GB to store  11386354569 kmers; need 31.046 GB to sort     65108284 kmers
Used 46.779 GB / 79.750 GB to store  11438733364 kmers; need 31.046 GB to sort     65108284 kmers
Used 46.908 GB / 79.750 GB to store  11491112327 kmers; need 31.046 GB to sort     65108284 kmers
Used 47.035 GB / 79.750 GB to store  11543490903 kmers; need 31.046 GB to sort     65108284 kmers
Used 47.163 GB / 79.750 GB to store  11595869470 kmers; need 31.046 GB to sort     65108284 kmers
Used 47.291 GB / 79.750 GB to store  11648247769 kmers; need 31.046 GB to sort     65108284 kmers
Used 47.419 GB / 79.750 GB to store  11700626564 kmers; need 31.046 GB to sort     65108284 kmers
Used 47.547 GB / 79.750 GB to store  11753005380 kmers; need 31.046 GB to sort     65108284 kmers
Used 47.675 GB / 79.750 GB to store  11805383295 kmers; need 31.046 GB to sort     65108284 kmers
Used 47.767 GB / 79.750 GB to store  11843096068 kmers; need 31.087 GB to sort     65193125 kmers
Used 47.818 GB / 79.750 GB to store  11864047539 kmers; need 31.183 GB to sort     65395142 kmers
Used 47.890 GB / 79.750 GB to store  11893379807 kmers; need 31.237 GB to sort     65508184 kmers
Used 47.961 GB / 79.750 GB to store  11922711865 kmers; need 31.295 GB to sort     65629708 kmers
Used 48.001 GB / 79.750 GB to store  11939472368 kmers; need 31.384 GB to sort     65817470 kmers
Used 48.078 GB / 79.750 GB to store  11970899624 kmers; need 31.433 GB to sort     65920716 kmers
Used 48.139 GB / 79.750 GB to store  11996040858 kmers; need 31.503 GB to sort     66066063 kmers
Memory full.  Writing results to 'hifi.meryl', using 30 threads (2 threads still doing input).

Used 20.930 GB / 79.750 GB to store      2095156 kmers; need 31.541 GB to sort     66146351 kmers
Used 21.044 GB / 79.750 GB to store     20951623 kmers; need 31.569 GB to sort     66205208 kmers
Used 21.186 GB / 79.750 GB to store     31427361 kmers; need 31.569 GB to sort     66205209 kmers
Used 21.332 GB / 79.750 GB to store     39807880 kmers; need 31.569 GB to sort     66205209 kmers
Used 21.459 GB / 79.750 GB to store     48188525 kmers; need 31.569 GB to sort     66205263 kmers
Used 21.617 GB / 79.750 GB to store     60759200 kmers; need 31.569 GB to sort     66205321 kmers
Used 21.752 GB / 79.750 GB to store     69139803 kmers; need 31.569 GB to sort     66205321 kmers
Used 21.878 GB / 79.750 GB to store     81710676 kmers; need 31.569 GB to sort     66205321 kmers
Used 22.004 GB / 79.750 GB to store    196943004 kmers; need 31.569 GB to sort     66205321 kmers
Used 22.130 GB / 79.750 GB to store    381316384 kmers; need 31.569 GB to sort     66205321 kmers
Used 22.256 GB / 79.750 GB to store    519595799 kmers; need 31.569 GB to sort     66205321 kmers
Used 22.383 GB / 79.750 GB to store    634828799 kmers; need 31.569 GB to sort     66205321 kmers
Used 22.508 GB / 79.750 GB to store    735396056 kmers; need 31.569 GB to sort     66205321 kmers
Used 22.635 GB / 79.750 GB to store    829677709 kmers; need 31.569 GB to sort     66205321 kmers
Used 22.760 GB / 79.750 GB to store    917673525 kmers; need 31.569 GB to sort     66205321 kmers
Used 22.886 GB / 79.750 GB to store   1001479278 kmers; need 31.569 GB to sort     66205321 kmers
Used 23.011 GB / 79.750 GB to store   1081094501 kmers; need 31.569 GB to sort     66205321 kmers
Used 23.139 GB / 79.750 GB to store   1158614820 kmers; need 31.569 GB to sort     66205321 kmers
Used 23.266 GB / 79.750 GB to store   1234040265 kmers; need 31.569 GB to sort     66205321 kmers
Used 23.393 GB / 79.750 GB to store   1307370683 kmers; need 31.569 GB to sort     66205321 kmers
Used 23.518 GB / 79.750 GB to store   1378606029 kmers; need 31.569 GB to sort     66205321 kmers
Used 23.646 GB / 79.750 GB to store   1449840135 kmers; need 31.569 GB to sort     66205321 kmers
Used 23.773 GB / 79.750 GB to store   1518979513 kmers; need 31.569 GB to sort     66205321 kmers
Used 23.898 GB / 79.750 GB to store   1586024198 kmers; need 31.569 GB to sort     66205321 kmers
Used 24.025 GB / 79.750 GB to store   1653068420 kmers; need 31.569 GB to sort     66205321 kmers
Used 24.152 GB / 79.750 GB to store   1720112639 kmers; need 31.569 GB to sort     66205321 kmers
Used 24.278 GB / 79.750 GB to store   1785062265 kmers; need 31.569 GB to sort     66205321 kmers
Used 24.404 GB / 79.750 GB to store   1850011870 kmers; need 31.569 GB to sort     66205321 kmers
Used 24.533 GB / 79.750 GB to store   1914961276 kmers; need 31.569 GB to sort     66205321 kmers
Used 24.659 GB / 79.750 GB to store   1977815683 kmers; need 31.569 GB to sort     66205321 kmers
Used 24.785 GB / 79.750 GB to store   2040670255 kmers; need 31.569 GB to sort     66205321 kmers
Used 24.913 GB / 79.750 GB to store   2103524851 kmers; need 31.569 GB to sort     66205321 kmers
Used 25.042 GB / 79.750 GB to store   2166379208 kmers; need 31.569 GB to sort     66205321 kmers
Used 25.168 GB / 79.750 GB to store   2227138858 kmers; need 31.569 GB to sort     66205321 kmers
Used 25.294 GB / 79.750 GB to store   2287897981 kmers; need 31.569 GB to sort     66205321 kmers
Used 25.421 GB / 79.750 GB to store   2348657419 kmers; need 31.569 GB to sort     66205321 kmers
Used 25.548 GB / 79.750 GB to store   2409416733 kmers; need 31.569 GB to sort     66205321 kmers
Used 25.677 GB / 79.750 GB to store   2470176383 kmers; need 31.569 GB to sort     66205321 kmers
Used 25.804 GB / 79.750 GB to store   2530934972 kmers; need 31.569 GB to sort     66205321 kmers
Used 25.930 GB / 79.750 GB to store   2589599319 kmers; need 31.569 GB to sort     66205321 kmers
Used 26.059 GB / 79.750 GB to store   2650359116 kmers; need 31.569 GB to sort     66205321 kmers
Used 26.184 GB / 79.750 GB to store   2709023358 kmers; need 31.569 GB to sort     66205321 kmers
Used 26.311 GB / 79.750 GB to store   2767687411 kmers; need 31.569 GB to sort     66205321 kmers
Used 26.437 GB / 79.750 GB to store   2826351506 kmers; need 31.569 GB to sort     66205321 kmers
Used 26.564 GB / 79.750 GB to store   2885015811 kmers; need 31.569 GB to sort     66205321 kmers
Used 26.693 GB / 79.750 GB to store   2943680113 kmers; need 31.569 GB to sort     66205321 kmers
Used 26.821 GB / 79.750 GB to store   3002344292 kmers; need 31.569 GB to sort     66205321 kmers
Used 26.949 GB / 79.750 GB to store   3061008337 kmers; need 31.569 GB to sort     66205321 kmers
Used 27.075 GB / 79.750 GB to store   3117577340 kmers; need 31.569 GB to sort     66205321 kmers
Used 27.204 GB / 79.750 GB to store   3176241771 kmers; need 31.569 GB to sort     66205321 kmers
Used 27.333 GB / 79.750 GB to store   3234906181 kmers; need 31.569 GB to sort     66205321 kmers
Used 27.459 GB / 79.750 GB to store   3291475474 kmers; need 31.569 GB to sort     66205321 kmers
Used 27.584 GB / 79.750 GB to store   3348044665 kmers; need 31.569 GB to sort     66205321 kmers
Used 27.710 GB / 79.750 GB to store   3404613940 kmers; need 31.569 GB to sort     66205321 kmers
Used 27.836 GB / 79.750 GB to store   3461182900 kmers; need 31.569 GB to sort     66205321 kmers
Used 27.963 GB / 79.750 GB to store   3517752196 kmers; need 31.569 GB to sort     66205321 kmers
Used 28.090 GB / 79.750 GB to store   3574321282 kmers; need 31.569 GB to sort     66205321 kmers
Used 28.216 GB / 79.750 GB to store   3630890263 kmers; need 31.569 GB to sort     66205321 kmers
Used 28.343 GB / 79.750 GB to store   3687458952 kmers; need 31.569 GB to sort     66205321 kmers
Used 28.471 GB / 79.750 GB to store   3744028091 kmers; need 31.569 GB to sort     66205321 kmers
Used 28.601 GB / 79.750 GB to store   3800597261 kmers; need 31.569 GB to sort     66205321 kmers
Used 28.727 GB / 79.750 GB to store   3857166704 kmers; need 31.569 GB to sort     66205321 kmers
Used 28.856 GB / 79.750 GB to store   3913736147 kmers; need 31.569 GB to sort     66205321 kmers
Used 28.984 GB / 79.750 GB to store   3970305422 kmers; need 31.569 GB to sort     66205321 kmers
Used 29.112 GB / 79.750 GB to store   4026874550 kmers; need 31.569 GB to sort     66205321 kmers
Used 29.241 GB / 79.750 GB to store   4083443741 kmers; need 31.569 GB to sort     66205321 kmers
Used 29.370 GB / 79.750 GB to store   4140012701 kmers; need 31.569 GB to sort     66205321 kmers
Used 29.499 GB / 79.750 GB to store   4196581891 kmers; need 31.569 GB to sort     66205321 kmers
Used 29.624 GB / 79.750 GB to store   4251055947 kmers; need 31.569 GB to sort     66205321 kmers
Used 29.750 GB / 79.750 GB to store   4305529919 kmers; need 31.569 GB to sort     66205321 kmers
Used 29.880 GB / 79.750 GB to store   4362098963 kmers; need 31.569 GB to sort     66205321 kmers
Used 30.006 GB / 79.750 GB to store   4416572872 kmers; need 31.569 GB to sort     66205321 kmers
Used 30.134 GB / 79.750 GB to store   4473141979 kmers; need 31.569 GB to sort     66205321 kmers
Used 30.264 GB / 79.750 GB to store   4529711023 kmers; need 31.569 GB to sort     66205321 kmers
Used 30.389 GB / 79.750 GB to store   4584184375 kmers; need 31.569 GB to sort     66205321 kmers
Used 30.519 GB / 79.750 GB to store   4640752646 kmers; need 31.569 GB to sort     66205321 kmers
Used 30.645 GB / 79.750 GB to store   4695226342 kmers; need 31.569 GB to sort     66205321 kmers
Used 30.770 GB / 79.750 GB to store   4749700272 kmers; need 31.569 GB to sort     66205321 kmers
Used 30.897 GB / 79.750 GB to store   4804174412 kmers; need 31.569 GB to sort     66205321 kmers
Used 31.022 GB / 79.750 GB to store   4858648389 kmers; need 31.569 GB to sort     66205321 kmers
Used 31.148 GB / 79.750 GB to store   4913122360 kmers; need 31.569 GB to sort     66205321 kmers
Used 31.275 GB / 79.750 GB to store   4967596563 kmers; need 31.569 GB to sort     66205321 kmers
Used 31.402 GB / 79.750 GB to store   5022070319 kmers; need 31.569 GB to sort     66205321 kmers
Used 31.527 GB / 79.750 GB to store   5076544321 kmers; need 31.569 GB to sort     66205321 kmers
Used 31.654 GB / 79.750 GB to store   5131018461 kmers; need 31.569 GB to sort     66205321 kmers
Used 31.780 GB / 79.750 GB to store   5185492328 kmers; need 31.569 GB to sort     66205321 kmers
Used 31.907 GB / 79.750 GB to store   5239965978 kmers; need 31.569 GB to sort     66205321 kmers
Used 32.035 GB / 79.750 GB to store   5294439467 kmers; need 31.569 GB to sort     66205321 kmers
Used 32.161 GB / 79.750 GB to store   5348913460 kmers; need 31.569 GB to sort     66205321 kmers
Used 32.288 GB / 79.750 GB to store   5403387369 kmers; need 31.569 GB to sort     66205321 kmers
Used 32.415 GB / 79.750 GB to store   5457861170 kmers; need 31.569 GB to sort     66205321 kmers
Used 32.542 GB / 79.750 GB to store   5512335310 kmers; need 31.569 GB to sort     66205321 kmers
Used 32.669 GB / 79.750 GB to store   5566809160 kmers; need 31.569 GB to sort     66205321 kmers
Used 32.797 GB / 79.750 GB to store   5621282882 kmers; need 31.569 GB to sort     66205321 kmers
Used 32.926 GB / 79.750 GB to store   5675757022 kmers; need 31.569 GB to sort     66205321 kmers
Used 33.055 GB / 79.750 GB to store   5730230889 kmers; need 31.569 GB to sort     66205321 kmers
Used 33.184 GB / 79.750 GB to store   5784704672 kmers; need 31.569 GB to sort     66205321 kmers
Used 33.311 GB / 79.750 GB to store   5839178933 kmers; need 31.569 GB to sort     66205321 kmers
Used 33.439 GB / 79.750 GB to store   5894007045 kmers; need 31.569 GB to sort     66205321 kmers
Used 33.568 GB / 79.750 GB to store   5948481164 kmers; need 31.569 GB to sort     66205321 kmers
Used 33.697 GB / 79.750 GB to store   6002955388 kmers; need 31.569 GB to sort     66205321 kmers
Used 33.825 GB / 79.750 GB to store   6057429402 kmers; need 31.569 GB to sort     66205321 kmers
Used 33.954 GB / 79.750 GB to store   6111903563 kmers; need 31.569 GB to sort     66205321 kmers
Used 34.083 GB / 79.750 GB to store   6166377421 kmers; need 31.569 GB to sort     66205321 kmers
Used 34.213 GB / 79.750 GB to store   6220851372 kmers; need 31.569 GB to sort     66205321 kmers
Used 34.341 GB / 79.750 GB to store   6275325029 kmers; need 31.569 GB to sort     66205321 kmers
Used 34.469 GB / 79.750 GB to store   6329798583 kmers; need 31.569 GB to sort     66205321 kmers
Used 34.598 GB / 79.750 GB to store   6384272492 kmers; need 31.569 GB to sort     66205321 kmers
Used 34.726 GB / 79.750 GB to store   6438746695 kmers; need 31.569 GB to sort     66205321 kmers
Used 34.855 GB / 79.750 GB to store   6493220491 kmers; need 31.569 GB to sort     66205321 kmers
Used 34.983 GB / 79.750 GB to store   6547693976 kmers; need 31.569 GB to sort     66205321 kmers
Used 35.113 GB / 79.750 GB to store   6602168256 kmers; need 31.569 GB to sort     66205321 kmers
Used 35.241 GB / 79.750 GB to store   6656641841 kmers; need 31.569 GB to sort     66205321 kmers
Used 35.371 GB / 79.750 GB to store   6711115729 kmers; need 31.569 GB to sort     66205321 kmers
Used 35.500 GB / 79.750 GB to store   6765589428 kmers; need 31.569 GB to sort     66205321 kmers
Used 35.630 GB / 79.750 GB to store   6820063526 kmers; need 31.569 GB to sort     66205321 kmers
Used 35.759 GB / 79.750 GB to store   6874537267 kmers; need 31.569 GB to sort     66205321 kmers
Used 35.887 GB / 79.750 GB to store   6929011008 kmers; need 31.569 GB to sort     66205321 kmers
Used 36.013 GB / 79.750 GB to store   6981389336 kmers; need 31.569 GB to sort     66205321 kmers
Used 36.142 GB / 79.750 GB to store   7035862626 kmers; need 31.569 GB to sort     66205321 kmers
Used 36.267 GB / 79.750 GB to store   7088241166 kmers; need 31.569 GB to sort     66205321 kmers
Used 36.397 GB / 79.750 GB to store   7142714928 kmers; need 31.569 GB to sort     66205321 kmers
Used 36.527 GB / 79.750 GB to store   7197188445 kmers; need 31.569 GB to sort     66205321 kmers
Used 36.656 GB / 79.750 GB to store   7251662102 kmers; need 31.569 GB to sort     66205321 kmers
Used 36.782 GB / 79.750 GB to store   7304041065 kmers; need 31.569 GB to sort     66205321 kmers
Used 36.912 GB / 79.750 GB to store   7358514684 kmers; need 31.569 GB to sort     66205321 kmers
Used 37.042 GB / 79.750 GB to store   7412988341 kmers; need 31.569 GB to sort     66205321 kmers
Used 37.168 GB / 79.750 GB to store   7465366986 kmers; need 31.569 GB to sort     66205321 kmers
Used 37.297 GB / 79.750 GB to store   7519840790 kmers; need 31.569 GB to sort     66205321 kmers
Used 37.424 GB / 79.750 GB to store   7572219522 kmers; need 31.569 GB to sort     66205321 kmers
Used 37.549 GB / 79.750 GB to store   7624597994 kmers; need 31.569 GB to sort     66205321 kmers
Used 37.675 GB / 79.750 GB to store   7676976238 kmers; need 31.569 GB to sort     66205321 kmers
Used 37.800 GB / 79.750 GB to store   7729354949 kmers; need 31.569 GB to sort     66205321 kmers
Used 37.925 GB / 79.750 GB to store   7781733629 kmers; need 31.569 GB to sort     66205321 kmers
Used 38.052 GB / 79.750 GB to store   7834112361 kmers; need 31.569 GB to sort     66205321 kmers
Used 38.177 GB / 79.750 GB to store   7886490999 kmers; need 31.569 GB to sort     66205321 kmers
Used 38.303 GB / 79.750 GB to store   7938869836 kmers; need 31.569 GB to sort     66205321 kmers
Used 38.430 GB / 79.750 GB to store   7991248631 kmers; need 31.569 GB to sort     66205321 kmers
Used 38.556 GB / 79.750 GB to store   8043626427 kmers; need 31.569 GB to sort     66205321 kmers
Used 38.682 GB / 79.750 GB to store   8096005200 kmers; need 31.569 GB to sort     66205321 kmers
Used 38.808 GB / 79.750 GB to store   8148383672 kmers; need 31.569 GB to sort     66205321 kmers
Used 38.934 GB / 79.750 GB to store   8200762151 kmers; need 31.569 GB to sort     66205321 kmers
Used 39.060 GB / 79.750 GB to store   8253140925 kmers; need 31.569 GB to sort     66205321 kmers
Used 39.186 GB / 79.750 GB to store   8305519636 kmers; need 31.569 GB to sort     66205321 kmers
Used 39.312 GB / 79.750 GB to store   8357898473 kmers; need 31.569 GB to sort     66205321 kmers
Used 39.439 GB / 79.750 GB to store   8410277301 kmers; need 31.569 GB to sort     66205321 kmers
Used 39.565 GB / 79.750 GB to store   8462655865 kmers; need 31.569 GB to sort     66205321 kmers
Used 39.691 GB / 79.750 GB to store   8515033775 kmers; need 31.569 GB to sort     66205321 kmers
Used 39.817 GB / 79.750 GB to store   8567412260 kmers; need 31.569 GB to sort     66205321 kmers
Used 39.942 GB / 79.750 GB to store   8619790607 kmers; need 31.569 GB to sort     66205321 kmers
Used 40.069 GB / 79.750 GB to store   8672169310 kmers; need 31.569 GB to sort     66205321 kmers
Used 40.195 GB / 79.750 GB to store   8724548399 kmers; need 31.569 GB to sort     66205321 kmers
Used 40.320 GB / 79.750 GB to store   8776927047 kmers; need 31.569 GB to sort     66205321 kmers
Used 40.447 GB / 79.750 GB to store   8829305842 kmers; need 31.569 GB to sort     66205321 kmers
Used 40.574 GB / 79.750 GB to store   8881684742 kmers; need 31.569 GB to sort     66205321 kmers
Used 40.701 GB / 79.750 GB to store   8934063495 kmers; need 31.569 GB to sort     66205321 kmers
Used 40.826 GB / 79.750 GB to store   8986441923 kmers; need 31.569 GB to sort     66205321 kmers
Used 40.952 GB / 79.750 GB to store   9038820907 kmers; need 31.569 GB to sort     66205321 kmers
Used 41.079 GB / 79.750 GB to store   9091199250 kmers; need 31.569 GB to sort     66205321 kmers
Used 41.206 GB / 79.750 GB to store   9143578213 kmers; need 31.569 GB to sort     66205321 kmers
Used 41.333 GB / 79.750 GB to store   9195957176 kmers; need 31.569 GB to sort     66205321 kmers
Used 41.460 GB / 79.750 GB to store   9248335694 kmers; need 31.569 GB to sort     66205321 kmers
Used 41.590 GB / 79.750 GB to store   9302809163 kmers; need 31.569 GB to sort     66205321 kmers
Used 41.718 GB / 79.750 GB to store   9355187538 kmers; need 31.569 GB to sort     66205321 kmers
Used 41.845 GB / 79.750 GB to store   9407565432 kmers; need 31.569 GB to sort     66205321 kmers
Used 41.970 GB / 79.750 GB to store   9459944269 kmers; need 31.569 GB to sort     66205321 kmers
Used 42.097 GB / 79.750 GB to store   9512322246 kmers; need 31.569 GB to sort     66205321 kmers
Used 42.224 GB / 79.750 GB to store   9564701083 kmers; need 31.569 GB to sort     66205321 kmers
Used 42.351 GB / 79.750 GB to store   9617079836 kmers; need 31.569 GB to sort     66205321 kmers
Used 42.478 GB / 79.750 GB to store   9669458350 kmers; need 31.569 GB to sort     66205321 kmers
Used 42.605 GB / 79.750 GB to store   9721837229 kmers; need 31.569 GB to sort     66205321 kmers
Used 42.731 GB / 79.750 GB to store   9774216234 kmers; need 31.569 GB to sort     66205321 kmers
Used 42.859 GB / 79.750 GB to store   9826594353 kmers; need 31.569 GB to sort     66205321 kmers
Used 42.986 GB / 79.750 GB to store   9878972843 kmers; need 31.569 GB to sort     66205321 kmers
Used 43.113 GB / 79.750 GB to store   9931351303 kmers; need 31.569 GB to sort     66205321 kmers
Used 43.240 GB / 79.750 GB to store   9983730140 kmers; need 31.569 GB to sort     66205321 kmers
Used 43.367 GB / 79.750 GB to store  10036108788 kmers; need 31.569 GB to sort     66205321 kmers
Used 43.494 GB / 79.750 GB to store  10088487305 kmers; need 31.569 GB to sort     66205321 kmers
Used 43.621 GB / 79.750 GB to store  10140866331 kmers; need 31.569 GB to sort     66205321 kmers
Used 43.748 GB / 79.750 GB to store  10193245147 kmers; need 31.569 GB to sort     66205321 kmers
Used 43.875 GB / 79.750 GB to store  10245623774 kmers; need 31.569 GB to sort     66205321 kmers
Used 44.003 GB / 79.750 GB to store  10298002155 kmers; need 31.569 GB to sort     66205321 kmers
Used 44.130 GB / 79.750 GB to store  10350380335 kmers; need 31.569 GB to sort     66205321 kmers
Used 44.258 GB / 79.750 GB to store  10402759256 kmers; need 31.569 GB to sort     66205321 kmers
Used 44.385 GB / 79.750 GB to store  10455138114 kmers; need 31.569 GB to sort     66205321 kmers
Used 44.512 GB / 79.750 GB to store  10507516972 kmers; need 31.569 GB to sort     66205321 kmers
Used 44.639 GB / 79.750 GB to store  10559895417 kmers; need 31.569 GB to sort     66205321 kmers
Used 44.767 GB / 79.750 GB to store  10612274238 kmers; need 31.569 GB to sort     66205321 kmers
Used 44.892 GB / 79.750 GB to store  10664653390 kmers; need 31.569 GB to sort     66205321 kmers
Used 45.020 GB / 79.750 GB to store  10717032059 kmers; need 31.569 GB to sort     66205321 kmers
Used 45.147 GB / 79.750 GB to store  10769410875 kmers; need 31.569 GB to sort     66205321 kmers
Used 45.275 GB / 79.750 GB to store  10821789796 kmers; need 31.569 GB to sort     66205321 kmers
Used 45.402 GB / 79.750 GB to store  10874168460 kmers; need 31.569 GB to sort     66205321 kmers
Used 45.529 GB / 79.750 GB to store  10926547002 kmers; need 31.569 GB to sort     66205321 kmers
Used 45.657 GB / 79.750 GB to store  10978925729 kmers; need 31.569 GB to sort     66205321 kmers
Used 45.785 GB / 79.750 GB to store  11031304650 kmers; need 31.569 GB to sort     66205321 kmers
Used 45.913 GB / 79.750 GB to store  11083683550 kmers; need 31.569 GB to sort     66205321 kmers
Used 46.041 GB / 79.750 GB to store  11136062404 kmers; need 31.569 GB to sort     66205321 kmers
Used 46.169 GB / 79.750 GB to store  11188441136 kmers; need 31.569 GB to sort     66205321 kmers
Used 46.297 GB / 79.750 GB to store  11240820288 kmers; need 31.569 GB to sort     66205321 kmers
Used 46.426 GB / 79.750 GB to store  11293198873 kmers; need 31.569 GB to sort     66205321 kmers
Used 46.553 GB / 79.750 GB to store  11345577899 kmers; need 31.569 GB to sort     66205321 kmers
Used 46.681 GB / 79.750 GB to store  11397956841 kmers; need 31.569 GB to sort     66205321 kmers
Used 46.808 GB / 79.750 GB to store  11450335699 kmers; need 31.569 GB to sort     66205321 kmers
Used 46.937 GB / 79.750 GB to store  11502714782 kmers; need 31.569 GB to sort     66205321 kmers
Used 47.064 GB / 79.750 GB to store  11555093640 kmers; need 31.569 GB to sort     66205321 kmers
Used 47.192 GB / 79.750 GB to store  11607472750 kmers; need 31.569 GB to sort     66205321 kmers
Used 47.320 GB / 79.750 GB to store  11659851466 kmers; need 31.569 GB to sort     66205321 kmers
Used 47.448 GB / 79.750 GB to store  11712230618 kmers; need 31.569 GB to sort     66205321 kmers
Used 47.575 GB / 79.750 GB to store  11764609246 kmers; need 31.569 GB to sort     66205321 kmers
Used 47.702 GB / 79.750 GB to store  11816987757 kmers; need 31.569 GB to sort     66205321 kmers
Used 47.831 GB / 79.750 GB to store  11869366636 kmers; need 31.569 GB to sort     66205321 kmers
Used 47.958 GB / 79.750 GB to store  11921745683 kmers; need 31.569 GB to sort     66205321 kmers
Used 48.087 GB / 79.750 GB to store  11974124835 kmers; need 31.569 GB to sort     66205321 kmers
Memory full.  Writing results to 'hifi.meryl', using 30 threads (2 threads still doing input).

Used 20.930 GB / 79.750 GB to store      2095156 kmers; need 31.091 GB to sort     65201557 kmers
Used 21.050 GB / 79.750 GB to store     14666092 kmers; need 31.099 GB to sort     65219681 kmers
Used 21.206 GB / 79.750 GB to store     25141914 kmers; need 31.099 GB to sort     65219681 kmers
Used 21.349 GB / 79.750 GB to store     35617673 kmers; need 31.099 GB to sort     65219681 kmers
Used 21.504 GB / 79.750 GB to store     46093306 kmers; need 31.099 GB to sort     65219681 kmers
Used 21.656 GB / 79.750 GB to store     56569086 kmers; need 31.099 GB to sort     65219681 kmers
Used 21.797 GB / 79.750 GB to store     67044866 kmers; need 31.099 GB to sort     65219750 kmers
Used 21.924 GB / 79.750 GB to store    104757222 kmers; need 31.099 GB to sort     65219750 kmers
Used 22.050 GB / 79.750 GB to store    282844245 kmers; need 31.099 GB to sort     65219750 kmers
Used 22.175 GB / 79.750 GB to store    442075316 kmers; need 31.099 GB to sort     65219750 kmers
Used 22.301 GB / 79.750 GB to store    567783950 kmers; need 31.099 GB to sort     65219750 kmers
Used 22.428 GB / 79.750 GB to store    676732075 kmers; need 31.099 GB to sort     65219750 kmers
Used 22.554 GB / 79.750 GB to store    774517911 kmers; need 31.099 GB to sort     65219750 kmers
Used 22.682 GB / 79.750 GB to store    866703637 kmers; need 31.099 GB to sort     65219750 kmers
Used 22.808 GB / 79.750 GB to store    952604652 kmers; need 31.099 GB to sort     65219750 kmers
Used 22.936 GB / 79.750 GB to store   1036410892 kmers; need 31.099 GB to sort     65219750 kmers
Used 23.064 GB / 79.750 GB to store   1116026925 kmers; need 31.099 GB to sort     65219750 kmers
Used 23.190 GB / 79.750 GB to store   1191452289 kmers; need 31.099 GB to sort     65219750 kmers
Used 23.315 GB / 79.750 GB to store   1264782203 kmers; need 31.099 GB to sort     65219750 kmers
Used 23.443 GB / 79.750 GB to store   1338112586 kmers; need 31.099 GB to sort     65219750 kmers
Used 23.570 GB / 79.750 GB to store   1409347935 kmers; need 31.099 GB to sort     65219750 kmers
Used 23.697 GB / 79.750 GB to store   1478487759 kmers; need 31.099 GB to sort     65219750 kmers
Used 23.824 GB / 79.750 GB to store   1547627991 kmers; need 31.099 GB to sort     65219750 kmers
Used 23.952 GB / 79.750 GB to store   1616768034 kmers; need 31.099 GB to sort     65219750 kmers
Used 24.080 GB / 79.750 GB to store   1683812542 kmers; need 31.099 GB to sort     65219750 kmers
Used 24.205 GB / 79.750 GB to store   1748762252 kmers; need 31.099 GB to sort     65219750 kmers
Used 24.330 GB / 79.750 GB to store   1813711857 kmers; need 31.099 GB to sort     65219750 kmers
Used 24.459 GB / 79.750 GB to store   1878661105 kmers; need 31.099 GB to sort     65219750 kmers
Used 24.588 GB / 79.750 GB to store   1943610798 kmers; need 31.099 GB to sort     65219750 kmers
Used 24.715 GB / 79.750 GB to store   2006465541 kmers; need 31.099 GB to sort     65219750 kmers
Used 24.842 GB / 79.750 GB to store   2069319659 kmers; need 31.099 GB to sort     65219750 kmers
Used 24.970 GB / 79.750 GB to store   2132173961 kmers; need 31.099 GB to sort     65219750 kmers
Used 25.096 GB / 79.750 GB to store   2192933443 kmers; need 31.099 GB to sort     65219750 kmers
Used 25.221 GB / 79.750 GB to store   2253692778 kmers; need 31.099 GB to sort     65219750 kmers
Used 25.347 GB / 79.750 GB to store   2314452155 kmers; need 31.099 GB to sort     65219750 kmers
Used 25.474 GB / 79.750 GB to store   2375211448 kmers; need 31.099 GB to sort     65219750 kmers
Used 25.602 GB / 79.750 GB to store   2435970993 kmers; need 31.099 GB to sort     65219750 kmers
Used 25.730 GB / 79.750 GB to store   2496730365 kmers; need 31.099 GB to sort     65219750 kmers
Used 25.858 GB / 79.750 GB to store   2557489550 kmers; need 31.099 GB to sort     65219750 kmers
Used 25.984 GB / 79.750 GB to store   2616153687 kmers; need 31.099 GB to sort     65219750 kmers
Used 26.109 GB / 79.750 GB to store   2674817698 kmers; need 31.099 GB to sort     65219750 kmers
Used 26.235 GB / 79.750 GB to store   2733481415 kmers; need 31.099 GB to sort     65219750 kmers
Used 26.362 GB / 79.750 GB to store   2792145372 kmers; need 31.099 GB to sort     65219750 kmers
Used 26.489 GB / 79.750 GB to store   2850809614 kmers; need 31.099 GB to sort     65219750 kmers
Used 26.617 GB / 79.750 GB to store   2909473448 kmers; need 31.099 GB to sort     65219750 kmers
Used 26.745 GB / 79.750 GB to store   2968137723 kmers; need 31.099 GB to sort     65219750 kmers
Used 26.873 GB / 79.750 GB to store   3026801684 kmers; need 31.099 GB to sort     65219750 kmers
Used 27.001 GB / 79.750 GB to store   3085466283 kmers; need 31.099 GB to sort     65219750 kmers
Used 27.130 GB / 79.750 GB to store   3144130118 kmers; need 31.099 GB to sort     65219750 kmers
Used 27.255 GB / 79.750 GB to store   3200699393 kmers; need 31.099 GB to sort     65219750 kmers
Used 27.381 GB / 79.750 GB to store   3257268374 kmers; need 31.099 GB to sort     65219750 kmers
Used 27.506 GB / 79.750 GB to store   3313837131 kmers; need 31.099 GB to sort     65219750 kmers
Used 27.633 GB / 79.750 GB to store   3370404994 kmers; need 31.099 GB to sort     65219750 kmers
Used 27.759 GB / 79.750 GB to store   3426973366 kmers; need 31.099 GB to sort     65219750 kmers
Used 27.886 GB / 79.750 GB to store   3483542473 kmers; need 31.099 GB to sort     65219750 kmers
Used 28.012 GB / 79.750 GB to store   3540111089 kmers; need 31.099 GB to sort     65219750 kmers
Used 28.138 GB / 79.750 GB to store   3596679985 kmers; need 31.099 GB to sort     65219750 kmers
Used 28.265 GB / 79.750 GB to store   3653249071 kmers; need 31.099 GB to sort     65219750 kmers
Used 28.393 GB / 79.750 GB to store   3709818083 kmers; need 31.099 GB to sort     65219750 kmers
Used 28.520 GB / 79.750 GB to store   3766387022 kmers; need 31.099 GB to sort     65219750 kmers
Used 28.649 GB / 79.750 GB to store   3822955323 kmers; need 31.099 GB to sort     65219750 kmers
Used 28.776 GB / 79.750 GB to store   3879524325 kmers; need 31.099 GB to sort     65219750 kmers
Used 28.904 GB / 79.750 GB to store   3936093228 kmers; need 31.099 GB to sort     65219750 kmers
Used 29.033 GB / 79.750 GB to store   3992662314 kmers; need 31.099 GB to sort     65219750 kmers
Used 29.162 GB / 79.750 GB to store   4049231028 kmers; need 31.099 GB to sort     65219750 kmers
Used 29.291 GB / 79.750 GB to store   4105800051 kmers; need 31.099 GB to sort     65219750 kmers
Used 29.419 GB / 79.750 GB to store   4162368906 kmers; need 31.099 GB to sort     65219750 kmers
Used 29.544 GB / 79.750 GB to store   4216842815 kmers; need 31.099 GB to sort     65219750 kmers
Used 29.670 GB / 79.750 GB to store   4271316701 kmers; need 31.099 GB to sort     65219750 kmers
Used 29.800 GB / 79.750 GB to store   4327885170 kmers; need 31.099 GB to sort     65219750 kmers
Used 29.930 GB / 79.750 GB to store   4384454079 kmers; need 31.099 GB to sort     65219750 kmers
Used 30.059 GB / 79.750 GB to store   4441023228 kmers; need 31.099 GB to sort     65219750 kmers
Used 30.184 GB / 79.750 GB to store   4495496995 kmers; need 31.099 GB to sort     65219750 kmers
Used 30.314 GB / 79.750 GB to store   4552065412 kmers; need 31.099 GB to sort     65219750 kmers
Used 30.444 GB / 79.750 GB to store   4608634582 kmers; need 31.099 GB to sort     65219750 kmers
Used 30.569 GB / 79.750 GB to store   4663108785 kmers; need 31.099 GB to sort     65219750 kmers
Used 30.695 GB / 79.750 GB to store   4717582645 kmers; need 31.099 GB to sort     65219750 kmers
Used 30.821 GB / 79.750 GB to store   4772056554 kmers; need 31.099 GB to sort     65219750 kmers
Used 30.947 GB / 79.750 GB to store   4826530227 kmers; need 31.099 GB to sort     65219750 kmers
Used 31.073 GB / 79.750 GB to store   4881003895 kmers; need 31.099 GB to sort     65219750 kmers
Used 31.199 GB / 79.750 GB to store   4935477951 kmers; need 31.099 GB to sort     65219750 kmers
Used 31.324 GB / 79.750 GB to store   4989951818 kmers; need 31.099 GB to sort     65219750 kmers
Used 31.450 GB / 79.750 GB to store   5044425958 kmers; need 31.099 GB to sort     65219750 kmers
Used 31.576 GB / 79.750 GB to store   5098899846 kmers; need 31.099 GB to sort     65219750 kmers
Used 31.703 GB / 79.750 GB to store   5153373797 kmers; need 31.099 GB to sort     65219750 kmers
Used 31.831 GB / 79.750 GB to store   5207847538 kmers; need 31.099 GB to sort     65219750 kmers
Used 31.957 GB / 79.750 GB to store   5262321846 kmers; need 31.099 GB to sort     65219750 kmers
Used 32.085 GB / 79.750 GB to store   5316795698 kmers; need 31.099 GB to sort     65219750 kmers
Used 32.211 GB / 79.750 GB to store   5371269607 kmers; need 31.099 GB to sort     65219750 kmers
Used 32.338 GB / 79.750 GB to store   5425743768 kmers; need 31.099 GB to sort     65219750 kmers
Used 32.465 GB / 79.750 GB to store   5480217203 kmers; need 31.099 GB to sort     65219750 kmers
Used 32.592 GB / 79.750 GB to store   5534691229 kmers; need 31.099 GB to sort     65219750 kmers
Used 32.720 GB / 79.750 GB to store   5589165243 kmers; need 31.099 GB to sort     65219750 kmers
Used 32.849 GB / 79.750 GB to store   5643639152 kmers; need 31.099 GB to sort     65219750 kmers
Used 32.977 GB / 79.750 GB to store   5698113313 kmers; need 31.099 GB to sort     65219750 kmers
Used 33.105 GB / 79.750 GB to store   5752587041 kmers; need 31.099 GB to sort     65219750 kmers
Used 33.233 GB / 79.750 GB to store   5807060887 kmers; need 31.099 GB to sort     65219750 kmers
Used 33.361 GB / 79.750 GB to store   5861534523 kmers; need 31.099 GB to sort     65219750 kmers
Used 33.491 GB / 79.750 GB to store   5916007796 kmers; need 31.099 GB to sort     65219750 kmers
Used 33.618 GB / 79.750 GB to store   5970481621 kmers; need 31.099 GB to sort     65219750 kmers
Used 33.747 GB / 79.750 GB to store   6024955362 kmers; need 31.099 GB to sort     65219750 kmers
Used 33.877 GB / 79.750 GB to store   6079429061 kmers; need 31.099 GB to sort     65219750 kmers
Used 34.005 GB / 79.750 GB to store   6133902886 kmers; need 31.099 GB to sort     65219750 kmers
Used 34.133 GB / 79.750 GB to store   6188376747 kmers; need 31.099 GB to sort     65219750 kmers
Used 34.262 GB / 79.750 GB to store   6242850411 kmers; need 31.099 GB to sort     65219750 kmers
Used 34.391 GB / 79.750 GB to store   6297324530 kmers; need 31.099 GB to sort     65219750 kmers
Used 34.519 GB / 79.750 GB to store   6351798775 kmers; need 31.099 GB to sort     65219750 kmers
Used 34.648 GB / 79.750 GB to store   6406272852 kmers; need 31.099 GB to sort     65219750 kmers
Used 34.776 GB / 79.750 GB to store   6460746908 kmers; need 31.099 GB to sort     65219750 kmers
Used 34.905 GB / 79.750 GB to store   6515220890 kmers; need 31.099 GB to sort     65219750 kmers
Used 35.034 GB / 79.750 GB to store   6569694624 kmers; need 31.099 GB to sort     65219750 kmers
Used 35.162 GB / 79.750 GB to store   6624168596 kmers; need 31.099 GB to sort     65219750 kmers
Used 35.288 GB / 79.750 GB to store   6676547209 kmers; need 31.099 GB to sort     65219750 kmers
Used 35.418 GB / 79.750 GB to store   6731021337 kmers; need 31.099 GB to sort     65219750 kmers
Used 35.547 GB / 79.750 GB to store   6785495225 kmers; need 31.099 GB to sort     65219750 kmers
Used 35.677 GB / 79.750 GB to store   6839969386 kmers; need 31.099 GB to sort     65219750 kmers
Used 35.806 GB / 79.750 GB to store   6894443382 kmers; need 31.099 GB to sort     65219750 kmers
Used 35.932 GB / 79.750 GB to store   6946821955 kmers; need 31.099 GB to sort     65219750 kmers
Used 36.059 GB / 79.750 GB to store   7001296095 kmers; need 31.099 GB to sort     65219750 kmers
Used 36.189 GB / 79.750 GB to store   7055769857 kmers; need 31.099 GB to sort     65219750 kmers
Used 36.318 GB / 79.750 GB to store   7110243703 kmers; need 31.099 GB to sort     65219750 kmers
Used 36.447 GB / 79.750 GB to store   7164717444 kmers; need 31.099 GB to sort     65219750 kmers
Used 36.577 GB / 79.750 GB to store   7219190585 kmers; need 31.099 GB to sort     65219750 kmers
Used 36.707 GB / 79.750 GB to store   7273662901 kmers; need 31.099 GB to sort     65219750 kmers
Used 36.832 GB / 79.750 GB to store   7326041612 kmers; need 31.099 GB to sort     65219750 kmers
Used 36.958 GB / 79.750 GB to store   7378419766 kmers; need 31.099 GB to sort     65219750 kmers
Used 37.083 GB / 79.750 GB to store   7430798750 kmers; need 31.099 GB to sort     65219750 kmers

Input complete.  Writing results to 'hifi.meryl', using 32 threads.
finishIteration()--
finishIteration()--  Merging 23 blocks.

Finished counting.

Cleaning up.

Bye.
