[+] Loading ragtag 2.1.0 on cn0016 
[+] Loading singularity  4.2.2  on cn0016 
[+] Loading seqkit  2.7.0 
[+] Loading minimap2, version 2.30...
Tue Jan 27 08:35:09 2026 --- VERSION: RagTag v2.1.0
Tue Jan 27 08:35:09 2026 --- CMD: ragtag.py scaffold /data/okendojo/zebrafish/data/g3/sex_project/t2t_pangenome/asm/GRCz12tu.fasta 10WW.bp.hap1.p_ctg.fa -w --remove-small -f 1000 -t 32 -o scaffold/10WW.bp.hap1.p_ctg
Tue Jan 27 08:35:09 2026 --- WARNING: Without '-u' invoked, some component/object AGP pairs might share the same ID. Some external programs/databases don't like this. To ensure valid AGP format, use '-u'.
Tue Jan 27 08:35:09 2026 --- INFO: Mapping the query genome to the reference genome
Tue Jan 27 08:35:09 2026 --- INFO: Running: minimap2 -x asm5 -t 32 /data/okendojo/zebrafish/data/g3/sex_project/t2t_pangenome/asm/GRCz12tu.fasta /vf/users/okendojo/zebrafish/data/g3/sex_project/asm/haplotypes/10WW.bp.hap1.p_ctg.fa > /vf/users/okendojo/zebrafish/data/g3/sex_project/asm/haplotypes/scaffold/10WW.bp.hap1.p_ctg/ragtag.scaffold.asm.paf 2> /vf/users/okendojo/zebrafish/data/g3/sex_project/asm/haplotypes/scaffold/10WW.bp.hap1.p_ctg/ragtag.scaffold.asm.paf.log
Tue Jan 27 08:38:10 2026 --- INFO: Finished running : minimap2 -x asm5 -t 32 /data/okendojo/zebrafish/data/g3/sex_project/t2t_pangenome/asm/GRCz12tu.fasta /vf/users/okendojo/zebrafish/data/g3/sex_project/asm/haplotypes/10WW.bp.hap1.p_ctg.fa > /vf/users/okendojo/zebrafish/data/g3/sex_project/asm/haplotypes/scaffold/10WW.bp.hap1.p_ctg/ragtag.scaffold.asm.paf 2> /vf/users/okendojo/zebrafish/data/g3/sex_project/asm/haplotypes/scaffold/10WW.bp.hap1.p_ctg/ragtag.scaffold.asm.paf.log
Tue Jan 27 08:38:10 2026 --- INFO: Reading whole genome alignments
Tue Jan 27 08:38:10 2026 --- INFO: Filtering and merging alignments
Tue Jan 27 08:38:11 2026 --- INFO: Ordering and orienting query sequences
Tue Jan 27 08:38:11 2026 --- INFO: Writing scaffolds
Tue Jan 27 08:38:11 2026 --- INFO: Writing: /vf/users/okendojo/zebrafish/data/g3/sex_project/asm/haplotypes/scaffold/10WW.bp.hap1.p_ctg/ragtag.scaffold.agp
Tue Jan 27 08:38:14 2026 --- INFO: Running: ragtag_agp2fa.py /vf/users/okendojo/zebrafish/data/g3/sex_project/asm/haplotypes/scaffold/10WW.bp.hap1.p_ctg/ragtag.scaffold.agp /vf/users/okendojo/zebrafish/data/g3/sex_project/asm/haplotypes/10WW.bp.hap1.p_ctg.fa > /vf/users/okendojo/zebrafish/data/g3/sex_project/asm/haplotypes/scaffold/10WW.bp.hap1.p_ctg/ragtag.scaffold.fasta 2> /vf/users/okendojo/zebrafish/data/g3/sex_project/asm/haplotypes/scaffold/10WW.bp.hap1.p_ctg/ragtag.scaffold.err
Tue Jan 27 08:38:17 2026 --- INFO: Finished running : ragtag_agp2fa.py /vf/users/okendojo/zebrafish/data/g3/sex_project/asm/haplotypes/scaffold/10WW.bp.hap1.p_ctg/ragtag.scaffold.agp /vf/users/okendojo/zebrafish/data/g3/sex_project/asm/haplotypes/10WW.bp.hap1.p_ctg.fa > /vf/users/okendojo/zebrafish/data/g3/sex_project/asm/haplotypes/scaffold/10WW.bp.hap1.p_ctg/ragtag.scaffold.fasta 2> /vf/users/okendojo/zebrafish/data/g3/sex_project/asm/haplotypes/scaffold/10WW.bp.hap1.p_ctg/ragtag.scaffold.err
Tue Jan 27 08:38:17 2026 --- INFO: Running: ragtag_stats.py /vf/users/okendojo/zebrafish/data/g3/sex_project/asm/haplotypes/scaffold/10WW.bp.hap1.p_ctg/ragtag.scaffold.agp /vf/users/okendojo/zebrafish/data/g3/sex_project/asm/haplotypes/scaffold/10WW.bp.hap1.p_ctg/ragtag.scaffold.confidence.txt > /vf/users/okendojo/zebrafish/data/g3/sex_project/asm/haplotypes/scaffold/10WW.bp.hap1.p_ctg/ragtag.scaffold.stats 2> /vf/users/okendojo/zebrafish/data/g3/sex_project/asm/haplotypes/scaffold/10WW.bp.hap1.p_ctg/ragtag.scaffold.err
Tue Jan 27 08:38:17 2026 --- INFO: Finished running : ragtag_stats.py /vf/users/okendojo/zebrafish/data/g3/sex_project/asm/haplotypes/scaffold/10WW.bp.hap1.p_ctg/ragtag.scaffold.agp /vf/users/okendojo/zebrafish/data/g3/sex_project/asm/haplotypes/scaffold/10WW.bp.hap1.p_ctg/ragtag.scaffold.confidence.txt > /vf/users/okendojo/zebrafish/data/g3/sex_project/asm/haplotypes/scaffold/10WW.bp.hap1.p_ctg/ragtag.scaffold.stats 2> /vf/users/okendojo/zebrafish/data/g3/sex_project/asm/haplotypes/scaffold/10WW.bp.hap1.p_ctg/ragtag.scaffold.err
Tue Jan 27 08:38:17 2026 --- INFO: Goodbye
Tue Jan 27 08:38:17 2026 --- VERSION: RagTag v2.1.0
Tue Jan 27 08:38:17 2026 --- CMD: ragtag.py scaffold /data/okendojo/zebrafish/data/g3/sex_project/t2t_pangenome/asm/GRCz12tu.fasta 10WW.bp.hap2.p_ctg.fa -w --remove-small -f 1000 -t 32 -o scaffold/10WW.bp.hap2.p_ctg
Tue Jan 27 08:38:17 2026 --- WARNING: Without '-u' invoked, some component/object AGP pairs might share the same ID. Some external programs/databases don't like this. To ensure valid AGP format, use '-u'.
Tue Jan 27 08:38:17 2026 --- INFO: Mapping the query genome to the reference genome
Tue Jan 27 08:38:17 2026 --- INFO: Running: minimap2 -x asm5 -t 32 /data/okendojo/zebrafish/data/g3/sex_project/t2t_pangenome/asm/GRCz12tu.fasta /vf/users/okendojo/zebrafish/data/g3/sex_project/asm/haplotypes/10WW.bp.hap2.p_ctg.fa > /vf/users/okendojo/zebrafish/data/g3/sex_project/asm/haplotypes/scaffold/10WW.bp.hap2.p_ctg/ragtag.scaffold.asm.paf 2> /vf/users/okendojo/zebrafish/data/g3/sex_project/asm/haplotypes/scaffold/10WW.bp.hap2.p_ctg/ragtag.scaffold.asm.paf.log
Tue Jan 27 08:41:07 2026 --- INFO: Finished running : minimap2 -x asm5 -t 32 /data/okendojo/zebrafish/data/g3/sex_project/t2t_pangenome/asm/GRCz12tu.fasta /vf/users/okendojo/zebrafish/data/g3/sex_project/asm/haplotypes/10WW.bp.hap2.p_ctg.fa > /vf/users/okendojo/zebrafish/data/g3/sex_project/asm/haplotypes/scaffold/10WW.bp.hap2.p_ctg/ragtag.scaffold.asm.paf 2> /vf/users/okendojo/zebrafish/data/g3/sex_project/asm/haplotypes/scaffold/10WW.bp.hap2.p_ctg/ragtag.scaffold.asm.paf.log
Tue Jan 27 08:41:07 2026 --- INFO: Reading whole genome alignments
Tue Jan 27 08:41:07 2026 --- INFO: Filtering and merging alignments
Tue Jan 27 08:41:07 2026 --- INFO: Ordering and orienting query sequences
Tue Jan 27 08:41:07 2026 --- INFO: Writing scaffolds
Tue Jan 27 08:41:07 2026 --- INFO: Writing: /vf/users/okendojo/zebrafish/data/g3/sex_project/asm/haplotypes/scaffold/10WW.bp.hap2.p_ctg/ragtag.scaffold.agp
Tue Jan 27 08:41:11 2026 --- INFO: Running: ragtag_agp2fa.py /vf/users/okendojo/zebrafish/data/g3/sex_project/asm/haplotypes/scaffold/10WW.bp.hap2.p_ctg/ragtag.scaffold.agp /vf/users/okendojo/zebrafish/data/g3/sex_project/asm/haplotypes/10WW.bp.hap2.p_ctg.fa > /vf/users/okendojo/zebrafish/data/g3/sex_project/asm/haplotypes/scaffold/10WW.bp.hap2.p_ctg/ragtag.scaffold.fasta 2> /vf/users/okendojo/zebrafish/data/g3/sex_project/asm/haplotypes/scaffold/10WW.bp.hap2.p_ctg/ragtag.scaffold.err
Tue Jan 27 08:41:13 2026 --- INFO: Finished running : ragtag_agp2fa.py /vf/users/okendojo/zebrafish/data/g3/sex_project/asm/haplotypes/scaffold/10WW.bp.hap2.p_ctg/ragtag.scaffold.agp /vf/users/okendojo/zebrafish/data/g3/sex_project/asm/haplotypes/10WW.bp.hap2.p_ctg.fa > /vf/users/okendojo/zebrafish/data/g3/sex_project/asm/haplotypes/scaffold/10WW.bp.hap2.p_ctg/ragtag.scaffold.fasta 2> /vf/users/okendojo/zebrafish/data/g3/sex_project/asm/haplotypes/scaffold/10WW.bp.hap2.p_ctg/ragtag.scaffold.err
Tue Jan 27 08:41:13 2026 --- INFO: Running: ragtag_stats.py /vf/users/okendojo/zebrafish/data/g3/sex_project/asm/haplotypes/scaffold/10WW.bp.hap2.p_ctg/ragtag.scaffold.agp /vf/users/okendojo/zebrafish/data/g3/sex_project/asm/haplotypes/scaffold/10WW.bp.hap2.p_ctg/ragtag.scaffold.confidence.txt > /vf/users/okendojo/zebrafish/data/g3/sex_project/asm/haplotypes/scaffold/10WW.bp.hap2.p_ctg/ragtag.scaffold.stats 2> /vf/users/okendojo/zebrafish/data/g3/sex_project/asm/haplotypes/scaffold/10WW.bp.hap2.p_ctg/ragtag.scaffold.err
Tue Jan 27 08:41:13 2026 --- INFO: Finished running : ragtag_stats.py /vf/users/okendojo/zebrafish/data/g3/sex_project/asm/haplotypes/scaffold/10WW.bp.hap2.p_ctg/ragtag.scaffold.agp /vf/users/okendojo/zebrafish/data/g3/sex_project/asm/haplotypes/scaffold/10WW.bp.hap2.p_ctg/ragtag.scaffold.confidence.txt > /vf/users/okendojo/zebrafish/data/g3/sex_project/asm/haplotypes/scaffold/10WW.bp.hap2.p_ctg/ragtag.scaffold.stats 2> /vf/users/okendojo/zebrafish/data/g3/sex_project/asm/haplotypes/scaffold/10WW.bp.hap2.p_ctg/ragtag.scaffold.err
Tue Jan 27 08:41:13 2026 --- INFO: Goodbye
Tue Jan 27 08:41:14 2026 --- VERSION: RagTag v2.1.0
Tue Jan 27 08:41:14 2026 --- CMD: ragtag.py scaffold /data/okendojo/zebrafish/data/g3/sex_project/t2t_pangenome/asm/GRCz12tu.fasta 1ZZ.bp.hap1.p_ctg.fa -w --remove-small -f 1000 -t 32 -o scaffold/1ZZ.bp.hap1.p_ctg
Tue Jan 27 08:41:14 2026 --- WARNING: Without '-u' invoked, some component/object AGP pairs might share the same ID. Some external programs/databases don't like this. To ensure valid AGP format, use '-u'.
Tue Jan 27 08:41:14 2026 --- INFO: Mapping the query genome to the reference genome
Tue Jan 27 08:41:14 2026 --- INFO: Running: minimap2 -x asm5 -t 32 /data/okendojo/zebrafish/data/g3/sex_project/t2t_pangenome/asm/GRCz12tu.fasta /vf/users/okendojo/zebrafish/data/g3/sex_project/asm/haplotypes/1ZZ.bp.hap1.p_ctg.fa > /vf/users/okendojo/zebrafish/data/g3/sex_project/asm/haplotypes/scaffold/1ZZ.bp.hap1.p_ctg/ragtag.scaffold.asm.paf 2> /vf/users/okendojo/zebrafish/data/g3/sex_project/asm/haplotypes/scaffold/1ZZ.bp.hap1.p_ctg/ragtag.scaffold.asm.paf.log
Tue Jan 27 08:44:41 2026 --- INFO: Finished running : minimap2 -x asm5 -t 32 /data/okendojo/zebrafish/data/g3/sex_project/t2t_pangenome/asm/GRCz12tu.fasta /vf/users/okendojo/zebrafish/data/g3/sex_project/asm/haplotypes/1ZZ.bp.hap1.p_ctg.fa > /vf/users/okendojo/zebrafish/data/g3/sex_project/asm/haplotypes/scaffold/1ZZ.bp.hap1.p_ctg/ragtag.scaffold.asm.paf 2> /vf/users/okendojo/zebrafish/data/g3/sex_project/asm/haplotypes/scaffold/1ZZ.bp.hap1.p_ctg/ragtag.scaffold.asm.paf.log
Tue Jan 27 08:44:41 2026 --- INFO: Reading whole genome alignments
Tue Jan 27 08:44:41 2026 --- INFO: Filtering and merging alignments
Tue Jan 27 08:44:41 2026 --- INFO: Ordering and orienting query sequences
Tue Jan 27 08:44:41 2026 --- INFO: Writing scaffolds
Tue Jan 27 08:44:41 2026 --- INFO: Writing: /vf/users/okendojo/zebrafish/data/g3/sex_project/asm/haplotypes/scaffold/1ZZ.bp.hap1.p_ctg/ragtag.scaffold.agp
Tue Jan 27 08:44:44 2026 --- INFO: Running: ragtag_agp2fa.py /vf/users/okendojo/zebrafish/data/g3/sex_project/asm/haplotypes/scaffold/1ZZ.bp.hap1.p_ctg/ragtag.scaffold.agp /vf/users/okendojo/zebrafish/data/g3/sex_project/asm/haplotypes/1ZZ.bp.hap1.p_ctg.fa > /vf/users/okendojo/zebrafish/data/g3/sex_project/asm/haplotypes/scaffold/1ZZ.bp.hap1.p_ctg/ragtag.scaffold.fasta 2> /vf/users/okendojo/zebrafish/data/g3/sex_project/asm/haplotypes/scaffold/1ZZ.bp.hap1.p_ctg/ragtag.scaffold.err
Tue Jan 27 08:44:47 2026 --- INFO: Finished running : ragtag_agp2fa.py /vf/users/okendojo/zebrafish/data/g3/sex_project/asm/haplotypes/scaffold/1ZZ.bp.hap1.p_ctg/ragtag.scaffold.agp /vf/users/okendojo/zebrafish/data/g3/sex_project/asm/haplotypes/1ZZ.bp.hap1.p_ctg.fa > /vf/users/okendojo/zebrafish/data/g3/sex_project/asm/haplotypes/scaffold/1ZZ.bp.hap1.p_ctg/ragtag.scaffold.fasta 2> /vf/users/okendojo/zebrafish/data/g3/sex_project/asm/haplotypes/scaffold/1ZZ.bp.hap1.p_ctg/ragtag.scaffold.err
Tue Jan 27 08:44:47 2026 --- INFO: Running: ragtag_stats.py /vf/users/okendojo/zebrafish/data/g3/sex_project/asm/haplotypes/scaffold/1ZZ.bp.hap1.p_ctg/ragtag.scaffold.agp /vf/users/okendojo/zebrafish/data/g3/sex_project/asm/haplotypes/scaffold/1ZZ.bp.hap1.p_ctg/ragtag.scaffold.confidence.txt > /vf/users/okendojo/zebrafish/data/g3/sex_project/asm/haplotypes/scaffold/1ZZ.bp.hap1.p_ctg/ragtag.scaffold.stats 2> /vf/users/okendojo/zebrafish/data/g3/sex_project/asm/haplotypes/scaffold/1ZZ.bp.hap1.p_ctg/ragtag.scaffold.err
Tue Jan 27 08:44:47 2026 --- INFO: Finished running : ragtag_stats.py /vf/users/okendojo/zebrafish/data/g3/sex_project/asm/haplotypes/scaffold/1ZZ.bp.hap1.p_ctg/ragtag.scaffold.agp /vf/users/okendojo/zebrafish/data/g3/sex_project/asm/haplotypes/scaffold/1ZZ.bp.hap1.p_ctg/ragtag.scaffold.confidence.txt > /vf/users/okendojo/zebrafish/data/g3/sex_project/asm/haplotypes/scaffold/1ZZ.bp.hap1.p_ctg/ragtag.scaffold.stats 2> /vf/users/okendojo/zebrafish/data/g3/sex_project/asm/haplotypes/scaffold/1ZZ.bp.hap1.p_ctg/ragtag.scaffold.err
Tue Jan 27 08:44:47 2026 --- INFO: Goodbye
Tue Jan 27 08:44:48 2026 --- VERSION: RagTag v2.1.0
Tue Jan 27 08:44:48 2026 --- CMD: ragtag.py scaffold /data/okendojo/zebrafish/data/g3/sex_project/t2t_pangenome/asm/GRCz12tu.fasta 1ZZ.bp.hap2.p_ctg.fa -w --remove-small -f 1000 -t 32 -o scaffold/1ZZ.bp.hap2.p_ctg
Tue Jan 27 08:44:48 2026 --- WARNING: Without '-u' invoked, some component/object AGP pairs might share the same ID. Some external programs/databases don't like this. To ensure valid AGP format, use '-u'.
Tue Jan 27 08:44:48 2026 --- INFO: Mapping the query genome to the reference genome
Tue Jan 27 08:44:48 2026 --- INFO: Running: minimap2 -x asm5 -t 32 /data/okendojo/zebrafish/data/g3/sex_project/t2t_pangenome/asm/GRCz12tu.fasta /vf/users/okendojo/zebrafish/data/g3/sex_project/asm/haplotypes/1ZZ.bp.hap2.p_ctg.fa > /vf/users/okendojo/zebrafish/data/g3/sex_project/asm/haplotypes/scaffold/1ZZ.bp.hap2.p_ctg/ragtag.scaffold.asm.paf 2> /vf/users/okendojo/zebrafish/data/g3/sex_project/asm/haplotypes/scaffold/1ZZ.bp.hap2.p_ctg/ragtag.scaffold.asm.paf.log
Tue Jan 27 08:48:43 2026 --- INFO: Finished running : minimap2 -x asm5 -t 32 /data/okendojo/zebrafish/data/g3/sex_project/t2t_pangenome/asm/GRCz12tu.fasta /vf/users/okendojo/zebrafish/data/g3/sex_project/asm/haplotypes/1ZZ.bp.hap2.p_ctg.fa > /vf/users/okendojo/zebrafish/data/g3/sex_project/asm/haplotypes/scaffold/1ZZ.bp.hap2.p_ctg/ragtag.scaffold.asm.paf 2> /vf/users/okendojo/zebrafish/data/g3/sex_project/asm/haplotypes/scaffold/1ZZ.bp.hap2.p_ctg/ragtag.scaffold.asm.paf.log
Tue Jan 27 08:48:43 2026 --- INFO: Reading whole genome alignments
Tue Jan 27 08:48:43 2026 --- INFO: Filtering and merging alignments
Tue Jan 27 08:48:43 2026 --- INFO: Ordering and orienting query sequences
Tue Jan 27 08:48:43 2026 --- INFO: Writing scaffolds
Tue Jan 27 08:48:43 2026 --- INFO: Writing: /vf/users/okendojo/zebrafish/data/g3/sex_project/asm/haplotypes/scaffold/1ZZ.bp.hap2.p_ctg/ragtag.scaffold.agp
Tue Jan 27 08:48:47 2026 --- INFO: Running: ragtag_agp2fa.py /vf/users/okendojo/zebrafish/data/g3/sex_project/asm/haplotypes/scaffold/1ZZ.bp.hap2.p_ctg/ragtag.scaffold.agp /vf/users/okendojo/zebrafish/data/g3/sex_project/asm/haplotypes/1ZZ.bp.hap2.p_ctg.fa > /vf/users/okendojo/zebrafish/data/g3/sex_project/asm/haplotypes/scaffold/1ZZ.bp.hap2.p_ctg/ragtag.scaffold.fasta 2> /vf/users/okendojo/zebrafish/data/g3/sex_project/asm/haplotypes/scaffold/1ZZ.bp.hap2.p_ctg/ragtag.scaffold.err
Tue Jan 27 08:48:50 2026 --- INFO: Finished running : ragtag_agp2fa.py /vf/users/okendojo/zebrafish/data/g3/sex_project/asm/haplotypes/scaffold/1ZZ.bp.hap2.p_ctg/ragtag.scaffold.agp /vf/users/okendojo/zebrafish/data/g3/sex_project/asm/haplotypes/1ZZ.bp.hap2.p_ctg.fa > /vf/users/okendojo/zebrafish/data/g3/sex_project/asm/haplotypes/scaffold/1ZZ.bp.hap2.p_ctg/ragtag.scaffold.fasta 2> /vf/users/okendojo/zebrafish/data/g3/sex_project/asm/haplotypes/scaffold/1ZZ.bp.hap2.p_ctg/ragtag.scaffold.err
Tue Jan 27 08:48:50 2026 --- INFO: Running: ragtag_stats.py /vf/users/okendojo/zebrafish/data/g3/sex_project/asm/haplotypes/scaffold/1ZZ.bp.hap2.p_ctg/ragtag.scaffold.agp /vf/users/okendojo/zebrafish/data/g3/sex_project/asm/haplotypes/scaffold/1ZZ.bp.hap2.p_ctg/ragtag.scaffold.confidence.txt > /vf/users/okendojo/zebrafish/data/g3/sex_project/asm/haplotypes/scaffold/1ZZ.bp.hap2.p_ctg/ragtag.scaffold.stats 2> /vf/users/okendojo/zebrafish/data/g3/sex_project/asm/haplotypes/scaffold/1ZZ.bp.hap2.p_ctg/ragtag.scaffold.err
Tue Jan 27 08:48:50 2026 --- INFO: Finished running : ragtag_stats.py /vf/users/okendojo/zebrafish/data/g3/sex_project/asm/haplotypes/scaffold/1ZZ.bp.hap2.p_ctg/ragtag.scaffold.agp /vf/users/okendojo/zebrafish/data/g3/sex_project/asm/haplotypes/scaffold/1ZZ.bp.hap2.p_ctg/ragtag.scaffold.confidence.txt > /vf/users/okendojo/zebrafish/data/g3/sex_project/asm/haplotypes/scaffold/1ZZ.bp.hap2.p_ctg/ragtag.scaffold.stats 2> /vf/users/okendojo/zebrafish/data/g3/sex_project/asm/haplotypes/scaffold/1ZZ.bp.hap2.p_ctg/ragtag.scaffold.err
Tue Jan 27 08:48:50 2026 --- INFO: Goodbye
Tue Jan 27 08:48:50 2026 --- VERSION: RagTag v2.1.0
Tue Jan 27 08:48:50 2026 --- CMD: ragtag.py scaffold /data/okendojo/zebrafish/data/g3/sex_project/t2t_pangenome/asm/GRCz12tu.fasta 2ZZ.bp.hap1.p_ctg.fa -w --remove-small -f 1000 -t 32 -o scaffold/2ZZ.bp.hap1.p_ctg
Tue Jan 27 08:48:50 2026 --- WARNING: Without '-u' invoked, some component/object AGP pairs might share the same ID. Some external programs/databases don't like this. To ensure valid AGP format, use '-u'.
Tue Jan 27 08:48:50 2026 --- INFO: Mapping the query genome to the reference genome
Tue Jan 27 08:48:50 2026 --- INFO: Running: minimap2 -x asm5 -t 32 /data/okendojo/zebrafish/data/g3/sex_project/t2t_pangenome/asm/GRCz12tu.fasta /vf/users/okendojo/zebrafish/data/g3/sex_project/asm/haplotypes/2ZZ.bp.hap1.p_ctg.fa > /vf/users/okendojo/zebrafish/data/g3/sex_project/asm/haplotypes/scaffold/2ZZ.bp.hap1.p_ctg/ragtag.scaffold.asm.paf 2> /vf/users/okendojo/zebrafish/data/g3/sex_project/asm/haplotypes/scaffold/2ZZ.bp.hap1.p_ctg/ragtag.scaffold.asm.paf.log
Tue Jan 27 08:52:35 2026 --- INFO: Finished running : minimap2 -x asm5 -t 32 /data/okendojo/zebrafish/data/g3/sex_project/t2t_pangenome/asm/GRCz12tu.fasta /vf/users/okendojo/zebrafish/data/g3/sex_project/asm/haplotypes/2ZZ.bp.hap1.p_ctg.fa > /vf/users/okendojo/zebrafish/data/g3/sex_project/asm/haplotypes/scaffold/2ZZ.bp.hap1.p_ctg/ragtag.scaffold.asm.paf 2> /vf/users/okendojo/zebrafish/data/g3/sex_project/asm/haplotypes/scaffold/2ZZ.bp.hap1.p_ctg/ragtag.scaffold.asm.paf.log
Tue Jan 27 08:52:35 2026 --- INFO: Reading whole genome alignments
Tue Jan 27 08:52:35 2026 --- INFO: Filtering and merging alignments
Tue Jan 27 08:52:35 2026 --- INFO: Ordering and orienting query sequences
Tue Jan 27 08:52:35 2026 --- INFO: Writing scaffolds
Tue Jan 27 08:52:35 2026 --- INFO: Writing: /vf/users/okendojo/zebrafish/data/g3/sex_project/asm/haplotypes/scaffold/2ZZ.bp.hap1.p_ctg/ragtag.scaffold.agp
Tue Jan 27 08:52:39 2026 --- INFO: Running: ragtag_agp2fa.py /vf/users/okendojo/zebrafish/data/g3/sex_project/asm/haplotypes/scaffold/2ZZ.bp.hap1.p_ctg/ragtag.scaffold.agp /vf/users/okendojo/zebrafish/data/g3/sex_project/asm/haplotypes/2ZZ.bp.hap1.p_ctg.fa > /vf/users/okendojo/zebrafish/data/g3/sex_project/asm/haplotypes/scaffold/2ZZ.bp.hap1.p_ctg/ragtag.scaffold.fasta 2> /vf/users/okendojo/zebrafish/data/g3/sex_project/asm/haplotypes/scaffold/2ZZ.bp.hap1.p_ctg/ragtag.scaffold.err
Tue Jan 27 08:52:42 2026 --- INFO: Finished running : ragtag_agp2fa.py /vf/users/okendojo/zebrafish/data/g3/sex_project/asm/haplotypes/scaffold/2ZZ.bp.hap1.p_ctg/ragtag.scaffold.agp /vf/users/okendojo/zebrafish/data/g3/sex_project/asm/haplotypes/2ZZ.bp.hap1.p_ctg.fa > /vf/users/okendojo/zebrafish/data/g3/sex_project/asm/haplotypes/scaffold/2ZZ.bp.hap1.p_ctg/ragtag.scaffold.fasta 2> /vf/users/okendojo/zebrafish/data/g3/sex_project/asm/haplotypes/scaffold/2ZZ.bp.hap1.p_ctg/ragtag.scaffold.err
Tue Jan 27 08:52:42 2026 --- INFO: Running: ragtag_stats.py /vf/users/okendojo/zebrafish/data/g3/sex_project/asm/haplotypes/scaffold/2ZZ.bp.hap1.p_ctg/ragtag.scaffold.agp /vf/users/okendojo/zebrafish/data/g3/sex_project/asm/haplotypes/scaffold/2ZZ.bp.hap1.p_ctg/ragtag.scaffold.confidence.txt > /vf/users/okendojo/zebrafish/data/g3/sex_project/asm/haplotypes/scaffold/2ZZ.bp.hap1.p_ctg/ragtag.scaffold.stats 2> /vf/users/okendojo/zebrafish/data/g3/sex_project/asm/haplotypes/scaffold/2ZZ.bp.hap1.p_ctg/ragtag.scaffold.err
Tue Jan 27 08:52:42 2026 --- INFO: Finished running : ragtag_stats.py /vf/users/okendojo/zebrafish/data/g3/sex_project/asm/haplotypes/scaffold/2ZZ.bp.hap1.p_ctg/ragtag.scaffold.agp /vf/users/okendojo/zebrafish/data/g3/sex_project/asm/haplotypes/scaffold/2ZZ.bp.hap1.p_ctg/ragtag.scaffold.confidence.txt > /vf/users/okendojo/zebrafish/data/g3/sex_project/asm/haplotypes/scaffold/2ZZ.bp.hap1.p_ctg/ragtag.scaffold.stats 2> /vf/users/okendojo/zebrafish/data/g3/sex_project/asm/haplotypes/scaffold/2ZZ.bp.hap1.p_ctg/ragtag.scaffold.err
Tue Jan 27 08:52:42 2026 --- INFO: Goodbye
Tue Jan 27 08:52:42 2026 --- VERSION: RagTag v2.1.0
Tue Jan 27 08:52:42 2026 --- CMD: ragtag.py scaffold /data/okendojo/zebrafish/data/g3/sex_project/t2t_pangenome/asm/GRCz12tu.fasta 2ZZ.bp.hap2.p_ctg.fa -w --remove-small -f 1000 -t 32 -o scaffold/2ZZ.bp.hap2.p_ctg
Tue Jan 27 08:52:42 2026 --- WARNING: Without '-u' invoked, some component/object AGP pairs might share the same ID. Some external programs/databases don't like this. To ensure valid AGP format, use '-u'.
Tue Jan 27 08:52:42 2026 --- INFO: Mapping the query genome to the reference genome
Tue Jan 27 08:52:42 2026 --- INFO: Running: minimap2 -x asm5 -t 32 /data/okendojo/zebrafish/data/g3/sex_project/t2t_pangenome/asm/GRCz12tu.fasta /vf/users/okendojo/zebrafish/data/g3/sex_project/asm/haplotypes/2ZZ.bp.hap2.p_ctg.fa > /vf/users/okendojo/zebrafish/data/g3/sex_project/asm/haplotypes/scaffold/2ZZ.bp.hap2.p_ctg/ragtag.scaffold.asm.paf 2> /vf/users/okendojo/zebrafish/data/g3/sex_project/asm/haplotypes/scaffold/2ZZ.bp.hap2.p_ctg/ragtag.scaffold.asm.paf.log
Tue Jan 27 08:56:41 2026 --- INFO: Finished running : minimap2 -x asm5 -t 32 /data/okendojo/zebrafish/data/g3/sex_project/t2t_pangenome/asm/GRCz12tu.fasta /vf/users/okendojo/zebrafish/data/g3/sex_project/asm/haplotypes/2ZZ.bp.hap2.p_ctg.fa > /vf/users/okendojo/zebrafish/data/g3/sex_project/asm/haplotypes/scaffold/2ZZ.bp.hap2.p_ctg/ragtag.scaffold.asm.paf 2> /vf/users/okendojo/zebrafish/data/g3/sex_project/asm/haplotypes/scaffold/2ZZ.bp.hap2.p_ctg/ragtag.scaffold.asm.paf.log
Tue Jan 27 08:56:41 2026 --- INFO: Reading whole genome alignments
Tue Jan 27 08:56:41 2026 --- INFO: Filtering and merging alignments
Tue Jan 27 08:56:41 2026 --- INFO: Ordering and orienting query sequences
Tue Jan 27 08:56:41 2026 --- INFO: Writing scaffolds
Tue Jan 27 08:56:41 2026 --- INFO: Writing: /vf/users/okendojo/zebrafish/data/g3/sex_project/asm/haplotypes/scaffold/2ZZ.bp.hap2.p_ctg/ragtag.scaffold.agp
Tue Jan 27 08:56:44 2026 --- INFO: Running: ragtag_agp2fa.py /vf/users/okendojo/zebrafish/data/g3/sex_project/asm/haplotypes/scaffold/2ZZ.bp.hap2.p_ctg/ragtag.scaffold.agp /vf/users/okendojo/zebrafish/data/g3/sex_project/asm/haplotypes/2ZZ.bp.hap2.p_ctg.fa > /vf/users/okendojo/zebrafish/data/g3/sex_project/asm/haplotypes/scaffold/2ZZ.bp.hap2.p_ctg/ragtag.scaffold.fasta 2> /vf/users/okendojo/zebrafish/data/g3/sex_project/asm/haplotypes/scaffold/2ZZ.bp.hap2.p_ctg/ragtag.scaffold.err
Tue Jan 27 08:56:47 2026 --- INFO: Finished running : ragtag_agp2fa.py /vf/users/okendojo/zebrafish/data/g3/sex_project/asm/haplotypes/scaffold/2ZZ.bp.hap2.p_ctg/ragtag.scaffold.agp /vf/users/okendojo/zebrafish/data/g3/sex_project/asm/haplotypes/2ZZ.bp.hap2.p_ctg.fa > /vf/users/okendojo/zebrafish/data/g3/sex_project/asm/haplotypes/scaffold/2ZZ.bp.hap2.p_ctg/ragtag.scaffold.fasta 2> /vf/users/okendojo/zebrafish/data/g3/sex_project/asm/haplotypes/scaffold/2ZZ.bp.hap2.p_ctg/ragtag.scaffold.err
Tue Jan 27 08:56:47 2026 --- INFO: Running: ragtag_stats.py /vf/users/okendojo/zebrafish/data/g3/sex_project/asm/haplotypes/scaffold/2ZZ.bp.hap2.p_ctg/ragtag.scaffold.agp /vf/users/okendojo/zebrafish/data/g3/sex_project/asm/haplotypes/scaffold/2ZZ.bp.hap2.p_ctg/ragtag.scaffold.confidence.txt > /vf/users/okendojo/zebrafish/data/g3/sex_project/asm/haplotypes/scaffold/2ZZ.bp.hap2.p_ctg/ragtag.scaffold.stats 2> /vf/users/okendojo/zebrafish/data/g3/sex_project/asm/haplotypes/scaffold/2ZZ.bp.hap2.p_ctg/ragtag.scaffold.err
Tue Jan 27 08:56:47 2026 --- INFO: Finished running : ragtag_stats.py /vf/users/okendojo/zebrafish/data/g3/sex_project/asm/haplotypes/scaffold/2ZZ.bp.hap2.p_ctg/ragtag.scaffold.agp /vf/users/okendojo/zebrafish/data/g3/sex_project/asm/haplotypes/scaffold/2ZZ.bp.hap2.p_ctg/ragtag.scaffold.confidence.txt > /vf/users/okendojo/zebrafish/data/g3/sex_project/asm/haplotypes/scaffold/2ZZ.bp.hap2.p_ctg/ragtag.scaffold.stats 2> /vf/users/okendojo/zebrafish/data/g3/sex_project/asm/haplotypes/scaffold/2ZZ.bp.hap2.p_ctg/ragtag.scaffold.err
Tue Jan 27 08:56:47 2026 --- INFO: Goodbye
Tue Jan 27 08:56:48 2026 --- VERSION: RagTag v2.1.0
Tue Jan 27 08:56:48 2026 --- CMD: ragtag.py scaffold /data/okendojo/zebrafish/data/g3/sex_project/t2t_pangenome/asm/GRCz12tu.fasta 3ZZ.bp.hap1.p_ctg.fa -w --remove-small -f 1000 -t 32 -o scaffold/3ZZ.bp.hap1.p_ctg
Tue Jan 27 08:56:48 2026 --- WARNING: Without '-u' invoked, some component/object AGP pairs might share the same ID. Some external programs/databases don't like this. To ensure valid AGP format, use '-u'.
Tue Jan 27 08:56:48 2026 --- INFO: Mapping the query genome to the reference genome
Tue Jan 27 08:56:48 2026 --- INFO: Running: minimap2 -x asm5 -t 32 /data/okendojo/zebrafish/data/g3/sex_project/t2t_pangenome/asm/GRCz12tu.fasta /vf/users/okendojo/zebrafish/data/g3/sex_project/asm/haplotypes/3ZZ.bp.hap1.p_ctg.fa > /vf/users/okendojo/zebrafish/data/g3/sex_project/asm/haplotypes/scaffold/3ZZ.bp.hap1.p_ctg/ragtag.scaffold.asm.paf 2> /vf/users/okendojo/zebrafish/data/g3/sex_project/asm/haplotypes/scaffold/3ZZ.bp.hap1.p_ctg/ragtag.scaffold.asm.paf.log
Tue Jan 27 09:01:03 2026 --- INFO: Finished running : minimap2 -x asm5 -t 32 /data/okendojo/zebrafish/data/g3/sex_project/t2t_pangenome/asm/GRCz12tu.fasta /vf/users/okendojo/zebrafish/data/g3/sex_project/asm/haplotypes/3ZZ.bp.hap1.p_ctg.fa > /vf/users/okendojo/zebrafish/data/g3/sex_project/asm/haplotypes/scaffold/3ZZ.bp.hap1.p_ctg/ragtag.scaffold.asm.paf 2> /vf/users/okendojo/zebrafish/data/g3/sex_project/asm/haplotypes/scaffold/3ZZ.bp.hap1.p_ctg/ragtag.scaffold.asm.paf.log
Tue Jan 27 09:01:03 2026 --- INFO: Reading whole genome alignments
Tue Jan 27 09:01:03 2026 --- INFO: Filtering and merging alignments
Tue Jan 27 09:01:03 2026 --- INFO: Ordering and orienting query sequences
Tue Jan 27 09:01:03 2026 --- INFO: Writing scaffolds
Tue Jan 27 09:01:03 2026 --- INFO: Writing: /vf/users/okendojo/zebrafish/data/g3/sex_project/asm/haplotypes/scaffold/3ZZ.bp.hap1.p_ctg/ragtag.scaffold.agp
Tue Jan 27 09:01:07 2026 --- INFO: Running: ragtag_agp2fa.py /vf/users/okendojo/zebrafish/data/g3/sex_project/asm/haplotypes/scaffold/3ZZ.bp.hap1.p_ctg/ragtag.scaffold.agp /vf/users/okendojo/zebrafish/data/g3/sex_project/asm/haplotypes/3ZZ.bp.hap1.p_ctg.fa > /vf/users/okendojo/zebrafish/data/g3/sex_project/asm/haplotypes/scaffold/3ZZ.bp.hap1.p_ctg/ragtag.scaffold.fasta 2> /vf/users/okendojo/zebrafish/data/g3/sex_project/asm/haplotypes/scaffold/3ZZ.bp.hap1.p_ctg/ragtag.scaffold.err
Tue Jan 27 09:01:09 2026 --- INFO: Finished running : ragtag_agp2fa.py /vf/users/okendojo/zebrafish/data/g3/sex_project/asm/haplotypes/scaffold/3ZZ.bp.hap1.p_ctg/ragtag.scaffold.agp /vf/users/okendojo/zebrafish/data/g3/sex_project/asm/haplotypes/3ZZ.bp.hap1.p_ctg.fa > /vf/users/okendojo/zebrafish/data/g3/sex_project/asm/haplotypes/scaffold/3ZZ.bp.hap1.p_ctg/ragtag.scaffold.fasta 2> /vf/users/okendojo/zebrafish/data/g3/sex_project/asm/haplotypes/scaffold/3ZZ.bp.hap1.p_ctg/ragtag.scaffold.err
Tue Jan 27 09:01:09 2026 --- INFO: Running: ragtag_stats.py /vf/users/okendojo/zebrafish/data/g3/sex_project/asm/haplotypes/scaffold/3ZZ.bp.hap1.p_ctg/ragtag.scaffold.agp /vf/users/okendojo/zebrafish/data/g3/sex_project/asm/haplotypes/scaffold/3ZZ.bp.hap1.p_ctg/ragtag.scaffold.confidence.txt > /vf/users/okendojo/zebrafish/data/g3/sex_project/asm/haplotypes/scaffold/3ZZ.bp.hap1.p_ctg/ragtag.scaffold.stats 2> /vf/users/okendojo/zebrafish/data/g3/sex_project/asm/haplotypes/scaffold/3ZZ.bp.hap1.p_ctg/ragtag.scaffold.err
Tue Jan 27 09:01:09 2026 --- INFO: Finished running : ragtag_stats.py /vf/users/okendojo/zebrafish/data/g3/sex_project/asm/haplotypes/scaffold/3ZZ.bp.hap1.p_ctg/ragtag.scaffold.agp /vf/users/okendojo/zebrafish/data/g3/sex_project/asm/haplotypes/scaffold/3ZZ.bp.hap1.p_ctg/ragtag.scaffold.confidence.txt > /vf/users/okendojo/zebrafish/data/g3/sex_project/asm/haplotypes/scaffold/3ZZ.bp.hap1.p_ctg/ragtag.scaffold.stats 2> /vf/users/okendojo/zebrafish/data/g3/sex_project/asm/haplotypes/scaffold/3ZZ.bp.hap1.p_ctg/ragtag.scaffold.err
Tue Jan 27 09:01:09 2026 --- INFO: Goodbye
Tue Jan 27 09:01:10 2026 --- VERSION: RagTag v2.1.0
Tue Jan 27 09:01:10 2026 --- CMD: ragtag.py scaffold /data/okendojo/zebrafish/data/g3/sex_project/t2t_pangenome/asm/GRCz12tu.fasta 3ZZ.bp.hap2.p_ctg.fa -w --remove-small -f 1000 -t 32 -o scaffold/3ZZ.bp.hap2.p_ctg
Tue Jan 27 09:01:10 2026 --- WARNING: Without '-u' invoked, some component/object AGP pairs might share the same ID. Some external programs/databases don't like this. To ensure valid AGP format, use '-u'.
Tue Jan 27 09:01:10 2026 --- INFO: Mapping the query genome to the reference genome
Tue Jan 27 09:01:10 2026 --- INFO: Running: minimap2 -x asm5 -t 32 /data/okendojo/zebrafish/data/g3/sex_project/t2t_pangenome/asm/GRCz12tu.fasta /vf/users/okendojo/zebrafish/data/g3/sex_project/asm/haplotypes/3ZZ.bp.hap2.p_ctg.fa > /vf/users/okendojo/zebrafish/data/g3/sex_project/asm/haplotypes/scaffold/3ZZ.bp.hap2.p_ctg/ragtag.scaffold.asm.paf 2> /vf/users/okendojo/zebrafish/data/g3/sex_project/asm/haplotypes/scaffold/3ZZ.bp.hap2.p_ctg/ragtag.scaffold.asm.paf.log
Tue Jan 27 09:05:10 2026 --- INFO: Finished running : minimap2 -x asm5 -t 32 /data/okendojo/zebrafish/data/g3/sex_project/t2t_pangenome/asm/GRCz12tu.fasta /vf/users/okendojo/zebrafish/data/g3/sex_project/asm/haplotypes/3ZZ.bp.hap2.p_ctg.fa > /vf/users/okendojo/zebrafish/data/g3/sex_project/asm/haplotypes/scaffold/3ZZ.bp.hap2.p_ctg/ragtag.scaffold.asm.paf 2> /vf/users/okendojo/zebrafish/data/g3/sex_project/asm/haplotypes/scaffold/3ZZ.bp.hap2.p_ctg/ragtag.scaffold.asm.paf.log
Tue Jan 27 09:05:10 2026 --- INFO: Reading whole genome alignments
Tue Jan 27 09:05:10 2026 --- INFO: Filtering and merging alignments
Tue Jan 27 09:05:10 2026 --- INFO: Ordering and orienting query sequences
Tue Jan 27 09:05:10 2026 --- INFO: Writing scaffolds
Tue Jan 27 09:05:10 2026 --- INFO: Writing: /vf/users/okendojo/zebrafish/data/g3/sex_project/asm/haplotypes/scaffold/3ZZ.bp.hap2.p_ctg/ragtag.scaffold.agp
Tue Jan 27 09:05:14 2026 --- INFO: Running: ragtag_agp2fa.py /vf/users/okendojo/zebrafish/data/g3/sex_project/asm/haplotypes/scaffold/3ZZ.bp.hap2.p_ctg/ragtag.scaffold.agp /vf/users/okendojo/zebrafish/data/g3/sex_project/asm/haplotypes/3ZZ.bp.hap2.p_ctg.fa > /vf/users/okendojo/zebrafish/data/g3/sex_project/asm/haplotypes/scaffold/3ZZ.bp.hap2.p_ctg/ragtag.scaffold.fasta 2> /vf/users/okendojo/zebrafish/data/g3/sex_project/asm/haplotypes/scaffold/3ZZ.bp.hap2.p_ctg/ragtag.scaffold.err
Tue Jan 27 09:05:17 2026 --- INFO: Finished running : ragtag_agp2fa.py /vf/users/okendojo/zebrafish/data/g3/sex_project/asm/haplotypes/scaffold/3ZZ.bp.hap2.p_ctg/ragtag.scaffold.agp /vf/users/okendojo/zebrafish/data/g3/sex_project/asm/haplotypes/3ZZ.bp.hap2.p_ctg.fa > /vf/users/okendojo/zebrafish/data/g3/sex_project/asm/haplotypes/scaffold/3ZZ.bp.hap2.p_ctg/ragtag.scaffold.fasta 2> /vf/users/okendojo/zebrafish/data/g3/sex_project/asm/haplotypes/scaffold/3ZZ.bp.hap2.p_ctg/ragtag.scaffold.err
Tue Jan 27 09:05:17 2026 --- INFO: Running: ragtag_stats.py /vf/users/okendojo/zebrafish/data/g3/sex_project/asm/haplotypes/scaffold/3ZZ.bp.hap2.p_ctg/ragtag.scaffold.agp /vf/users/okendojo/zebrafish/data/g3/sex_project/asm/haplotypes/scaffold/3ZZ.bp.hap2.p_ctg/ragtag.scaffold.confidence.txt > /vf/users/okendojo/zebrafish/data/g3/sex_project/asm/haplotypes/scaffold/3ZZ.bp.hap2.p_ctg/ragtag.scaffold.stats 2> /vf/users/okendojo/zebrafish/data/g3/sex_project/asm/haplotypes/scaffold/3ZZ.bp.hap2.p_ctg/ragtag.scaffold.err
Tue Jan 27 09:05:17 2026 --- INFO: Finished running : ragtag_stats.py /vf/users/okendojo/zebrafish/data/g3/sex_project/asm/haplotypes/scaffold/3ZZ.bp.hap2.p_ctg/ragtag.scaffold.agp /vf/users/okendojo/zebrafish/data/g3/sex_project/asm/haplotypes/scaffold/3ZZ.bp.hap2.p_ctg/ragtag.scaffold.confidence.txt > /vf/users/okendojo/zebrafish/data/g3/sex_project/asm/haplotypes/scaffold/3ZZ.bp.hap2.p_ctg/ragtag.scaffold.stats 2> /vf/users/okendojo/zebrafish/data/g3/sex_project/asm/haplotypes/scaffold/3ZZ.bp.hap2.p_ctg/ragtag.scaffold.err
Tue Jan 27 09:05:17 2026 --- INFO: Goodbye
Tue Jan 27 09:05:17 2026 --- VERSION: RagTag v2.1.0
Tue Jan 27 09:05:17 2026 --- CMD: ragtag.py scaffold /data/okendojo/zebrafish/data/g3/sex_project/t2t_pangenome/asm/GRCz12tu.fasta 4ZZ.bp.hap1.p_ctg.fa -w --remove-small -f 1000 -t 32 -o scaffold/4ZZ.bp.hap1.p_ctg
Tue Jan 27 09:05:17 2026 --- WARNING: Without '-u' invoked, some component/object AGP pairs might share the same ID. Some external programs/databases don't like this. To ensure valid AGP format, use '-u'.
Tue Jan 27 09:05:17 2026 --- INFO: Mapping the query genome to the reference genome
Tue Jan 27 09:05:17 2026 --- INFO: Running: minimap2 -x asm5 -t 32 /data/okendojo/zebrafish/data/g3/sex_project/t2t_pangenome/asm/GRCz12tu.fasta /vf/users/okendojo/zebrafish/data/g3/sex_project/asm/haplotypes/4ZZ.bp.hap1.p_ctg.fa > /vf/users/okendojo/zebrafish/data/g3/sex_project/asm/haplotypes/scaffold/4ZZ.bp.hap1.p_ctg/ragtag.scaffold.asm.paf 2> /vf/users/okendojo/zebrafish/data/g3/sex_project/asm/haplotypes/scaffold/4ZZ.bp.hap1.p_ctg/ragtag.scaffold.asm.paf.log
Tue Jan 27 09:09:16 2026 --- INFO: Finished running : minimap2 -x asm5 -t 32 /data/okendojo/zebrafish/data/g3/sex_project/t2t_pangenome/asm/GRCz12tu.fasta /vf/users/okendojo/zebrafish/data/g3/sex_project/asm/haplotypes/4ZZ.bp.hap1.p_ctg.fa > /vf/users/okendojo/zebrafish/data/g3/sex_project/asm/haplotypes/scaffold/4ZZ.bp.hap1.p_ctg/ragtag.scaffold.asm.paf 2> /vf/users/okendojo/zebrafish/data/g3/sex_project/asm/haplotypes/scaffold/4ZZ.bp.hap1.p_ctg/ragtag.scaffold.asm.paf.log
Tue Jan 27 09:09:16 2026 --- INFO: Reading whole genome alignments
Tue Jan 27 09:09:16 2026 --- INFO: Filtering and merging alignments
Tue Jan 27 09:09:17 2026 --- INFO: Ordering and orienting query sequences
Tue Jan 27 09:09:17 2026 --- INFO: Writing scaffolds
Tue Jan 27 09:09:17 2026 --- INFO: Writing: /vf/users/okendojo/zebrafish/data/g3/sex_project/asm/haplotypes/scaffold/4ZZ.bp.hap1.p_ctg/ragtag.scaffold.agp
Tue Jan 27 09:09:20 2026 --- INFO: Running: ragtag_agp2fa.py /vf/users/okendojo/zebrafish/data/g3/sex_project/asm/haplotypes/scaffold/4ZZ.bp.hap1.p_ctg/ragtag.scaffold.agp /vf/users/okendojo/zebrafish/data/g3/sex_project/asm/haplotypes/4ZZ.bp.hap1.p_ctg.fa > /vf/users/okendojo/zebrafish/data/g3/sex_project/asm/haplotypes/scaffold/4ZZ.bp.hap1.p_ctg/ragtag.scaffold.fasta 2> /vf/users/okendojo/zebrafish/data/g3/sex_project/asm/haplotypes/scaffold/4ZZ.bp.hap1.p_ctg/ragtag.scaffold.err
Tue Jan 27 09:09:23 2026 --- INFO: Finished running : ragtag_agp2fa.py /vf/users/okendojo/zebrafish/data/g3/sex_project/asm/haplotypes/scaffold/4ZZ.bp.hap1.p_ctg/ragtag.scaffold.agp /vf/users/okendojo/zebrafish/data/g3/sex_project/asm/haplotypes/4ZZ.bp.hap1.p_ctg.fa > /vf/users/okendojo/zebrafish/data/g3/sex_project/asm/haplotypes/scaffold/4ZZ.bp.hap1.p_ctg/ragtag.scaffold.fasta 2> /vf/users/okendojo/zebrafish/data/g3/sex_project/asm/haplotypes/scaffold/4ZZ.bp.hap1.p_ctg/ragtag.scaffold.err
Tue Jan 27 09:09:23 2026 --- INFO: Running: ragtag_stats.py /vf/users/okendojo/zebrafish/data/g3/sex_project/asm/haplotypes/scaffold/4ZZ.bp.hap1.p_ctg/ragtag.scaffold.agp /vf/users/okendojo/zebrafish/data/g3/sex_project/asm/haplotypes/scaffold/4ZZ.bp.hap1.p_ctg/ragtag.scaffold.confidence.txt > /vf/users/okendojo/zebrafish/data/g3/sex_project/asm/haplotypes/scaffold/4ZZ.bp.hap1.p_ctg/ragtag.scaffold.stats 2> /vf/users/okendojo/zebrafish/data/g3/sex_project/asm/haplotypes/scaffold/4ZZ.bp.hap1.p_ctg/ragtag.scaffold.err
Tue Jan 27 09:09:23 2026 --- INFO: Finished running : ragtag_stats.py /vf/users/okendojo/zebrafish/data/g3/sex_project/asm/haplotypes/scaffold/4ZZ.bp.hap1.p_ctg/ragtag.scaffold.agp /vf/users/okendojo/zebrafish/data/g3/sex_project/asm/haplotypes/scaffold/4ZZ.bp.hap1.p_ctg/ragtag.scaffold.confidence.txt > /vf/users/okendojo/zebrafish/data/g3/sex_project/asm/haplotypes/scaffold/4ZZ.bp.hap1.p_ctg/ragtag.scaffold.stats 2> /vf/users/okendojo/zebrafish/data/g3/sex_project/asm/haplotypes/scaffold/4ZZ.bp.hap1.p_ctg/ragtag.scaffold.err
Tue Jan 27 09:09:23 2026 --- INFO: Goodbye
Tue Jan 27 09:09:23 2026 --- VERSION: RagTag v2.1.0
Tue Jan 27 09:09:23 2026 --- CMD: ragtag.py scaffold /data/okendojo/zebrafish/data/g3/sex_project/t2t_pangenome/asm/GRCz12tu.fasta 4ZZ.bp.hap2.p_ctg.fa -w --remove-small -f 1000 -t 32 -o scaffold/4ZZ.bp.hap2.p_ctg
Tue Jan 27 09:09:23 2026 --- WARNING: Without '-u' invoked, some component/object AGP pairs might share the same ID. Some external programs/databases don't like this. To ensure valid AGP format, use '-u'.
Tue Jan 27 09:09:23 2026 --- INFO: Mapping the query genome to the reference genome
Tue Jan 27 09:09:23 2026 --- INFO: Running: minimap2 -x asm5 -t 32 /data/okendojo/zebrafish/data/g3/sex_project/t2t_pangenome/asm/GRCz12tu.fasta /vf/users/okendojo/zebrafish/data/g3/sex_project/asm/haplotypes/4ZZ.bp.hap2.p_ctg.fa > /vf/users/okendojo/zebrafish/data/g3/sex_project/asm/haplotypes/scaffold/4ZZ.bp.hap2.p_ctg/ragtag.scaffold.asm.paf 2> /vf/users/okendojo/zebrafish/data/g3/sex_project/asm/haplotypes/scaffold/4ZZ.bp.hap2.p_ctg/ragtag.scaffold.asm.paf.log
Tue Jan 27 09:13:16 2026 --- INFO: Finished running : minimap2 -x asm5 -t 32 /data/okendojo/zebrafish/data/g3/sex_project/t2t_pangenome/asm/GRCz12tu.fasta /vf/users/okendojo/zebrafish/data/g3/sex_project/asm/haplotypes/4ZZ.bp.hap2.p_ctg.fa > /vf/users/okendojo/zebrafish/data/g3/sex_project/asm/haplotypes/scaffold/4ZZ.bp.hap2.p_ctg/ragtag.scaffold.asm.paf 2> /vf/users/okendojo/zebrafish/data/g3/sex_project/asm/haplotypes/scaffold/4ZZ.bp.hap2.p_ctg/ragtag.scaffold.asm.paf.log
Tue Jan 27 09:13:16 2026 --- INFO: Reading whole genome alignments
Tue Jan 27 09:13:16 2026 --- INFO: Filtering and merging alignments
Tue Jan 27 09:13:16 2026 --- INFO: Ordering and orienting query sequences
Tue Jan 27 09:13:16 2026 --- INFO: Writing scaffolds
Tue Jan 27 09:13:16 2026 --- INFO: Writing: /vf/users/okendojo/zebrafish/data/g3/sex_project/asm/haplotypes/scaffold/4ZZ.bp.hap2.p_ctg/ragtag.scaffold.agp
Tue Jan 27 09:13:19 2026 --- INFO: Running: ragtag_agp2fa.py /vf/users/okendojo/zebrafish/data/g3/sex_project/asm/haplotypes/scaffold/4ZZ.bp.hap2.p_ctg/ragtag.scaffold.agp /vf/users/okendojo/zebrafish/data/g3/sex_project/asm/haplotypes/4ZZ.bp.hap2.p_ctg.fa > /vf/users/okendojo/zebrafish/data/g3/sex_project/asm/haplotypes/scaffold/4ZZ.bp.hap2.p_ctg/ragtag.scaffold.fasta 2> /vf/users/okendojo/zebrafish/data/g3/sex_project/asm/haplotypes/scaffold/4ZZ.bp.hap2.p_ctg/ragtag.scaffold.err
Tue Jan 27 09:13:22 2026 --- INFO: Finished running : ragtag_agp2fa.py /vf/users/okendojo/zebrafish/data/g3/sex_project/asm/haplotypes/scaffold/4ZZ.bp.hap2.p_ctg/ragtag.scaffold.agp /vf/users/okendojo/zebrafish/data/g3/sex_project/asm/haplotypes/4ZZ.bp.hap2.p_ctg.fa > /vf/users/okendojo/zebrafish/data/g3/sex_project/asm/haplotypes/scaffold/4ZZ.bp.hap2.p_ctg/ragtag.scaffold.fasta 2> /vf/users/okendojo/zebrafish/data/g3/sex_project/asm/haplotypes/scaffold/4ZZ.bp.hap2.p_ctg/ragtag.scaffold.err
Tue Jan 27 09:13:22 2026 --- INFO: Running: ragtag_stats.py /vf/users/okendojo/zebrafish/data/g3/sex_project/asm/haplotypes/scaffold/4ZZ.bp.hap2.p_ctg/ragtag.scaffold.agp /vf/users/okendojo/zebrafish/data/g3/sex_project/asm/haplotypes/scaffold/4ZZ.bp.hap2.p_ctg/ragtag.scaffold.confidence.txt > /vf/users/okendojo/zebrafish/data/g3/sex_project/asm/haplotypes/scaffold/4ZZ.bp.hap2.p_ctg/ragtag.scaffold.stats 2> /vf/users/okendojo/zebrafish/data/g3/sex_project/asm/haplotypes/scaffold/4ZZ.bp.hap2.p_ctg/ragtag.scaffold.err
Tue Jan 27 09:13:22 2026 --- INFO: Finished running : ragtag_stats.py /vf/users/okendojo/zebrafish/data/g3/sex_project/asm/haplotypes/scaffold/4ZZ.bp.hap2.p_ctg/ragtag.scaffold.agp /vf/users/okendojo/zebrafish/data/g3/sex_project/asm/haplotypes/scaffold/4ZZ.bp.hap2.p_ctg/ragtag.scaffold.confidence.txt > /vf/users/okendojo/zebrafish/data/g3/sex_project/asm/haplotypes/scaffold/4ZZ.bp.hap2.p_ctg/ragtag.scaffold.stats 2> /vf/users/okendojo/zebrafish/data/g3/sex_project/asm/haplotypes/scaffold/4ZZ.bp.hap2.p_ctg/ragtag.scaffold.err
Tue Jan 27 09:13:22 2026 --- INFO: Goodbye
Tue Jan 27 09:13:23 2026 --- VERSION: RagTag v2.1.0
Tue Jan 27 09:13:23 2026 --- CMD: ragtag.py scaffold /data/okendojo/zebrafish/data/g3/sex_project/t2t_pangenome/asm/GRCz12tu.fasta 6WW.bp.hap1.p_ctg.fa -w --remove-small -f 1000 -t 32 -o scaffold/6WW.bp.hap1.p_ctg
Tue Jan 27 09:13:23 2026 --- WARNING: Without '-u' invoked, some component/object AGP pairs might share the same ID. Some external programs/databases don't like this. To ensure valid AGP format, use '-u'.
Tue Jan 27 09:13:23 2026 --- INFO: Mapping the query genome to the reference genome
Tue Jan 27 09:13:23 2026 --- INFO: Running: minimap2 -x asm5 -t 32 /data/okendojo/zebrafish/data/g3/sex_project/t2t_pangenome/asm/GRCz12tu.fasta /vf/users/okendojo/zebrafish/data/g3/sex_project/asm/haplotypes/6WW.bp.hap1.p_ctg.fa > /vf/users/okendojo/zebrafish/data/g3/sex_project/asm/haplotypes/scaffold/6WW.bp.hap1.p_ctg/ragtag.scaffold.asm.paf 2> /vf/users/okendojo/zebrafish/data/g3/sex_project/asm/haplotypes/scaffold/6WW.bp.hap1.p_ctg/ragtag.scaffold.asm.paf.log
Tue Jan 27 09:16:43 2026 --- INFO: Finished running : minimap2 -x asm5 -t 32 /data/okendojo/zebrafish/data/g3/sex_project/t2t_pangenome/asm/GRCz12tu.fasta /vf/users/okendojo/zebrafish/data/g3/sex_project/asm/haplotypes/6WW.bp.hap1.p_ctg.fa > /vf/users/okendojo/zebrafish/data/g3/sex_project/asm/haplotypes/scaffold/6WW.bp.hap1.p_ctg/ragtag.scaffold.asm.paf 2> /vf/users/okendojo/zebrafish/data/g3/sex_project/asm/haplotypes/scaffold/6WW.bp.hap1.p_ctg/ragtag.scaffold.asm.paf.log
Tue Jan 27 09:16:43 2026 --- INFO: Reading whole genome alignments
Tue Jan 27 09:16:43 2026 --- INFO: Filtering and merging alignments
Tue Jan 27 09:16:43 2026 --- INFO: Ordering and orienting query sequences
Tue Jan 27 09:16:43 2026 --- INFO: Writing scaffolds
Tue Jan 27 09:16:43 2026 --- INFO: Writing: /vf/users/okendojo/zebrafish/data/g3/sex_project/asm/haplotypes/scaffold/6WW.bp.hap1.p_ctg/ragtag.scaffold.agp
Tue Jan 27 09:16:46 2026 --- INFO: Running: ragtag_agp2fa.py /vf/users/okendojo/zebrafish/data/g3/sex_project/asm/haplotypes/scaffold/6WW.bp.hap1.p_ctg/ragtag.scaffold.agp /vf/users/okendojo/zebrafish/data/g3/sex_project/asm/haplotypes/6WW.bp.hap1.p_ctg.fa > /vf/users/okendojo/zebrafish/data/g3/sex_project/asm/haplotypes/scaffold/6WW.bp.hap1.p_ctg/ragtag.scaffold.fasta 2> /vf/users/okendojo/zebrafish/data/g3/sex_project/asm/haplotypes/scaffold/6WW.bp.hap1.p_ctg/ragtag.scaffold.err
Tue Jan 27 09:16:49 2026 --- INFO: Finished running : ragtag_agp2fa.py /vf/users/okendojo/zebrafish/data/g3/sex_project/asm/haplotypes/scaffold/6WW.bp.hap1.p_ctg/ragtag.scaffold.agp /vf/users/okendojo/zebrafish/data/g3/sex_project/asm/haplotypes/6WW.bp.hap1.p_ctg.fa > /vf/users/okendojo/zebrafish/data/g3/sex_project/asm/haplotypes/scaffold/6WW.bp.hap1.p_ctg/ragtag.scaffold.fasta 2> /vf/users/okendojo/zebrafish/data/g3/sex_project/asm/haplotypes/scaffold/6WW.bp.hap1.p_ctg/ragtag.scaffold.err
Tue Jan 27 09:16:49 2026 --- INFO: Running: ragtag_stats.py /vf/users/okendojo/zebrafish/data/g3/sex_project/asm/haplotypes/scaffold/6WW.bp.hap1.p_ctg/ragtag.scaffold.agp /vf/users/okendojo/zebrafish/data/g3/sex_project/asm/haplotypes/scaffold/6WW.bp.hap1.p_ctg/ragtag.scaffold.confidence.txt > /vf/users/okendojo/zebrafish/data/g3/sex_project/asm/haplotypes/scaffold/6WW.bp.hap1.p_ctg/ragtag.scaffold.stats 2> /vf/users/okendojo/zebrafish/data/g3/sex_project/asm/haplotypes/scaffold/6WW.bp.hap1.p_ctg/ragtag.scaffold.err
Tue Jan 27 09:16:49 2026 --- INFO: Finished running : ragtag_stats.py /vf/users/okendojo/zebrafish/data/g3/sex_project/asm/haplotypes/scaffold/6WW.bp.hap1.p_ctg/ragtag.scaffold.agp /vf/users/okendojo/zebrafish/data/g3/sex_project/asm/haplotypes/scaffold/6WW.bp.hap1.p_ctg/ragtag.scaffold.confidence.txt > /vf/users/okendojo/zebrafish/data/g3/sex_project/asm/haplotypes/scaffold/6WW.bp.hap1.p_ctg/ragtag.scaffold.stats 2> /vf/users/okendojo/zebrafish/data/g3/sex_project/asm/haplotypes/scaffold/6WW.bp.hap1.p_ctg/ragtag.scaffold.err
Tue Jan 27 09:16:49 2026 --- INFO: Goodbye
Tue Jan 27 09:16:50 2026 --- VERSION: RagTag v2.1.0
Tue Jan 27 09:16:50 2026 --- CMD: ragtag.py scaffold /data/okendojo/zebrafish/data/g3/sex_project/t2t_pangenome/asm/GRCz12tu.fasta 6WW.bp.hap2.p_ctg.fa -w --remove-small -f 1000 -t 32 -o scaffold/6WW.bp.hap2.p_ctg
Tue Jan 27 09:16:50 2026 --- WARNING: Without '-u' invoked, some component/object AGP pairs might share the same ID. Some external programs/databases don't like this. To ensure valid AGP format, use '-u'.
Tue Jan 27 09:16:50 2026 --- INFO: Mapping the query genome to the reference genome
Tue Jan 27 09:16:50 2026 --- INFO: Running: minimap2 -x asm5 -t 32 /data/okendojo/zebrafish/data/g3/sex_project/t2t_pangenome/asm/GRCz12tu.fasta /vf/users/okendojo/zebrafish/data/g3/sex_project/asm/haplotypes/6WW.bp.hap2.p_ctg.fa > /vf/users/okendojo/zebrafish/data/g3/sex_project/asm/haplotypes/scaffold/6WW.bp.hap2.p_ctg/ragtag.scaffold.asm.paf 2> /vf/users/okendojo/zebrafish/data/g3/sex_project/asm/haplotypes/scaffold/6WW.bp.hap2.p_ctg/ragtag.scaffold.asm.paf.log
Tue Jan 27 09:20:04 2026 --- INFO: Finished running : minimap2 -x asm5 -t 32 /data/okendojo/zebrafish/data/g3/sex_project/t2t_pangenome/asm/GRCz12tu.fasta /vf/users/okendojo/zebrafish/data/g3/sex_project/asm/haplotypes/6WW.bp.hap2.p_ctg.fa > /vf/users/okendojo/zebrafish/data/g3/sex_project/asm/haplotypes/scaffold/6WW.bp.hap2.p_ctg/ragtag.scaffold.asm.paf 2> /vf/users/okendojo/zebrafish/data/g3/sex_project/asm/haplotypes/scaffold/6WW.bp.hap2.p_ctg/ragtag.scaffold.asm.paf.log
Tue Jan 27 09:20:04 2026 --- INFO: Reading whole genome alignments
Tue Jan 27 09:20:04 2026 --- INFO: Filtering and merging alignments
Tue Jan 27 09:20:05 2026 --- INFO: Ordering and orienting query sequences
Tue Jan 27 09:20:05 2026 --- INFO: Writing scaffolds
Tue Jan 27 09:20:05 2026 --- INFO: Writing: /vf/users/okendojo/zebrafish/data/g3/sex_project/asm/haplotypes/scaffold/6WW.bp.hap2.p_ctg/ragtag.scaffold.agp
Tue Jan 27 09:20:08 2026 --- INFO: Running: ragtag_agp2fa.py /vf/users/okendojo/zebrafish/data/g3/sex_project/asm/haplotypes/scaffold/6WW.bp.hap2.p_ctg/ragtag.scaffold.agp /vf/users/okendojo/zebrafish/data/g3/sex_project/asm/haplotypes/6WW.bp.hap2.p_ctg.fa > /vf/users/okendojo/zebrafish/data/g3/sex_project/asm/haplotypes/scaffold/6WW.bp.hap2.p_ctg/ragtag.scaffold.fasta 2> /vf/users/okendojo/zebrafish/data/g3/sex_project/asm/haplotypes/scaffold/6WW.bp.hap2.p_ctg/ragtag.scaffold.err
Tue Jan 27 09:20:11 2026 --- INFO: Finished running : ragtag_agp2fa.py /vf/users/okendojo/zebrafish/data/g3/sex_project/asm/haplotypes/scaffold/6WW.bp.hap2.p_ctg/ragtag.scaffold.agp /vf/users/okendojo/zebrafish/data/g3/sex_project/asm/haplotypes/6WW.bp.hap2.p_ctg.fa > /vf/users/okendojo/zebrafish/data/g3/sex_project/asm/haplotypes/scaffold/6WW.bp.hap2.p_ctg/ragtag.scaffold.fasta 2> /vf/users/okendojo/zebrafish/data/g3/sex_project/asm/haplotypes/scaffold/6WW.bp.hap2.p_ctg/ragtag.scaffold.err
Tue Jan 27 09:20:11 2026 --- INFO: Running: ragtag_stats.py /vf/users/okendojo/zebrafish/data/g3/sex_project/asm/haplotypes/scaffold/6WW.bp.hap2.p_ctg/ragtag.scaffold.agp /vf/users/okendojo/zebrafish/data/g3/sex_project/asm/haplotypes/scaffold/6WW.bp.hap2.p_ctg/ragtag.scaffold.confidence.txt > /vf/users/okendojo/zebrafish/data/g3/sex_project/asm/haplotypes/scaffold/6WW.bp.hap2.p_ctg/ragtag.scaffold.stats 2> /vf/users/okendojo/zebrafish/data/g3/sex_project/asm/haplotypes/scaffold/6WW.bp.hap2.p_ctg/ragtag.scaffold.err
Tue Jan 27 09:20:11 2026 --- INFO: Finished running : ragtag_stats.py /vf/users/okendojo/zebrafish/data/g3/sex_project/asm/haplotypes/scaffold/6WW.bp.hap2.p_ctg/ragtag.scaffold.agp /vf/users/okendojo/zebrafish/data/g3/sex_project/asm/haplotypes/scaffold/6WW.bp.hap2.p_ctg/ragtag.scaffold.confidence.txt > /vf/users/okendojo/zebrafish/data/g3/sex_project/asm/haplotypes/scaffold/6WW.bp.hap2.p_ctg/ragtag.scaffold.stats 2> /vf/users/okendojo/zebrafish/data/g3/sex_project/asm/haplotypes/scaffold/6WW.bp.hap2.p_ctg/ragtag.scaffold.err
Tue Jan 27 09:20:11 2026 --- INFO: Goodbye
Tue Jan 27 09:20:11 2026 --- VERSION: RagTag v2.1.0
Tue Jan 27 09:20:11 2026 --- CMD: ragtag.py scaffold /data/okendojo/zebrafish/data/g3/sex_project/t2t_pangenome/asm/GRCz12tu.fasta 8WW.bp.hap1.p_ctg.fa -w --remove-small -f 1000 -t 32 -o scaffold/8WW.bp.hap1.p_ctg
Tue Jan 27 09:20:11 2026 --- WARNING: Without '-u' invoked, some component/object AGP pairs might share the same ID. Some external programs/databases don't like this. To ensure valid AGP format, use '-u'.
Tue Jan 27 09:20:11 2026 --- INFO: Mapping the query genome to the reference genome
Tue Jan 27 09:20:11 2026 --- INFO: Running: minimap2 -x asm5 -t 32 /data/okendojo/zebrafish/data/g3/sex_project/t2t_pangenome/asm/GRCz12tu.fasta /vf/users/okendojo/zebrafish/data/g3/sex_project/asm/haplotypes/8WW.bp.hap1.p_ctg.fa > /vf/users/okendojo/zebrafish/data/g3/sex_project/asm/haplotypes/scaffold/8WW.bp.hap1.p_ctg/ragtag.scaffold.asm.paf 2> /vf/users/okendojo/zebrafish/data/g3/sex_project/asm/haplotypes/scaffold/8WW.bp.hap1.p_ctg/ragtag.scaffold.asm.paf.log
Tue Jan 27 09:24:21 2026 --- INFO: Finished running : minimap2 -x asm5 -t 32 /data/okendojo/zebrafish/data/g3/sex_project/t2t_pangenome/asm/GRCz12tu.fasta /vf/users/okendojo/zebrafish/data/g3/sex_project/asm/haplotypes/8WW.bp.hap1.p_ctg.fa > /vf/users/okendojo/zebrafish/data/g3/sex_project/asm/haplotypes/scaffold/8WW.bp.hap1.p_ctg/ragtag.scaffold.asm.paf 2> /vf/users/okendojo/zebrafish/data/g3/sex_project/asm/haplotypes/scaffold/8WW.bp.hap1.p_ctg/ragtag.scaffold.asm.paf.log
Tue Jan 27 09:24:21 2026 --- INFO: Reading whole genome alignments
Tue Jan 27 09:24:21 2026 --- INFO: Filtering and merging alignments
Tue Jan 27 09:24:21 2026 --- INFO: Ordering and orienting query sequences
Tue Jan 27 09:24:21 2026 --- INFO: Writing scaffolds
Tue Jan 27 09:24:21 2026 --- INFO: Writing: /vf/users/okendojo/zebrafish/data/g3/sex_project/asm/haplotypes/scaffold/8WW.bp.hap1.p_ctg/ragtag.scaffold.agp
Tue Jan 27 09:24:24 2026 --- INFO: Running: ragtag_agp2fa.py /vf/users/okendojo/zebrafish/data/g3/sex_project/asm/haplotypes/scaffold/8WW.bp.hap1.p_ctg/ragtag.scaffold.agp /vf/users/okendojo/zebrafish/data/g3/sex_project/asm/haplotypes/8WW.bp.hap1.p_ctg.fa > /vf/users/okendojo/zebrafish/data/g3/sex_project/asm/haplotypes/scaffold/8WW.bp.hap1.p_ctg/ragtag.scaffold.fasta 2> /vf/users/okendojo/zebrafish/data/g3/sex_project/asm/haplotypes/scaffold/8WW.bp.hap1.p_ctg/ragtag.scaffold.err
Tue Jan 27 09:24:27 2026 --- INFO: Finished running : ragtag_agp2fa.py /vf/users/okendojo/zebrafish/data/g3/sex_project/asm/haplotypes/scaffold/8WW.bp.hap1.p_ctg/ragtag.scaffold.agp /vf/users/okendojo/zebrafish/data/g3/sex_project/asm/haplotypes/8WW.bp.hap1.p_ctg.fa > /vf/users/okendojo/zebrafish/data/g3/sex_project/asm/haplotypes/scaffold/8WW.bp.hap1.p_ctg/ragtag.scaffold.fasta 2> /vf/users/okendojo/zebrafish/data/g3/sex_project/asm/haplotypes/scaffold/8WW.bp.hap1.p_ctg/ragtag.scaffold.err
Tue Jan 27 09:24:27 2026 --- INFO: Running: ragtag_stats.py /vf/users/okendojo/zebrafish/data/g3/sex_project/asm/haplotypes/scaffold/8WW.bp.hap1.p_ctg/ragtag.scaffold.agp /vf/users/okendojo/zebrafish/data/g3/sex_project/asm/haplotypes/scaffold/8WW.bp.hap1.p_ctg/ragtag.scaffold.confidence.txt > /vf/users/okendojo/zebrafish/data/g3/sex_project/asm/haplotypes/scaffold/8WW.bp.hap1.p_ctg/ragtag.scaffold.stats 2> /vf/users/okendojo/zebrafish/data/g3/sex_project/asm/haplotypes/scaffold/8WW.bp.hap1.p_ctg/ragtag.scaffold.err
Tue Jan 27 09:24:27 2026 --- INFO: Finished running : ragtag_stats.py /vf/users/okendojo/zebrafish/data/g3/sex_project/asm/haplotypes/scaffold/8WW.bp.hap1.p_ctg/ragtag.scaffold.agp /vf/users/okendojo/zebrafish/data/g3/sex_project/asm/haplotypes/scaffold/8WW.bp.hap1.p_ctg/ragtag.scaffold.confidence.txt > /vf/users/okendojo/zebrafish/data/g3/sex_project/asm/haplotypes/scaffold/8WW.bp.hap1.p_ctg/ragtag.scaffold.stats 2> /vf/users/okendojo/zebrafish/data/g3/sex_project/asm/haplotypes/scaffold/8WW.bp.hap1.p_ctg/ragtag.scaffold.err
Tue Jan 27 09:24:27 2026 --- INFO: Goodbye
Tue Jan 27 09:24:27 2026 --- VERSION: RagTag v2.1.0
Tue Jan 27 09:24:27 2026 --- CMD: ragtag.py scaffold /data/okendojo/zebrafish/data/g3/sex_project/t2t_pangenome/asm/GRCz12tu.fasta 8WW.bp.hap2.p_ctg.fa -w --remove-small -f 1000 -t 32 -o scaffold/8WW.bp.hap2.p_ctg
Tue Jan 27 09:24:27 2026 --- WARNING: Without '-u' invoked, some component/object AGP pairs might share the same ID. Some external programs/databases don't like this. To ensure valid AGP format, use '-u'.
Tue Jan 27 09:24:27 2026 --- INFO: Mapping the query genome to the reference genome
Tue Jan 27 09:24:27 2026 --- INFO: Running: minimap2 -x asm5 -t 32 /data/okendojo/zebrafish/data/g3/sex_project/t2t_pangenome/asm/GRCz12tu.fasta /vf/users/okendojo/zebrafish/data/g3/sex_project/asm/haplotypes/8WW.bp.hap2.p_ctg.fa > /vf/users/okendojo/zebrafish/data/g3/sex_project/asm/haplotypes/scaffold/8WW.bp.hap2.p_ctg/ragtag.scaffold.asm.paf 2> /vf/users/okendojo/zebrafish/data/g3/sex_project/asm/haplotypes/scaffold/8WW.bp.hap2.p_ctg/ragtag.scaffold.asm.paf.log
Tue Jan 27 09:27:32 2026 --- INFO: Finished running : minimap2 -x asm5 -t 32 /data/okendojo/zebrafish/data/g3/sex_project/t2t_pangenome/asm/GRCz12tu.fasta /vf/users/okendojo/zebrafish/data/g3/sex_project/asm/haplotypes/8WW.bp.hap2.p_ctg.fa > /vf/users/okendojo/zebrafish/data/g3/sex_project/asm/haplotypes/scaffold/8WW.bp.hap2.p_ctg/ragtag.scaffold.asm.paf 2> /vf/users/okendojo/zebrafish/data/g3/sex_project/asm/haplotypes/scaffold/8WW.bp.hap2.p_ctg/ragtag.scaffold.asm.paf.log
Tue Jan 27 09:27:32 2026 --- INFO: Reading whole genome alignments
Tue Jan 27 09:27:32 2026 --- INFO: Filtering and merging alignments
Tue Jan 27 09:27:32 2026 --- INFO: Ordering and orienting query sequences
Tue Jan 27 09:27:32 2026 --- INFO: Writing scaffolds
Tue Jan 27 09:27:32 2026 --- INFO: Writing: /vf/users/okendojo/zebrafish/data/g3/sex_project/asm/haplotypes/scaffold/8WW.bp.hap2.p_ctg/ragtag.scaffold.agp
Tue Jan 27 09:27:36 2026 --- INFO: Running: ragtag_agp2fa.py /vf/users/okendojo/zebrafish/data/g3/sex_project/asm/haplotypes/scaffold/8WW.bp.hap2.p_ctg/ragtag.scaffold.agp /vf/users/okendojo/zebrafish/data/g3/sex_project/asm/haplotypes/8WW.bp.hap2.p_ctg.fa > /vf/users/okendojo/zebrafish/data/g3/sex_project/asm/haplotypes/scaffold/8WW.bp.hap2.p_ctg/ragtag.scaffold.fasta 2> /vf/users/okendojo/zebrafish/data/g3/sex_project/asm/haplotypes/scaffold/8WW.bp.hap2.p_ctg/ragtag.scaffold.err
Tue Jan 27 09:27:39 2026 --- INFO: Finished running : ragtag_agp2fa.py /vf/users/okendojo/zebrafish/data/g3/sex_project/asm/haplotypes/scaffold/8WW.bp.hap2.p_ctg/ragtag.scaffold.agp /vf/users/okendojo/zebrafish/data/g3/sex_project/asm/haplotypes/8WW.bp.hap2.p_ctg.fa > /vf/users/okendojo/zebrafish/data/g3/sex_project/asm/haplotypes/scaffold/8WW.bp.hap2.p_ctg/ragtag.scaffold.fasta 2> /vf/users/okendojo/zebrafish/data/g3/sex_project/asm/haplotypes/scaffold/8WW.bp.hap2.p_ctg/ragtag.scaffold.err
Tue Jan 27 09:27:39 2026 --- INFO: Running: ragtag_stats.py /vf/users/okendojo/zebrafish/data/g3/sex_project/asm/haplotypes/scaffold/8WW.bp.hap2.p_ctg/ragtag.scaffold.agp /vf/users/okendojo/zebrafish/data/g3/sex_project/asm/haplotypes/scaffold/8WW.bp.hap2.p_ctg/ragtag.scaffold.confidence.txt > /vf/users/okendojo/zebrafish/data/g3/sex_project/asm/haplotypes/scaffold/8WW.bp.hap2.p_ctg/ragtag.scaffold.stats 2> /vf/users/okendojo/zebrafish/data/g3/sex_project/asm/haplotypes/scaffold/8WW.bp.hap2.p_ctg/ragtag.scaffold.err
Tue Jan 27 09:27:39 2026 --- INFO: Finished running : ragtag_stats.py /vf/users/okendojo/zebrafish/data/g3/sex_project/asm/haplotypes/scaffold/8WW.bp.hap2.p_ctg/ragtag.scaffold.agp /vf/users/okendojo/zebrafish/data/g3/sex_project/asm/haplotypes/scaffold/8WW.bp.hap2.p_ctg/ragtag.scaffold.confidence.txt > /vf/users/okendojo/zebrafish/data/g3/sex_project/asm/haplotypes/scaffold/8WW.bp.hap2.p_ctg/ragtag.scaffold.stats 2> /vf/users/okendojo/zebrafish/data/g3/sex_project/asm/haplotypes/scaffold/8WW.bp.hap2.p_ctg/ragtag.scaffold.err
Tue Jan 27 09:27:39 2026 --- INFO: Goodbye
Tue Jan 27 09:27:39 2026 --- VERSION: RagTag v2.1.0
Tue Jan 27 09:27:39 2026 --- CMD: ragtag.py scaffold /data/okendojo/zebrafish/data/g3/sex_project/t2t_pangenome/asm/GRCz12tu.fasta 9WW.bp.hap1.p_ctg.fa -w --remove-small -f 1000 -t 32 -o scaffold/9WW.bp.hap1.p_ctg
Tue Jan 27 09:27:39 2026 --- WARNING: Without '-u' invoked, some component/object AGP pairs might share the same ID. Some external programs/databases don't like this. To ensure valid AGP format, use '-u'.
Tue Jan 27 09:27:39 2026 --- INFO: Mapping the query genome to the reference genome
Tue Jan 27 09:27:39 2026 --- INFO: Running: minimap2 -x asm5 -t 32 /data/okendojo/zebrafish/data/g3/sex_project/t2t_pangenome/asm/GRCz12tu.fasta /vf/users/okendojo/zebrafish/data/g3/sex_project/asm/haplotypes/9WW.bp.hap1.p_ctg.fa > /vf/users/okendojo/zebrafish/data/g3/sex_project/asm/haplotypes/scaffold/9WW.bp.hap1.p_ctg/ragtag.scaffold.asm.paf 2> /vf/users/okendojo/zebrafish/data/g3/sex_project/asm/haplotypes/scaffold/9WW.bp.hap1.p_ctg/ragtag.scaffold.asm.paf.log
Tue Jan 27 09:31:03 2026 --- INFO: Finished running : minimap2 -x asm5 -t 32 /data/okendojo/zebrafish/data/g3/sex_project/t2t_pangenome/asm/GRCz12tu.fasta /vf/users/okendojo/zebrafish/data/g3/sex_project/asm/haplotypes/9WW.bp.hap1.p_ctg.fa > /vf/users/okendojo/zebrafish/data/g3/sex_project/asm/haplotypes/scaffold/9WW.bp.hap1.p_ctg/ragtag.scaffold.asm.paf 2> /vf/users/okendojo/zebrafish/data/g3/sex_project/asm/haplotypes/scaffold/9WW.bp.hap1.p_ctg/ragtag.scaffold.asm.paf.log
Tue Jan 27 09:31:03 2026 --- INFO: Reading whole genome alignments
Tue Jan 27 09:31:03 2026 --- INFO: Filtering and merging alignments
Tue Jan 27 09:31:04 2026 --- INFO: Ordering and orienting query sequences
Tue Jan 27 09:31:04 2026 --- INFO: Writing scaffolds
Tue Jan 27 09:31:04 2026 --- INFO: Writing: /vf/users/okendojo/zebrafish/data/g3/sex_project/asm/haplotypes/scaffold/9WW.bp.hap1.p_ctg/ragtag.scaffold.agp
Tue Jan 27 09:31:07 2026 --- INFO: Running: ragtag_agp2fa.py /vf/users/okendojo/zebrafish/data/g3/sex_project/asm/haplotypes/scaffold/9WW.bp.hap1.p_ctg/ragtag.scaffold.agp /vf/users/okendojo/zebrafish/data/g3/sex_project/asm/haplotypes/9WW.bp.hap1.p_ctg.fa > /vf/users/okendojo/zebrafish/data/g3/sex_project/asm/haplotypes/scaffold/9WW.bp.hap1.p_ctg/ragtag.scaffold.fasta 2> /vf/users/okendojo/zebrafish/data/g3/sex_project/asm/haplotypes/scaffold/9WW.bp.hap1.p_ctg/ragtag.scaffold.err
Tue Jan 27 09:31:10 2026 --- INFO: Finished running : ragtag_agp2fa.py /vf/users/okendojo/zebrafish/data/g3/sex_project/asm/haplotypes/scaffold/9WW.bp.hap1.p_ctg/ragtag.scaffold.agp /vf/users/okendojo/zebrafish/data/g3/sex_project/asm/haplotypes/9WW.bp.hap1.p_ctg.fa > /vf/users/okendojo/zebrafish/data/g3/sex_project/asm/haplotypes/scaffold/9WW.bp.hap1.p_ctg/ragtag.scaffold.fasta 2> /vf/users/okendojo/zebrafish/data/g3/sex_project/asm/haplotypes/scaffold/9WW.bp.hap1.p_ctg/ragtag.scaffold.err
Tue Jan 27 09:31:10 2026 --- INFO: Running: ragtag_stats.py /vf/users/okendojo/zebrafish/data/g3/sex_project/asm/haplotypes/scaffold/9WW.bp.hap1.p_ctg/ragtag.scaffold.agp /vf/users/okendojo/zebrafish/data/g3/sex_project/asm/haplotypes/scaffold/9WW.bp.hap1.p_ctg/ragtag.scaffold.confidence.txt > /vf/users/okendojo/zebrafish/data/g3/sex_project/asm/haplotypes/scaffold/9WW.bp.hap1.p_ctg/ragtag.scaffold.stats 2> /vf/users/okendojo/zebrafish/data/g3/sex_project/asm/haplotypes/scaffold/9WW.bp.hap1.p_ctg/ragtag.scaffold.err
Tue Jan 27 09:31:10 2026 --- INFO: Finished running : ragtag_stats.py /vf/users/okendojo/zebrafish/data/g3/sex_project/asm/haplotypes/scaffold/9WW.bp.hap1.p_ctg/ragtag.scaffold.agp /vf/users/okendojo/zebrafish/data/g3/sex_project/asm/haplotypes/scaffold/9WW.bp.hap1.p_ctg/ragtag.scaffold.confidence.txt > /vf/users/okendojo/zebrafish/data/g3/sex_project/asm/haplotypes/scaffold/9WW.bp.hap1.p_ctg/ragtag.scaffold.stats 2> /vf/users/okendojo/zebrafish/data/g3/sex_project/asm/haplotypes/scaffold/9WW.bp.hap1.p_ctg/ragtag.scaffold.err
Tue Jan 27 09:31:10 2026 --- INFO: Goodbye
Tue Jan 27 09:31:10 2026 --- VERSION: RagTag v2.1.0
Tue Jan 27 09:31:10 2026 --- CMD: ragtag.py scaffold /data/okendojo/zebrafish/data/g3/sex_project/t2t_pangenome/asm/GRCz12tu.fasta 9WW.bp.hap2.p_ctg.fa -w --remove-small -f 1000 -t 32 -o scaffold/9WW.bp.hap2.p_ctg
Tue Jan 27 09:31:10 2026 --- WARNING: Without '-u' invoked, some component/object AGP pairs might share the same ID. Some external programs/databases don't like this. To ensure valid AGP format, use '-u'.
Tue Jan 27 09:31:10 2026 --- INFO: Mapping the query genome to the reference genome
Tue Jan 27 09:31:10 2026 --- INFO: Running: minimap2 -x asm5 -t 32 /data/okendojo/zebrafish/data/g3/sex_project/t2t_pangenome/asm/GRCz12tu.fasta /vf/users/okendojo/zebrafish/data/g3/sex_project/asm/haplotypes/9WW.bp.hap2.p_ctg.fa > /vf/users/okendojo/zebrafish/data/g3/sex_project/asm/haplotypes/scaffold/9WW.bp.hap2.p_ctg/ragtag.scaffold.asm.paf 2> /vf/users/okendojo/zebrafish/data/g3/sex_project/asm/haplotypes/scaffold/9WW.bp.hap2.p_ctg/ragtag.scaffold.asm.paf.log
Tue Jan 27 09:34:26 2026 --- INFO: Finished running : minimap2 -x asm5 -t 32 /data/okendojo/zebrafish/data/g3/sex_project/t2t_pangenome/asm/GRCz12tu.fasta /vf/users/okendojo/zebrafish/data/g3/sex_project/asm/haplotypes/9WW.bp.hap2.p_ctg.fa > /vf/users/okendojo/zebrafish/data/g3/sex_project/asm/haplotypes/scaffold/9WW.bp.hap2.p_ctg/ragtag.scaffold.asm.paf 2> /vf/users/okendojo/zebrafish/data/g3/sex_project/asm/haplotypes/scaffold/9WW.bp.hap2.p_ctg/ragtag.scaffold.asm.paf.log
Tue Jan 27 09:34:26 2026 --- INFO: Reading whole genome alignments
Tue Jan 27 09:34:26 2026 --- INFO: Filtering and merging alignments
Tue Jan 27 09:34:26 2026 --- INFO: Ordering and orienting query sequences
Tue Jan 27 09:34:26 2026 --- INFO: Writing scaffolds
Tue Jan 27 09:34:26 2026 --- INFO: Writing: /vf/users/okendojo/zebrafish/data/g3/sex_project/asm/haplotypes/scaffold/9WW.bp.hap2.p_ctg/ragtag.scaffold.agp
Tue Jan 27 09:34:30 2026 --- INFO: Running: ragtag_agp2fa.py /vf/users/okendojo/zebrafish/data/g3/sex_project/asm/haplotypes/scaffold/9WW.bp.hap2.p_ctg/ragtag.scaffold.agp /vf/users/okendojo/zebrafish/data/g3/sex_project/asm/haplotypes/9WW.bp.hap2.p_ctg.fa > /vf/users/okendojo/zebrafish/data/g3/sex_project/asm/haplotypes/scaffold/9WW.bp.hap2.p_ctg/ragtag.scaffold.fasta 2> /vf/users/okendojo/zebrafish/data/g3/sex_project/asm/haplotypes/scaffold/9WW.bp.hap2.p_ctg/ragtag.scaffold.err
Tue Jan 27 09:34:33 2026 --- INFO: Finished running : ragtag_agp2fa.py /vf/users/okendojo/zebrafish/data/g3/sex_project/asm/haplotypes/scaffold/9WW.bp.hap2.p_ctg/ragtag.scaffold.agp /vf/users/okendojo/zebrafish/data/g3/sex_project/asm/haplotypes/9WW.bp.hap2.p_ctg.fa > /vf/users/okendojo/zebrafish/data/g3/sex_project/asm/haplotypes/scaffold/9WW.bp.hap2.p_ctg/ragtag.scaffold.fasta 2> /vf/users/okendojo/zebrafish/data/g3/sex_project/asm/haplotypes/scaffold/9WW.bp.hap2.p_ctg/ragtag.scaffold.err
Tue Jan 27 09:34:33 2026 --- INFO: Running: ragtag_stats.py /vf/users/okendojo/zebrafish/data/g3/sex_project/asm/haplotypes/scaffold/9WW.bp.hap2.p_ctg/ragtag.scaffold.agp /vf/users/okendojo/zebrafish/data/g3/sex_project/asm/haplotypes/scaffold/9WW.bp.hap2.p_ctg/ragtag.scaffold.confidence.txt > /vf/users/okendojo/zebrafish/data/g3/sex_project/asm/haplotypes/scaffold/9WW.bp.hap2.p_ctg/ragtag.scaffold.stats 2> /vf/users/okendojo/zebrafish/data/g3/sex_project/asm/haplotypes/scaffold/9WW.bp.hap2.p_ctg/ragtag.scaffold.err
Tue Jan 27 09:34:33 2026 --- INFO: Finished running : ragtag_stats.py /vf/users/okendojo/zebrafish/data/g3/sex_project/asm/haplotypes/scaffold/9WW.bp.hap2.p_ctg/ragtag.scaffold.agp /vf/users/okendojo/zebrafish/data/g3/sex_project/asm/haplotypes/scaffold/9WW.bp.hap2.p_ctg/ragtag.scaffold.confidence.txt > /vf/users/okendojo/zebrafish/data/g3/sex_project/asm/haplotypes/scaffold/9WW.bp.hap2.p_ctg/ragtag.scaffold.stats 2> /vf/users/okendojo/zebrafish/data/g3/sex_project/asm/haplotypes/scaffold/9WW.bp.hap2.p_ctg/ragtag.scaffold.err
Tue Jan 27 09:34:33 2026 --- INFO: Goodbye
Tue Jan 27 09:34:33 2026 --- VERSION: RagTag v2.1.0
Tue Jan 27 09:34:33 2026 --- CMD: ragtag.py scaffold /data/okendojo/zebrafish/data/g3/sex_project/t2t_pangenome/asm/GRCz12tu.fasta CBW1_4.bp.hap1.p_ctg.fa -w --remove-small -f 1000 -t 32 -o scaffold/CBW1_4.bp.hap1.p_ctg
Tue Jan 27 09:34:33 2026 --- WARNING: Without '-u' invoked, some component/object AGP pairs might share the same ID. Some external programs/databases don't like this. To ensure valid AGP format, use '-u'.
Tue Jan 27 09:34:33 2026 --- INFO: Mapping the query genome to the reference genome
Tue Jan 27 09:34:33 2026 --- INFO: Running: minimap2 -x asm5 -t 32 /data/okendojo/zebrafish/data/g3/sex_project/t2t_pangenome/asm/GRCz12tu.fasta /vf/users/okendojo/zebrafish/data/g3/sex_project/asm/haplotypes/CBW1_4.bp.hap1.p_ctg.fa > /vf/users/okendojo/zebrafish/data/g3/sex_project/asm/haplotypes/scaffold/CBW1_4.bp.hap1.p_ctg/ragtag.scaffold.asm.paf 2> /vf/users/okendojo/zebrafish/data/g3/sex_project/asm/haplotypes/scaffold/CBW1_4.bp.hap1.p_ctg/ragtag.scaffold.asm.paf.log
Tue Jan 27 09:37:16 2026 --- INFO: Finished running : minimap2 -x asm5 -t 32 /data/okendojo/zebrafish/data/g3/sex_project/t2t_pangenome/asm/GRCz12tu.fasta /vf/users/okendojo/zebrafish/data/g3/sex_project/asm/haplotypes/CBW1_4.bp.hap1.p_ctg.fa > /vf/users/okendojo/zebrafish/data/g3/sex_project/asm/haplotypes/scaffold/CBW1_4.bp.hap1.p_ctg/ragtag.scaffold.asm.paf 2> /vf/users/okendojo/zebrafish/data/g3/sex_project/asm/haplotypes/scaffold/CBW1_4.bp.hap1.p_ctg/ragtag.scaffold.asm.paf.log
Tue Jan 27 09:37:16 2026 --- INFO: Reading whole genome alignments
Tue Jan 27 09:37:16 2026 --- INFO: Filtering and merging alignments
Tue Jan 27 09:37:16 2026 --- INFO: Ordering and orienting query sequences
Tue Jan 27 09:37:16 2026 --- INFO: Writing scaffolds
Tue Jan 27 09:37:16 2026 --- INFO: Writing: /vf/users/okendojo/zebrafish/data/g3/sex_project/asm/haplotypes/scaffold/CBW1_4.bp.hap1.p_ctg/ragtag.scaffold.agp
Tue Jan 27 09:37:19 2026 --- INFO: Running: ragtag_agp2fa.py /vf/users/okendojo/zebrafish/data/g3/sex_project/asm/haplotypes/scaffold/CBW1_4.bp.hap1.p_ctg/ragtag.scaffold.agp /vf/users/okendojo/zebrafish/data/g3/sex_project/asm/haplotypes/CBW1_4.bp.hap1.p_ctg.fa > /vf/users/okendojo/zebrafish/data/g3/sex_project/asm/haplotypes/scaffold/CBW1_4.bp.hap1.p_ctg/ragtag.scaffold.fasta 2> /vf/users/okendojo/zebrafish/data/g3/sex_project/asm/haplotypes/scaffold/CBW1_4.bp.hap1.p_ctg/ragtag.scaffold.err
Tue Jan 27 09:37:22 2026 --- INFO: Finished running : ragtag_agp2fa.py /vf/users/okendojo/zebrafish/data/g3/sex_project/asm/haplotypes/scaffold/CBW1_4.bp.hap1.p_ctg/ragtag.scaffold.agp /vf/users/okendojo/zebrafish/data/g3/sex_project/asm/haplotypes/CBW1_4.bp.hap1.p_ctg.fa > /vf/users/okendojo/zebrafish/data/g3/sex_project/asm/haplotypes/scaffold/CBW1_4.bp.hap1.p_ctg/ragtag.scaffold.fasta 2> /vf/users/okendojo/zebrafish/data/g3/sex_project/asm/haplotypes/scaffold/CBW1_4.bp.hap1.p_ctg/ragtag.scaffold.err
Tue Jan 27 09:37:22 2026 --- INFO: Running: ragtag_stats.py /vf/users/okendojo/zebrafish/data/g3/sex_project/asm/haplotypes/scaffold/CBW1_4.bp.hap1.p_ctg/ragtag.scaffold.agp /vf/users/okendojo/zebrafish/data/g3/sex_project/asm/haplotypes/scaffold/CBW1_4.bp.hap1.p_ctg/ragtag.scaffold.confidence.txt > /vf/users/okendojo/zebrafish/data/g3/sex_project/asm/haplotypes/scaffold/CBW1_4.bp.hap1.p_ctg/ragtag.scaffold.stats 2> /vf/users/okendojo/zebrafish/data/g3/sex_project/asm/haplotypes/scaffold/CBW1_4.bp.hap1.p_ctg/ragtag.scaffold.err
Tue Jan 27 09:37:22 2026 --- INFO: Finished running : ragtag_stats.py /vf/users/okendojo/zebrafish/data/g3/sex_project/asm/haplotypes/scaffold/CBW1_4.bp.hap1.p_ctg/ragtag.scaffold.agp /vf/users/okendojo/zebrafish/data/g3/sex_project/asm/haplotypes/scaffold/CBW1_4.bp.hap1.p_ctg/ragtag.scaffold.confidence.txt > /vf/users/okendojo/zebrafish/data/g3/sex_project/asm/haplotypes/scaffold/CBW1_4.bp.hap1.p_ctg/ragtag.scaffold.stats 2> /vf/users/okendojo/zebrafish/data/g3/sex_project/asm/haplotypes/scaffold/CBW1_4.bp.hap1.p_ctg/ragtag.scaffold.err
Tue Jan 27 09:37:22 2026 --- INFO: Goodbye
Tue Jan 27 09:37:23 2026 --- VERSION: RagTag v2.1.0
Tue Jan 27 09:37:23 2026 --- CMD: ragtag.py scaffold /data/okendojo/zebrafish/data/g3/sex_project/t2t_pangenome/asm/GRCz12tu.fasta CBW1_4.bp.hap2.p_ctg.fa -w --remove-small -f 1000 -t 32 -o scaffold/CBW1_4.bp.hap2.p_ctg
Tue Jan 27 09:37:23 2026 --- WARNING: Without '-u' invoked, some component/object AGP pairs might share the same ID. Some external programs/databases don't like this. To ensure valid AGP format, use '-u'.
Tue Jan 27 09:37:23 2026 --- INFO: Mapping the query genome to the reference genome
Tue Jan 27 09:37:23 2026 --- INFO: Running: minimap2 -x asm5 -t 32 /data/okendojo/zebrafish/data/g3/sex_project/t2t_pangenome/asm/GRCz12tu.fasta /vf/users/okendojo/zebrafish/data/g3/sex_project/asm/haplotypes/CBW1_4.bp.hap2.p_ctg.fa > /vf/users/okendojo/zebrafish/data/g3/sex_project/asm/haplotypes/scaffold/CBW1_4.bp.hap2.p_ctg/ragtag.scaffold.asm.paf 2> /vf/users/okendojo/zebrafish/data/g3/sex_project/asm/haplotypes/scaffold/CBW1_4.bp.hap2.p_ctg/ragtag.scaffold.asm.paf.log
Tue Jan 27 09:41:05 2026 --- INFO: Finished running : minimap2 -x asm5 -t 32 /data/okendojo/zebrafish/data/g3/sex_project/t2t_pangenome/asm/GRCz12tu.fasta /vf/users/okendojo/zebrafish/data/g3/sex_project/asm/haplotypes/CBW1_4.bp.hap2.p_ctg.fa > /vf/users/okendojo/zebrafish/data/g3/sex_project/asm/haplotypes/scaffold/CBW1_4.bp.hap2.p_ctg/ragtag.scaffold.asm.paf 2> /vf/users/okendojo/zebrafish/data/g3/sex_project/asm/haplotypes/scaffold/CBW1_4.bp.hap2.p_ctg/ragtag.scaffold.asm.paf.log
Tue Jan 27 09:41:05 2026 --- INFO: Reading whole genome alignments
Tue Jan 27 09:41:05 2026 --- INFO: Filtering and merging alignments
Tue Jan 27 09:41:05 2026 --- INFO: Ordering and orienting query sequences
Tue Jan 27 09:41:05 2026 --- INFO: Writing scaffolds
Tue Jan 27 09:41:05 2026 --- INFO: Writing: /vf/users/okendojo/zebrafish/data/g3/sex_project/asm/haplotypes/scaffold/CBW1_4.bp.hap2.p_ctg/ragtag.scaffold.agp
Tue Jan 27 09:41:08 2026 --- INFO: Running: ragtag_agp2fa.py /vf/users/okendojo/zebrafish/data/g3/sex_project/asm/haplotypes/scaffold/CBW1_4.bp.hap2.p_ctg/ragtag.scaffold.agp /vf/users/okendojo/zebrafish/data/g3/sex_project/asm/haplotypes/CBW1_4.bp.hap2.p_ctg.fa > /vf/users/okendojo/zebrafish/data/g3/sex_project/asm/haplotypes/scaffold/CBW1_4.bp.hap2.p_ctg/ragtag.scaffold.fasta 2> /vf/users/okendojo/zebrafish/data/g3/sex_project/asm/haplotypes/scaffold/CBW1_4.bp.hap2.p_ctg/ragtag.scaffold.err
Tue Jan 27 09:41:11 2026 --- INFO: Finished running : ragtag_agp2fa.py /vf/users/okendojo/zebrafish/data/g3/sex_project/asm/haplotypes/scaffold/CBW1_4.bp.hap2.p_ctg/ragtag.scaffold.agp /vf/users/okendojo/zebrafish/data/g3/sex_project/asm/haplotypes/CBW1_4.bp.hap2.p_ctg.fa > /vf/users/okendojo/zebrafish/data/g3/sex_project/asm/haplotypes/scaffold/CBW1_4.bp.hap2.p_ctg/ragtag.scaffold.fasta 2> /vf/users/okendojo/zebrafish/data/g3/sex_project/asm/haplotypes/scaffold/CBW1_4.bp.hap2.p_ctg/ragtag.scaffold.err
Tue Jan 27 09:41:11 2026 --- INFO: Running: ragtag_stats.py /vf/users/okendojo/zebrafish/data/g3/sex_project/asm/haplotypes/scaffold/CBW1_4.bp.hap2.p_ctg/ragtag.scaffold.agp /vf/users/okendojo/zebrafish/data/g3/sex_project/asm/haplotypes/scaffold/CBW1_4.bp.hap2.p_ctg/ragtag.scaffold.confidence.txt > /vf/users/okendojo/zebrafish/data/g3/sex_project/asm/haplotypes/scaffold/CBW1_4.bp.hap2.p_ctg/ragtag.scaffold.stats 2> /vf/users/okendojo/zebrafish/data/g3/sex_project/asm/haplotypes/scaffold/CBW1_4.bp.hap2.p_ctg/ragtag.scaffold.err
Tue Jan 27 09:41:11 2026 --- INFO: Finished running : ragtag_stats.py /vf/users/okendojo/zebrafish/data/g3/sex_project/asm/haplotypes/scaffold/CBW1_4.bp.hap2.p_ctg/ragtag.scaffold.agp /vf/users/okendojo/zebrafish/data/g3/sex_project/asm/haplotypes/scaffold/CBW1_4.bp.hap2.p_ctg/ragtag.scaffold.confidence.txt > /vf/users/okendojo/zebrafish/data/g3/sex_project/asm/haplotypes/scaffold/CBW1_4.bp.hap2.p_ctg/ragtag.scaffold.stats 2> /vf/users/okendojo/zebrafish/data/g3/sex_project/asm/haplotypes/scaffold/CBW1_4.bp.hap2.p_ctg/ragtag.scaffold.err
Tue Jan 27 09:41:11 2026 --- INFO: Goodbye
Tue Jan 27 09:41:11 2026 --- VERSION: RagTag v2.1.0
Tue Jan 27 09:41:11 2026 --- CMD: ragtag.py scaffold /data/okendojo/zebrafish/data/g3/sex_project/t2t_pangenome/asm/GRCz12tu.fasta CBZW_11.bp.hap1.p_ctg.fa -w --remove-small -f 1000 -t 32 -o scaffold/CBZW_11.bp.hap1.p_ctg
Tue Jan 27 09:41:11 2026 --- WARNING: Without '-u' invoked, some component/object AGP pairs might share the same ID. Some external programs/databases don't like this. To ensure valid AGP format, use '-u'.
Tue Jan 27 09:41:11 2026 --- INFO: Mapping the query genome to the reference genome
Tue Jan 27 09:41:11 2026 --- INFO: Running: minimap2 -x asm5 -t 32 /data/okendojo/zebrafish/data/g3/sex_project/t2t_pangenome/asm/GRCz12tu.fasta /vf/users/okendojo/zebrafish/data/g3/sex_project/asm/haplotypes/CBZW_11.bp.hap1.p_ctg.fa > /vf/users/okendojo/zebrafish/data/g3/sex_project/asm/haplotypes/scaffold/CBZW_11.bp.hap1.p_ctg/ragtag.scaffold.asm.paf 2> /vf/users/okendojo/zebrafish/data/g3/sex_project/asm/haplotypes/scaffold/CBZW_11.bp.hap1.p_ctg/ragtag.scaffold.asm.paf.log
Tue Jan 27 09:46:00 2026 --- INFO: Finished running : minimap2 -x asm5 -t 32 /data/okendojo/zebrafish/data/g3/sex_project/t2t_pangenome/asm/GRCz12tu.fasta /vf/users/okendojo/zebrafish/data/g3/sex_project/asm/haplotypes/CBZW_11.bp.hap1.p_ctg.fa > /vf/users/okendojo/zebrafish/data/g3/sex_project/asm/haplotypes/scaffold/CBZW_11.bp.hap1.p_ctg/ragtag.scaffold.asm.paf 2> /vf/users/okendojo/zebrafish/data/g3/sex_project/asm/haplotypes/scaffold/CBZW_11.bp.hap1.p_ctg/ragtag.scaffold.asm.paf.log
Tue Jan 27 09:46:00 2026 --- INFO: Reading whole genome alignments
Tue Jan 27 09:46:00 2026 --- INFO: Filtering and merging alignments
Tue Jan 27 09:46:00 2026 --- INFO: Ordering and orienting query sequences
Tue Jan 27 09:46:00 2026 --- INFO: Writing scaffolds
Tue Jan 27 09:46:00 2026 --- INFO: Writing: /vf/users/okendojo/zebrafish/data/g3/sex_project/asm/haplotypes/scaffold/CBZW_11.bp.hap1.p_ctg/ragtag.scaffold.agp
Tue Jan 27 09:46:04 2026 --- INFO: Running: ragtag_agp2fa.py /vf/users/okendojo/zebrafish/data/g3/sex_project/asm/haplotypes/scaffold/CBZW_11.bp.hap1.p_ctg/ragtag.scaffold.agp /vf/users/okendojo/zebrafish/data/g3/sex_project/asm/haplotypes/CBZW_11.bp.hap1.p_ctg.fa > /vf/users/okendojo/zebrafish/data/g3/sex_project/asm/haplotypes/scaffold/CBZW_11.bp.hap1.p_ctg/ragtag.scaffold.fasta 2> /vf/users/okendojo/zebrafish/data/g3/sex_project/asm/haplotypes/scaffold/CBZW_11.bp.hap1.p_ctg/ragtag.scaffold.err
Tue Jan 27 09:46:06 2026 --- INFO: Finished running : ragtag_agp2fa.py /vf/users/okendojo/zebrafish/data/g3/sex_project/asm/haplotypes/scaffold/CBZW_11.bp.hap1.p_ctg/ragtag.scaffold.agp /vf/users/okendojo/zebrafish/data/g3/sex_project/asm/haplotypes/CBZW_11.bp.hap1.p_ctg.fa > /vf/users/okendojo/zebrafish/data/g3/sex_project/asm/haplotypes/scaffold/CBZW_11.bp.hap1.p_ctg/ragtag.scaffold.fasta 2> /vf/users/okendojo/zebrafish/data/g3/sex_project/asm/haplotypes/scaffold/CBZW_11.bp.hap1.p_ctg/ragtag.scaffold.err
Tue Jan 27 09:46:06 2026 --- INFO: Running: ragtag_stats.py /vf/users/okendojo/zebrafish/data/g3/sex_project/asm/haplotypes/scaffold/CBZW_11.bp.hap1.p_ctg/ragtag.scaffold.agp /vf/users/okendojo/zebrafish/data/g3/sex_project/asm/haplotypes/scaffold/CBZW_11.bp.hap1.p_ctg/ragtag.scaffold.confidence.txt > /vf/users/okendojo/zebrafish/data/g3/sex_project/asm/haplotypes/scaffold/CBZW_11.bp.hap1.p_ctg/ragtag.scaffold.stats 2> /vf/users/okendojo/zebrafish/data/g3/sex_project/asm/haplotypes/scaffold/CBZW_11.bp.hap1.p_ctg/ragtag.scaffold.err
Tue Jan 27 09:46:06 2026 --- INFO: Finished running : ragtag_stats.py /vf/users/okendojo/zebrafish/data/g3/sex_project/asm/haplotypes/scaffold/CBZW_11.bp.hap1.p_ctg/ragtag.scaffold.agp /vf/users/okendojo/zebrafish/data/g3/sex_project/asm/haplotypes/scaffold/CBZW_11.bp.hap1.p_ctg/ragtag.scaffold.confidence.txt > /vf/users/okendojo/zebrafish/data/g3/sex_project/asm/haplotypes/scaffold/CBZW_11.bp.hap1.p_ctg/ragtag.scaffold.stats 2> /vf/users/okendojo/zebrafish/data/g3/sex_project/asm/haplotypes/scaffold/CBZW_11.bp.hap1.p_ctg/ragtag.scaffold.err
Tue Jan 27 09:46:06 2026 --- INFO: Goodbye
Tue Jan 27 09:46:07 2026 --- VERSION: RagTag v2.1.0
Tue Jan 27 09:46:07 2026 --- CMD: ragtag.py scaffold /data/okendojo/zebrafish/data/g3/sex_project/t2t_pangenome/asm/GRCz12tu.fasta CBZW_11.bp.hap2.p_ctg.fa -w --remove-small -f 1000 -t 32 -o scaffold/CBZW_11.bp.hap2.p_ctg
Tue Jan 27 09:46:07 2026 --- WARNING: Without '-u' invoked, some component/object AGP pairs might share the same ID. Some external programs/databases don't like this. To ensure valid AGP format, use '-u'.
Tue Jan 27 09:46:07 2026 --- INFO: Mapping the query genome to the reference genome
Tue Jan 27 09:46:07 2026 --- INFO: Running: minimap2 -x asm5 -t 32 /data/okendojo/zebrafish/data/g3/sex_project/t2t_pangenome/asm/GRCz12tu.fasta /vf/users/okendojo/zebrafish/data/g3/sex_project/asm/haplotypes/CBZW_11.bp.hap2.p_ctg.fa > /vf/users/okendojo/zebrafish/data/g3/sex_project/asm/haplotypes/scaffold/CBZW_11.bp.hap2.p_ctg/ragtag.scaffold.asm.paf 2> /vf/users/okendojo/zebrafish/data/g3/sex_project/asm/haplotypes/scaffold/CBZW_11.bp.hap2.p_ctg/ragtag.scaffold.asm.paf.log
Tue Jan 27 09:51:41 2026 --- INFO: Finished running : minimap2 -x asm5 -t 32 /data/okendojo/zebrafish/data/g3/sex_project/t2t_pangenome/asm/GRCz12tu.fasta /vf/users/okendojo/zebrafish/data/g3/sex_project/asm/haplotypes/CBZW_11.bp.hap2.p_ctg.fa > /vf/users/okendojo/zebrafish/data/g3/sex_project/asm/haplotypes/scaffold/CBZW_11.bp.hap2.p_ctg/ragtag.scaffold.asm.paf 2> /vf/users/okendojo/zebrafish/data/g3/sex_project/asm/haplotypes/scaffold/CBZW_11.bp.hap2.p_ctg/ragtag.scaffold.asm.paf.log
Tue Jan 27 09:51:41 2026 --- INFO: Reading whole genome alignments
Tue Jan 27 09:51:41 2026 --- INFO: Filtering and merging alignments
Tue Jan 27 09:51:41 2026 --- INFO: Ordering and orienting query sequences
Tue Jan 27 09:51:41 2026 --- INFO: Writing scaffolds
Tue Jan 27 09:51:41 2026 --- INFO: Writing: /vf/users/okendojo/zebrafish/data/g3/sex_project/asm/haplotypes/scaffold/CBZW_11.bp.hap2.p_ctg/ragtag.scaffold.agp
Tue Jan 27 09:51:44 2026 --- INFO: Running: ragtag_agp2fa.py /vf/users/okendojo/zebrafish/data/g3/sex_project/asm/haplotypes/scaffold/CBZW_11.bp.hap2.p_ctg/ragtag.scaffold.agp /vf/users/okendojo/zebrafish/data/g3/sex_project/asm/haplotypes/CBZW_11.bp.hap2.p_ctg.fa > /vf/users/okendojo/zebrafish/data/g3/sex_project/asm/haplotypes/scaffold/CBZW_11.bp.hap2.p_ctg/ragtag.scaffold.fasta 2> /vf/users/okendojo/zebrafish/data/g3/sex_project/asm/haplotypes/scaffold/CBZW_11.bp.hap2.p_ctg/ragtag.scaffold.err
Tue Jan 27 09:51:48 2026 --- INFO: Finished running : ragtag_agp2fa.py /vf/users/okendojo/zebrafish/data/g3/sex_project/asm/haplotypes/scaffold/CBZW_11.bp.hap2.p_ctg/ragtag.scaffold.agp /vf/users/okendojo/zebrafish/data/g3/sex_project/asm/haplotypes/CBZW_11.bp.hap2.p_ctg.fa > /vf/users/okendojo/zebrafish/data/g3/sex_project/asm/haplotypes/scaffold/CBZW_11.bp.hap2.p_ctg/ragtag.scaffold.fasta 2> /vf/users/okendojo/zebrafish/data/g3/sex_project/asm/haplotypes/scaffold/CBZW_11.bp.hap2.p_ctg/ragtag.scaffold.err
Tue Jan 27 09:51:48 2026 --- INFO: Running: ragtag_stats.py /vf/users/okendojo/zebrafish/data/g3/sex_project/asm/haplotypes/scaffold/CBZW_11.bp.hap2.p_ctg/ragtag.scaffold.agp /vf/users/okendojo/zebrafish/data/g3/sex_project/asm/haplotypes/scaffold/CBZW_11.bp.hap2.p_ctg/ragtag.scaffold.confidence.txt > /vf/users/okendojo/zebrafish/data/g3/sex_project/asm/haplotypes/scaffold/CBZW_11.bp.hap2.p_ctg/ragtag.scaffold.stats 2> /vf/users/okendojo/zebrafish/data/g3/sex_project/asm/haplotypes/scaffold/CBZW_11.bp.hap2.p_ctg/ragtag.scaffold.err
Tue Jan 27 09:51:48 2026 --- INFO: Finished running : ragtag_stats.py /vf/users/okendojo/zebrafish/data/g3/sex_project/asm/haplotypes/scaffold/CBZW_11.bp.hap2.p_ctg/ragtag.scaffold.agp /vf/users/okendojo/zebrafish/data/g3/sex_project/asm/haplotypes/scaffold/CBZW_11.bp.hap2.p_ctg/ragtag.scaffold.confidence.txt > /vf/users/okendojo/zebrafish/data/g3/sex_project/asm/haplotypes/scaffold/CBZW_11.bp.hap2.p_ctg/ragtag.scaffold.stats 2> /vf/users/okendojo/zebrafish/data/g3/sex_project/asm/haplotypes/scaffold/CBZW_11.bp.hap2.p_ctg/ragtag.scaffold.err
Tue Jan 27 09:51:48 2026 --- INFO: Goodbye
Tue Jan 27 09:51:48 2026 --- VERSION: RagTag v2.1.0
Tue Jan 27 09:51:48 2026 --- CMD: ragtag.py scaffold /data/okendojo/zebrafish/data/g3/sex_project/t2t_pangenome/asm/GRCz12tu.fasta CBZW_12.bp.hap1.p_ctg.fa -w --remove-small -f 1000 -t 32 -o scaffold/CBZW_12.bp.hap1.p_ctg
Tue Jan 27 09:51:48 2026 --- WARNING: Without '-u' invoked, some component/object AGP pairs might share the same ID. Some external programs/databases don't like this. To ensure valid AGP format, use '-u'.
Tue Jan 27 09:51:48 2026 --- INFO: Mapping the query genome to the reference genome
Tue Jan 27 09:51:48 2026 --- INFO: Running: minimap2 -x asm5 -t 32 /data/okendojo/zebrafish/data/g3/sex_project/t2t_pangenome/asm/GRCz12tu.fasta /vf/users/okendojo/zebrafish/data/g3/sex_project/asm/haplotypes/CBZW_12.bp.hap1.p_ctg.fa > /vf/users/okendojo/zebrafish/data/g3/sex_project/asm/haplotypes/scaffold/CBZW_12.bp.hap1.p_ctg/ragtag.scaffold.asm.paf 2> /vf/users/okendojo/zebrafish/data/g3/sex_project/asm/haplotypes/scaffold/CBZW_12.bp.hap1.p_ctg/ragtag.scaffold.asm.paf.log
Tue Jan 27 09:54:42 2026 --- INFO: Finished running : minimap2 -x asm5 -t 32 /data/okendojo/zebrafish/data/g3/sex_project/t2t_pangenome/asm/GRCz12tu.fasta /vf/users/okendojo/zebrafish/data/g3/sex_project/asm/haplotypes/CBZW_12.bp.hap1.p_ctg.fa > /vf/users/okendojo/zebrafish/data/g3/sex_project/asm/haplotypes/scaffold/CBZW_12.bp.hap1.p_ctg/ragtag.scaffold.asm.paf 2> /vf/users/okendojo/zebrafish/data/g3/sex_project/asm/haplotypes/scaffold/CBZW_12.bp.hap1.p_ctg/ragtag.scaffold.asm.paf.log
Tue Jan 27 09:54:42 2026 --- INFO: Reading whole genome alignments
Tue Jan 27 09:54:42 2026 --- INFO: Filtering and merging alignments
Tue Jan 27 09:54:42 2026 --- INFO: Ordering and orienting query sequences
Tue Jan 27 09:54:42 2026 --- INFO: Writing scaffolds
Tue Jan 27 09:54:42 2026 --- INFO: Writing: /vf/users/okendojo/zebrafish/data/g3/sex_project/asm/haplotypes/scaffold/CBZW_12.bp.hap1.p_ctg/ragtag.scaffold.agp
Tue Jan 27 09:54:45 2026 --- INFO: Running: ragtag_agp2fa.py /vf/users/okendojo/zebrafish/data/g3/sex_project/asm/haplotypes/scaffold/CBZW_12.bp.hap1.p_ctg/ragtag.scaffold.agp /vf/users/okendojo/zebrafish/data/g3/sex_project/asm/haplotypes/CBZW_12.bp.hap1.p_ctg.fa > /vf/users/okendojo/zebrafish/data/g3/sex_project/asm/haplotypes/scaffold/CBZW_12.bp.hap1.p_ctg/ragtag.scaffold.fasta 2> /vf/users/okendojo/zebrafish/data/g3/sex_project/asm/haplotypes/scaffold/CBZW_12.bp.hap1.p_ctg/ragtag.scaffold.err
Tue Jan 27 09:54:48 2026 --- INFO: Finished running : ragtag_agp2fa.py /vf/users/okendojo/zebrafish/data/g3/sex_project/asm/haplotypes/scaffold/CBZW_12.bp.hap1.p_ctg/ragtag.scaffold.agp /vf/users/okendojo/zebrafish/data/g3/sex_project/asm/haplotypes/CBZW_12.bp.hap1.p_ctg.fa > /vf/users/okendojo/zebrafish/data/g3/sex_project/asm/haplotypes/scaffold/CBZW_12.bp.hap1.p_ctg/ragtag.scaffold.fasta 2> /vf/users/okendojo/zebrafish/data/g3/sex_project/asm/haplotypes/scaffold/CBZW_12.bp.hap1.p_ctg/ragtag.scaffold.err
Tue Jan 27 09:54:48 2026 --- INFO: Running: ragtag_stats.py /vf/users/okendojo/zebrafish/data/g3/sex_project/asm/haplotypes/scaffold/CBZW_12.bp.hap1.p_ctg/ragtag.scaffold.agp /vf/users/okendojo/zebrafish/data/g3/sex_project/asm/haplotypes/scaffold/CBZW_12.bp.hap1.p_ctg/ragtag.scaffold.confidence.txt > /vf/users/okendojo/zebrafish/data/g3/sex_project/asm/haplotypes/scaffold/CBZW_12.bp.hap1.p_ctg/ragtag.scaffold.stats 2> /vf/users/okendojo/zebrafish/data/g3/sex_project/asm/haplotypes/scaffold/CBZW_12.bp.hap1.p_ctg/ragtag.scaffold.err
Tue Jan 27 09:54:48 2026 --- INFO: Finished running : ragtag_stats.py /vf/users/okendojo/zebrafish/data/g3/sex_project/asm/haplotypes/scaffold/CBZW_12.bp.hap1.p_ctg/ragtag.scaffold.agp /vf/users/okendojo/zebrafish/data/g3/sex_project/asm/haplotypes/scaffold/CBZW_12.bp.hap1.p_ctg/ragtag.scaffold.confidence.txt > /vf/users/okendojo/zebrafish/data/g3/sex_project/asm/haplotypes/scaffold/CBZW_12.bp.hap1.p_ctg/ragtag.scaffold.stats 2> /vf/users/okendojo/zebrafish/data/g3/sex_project/asm/haplotypes/scaffold/CBZW_12.bp.hap1.p_ctg/ragtag.scaffold.err
Tue Jan 27 09:54:48 2026 --- INFO: Goodbye
Tue Jan 27 09:54:49 2026 --- VERSION: RagTag v2.1.0
Tue Jan 27 09:54:49 2026 --- CMD: ragtag.py scaffold /data/okendojo/zebrafish/data/g3/sex_project/t2t_pangenome/asm/GRCz12tu.fasta CBZW_12.bp.hap2.p_ctg.fa -w --remove-small -f 1000 -t 32 -o scaffold/CBZW_12.bp.hap2.p_ctg
Tue Jan 27 09:54:49 2026 --- WARNING: Without '-u' invoked, some component/object AGP pairs might share the same ID. Some external programs/databases don't like this. To ensure valid AGP format, use '-u'.
Tue Jan 27 09:54:49 2026 --- INFO: Mapping the query genome to the reference genome
Tue Jan 27 09:54:49 2026 --- INFO: Running: minimap2 -x asm5 -t 32 /data/okendojo/zebrafish/data/g3/sex_project/t2t_pangenome/asm/GRCz12tu.fasta /vf/users/okendojo/zebrafish/data/g3/sex_project/asm/haplotypes/CBZW_12.bp.hap2.p_ctg.fa > /vf/users/okendojo/zebrafish/data/g3/sex_project/asm/haplotypes/scaffold/CBZW_12.bp.hap2.p_ctg/ragtag.scaffold.asm.paf 2> /vf/users/okendojo/zebrafish/data/g3/sex_project/asm/haplotypes/scaffold/CBZW_12.bp.hap2.p_ctg/ragtag.scaffold.asm.paf.log
Tue Jan 27 09:58:10 2026 --- INFO: Finished running : minimap2 -x asm5 -t 32 /data/okendojo/zebrafish/data/g3/sex_project/t2t_pangenome/asm/GRCz12tu.fasta /vf/users/okendojo/zebrafish/data/g3/sex_project/asm/haplotypes/CBZW_12.bp.hap2.p_ctg.fa > /vf/users/okendojo/zebrafish/data/g3/sex_project/asm/haplotypes/scaffold/CBZW_12.bp.hap2.p_ctg/ragtag.scaffold.asm.paf 2> /vf/users/okendojo/zebrafish/data/g3/sex_project/asm/haplotypes/scaffold/CBZW_12.bp.hap2.p_ctg/ragtag.scaffold.asm.paf.log
Tue Jan 27 09:58:10 2026 --- INFO: Reading whole genome alignments
Tue Jan 27 09:58:10 2026 --- INFO: Filtering and merging alignments
Tue Jan 27 09:58:10 2026 --- INFO: Ordering and orienting query sequences
Tue Jan 27 09:58:10 2026 --- INFO: Writing scaffolds
Tue Jan 27 09:58:10 2026 --- INFO: Writing: /vf/users/okendojo/zebrafish/data/g3/sex_project/asm/haplotypes/scaffold/CBZW_12.bp.hap2.p_ctg/ragtag.scaffold.agp
Tue Jan 27 09:58:13 2026 --- INFO: Running: ragtag_agp2fa.py /vf/users/okendojo/zebrafish/data/g3/sex_project/asm/haplotypes/scaffold/CBZW_12.bp.hap2.p_ctg/ragtag.scaffold.agp /vf/users/okendojo/zebrafish/data/g3/sex_project/asm/haplotypes/CBZW_12.bp.hap2.p_ctg.fa > /vf/users/okendojo/zebrafish/data/g3/sex_project/asm/haplotypes/scaffold/CBZW_12.bp.hap2.p_ctg/ragtag.scaffold.fasta 2> /vf/users/okendojo/zebrafish/data/g3/sex_project/asm/haplotypes/scaffold/CBZW_12.bp.hap2.p_ctg/ragtag.scaffold.err
Tue Jan 27 09:58:16 2026 --- INFO: Finished running : ragtag_agp2fa.py /vf/users/okendojo/zebrafish/data/g3/sex_project/asm/haplotypes/scaffold/CBZW_12.bp.hap2.p_ctg/ragtag.scaffold.agp /vf/users/okendojo/zebrafish/data/g3/sex_project/asm/haplotypes/CBZW_12.bp.hap2.p_ctg.fa > /vf/users/okendojo/zebrafish/data/g3/sex_project/asm/haplotypes/scaffold/CBZW_12.bp.hap2.p_ctg/ragtag.scaffold.fasta 2> /vf/users/okendojo/zebrafish/data/g3/sex_project/asm/haplotypes/scaffold/CBZW_12.bp.hap2.p_ctg/ragtag.scaffold.err
Tue Jan 27 09:58:16 2026 --- INFO: Running: ragtag_stats.py /vf/users/okendojo/zebrafish/data/g3/sex_project/asm/haplotypes/scaffold/CBZW_12.bp.hap2.p_ctg/ragtag.scaffold.agp /vf/users/okendojo/zebrafish/data/g3/sex_project/asm/haplotypes/scaffold/CBZW_12.bp.hap2.p_ctg/ragtag.scaffold.confidence.txt > /vf/users/okendojo/zebrafish/data/g3/sex_project/asm/haplotypes/scaffold/CBZW_12.bp.hap2.p_ctg/ragtag.scaffold.stats 2> /vf/users/okendojo/zebrafish/data/g3/sex_project/asm/haplotypes/scaffold/CBZW_12.bp.hap2.p_ctg/ragtag.scaffold.err
Tue Jan 27 09:58:16 2026 --- INFO: Finished running : ragtag_stats.py /vf/users/okendojo/zebrafish/data/g3/sex_project/asm/haplotypes/scaffold/CBZW_12.bp.hap2.p_ctg/ragtag.scaffold.agp /vf/users/okendojo/zebrafish/data/g3/sex_project/asm/haplotypes/scaffold/CBZW_12.bp.hap2.p_ctg/ragtag.scaffold.confidence.txt > /vf/users/okendojo/zebrafish/data/g3/sex_project/asm/haplotypes/scaffold/CBZW_12.bp.hap2.p_ctg/ragtag.scaffold.stats 2> /vf/users/okendojo/zebrafish/data/g3/sex_project/asm/haplotypes/scaffold/CBZW_12.bp.hap2.p_ctg/ragtag.scaffold.err
Tue Jan 27 09:58:16 2026 --- INFO: Goodbye
Tue Jan 27 09:58:17 2026 --- VERSION: RagTag v2.1.0
Tue Jan 27 09:58:17 2026 --- CMD: ragtag.py scaffold /data/okendojo/zebrafish/data/g3/sex_project/t2t_pangenome/asm/GRCz12tu.fasta CBZW_1.bp.hap1.p_ctg.fa -w --remove-small -f 1000 -t 32 -o scaffold/CBZW_1.bp.hap1.p_ctg
Tue Jan 27 09:58:17 2026 --- WARNING: Without '-u' invoked, some component/object AGP pairs might share the same ID. Some external programs/databases don't like this. To ensure valid AGP format, use '-u'.
Tue Jan 27 09:58:17 2026 --- INFO: Mapping the query genome to the reference genome
Tue Jan 27 09:58:17 2026 --- INFO: Running: minimap2 -x asm5 -t 32 /data/okendojo/zebrafish/data/g3/sex_project/t2t_pangenome/asm/GRCz12tu.fasta /vf/users/okendojo/zebrafish/data/g3/sex_project/asm/haplotypes/CBZW_1.bp.hap1.p_ctg.fa > /vf/users/okendojo/zebrafish/data/g3/sex_project/asm/haplotypes/scaffold/CBZW_1.bp.hap1.p_ctg/ragtag.scaffold.asm.paf 2> /vf/users/okendojo/zebrafish/data/g3/sex_project/asm/haplotypes/scaffold/CBZW_1.bp.hap1.p_ctg/ragtag.scaffold.asm.paf.log
Tue Jan 27 10:02:03 2026 --- INFO: Finished running : minimap2 -x asm5 -t 32 /data/okendojo/zebrafish/data/g3/sex_project/t2t_pangenome/asm/GRCz12tu.fasta /vf/users/okendojo/zebrafish/data/g3/sex_project/asm/haplotypes/CBZW_1.bp.hap1.p_ctg.fa > /vf/users/okendojo/zebrafish/data/g3/sex_project/asm/haplotypes/scaffold/CBZW_1.bp.hap1.p_ctg/ragtag.scaffold.asm.paf 2> /vf/users/okendojo/zebrafish/data/g3/sex_project/asm/haplotypes/scaffold/CBZW_1.bp.hap1.p_ctg/ragtag.scaffold.asm.paf.log
Tue Jan 27 10:02:03 2026 --- INFO: Reading whole genome alignments
Tue Jan 27 10:02:03 2026 --- INFO: Filtering and merging alignments
Tue Jan 27 10:02:03 2026 --- INFO: Ordering and orienting query sequences
Tue Jan 27 10:02:03 2026 --- INFO: Writing scaffolds
Tue Jan 27 10:02:03 2026 --- INFO: Writing: /vf/users/okendojo/zebrafish/data/g3/sex_project/asm/haplotypes/scaffold/CBZW_1.bp.hap1.p_ctg/ragtag.scaffold.agp
Tue Jan 27 10:02:06 2026 --- INFO: Running: ragtag_agp2fa.py /vf/users/okendojo/zebrafish/data/g3/sex_project/asm/haplotypes/scaffold/CBZW_1.bp.hap1.p_ctg/ragtag.scaffold.agp /vf/users/okendojo/zebrafish/data/g3/sex_project/asm/haplotypes/CBZW_1.bp.hap1.p_ctg.fa > /vf/users/okendojo/zebrafish/data/g3/sex_project/asm/haplotypes/scaffold/CBZW_1.bp.hap1.p_ctg/ragtag.scaffold.fasta 2> /vf/users/okendojo/zebrafish/data/g3/sex_project/asm/haplotypes/scaffold/CBZW_1.bp.hap1.p_ctg/ragtag.scaffold.err
Tue Jan 27 10:02:09 2026 --- INFO: Finished running : ragtag_agp2fa.py /vf/users/okendojo/zebrafish/data/g3/sex_project/asm/haplotypes/scaffold/CBZW_1.bp.hap1.p_ctg/ragtag.scaffold.agp /vf/users/okendojo/zebrafish/data/g3/sex_project/asm/haplotypes/CBZW_1.bp.hap1.p_ctg.fa > /vf/users/okendojo/zebrafish/data/g3/sex_project/asm/haplotypes/scaffold/CBZW_1.bp.hap1.p_ctg/ragtag.scaffold.fasta 2> /vf/users/okendojo/zebrafish/data/g3/sex_project/asm/haplotypes/scaffold/CBZW_1.bp.hap1.p_ctg/ragtag.scaffold.err
Tue Jan 27 10:02:09 2026 --- INFO: Running: ragtag_stats.py /vf/users/okendojo/zebrafish/data/g3/sex_project/asm/haplotypes/scaffold/CBZW_1.bp.hap1.p_ctg/ragtag.scaffold.agp /vf/users/okendojo/zebrafish/data/g3/sex_project/asm/haplotypes/scaffold/CBZW_1.bp.hap1.p_ctg/ragtag.scaffold.confidence.txt > /vf/users/okendojo/zebrafish/data/g3/sex_project/asm/haplotypes/scaffold/CBZW_1.bp.hap1.p_ctg/ragtag.scaffold.stats 2> /vf/users/okendojo/zebrafish/data/g3/sex_project/asm/haplotypes/scaffold/CBZW_1.bp.hap1.p_ctg/ragtag.scaffold.err
Tue Jan 27 10:02:09 2026 --- INFO: Finished running : ragtag_stats.py /vf/users/okendojo/zebrafish/data/g3/sex_project/asm/haplotypes/scaffold/CBZW_1.bp.hap1.p_ctg/ragtag.scaffold.agp /vf/users/okendojo/zebrafish/data/g3/sex_project/asm/haplotypes/scaffold/CBZW_1.bp.hap1.p_ctg/ragtag.scaffold.confidence.txt > /vf/users/okendojo/zebrafish/data/g3/sex_project/asm/haplotypes/scaffold/CBZW_1.bp.hap1.p_ctg/ragtag.scaffold.stats 2> /vf/users/okendojo/zebrafish/data/g3/sex_project/asm/haplotypes/scaffold/CBZW_1.bp.hap1.p_ctg/ragtag.scaffold.err
Tue Jan 27 10:02:09 2026 --- INFO: Goodbye
Tue Jan 27 10:02:10 2026 --- VERSION: RagTag v2.1.0
Tue Jan 27 10:02:10 2026 --- CMD: ragtag.py scaffold /data/okendojo/zebrafish/data/g3/sex_project/t2t_pangenome/asm/GRCz12tu.fasta CBZW_1.bp.hap2.p_ctg.fa -w --remove-small -f 1000 -t 32 -o scaffold/CBZW_1.bp.hap2.p_ctg
Tue Jan 27 10:02:10 2026 --- WARNING: Without '-u' invoked, some component/object AGP pairs might share the same ID. Some external programs/databases don't like this. To ensure valid AGP format, use '-u'.
Tue Jan 27 10:02:10 2026 --- INFO: Mapping the query genome to the reference genome
Tue Jan 27 10:02:10 2026 --- INFO: Running: minimap2 -x asm5 -t 32 /data/okendojo/zebrafish/data/g3/sex_project/t2t_pangenome/asm/GRCz12tu.fasta /vf/users/okendojo/zebrafish/data/g3/sex_project/asm/haplotypes/CBZW_1.bp.hap2.p_ctg.fa > /vf/users/okendojo/zebrafish/data/g3/sex_project/asm/haplotypes/scaffold/CBZW_1.bp.hap2.p_ctg/ragtag.scaffold.asm.paf 2> /vf/users/okendojo/zebrafish/data/g3/sex_project/asm/haplotypes/scaffold/CBZW_1.bp.hap2.p_ctg/ragtag.scaffold.asm.paf.log
Tue Jan 27 10:05:41 2026 --- INFO: Finished running : minimap2 -x asm5 -t 32 /data/okendojo/zebrafish/data/g3/sex_project/t2t_pangenome/asm/GRCz12tu.fasta /vf/users/okendojo/zebrafish/data/g3/sex_project/asm/haplotypes/CBZW_1.bp.hap2.p_ctg.fa > /vf/users/okendojo/zebrafish/data/g3/sex_project/asm/haplotypes/scaffold/CBZW_1.bp.hap2.p_ctg/ragtag.scaffold.asm.paf 2> /vf/users/okendojo/zebrafish/data/g3/sex_project/asm/haplotypes/scaffold/CBZW_1.bp.hap2.p_ctg/ragtag.scaffold.asm.paf.log
Tue Jan 27 10:05:41 2026 --- INFO: Reading whole genome alignments
Tue Jan 27 10:05:41 2026 --- INFO: Filtering and merging alignments
Tue Jan 27 10:05:41 2026 --- INFO: Ordering and orienting query sequences
Tue Jan 27 10:05:41 2026 --- INFO: Writing scaffolds
Tue Jan 27 10:05:41 2026 --- INFO: Writing: /vf/users/okendojo/zebrafish/data/g3/sex_project/asm/haplotypes/scaffold/CBZW_1.bp.hap2.p_ctg/ragtag.scaffold.agp
Tue Jan 27 10:05:45 2026 --- INFO: Running: ragtag_agp2fa.py /vf/users/okendojo/zebrafish/data/g3/sex_project/asm/haplotypes/scaffold/CBZW_1.bp.hap2.p_ctg/ragtag.scaffold.agp /vf/users/okendojo/zebrafish/data/g3/sex_project/asm/haplotypes/CBZW_1.bp.hap2.p_ctg.fa > /vf/users/okendojo/zebrafish/data/g3/sex_project/asm/haplotypes/scaffold/CBZW_1.bp.hap2.p_ctg/ragtag.scaffold.fasta 2> /vf/users/okendojo/zebrafish/data/g3/sex_project/asm/haplotypes/scaffold/CBZW_1.bp.hap2.p_ctg/ragtag.scaffold.err
Tue Jan 27 10:05:48 2026 --- INFO: Finished running : ragtag_agp2fa.py /vf/users/okendojo/zebrafish/data/g3/sex_project/asm/haplotypes/scaffold/CBZW_1.bp.hap2.p_ctg/ragtag.scaffold.agp /vf/users/okendojo/zebrafish/data/g3/sex_project/asm/haplotypes/CBZW_1.bp.hap2.p_ctg.fa > /vf/users/okendojo/zebrafish/data/g3/sex_project/asm/haplotypes/scaffold/CBZW_1.bp.hap2.p_ctg/ragtag.scaffold.fasta 2> /vf/users/okendojo/zebrafish/data/g3/sex_project/asm/haplotypes/scaffold/CBZW_1.bp.hap2.p_ctg/ragtag.scaffold.err
Tue Jan 27 10:05:48 2026 --- INFO: Running: ragtag_stats.py /vf/users/okendojo/zebrafish/data/g3/sex_project/asm/haplotypes/scaffold/CBZW_1.bp.hap2.p_ctg/ragtag.scaffold.agp /vf/users/okendojo/zebrafish/data/g3/sex_project/asm/haplotypes/scaffold/CBZW_1.bp.hap2.p_ctg/ragtag.scaffold.confidence.txt > /vf/users/okendojo/zebrafish/data/g3/sex_project/asm/haplotypes/scaffold/CBZW_1.bp.hap2.p_ctg/ragtag.scaffold.stats 2> /vf/users/okendojo/zebrafish/data/g3/sex_project/asm/haplotypes/scaffold/CBZW_1.bp.hap2.p_ctg/ragtag.scaffold.err
Tue Jan 27 10:05:48 2026 --- INFO: Finished running : ragtag_stats.py /vf/users/okendojo/zebrafish/data/g3/sex_project/asm/haplotypes/scaffold/CBZW_1.bp.hap2.p_ctg/ragtag.scaffold.agp /vf/users/okendojo/zebrafish/data/g3/sex_project/asm/haplotypes/scaffold/CBZW_1.bp.hap2.p_ctg/ragtag.scaffold.confidence.txt > /vf/users/okendojo/zebrafish/data/g3/sex_project/asm/haplotypes/scaffold/CBZW_1.bp.hap2.p_ctg/ragtag.scaffold.stats 2> /vf/users/okendojo/zebrafish/data/g3/sex_project/asm/haplotypes/scaffold/CBZW_1.bp.hap2.p_ctg/ragtag.scaffold.err
Tue Jan 27 10:05:48 2026 --- INFO: Goodbye
Tue Jan 27 10:05:48 2026 --- VERSION: RagTag v2.1.0
Tue Jan 27 10:05:48 2026 --- CMD: ragtag.py scaffold /data/okendojo/zebrafish/data/g3/sex_project/t2t_pangenome/asm/GRCz12tu.fasta W2_13.bp.hap1.p_ctg.fa -w --remove-small -f 1000 -t 32 -o scaffold/W2_13.bp.hap1.p_ctg
Tue Jan 27 10:05:48 2026 --- WARNING: Without '-u' invoked, some component/object AGP pairs might share the same ID. Some external programs/databases don't like this. To ensure valid AGP format, use '-u'.
Tue Jan 27 10:05:48 2026 --- INFO: Mapping the query genome to the reference genome
Tue Jan 27 10:05:48 2026 --- INFO: Running: minimap2 -x asm5 -t 32 /data/okendojo/zebrafish/data/g3/sex_project/t2t_pangenome/asm/GRCz12tu.fasta /vf/users/okendojo/zebrafish/data/g3/sex_project/asm/haplotypes/W2_13.bp.hap1.p_ctg.fa > /vf/users/okendojo/zebrafish/data/g3/sex_project/asm/haplotypes/scaffold/W2_13.bp.hap1.p_ctg/ragtag.scaffold.asm.paf 2> /vf/users/okendojo/zebrafish/data/g3/sex_project/asm/haplotypes/scaffold/W2_13.bp.hap1.p_ctg/ragtag.scaffold.asm.paf.log
Tue Jan 27 10:09:59 2026 --- INFO: Finished running : minimap2 -x asm5 -t 32 /data/okendojo/zebrafish/data/g3/sex_project/t2t_pangenome/asm/GRCz12tu.fasta /vf/users/okendojo/zebrafish/data/g3/sex_project/asm/haplotypes/W2_13.bp.hap1.p_ctg.fa > /vf/users/okendojo/zebrafish/data/g3/sex_project/asm/haplotypes/scaffold/W2_13.bp.hap1.p_ctg/ragtag.scaffold.asm.paf 2> /vf/users/okendojo/zebrafish/data/g3/sex_project/asm/haplotypes/scaffold/W2_13.bp.hap1.p_ctg/ragtag.scaffold.asm.paf.log
Tue Jan 27 10:09:59 2026 --- INFO: Reading whole genome alignments
Tue Jan 27 10:09:59 2026 --- INFO: Filtering and merging alignments
Tue Jan 27 10:09:59 2026 --- INFO: Ordering and orienting query sequences
Tue Jan 27 10:09:59 2026 --- INFO: Writing scaffolds
Tue Jan 27 10:09:59 2026 --- INFO: Writing: /vf/users/okendojo/zebrafish/data/g3/sex_project/asm/haplotypes/scaffold/W2_13.bp.hap1.p_ctg/ragtag.scaffold.agp
Tue Jan 27 10:10:03 2026 --- INFO: Running: ragtag_agp2fa.py /vf/users/okendojo/zebrafish/data/g3/sex_project/asm/haplotypes/scaffold/W2_13.bp.hap1.p_ctg/ragtag.scaffold.agp /vf/users/okendojo/zebrafish/data/g3/sex_project/asm/haplotypes/W2_13.bp.hap1.p_ctg.fa > /vf/users/okendojo/zebrafish/data/g3/sex_project/asm/haplotypes/scaffold/W2_13.bp.hap1.p_ctg/ragtag.scaffold.fasta 2> /vf/users/okendojo/zebrafish/data/g3/sex_project/asm/haplotypes/scaffold/W2_13.bp.hap1.p_ctg/ragtag.scaffold.err
Tue Jan 27 10:10:06 2026 --- INFO: Finished running : ragtag_agp2fa.py /vf/users/okendojo/zebrafish/data/g3/sex_project/asm/haplotypes/scaffold/W2_13.bp.hap1.p_ctg/ragtag.scaffold.agp /vf/users/okendojo/zebrafish/data/g3/sex_project/asm/haplotypes/W2_13.bp.hap1.p_ctg.fa > /vf/users/okendojo/zebrafish/data/g3/sex_project/asm/haplotypes/scaffold/W2_13.bp.hap1.p_ctg/ragtag.scaffold.fasta 2> /vf/users/okendojo/zebrafish/data/g3/sex_project/asm/haplotypes/scaffold/W2_13.bp.hap1.p_ctg/ragtag.scaffold.err
Tue Jan 27 10:10:06 2026 --- INFO: Running: ragtag_stats.py /vf/users/okendojo/zebrafish/data/g3/sex_project/asm/haplotypes/scaffold/W2_13.bp.hap1.p_ctg/ragtag.scaffold.agp /vf/users/okendojo/zebrafish/data/g3/sex_project/asm/haplotypes/scaffold/W2_13.bp.hap1.p_ctg/ragtag.scaffold.confidence.txt > /vf/users/okendojo/zebrafish/data/g3/sex_project/asm/haplotypes/scaffold/W2_13.bp.hap1.p_ctg/ragtag.scaffold.stats 2> /vf/users/okendojo/zebrafish/data/g3/sex_project/asm/haplotypes/scaffold/W2_13.bp.hap1.p_ctg/ragtag.scaffold.err
Tue Jan 27 10:10:06 2026 --- INFO: Finished running : ragtag_stats.py /vf/users/okendojo/zebrafish/data/g3/sex_project/asm/haplotypes/scaffold/W2_13.bp.hap1.p_ctg/ragtag.scaffold.agp /vf/users/okendojo/zebrafish/data/g3/sex_project/asm/haplotypes/scaffold/W2_13.bp.hap1.p_ctg/ragtag.scaffold.confidence.txt > /vf/users/okendojo/zebrafish/data/g3/sex_project/asm/haplotypes/scaffold/W2_13.bp.hap1.p_ctg/ragtag.scaffold.stats 2> /vf/users/okendojo/zebrafish/data/g3/sex_project/asm/haplotypes/scaffold/W2_13.bp.hap1.p_ctg/ragtag.scaffold.err
Tue Jan 27 10:10:06 2026 --- INFO: Goodbye
Tue Jan 27 10:10:06 2026 --- VERSION: RagTag v2.1.0
Tue Jan 27 10:10:06 2026 --- CMD: ragtag.py scaffold /data/okendojo/zebrafish/data/g3/sex_project/t2t_pangenome/asm/GRCz12tu.fasta W2_13.bp.hap2.p_ctg.fa -w --remove-small -f 1000 -t 32 -o scaffold/W2_13.bp.hap2.p_ctg
Tue Jan 27 10:10:06 2026 --- WARNING: Without '-u' invoked, some component/object AGP pairs might share the same ID. Some external programs/databases don't like this. To ensure valid AGP format, use '-u'.
Tue Jan 27 10:10:06 2026 --- INFO: Mapping the query genome to the reference genome
Tue Jan 27 10:10:06 2026 --- INFO: Running: minimap2 -x asm5 -t 32 /data/okendojo/zebrafish/data/g3/sex_project/t2t_pangenome/asm/GRCz12tu.fasta /vf/users/okendojo/zebrafish/data/g3/sex_project/asm/haplotypes/W2_13.bp.hap2.p_ctg.fa > /vf/users/okendojo/zebrafish/data/g3/sex_project/asm/haplotypes/scaffold/W2_13.bp.hap2.p_ctg/ragtag.scaffold.asm.paf 2> /vf/users/okendojo/zebrafish/data/g3/sex_project/asm/haplotypes/scaffold/W2_13.bp.hap2.p_ctg/ragtag.scaffold.asm.paf.log
Tue Jan 27 10:13:42 2026 --- INFO: Finished running : minimap2 -x asm5 -t 32 /data/okendojo/zebrafish/data/g3/sex_project/t2t_pangenome/asm/GRCz12tu.fasta /vf/users/okendojo/zebrafish/data/g3/sex_project/asm/haplotypes/W2_13.bp.hap2.p_ctg.fa > /vf/users/okendojo/zebrafish/data/g3/sex_project/asm/haplotypes/scaffold/W2_13.bp.hap2.p_ctg/ragtag.scaffold.asm.paf 2> /vf/users/okendojo/zebrafish/data/g3/sex_project/asm/haplotypes/scaffold/W2_13.bp.hap2.p_ctg/ragtag.scaffold.asm.paf.log
Tue Jan 27 10:13:42 2026 --- INFO: Reading whole genome alignments
Tue Jan 27 10:13:42 2026 --- INFO: Filtering and merging alignments
Tue Jan 27 10:13:42 2026 --- INFO: Ordering and orienting query sequences
Tue Jan 27 10:13:42 2026 --- INFO: Writing scaffolds
Tue Jan 27 10:13:42 2026 --- INFO: Writing: /vf/users/okendojo/zebrafish/data/g3/sex_project/asm/haplotypes/scaffold/W2_13.bp.hap2.p_ctg/ragtag.scaffold.agp
Tue Jan 27 10:13:46 2026 --- INFO: Running: ragtag_agp2fa.py /vf/users/okendojo/zebrafish/data/g3/sex_project/asm/haplotypes/scaffold/W2_13.bp.hap2.p_ctg/ragtag.scaffold.agp /vf/users/okendojo/zebrafish/data/g3/sex_project/asm/haplotypes/W2_13.bp.hap2.p_ctg.fa > /vf/users/okendojo/zebrafish/data/g3/sex_project/asm/haplotypes/scaffold/W2_13.bp.hap2.p_ctg/ragtag.scaffold.fasta 2> /vf/users/okendojo/zebrafish/data/g3/sex_project/asm/haplotypes/scaffold/W2_13.bp.hap2.p_ctg/ragtag.scaffold.err
Tue Jan 27 10:13:49 2026 --- INFO: Finished running : ragtag_agp2fa.py /vf/users/okendojo/zebrafish/data/g3/sex_project/asm/haplotypes/scaffold/W2_13.bp.hap2.p_ctg/ragtag.scaffold.agp /vf/users/okendojo/zebrafish/data/g3/sex_project/asm/haplotypes/W2_13.bp.hap2.p_ctg.fa > /vf/users/okendojo/zebrafish/data/g3/sex_project/asm/haplotypes/scaffold/W2_13.bp.hap2.p_ctg/ragtag.scaffold.fasta 2> /vf/users/okendojo/zebrafish/data/g3/sex_project/asm/haplotypes/scaffold/W2_13.bp.hap2.p_ctg/ragtag.scaffold.err
Tue Jan 27 10:13:49 2026 --- INFO: Running: ragtag_stats.py /vf/users/okendojo/zebrafish/data/g3/sex_project/asm/haplotypes/scaffold/W2_13.bp.hap2.p_ctg/ragtag.scaffold.agp /vf/users/okendojo/zebrafish/data/g3/sex_project/asm/haplotypes/scaffold/W2_13.bp.hap2.p_ctg/ragtag.scaffold.confidence.txt > /vf/users/okendojo/zebrafish/data/g3/sex_project/asm/haplotypes/scaffold/W2_13.bp.hap2.p_ctg/ragtag.scaffold.stats 2> /vf/users/okendojo/zebrafish/data/g3/sex_project/asm/haplotypes/scaffold/W2_13.bp.hap2.p_ctg/ragtag.scaffold.err
Tue Jan 27 10:13:49 2026 --- INFO: Finished running : ragtag_stats.py /vf/users/okendojo/zebrafish/data/g3/sex_project/asm/haplotypes/scaffold/W2_13.bp.hap2.p_ctg/ragtag.scaffold.agp /vf/users/okendojo/zebrafish/data/g3/sex_project/asm/haplotypes/scaffold/W2_13.bp.hap2.p_ctg/ragtag.scaffold.confidence.txt > /vf/users/okendojo/zebrafish/data/g3/sex_project/asm/haplotypes/scaffold/W2_13.bp.hap2.p_ctg/ragtag.scaffold.stats 2> /vf/users/okendojo/zebrafish/data/g3/sex_project/asm/haplotypes/scaffold/W2_13.bp.hap2.p_ctg/ragtag.scaffold.err
Tue Jan 27 10:13:49 2026 --- INFO: Goodbye
Tue Jan 27 10:13:49 2026 --- VERSION: RagTag v2.1.0
Tue Jan 27 10:13:49 2026 --- CMD: ragtag.py scaffold /data/okendojo/zebrafish/data/g3/sex_project/t2t_pangenome/asm/GRCz12tu.fasta W2_14.bp.hap1.p_ctg.fa -w --remove-small -f 1000 -t 32 -o scaffold/W2_14.bp.hap1.p_ctg
Tue Jan 27 10:13:49 2026 --- WARNING: Without '-u' invoked, some component/object AGP pairs might share the same ID. Some external programs/databases don't like this. To ensure valid AGP format, use '-u'.
Tue Jan 27 10:13:49 2026 --- INFO: Mapping the query genome to the reference genome
Tue Jan 27 10:13:49 2026 --- INFO: Running: minimap2 -x asm5 -t 32 /data/okendojo/zebrafish/data/g3/sex_project/t2t_pangenome/asm/GRCz12tu.fasta /vf/users/okendojo/zebrafish/data/g3/sex_project/asm/haplotypes/W2_14.bp.hap1.p_ctg.fa > /vf/users/okendojo/zebrafish/data/g3/sex_project/asm/haplotypes/scaffold/W2_14.bp.hap1.p_ctg/ragtag.scaffold.asm.paf 2> /vf/users/okendojo/zebrafish/data/g3/sex_project/asm/haplotypes/scaffold/W2_14.bp.hap1.p_ctg/ragtag.scaffold.asm.paf.log
Tue Jan 27 10:16:57 2026 --- INFO: Finished running : minimap2 -x asm5 -t 32 /data/okendojo/zebrafish/data/g3/sex_project/t2t_pangenome/asm/GRCz12tu.fasta /vf/users/okendojo/zebrafish/data/g3/sex_project/asm/haplotypes/W2_14.bp.hap1.p_ctg.fa > /vf/users/okendojo/zebrafish/data/g3/sex_project/asm/haplotypes/scaffold/W2_14.bp.hap1.p_ctg/ragtag.scaffold.asm.paf 2> /vf/users/okendojo/zebrafish/data/g3/sex_project/asm/haplotypes/scaffold/W2_14.bp.hap1.p_ctg/ragtag.scaffold.asm.paf.log
Tue Jan 27 10:16:57 2026 --- INFO: Reading whole genome alignments
Tue Jan 27 10:16:57 2026 --- INFO: Filtering and merging alignments
Tue Jan 27 10:16:57 2026 --- INFO: Ordering and orienting query sequences
Tue Jan 27 10:16:57 2026 --- INFO: Writing scaffolds
Tue Jan 27 10:16:57 2026 --- INFO: Writing: /vf/users/okendojo/zebrafish/data/g3/sex_project/asm/haplotypes/scaffold/W2_14.bp.hap1.p_ctg/ragtag.scaffold.agp
Tue Jan 27 10:17:00 2026 --- INFO: Running: ragtag_agp2fa.py /vf/users/okendojo/zebrafish/data/g3/sex_project/asm/haplotypes/scaffold/W2_14.bp.hap1.p_ctg/ragtag.scaffold.agp /vf/users/okendojo/zebrafish/data/g3/sex_project/asm/haplotypes/W2_14.bp.hap1.p_ctg.fa > /vf/users/okendojo/zebrafish/data/g3/sex_project/asm/haplotypes/scaffold/W2_14.bp.hap1.p_ctg/ragtag.scaffold.fasta 2> /vf/users/okendojo/zebrafish/data/g3/sex_project/asm/haplotypes/scaffold/W2_14.bp.hap1.p_ctg/ragtag.scaffold.err
Tue Jan 27 10:17:03 2026 --- INFO: Finished running : ragtag_agp2fa.py /vf/users/okendojo/zebrafish/data/g3/sex_project/asm/haplotypes/scaffold/W2_14.bp.hap1.p_ctg/ragtag.scaffold.agp /vf/users/okendojo/zebrafish/data/g3/sex_project/asm/haplotypes/W2_14.bp.hap1.p_ctg.fa > /vf/users/okendojo/zebrafish/data/g3/sex_project/asm/haplotypes/scaffold/W2_14.bp.hap1.p_ctg/ragtag.scaffold.fasta 2> /vf/users/okendojo/zebrafish/data/g3/sex_project/asm/haplotypes/scaffold/W2_14.bp.hap1.p_ctg/ragtag.scaffold.err
Tue Jan 27 10:17:03 2026 --- INFO: Running: ragtag_stats.py /vf/users/okendojo/zebrafish/data/g3/sex_project/asm/haplotypes/scaffold/W2_14.bp.hap1.p_ctg/ragtag.scaffold.agp /vf/users/okendojo/zebrafish/data/g3/sex_project/asm/haplotypes/scaffold/W2_14.bp.hap1.p_ctg/ragtag.scaffold.confidence.txt > /vf/users/okendojo/zebrafish/data/g3/sex_project/asm/haplotypes/scaffold/W2_14.bp.hap1.p_ctg/ragtag.scaffold.stats 2> /vf/users/okendojo/zebrafish/data/g3/sex_project/asm/haplotypes/scaffold/W2_14.bp.hap1.p_ctg/ragtag.scaffold.err
Tue Jan 27 10:17:03 2026 --- INFO: Finished running : ragtag_stats.py /vf/users/okendojo/zebrafish/data/g3/sex_project/asm/haplotypes/scaffold/W2_14.bp.hap1.p_ctg/ragtag.scaffold.agp /vf/users/okendojo/zebrafish/data/g3/sex_project/asm/haplotypes/scaffold/W2_14.bp.hap1.p_ctg/ragtag.scaffold.confidence.txt > /vf/users/okendojo/zebrafish/data/g3/sex_project/asm/haplotypes/scaffold/W2_14.bp.hap1.p_ctg/ragtag.scaffold.stats 2> /vf/users/okendojo/zebrafish/data/g3/sex_project/asm/haplotypes/scaffold/W2_14.bp.hap1.p_ctg/ragtag.scaffold.err
Tue Jan 27 10:17:03 2026 --- INFO: Goodbye
Tue Jan 27 10:17:03 2026 --- VERSION: RagTag v2.1.0
Tue Jan 27 10:17:03 2026 --- CMD: ragtag.py scaffold /data/okendojo/zebrafish/data/g3/sex_project/t2t_pangenome/asm/GRCz12tu.fasta W2_14.bp.hap2.p_ctg.fa -w --remove-small -f 1000 -t 32 -o scaffold/W2_14.bp.hap2.p_ctg
Tue Jan 27 10:17:03 2026 --- WARNING: Without '-u' invoked, some component/object AGP pairs might share the same ID. Some external programs/databases don't like this. To ensure valid AGP format, use '-u'.
Tue Jan 27 10:17:03 2026 --- INFO: Mapping the query genome to the reference genome
Tue Jan 27 10:17:03 2026 --- INFO: Running: minimap2 -x asm5 -t 32 /data/okendojo/zebrafish/data/g3/sex_project/t2t_pangenome/asm/GRCz12tu.fasta /vf/users/okendojo/zebrafish/data/g3/sex_project/asm/haplotypes/W2_14.bp.hap2.p_ctg.fa > /vf/users/okendojo/zebrafish/data/g3/sex_project/asm/haplotypes/scaffold/W2_14.bp.hap2.p_ctg/ragtag.scaffold.asm.paf 2> /vf/users/okendojo/zebrafish/data/g3/sex_project/asm/haplotypes/scaffold/W2_14.bp.hap2.p_ctg/ragtag.scaffold.asm.paf.log
Tue Jan 27 10:19:42 2026 --- INFO: Finished running : minimap2 -x asm5 -t 32 /data/okendojo/zebrafish/data/g3/sex_project/t2t_pangenome/asm/GRCz12tu.fasta /vf/users/okendojo/zebrafish/data/g3/sex_project/asm/haplotypes/W2_14.bp.hap2.p_ctg.fa > /vf/users/okendojo/zebrafish/data/g3/sex_project/asm/haplotypes/scaffold/W2_14.bp.hap2.p_ctg/ragtag.scaffold.asm.paf 2> /vf/users/okendojo/zebrafish/data/g3/sex_project/asm/haplotypes/scaffold/W2_14.bp.hap2.p_ctg/ragtag.scaffold.asm.paf.log
Tue Jan 27 10:19:42 2026 --- INFO: Reading whole genome alignments
Tue Jan 27 10:19:42 2026 --- INFO: Filtering and merging alignments
Tue Jan 27 10:19:42 2026 --- INFO: Ordering and orienting query sequences
Tue Jan 27 10:19:42 2026 --- INFO: Writing scaffolds
Tue Jan 27 10:19:42 2026 --- INFO: Writing: /vf/users/okendojo/zebrafish/data/g3/sex_project/asm/haplotypes/scaffold/W2_14.bp.hap2.p_ctg/ragtag.scaffold.agp
Tue Jan 27 10:19:46 2026 --- INFO: Running: ragtag_agp2fa.py /vf/users/okendojo/zebrafish/data/g3/sex_project/asm/haplotypes/scaffold/W2_14.bp.hap2.p_ctg/ragtag.scaffold.agp /vf/users/okendojo/zebrafish/data/g3/sex_project/asm/haplotypes/W2_14.bp.hap2.p_ctg.fa > /vf/users/okendojo/zebrafish/data/g3/sex_project/asm/haplotypes/scaffold/W2_14.bp.hap2.p_ctg/ragtag.scaffold.fasta 2> /vf/users/okendojo/zebrafish/data/g3/sex_project/asm/haplotypes/scaffold/W2_14.bp.hap2.p_ctg/ragtag.scaffold.err
Tue Jan 27 10:19:48 2026 --- INFO: Finished running : ragtag_agp2fa.py /vf/users/okendojo/zebrafish/data/g3/sex_project/asm/haplotypes/scaffold/W2_14.bp.hap2.p_ctg/ragtag.scaffold.agp /vf/users/okendojo/zebrafish/data/g3/sex_project/asm/haplotypes/W2_14.bp.hap2.p_ctg.fa > /vf/users/okendojo/zebrafish/data/g3/sex_project/asm/haplotypes/scaffold/W2_14.bp.hap2.p_ctg/ragtag.scaffold.fasta 2> /vf/users/okendojo/zebrafish/data/g3/sex_project/asm/haplotypes/scaffold/W2_14.bp.hap2.p_ctg/ragtag.scaffold.err
Tue Jan 27 10:19:48 2026 --- INFO: Running: ragtag_stats.py /vf/users/okendojo/zebrafish/data/g3/sex_project/asm/haplotypes/scaffold/W2_14.bp.hap2.p_ctg/ragtag.scaffold.agp /vf/users/okendojo/zebrafish/data/g3/sex_project/asm/haplotypes/scaffold/W2_14.bp.hap2.p_ctg/ragtag.scaffold.confidence.txt > /vf/users/okendojo/zebrafish/data/g3/sex_project/asm/haplotypes/scaffold/W2_14.bp.hap2.p_ctg/ragtag.scaffold.stats 2> /vf/users/okendojo/zebrafish/data/g3/sex_project/asm/haplotypes/scaffold/W2_14.bp.hap2.p_ctg/ragtag.scaffold.err
Tue Jan 27 10:19:48 2026 --- INFO: Finished running : ragtag_stats.py /vf/users/okendojo/zebrafish/data/g3/sex_project/asm/haplotypes/scaffold/W2_14.bp.hap2.p_ctg/ragtag.scaffold.agp /vf/users/okendojo/zebrafish/data/g3/sex_project/asm/haplotypes/scaffold/W2_14.bp.hap2.p_ctg/ragtag.scaffold.confidence.txt > /vf/users/okendojo/zebrafish/data/g3/sex_project/asm/haplotypes/scaffold/W2_14.bp.hap2.p_ctg/ragtag.scaffold.stats 2> /vf/users/okendojo/zebrafish/data/g3/sex_project/asm/haplotypes/scaffold/W2_14.bp.hap2.p_ctg/ragtag.scaffold.err
Tue Jan 27 10:19:48 2026 --- INFO: Goodbye
Tue Jan 27 10:19:49 2026 --- VERSION: RagTag v2.1.0
Tue Jan 27 10:19:49 2026 --- CMD: ragtag.py scaffold /data/okendojo/zebrafish/data/g3/sex_project/t2t_pangenome/asm/GRCz12tu.fasta W2_15.bp.hap1.p_ctg.fa -w --remove-small -f 1000 -t 32 -o scaffold/W2_15.bp.hap1.p_ctg
Tue Jan 27 10:19:49 2026 --- WARNING: Without '-u' invoked, some component/object AGP pairs might share the same ID. Some external programs/databases don't like this. To ensure valid AGP format, use '-u'.
Tue Jan 27 10:19:49 2026 --- INFO: Mapping the query genome to the reference genome
Tue Jan 27 10:19:49 2026 --- INFO: Running: minimap2 -x asm5 -t 32 /data/okendojo/zebrafish/data/g3/sex_project/t2t_pangenome/asm/GRCz12tu.fasta /vf/users/okendojo/zebrafish/data/g3/sex_project/asm/haplotypes/W2_15.bp.hap1.p_ctg.fa > /vf/users/okendojo/zebrafish/data/g3/sex_project/asm/haplotypes/scaffold/W2_15.bp.hap1.p_ctg/ragtag.scaffold.asm.paf 2> /vf/users/okendojo/zebrafish/data/g3/sex_project/asm/haplotypes/scaffold/W2_15.bp.hap1.p_ctg/ragtag.scaffold.asm.paf.log
Tue Jan 27 10:23:53 2026 --- INFO: Finished running : minimap2 -x asm5 -t 32 /data/okendojo/zebrafish/data/g3/sex_project/t2t_pangenome/asm/GRCz12tu.fasta /vf/users/okendojo/zebrafish/data/g3/sex_project/asm/haplotypes/W2_15.bp.hap1.p_ctg.fa > /vf/users/okendojo/zebrafish/data/g3/sex_project/asm/haplotypes/scaffold/W2_15.bp.hap1.p_ctg/ragtag.scaffold.asm.paf 2> /vf/users/okendojo/zebrafish/data/g3/sex_project/asm/haplotypes/scaffold/W2_15.bp.hap1.p_ctg/ragtag.scaffold.asm.paf.log
Tue Jan 27 10:23:53 2026 --- INFO: Reading whole genome alignments
Tue Jan 27 10:23:53 2026 --- INFO: Filtering and merging alignments
Tue Jan 27 10:23:54 2026 --- INFO: Ordering and orienting query sequences
Tue Jan 27 10:23:54 2026 --- INFO: Writing scaffolds
Tue Jan 27 10:23:54 2026 --- INFO: Writing: /vf/users/okendojo/zebrafish/data/g3/sex_project/asm/haplotypes/scaffold/W2_15.bp.hap1.p_ctg/ragtag.scaffold.agp
Tue Jan 27 10:23:57 2026 --- INFO: Running: ragtag_agp2fa.py /vf/users/okendojo/zebrafish/data/g3/sex_project/asm/haplotypes/scaffold/W2_15.bp.hap1.p_ctg/ragtag.scaffold.agp /vf/users/okendojo/zebrafish/data/g3/sex_project/asm/haplotypes/W2_15.bp.hap1.p_ctg.fa > /vf/users/okendojo/zebrafish/data/g3/sex_project/asm/haplotypes/scaffold/W2_15.bp.hap1.p_ctg/ragtag.scaffold.fasta 2> /vf/users/okendojo/zebrafish/data/g3/sex_project/asm/haplotypes/scaffold/W2_15.bp.hap1.p_ctg/ragtag.scaffold.err
Tue Jan 27 10:24:00 2026 --- INFO: Finished running : ragtag_agp2fa.py /vf/users/okendojo/zebrafish/data/g3/sex_project/asm/haplotypes/scaffold/W2_15.bp.hap1.p_ctg/ragtag.scaffold.agp /vf/users/okendojo/zebrafish/data/g3/sex_project/asm/haplotypes/W2_15.bp.hap1.p_ctg.fa > /vf/users/okendojo/zebrafish/data/g3/sex_project/asm/haplotypes/scaffold/W2_15.bp.hap1.p_ctg/ragtag.scaffold.fasta 2> /vf/users/okendojo/zebrafish/data/g3/sex_project/asm/haplotypes/scaffold/W2_15.bp.hap1.p_ctg/ragtag.scaffold.err
Tue Jan 27 10:24:00 2026 --- INFO: Running: ragtag_stats.py /vf/users/okendojo/zebrafish/data/g3/sex_project/asm/haplotypes/scaffold/W2_15.bp.hap1.p_ctg/ragtag.scaffold.agp /vf/users/okendojo/zebrafish/data/g3/sex_project/asm/haplotypes/scaffold/W2_15.bp.hap1.p_ctg/ragtag.scaffold.confidence.txt > /vf/users/okendojo/zebrafish/data/g3/sex_project/asm/haplotypes/scaffold/W2_15.bp.hap1.p_ctg/ragtag.scaffold.stats 2> /vf/users/okendojo/zebrafish/data/g3/sex_project/asm/haplotypes/scaffold/W2_15.bp.hap1.p_ctg/ragtag.scaffold.err
Tue Jan 27 10:24:00 2026 --- INFO: Finished running : ragtag_stats.py /vf/users/okendojo/zebrafish/data/g3/sex_project/asm/haplotypes/scaffold/W2_15.bp.hap1.p_ctg/ragtag.scaffold.agp /vf/users/okendojo/zebrafish/data/g3/sex_project/asm/haplotypes/scaffold/W2_15.bp.hap1.p_ctg/ragtag.scaffold.confidence.txt > /vf/users/okendojo/zebrafish/data/g3/sex_project/asm/haplotypes/scaffold/W2_15.bp.hap1.p_ctg/ragtag.scaffold.stats 2> /vf/users/okendojo/zebrafish/data/g3/sex_project/asm/haplotypes/scaffold/W2_15.bp.hap1.p_ctg/ragtag.scaffold.err
Tue Jan 27 10:24:00 2026 --- INFO: Goodbye
Tue Jan 27 10:24:00 2026 --- VERSION: RagTag v2.1.0
Tue Jan 27 10:24:00 2026 --- CMD: ragtag.py scaffold /data/okendojo/zebrafish/data/g3/sex_project/t2t_pangenome/asm/GRCz12tu.fasta W2_15.bp.hap2.p_ctg.fa -w --remove-small -f 1000 -t 32 -o scaffold/W2_15.bp.hap2.p_ctg
Tue Jan 27 10:24:00 2026 --- WARNING: Without '-u' invoked, some component/object AGP pairs might share the same ID. Some external programs/databases don't like this. To ensure valid AGP format, use '-u'.
Tue Jan 27 10:24:00 2026 --- INFO: Mapping the query genome to the reference genome
Tue Jan 27 10:24:00 2026 --- INFO: Running: minimap2 -x asm5 -t 32 /data/okendojo/zebrafish/data/g3/sex_project/t2t_pangenome/asm/GRCz12tu.fasta /vf/users/okendojo/zebrafish/data/g3/sex_project/asm/haplotypes/W2_15.bp.hap2.p_ctg.fa > /vf/users/okendojo/zebrafish/data/g3/sex_project/asm/haplotypes/scaffold/W2_15.bp.hap2.p_ctg/ragtag.scaffold.asm.paf 2> /vf/users/okendojo/zebrafish/data/g3/sex_project/asm/haplotypes/scaffold/W2_15.bp.hap2.p_ctg/ragtag.scaffold.asm.paf.log
Tue Jan 27 10:27:40 2026 --- INFO: Finished running : minimap2 -x asm5 -t 32 /data/okendojo/zebrafish/data/g3/sex_project/t2t_pangenome/asm/GRCz12tu.fasta /vf/users/okendojo/zebrafish/data/g3/sex_project/asm/haplotypes/W2_15.bp.hap2.p_ctg.fa > /vf/users/okendojo/zebrafish/data/g3/sex_project/asm/haplotypes/scaffold/W2_15.bp.hap2.p_ctg/ragtag.scaffold.asm.paf 2> /vf/users/okendojo/zebrafish/data/g3/sex_project/asm/haplotypes/scaffold/W2_15.bp.hap2.p_ctg/ragtag.scaffold.asm.paf.log
Tue Jan 27 10:27:40 2026 --- INFO: Reading whole genome alignments
Tue Jan 27 10:27:40 2026 --- INFO: Filtering and merging alignments
Tue Jan 27 10:27:40 2026 --- INFO: Ordering and orienting query sequences
Tue Jan 27 10:27:40 2026 --- INFO: Writing scaffolds
Tue Jan 27 10:27:40 2026 --- INFO: Writing: /vf/users/okendojo/zebrafish/data/g3/sex_project/asm/haplotypes/scaffold/W2_15.bp.hap2.p_ctg/ragtag.scaffold.agp
Tue Jan 27 10:27:44 2026 --- INFO: Running: ragtag_agp2fa.py /vf/users/okendojo/zebrafish/data/g3/sex_project/asm/haplotypes/scaffold/W2_15.bp.hap2.p_ctg/ragtag.scaffold.agp /vf/users/okendojo/zebrafish/data/g3/sex_project/asm/haplotypes/W2_15.bp.hap2.p_ctg.fa > /vf/users/okendojo/zebrafish/data/g3/sex_project/asm/haplotypes/scaffold/W2_15.bp.hap2.p_ctg/ragtag.scaffold.fasta 2> /vf/users/okendojo/zebrafish/data/g3/sex_project/asm/haplotypes/scaffold/W2_15.bp.hap2.p_ctg/ragtag.scaffold.err
Tue Jan 27 10:27:46 2026 --- INFO: Finished running : ragtag_agp2fa.py /vf/users/okendojo/zebrafish/data/g3/sex_project/asm/haplotypes/scaffold/W2_15.bp.hap2.p_ctg/ragtag.scaffold.agp /vf/users/okendojo/zebrafish/data/g3/sex_project/asm/haplotypes/W2_15.bp.hap2.p_ctg.fa > /vf/users/okendojo/zebrafish/data/g3/sex_project/asm/haplotypes/scaffold/W2_15.bp.hap2.p_ctg/ragtag.scaffold.fasta 2> /vf/users/okendojo/zebrafish/data/g3/sex_project/asm/haplotypes/scaffold/W2_15.bp.hap2.p_ctg/ragtag.scaffold.err
Tue Jan 27 10:27:46 2026 --- INFO: Running: ragtag_stats.py /vf/users/okendojo/zebrafish/data/g3/sex_project/asm/haplotypes/scaffold/W2_15.bp.hap2.p_ctg/ragtag.scaffold.agp /vf/users/okendojo/zebrafish/data/g3/sex_project/asm/haplotypes/scaffold/W2_15.bp.hap2.p_ctg/ragtag.scaffold.confidence.txt > /vf/users/okendojo/zebrafish/data/g3/sex_project/asm/haplotypes/scaffold/W2_15.bp.hap2.p_ctg/ragtag.scaffold.stats 2> /vf/users/okendojo/zebrafish/data/g3/sex_project/asm/haplotypes/scaffold/W2_15.bp.hap2.p_ctg/ragtag.scaffold.err
Tue Jan 27 10:27:46 2026 --- INFO: Finished running : ragtag_stats.py /vf/users/okendojo/zebrafish/data/g3/sex_project/asm/haplotypes/scaffold/W2_15.bp.hap2.p_ctg/ragtag.scaffold.agp /vf/users/okendojo/zebrafish/data/g3/sex_project/asm/haplotypes/scaffold/W2_15.bp.hap2.p_ctg/ragtag.scaffold.confidence.txt > /vf/users/okendojo/zebrafish/data/g3/sex_project/asm/haplotypes/scaffold/W2_15.bp.hap2.p_ctg/ragtag.scaffold.stats 2> /vf/users/okendojo/zebrafish/data/g3/sex_project/asm/haplotypes/scaffold/W2_15.bp.hap2.p_ctg/ragtag.scaffold.err
Tue Jan 27 10:27:46 2026 --- INFO: Goodbye
Tue Jan 27 10:27:47 2026 --- VERSION: RagTag v2.1.0
Tue Jan 27 10:27:47 2026 --- CMD: ragtag.py scaffold /data/okendojo/zebrafish/data/g3/sex_project/t2t_pangenome/asm/GRCz12tu.fasta W2_16.bp.hap1.p_ctg.fa -w --remove-small -f 1000 -t 32 -o scaffold/W2_16.bp.hap1.p_ctg
Tue Jan 27 10:27:47 2026 --- WARNING: Without '-u' invoked, some component/object AGP pairs might share the same ID. Some external programs/databases don't like this. To ensure valid AGP format, use '-u'.
Tue Jan 27 10:27:47 2026 --- INFO: Mapping the query genome to the reference genome
Tue Jan 27 10:27:47 2026 --- INFO: Running: minimap2 -x asm5 -t 32 /data/okendojo/zebrafish/data/g3/sex_project/t2t_pangenome/asm/GRCz12tu.fasta /vf/users/okendojo/zebrafish/data/g3/sex_project/asm/haplotypes/W2_16.bp.hap1.p_ctg.fa > /vf/users/okendojo/zebrafish/data/g3/sex_project/asm/haplotypes/scaffold/W2_16.bp.hap1.p_ctg/ragtag.scaffold.asm.paf 2> /vf/users/okendojo/zebrafish/data/g3/sex_project/asm/haplotypes/scaffold/W2_16.bp.hap1.p_ctg/ragtag.scaffold.asm.paf.log
Tue Jan 27 10:30:37 2026 --- INFO: Finished running : minimap2 -x asm5 -t 32 /data/okendojo/zebrafish/data/g3/sex_project/t2t_pangenome/asm/GRCz12tu.fasta /vf/users/okendojo/zebrafish/data/g3/sex_project/asm/haplotypes/W2_16.bp.hap1.p_ctg.fa > /vf/users/okendojo/zebrafish/data/g3/sex_project/asm/haplotypes/scaffold/W2_16.bp.hap1.p_ctg/ragtag.scaffold.asm.paf 2> /vf/users/okendojo/zebrafish/data/g3/sex_project/asm/haplotypes/scaffold/W2_16.bp.hap1.p_ctg/ragtag.scaffold.asm.paf.log
Tue Jan 27 10:30:37 2026 --- INFO: Reading whole genome alignments
Tue Jan 27 10:30:37 2026 --- INFO: Filtering and merging alignments
Tue Jan 27 10:30:38 2026 --- INFO: Ordering and orienting query sequences
Tue Jan 27 10:30:38 2026 --- INFO: Writing scaffolds
Tue Jan 27 10:30:38 2026 --- INFO: Writing: /vf/users/okendojo/zebrafish/data/g3/sex_project/asm/haplotypes/scaffold/W2_16.bp.hap1.p_ctg/ragtag.scaffold.agp
Tue Jan 27 10:30:41 2026 --- INFO: Running: ragtag_agp2fa.py /vf/users/okendojo/zebrafish/data/g3/sex_project/asm/haplotypes/scaffold/W2_16.bp.hap1.p_ctg/ragtag.scaffold.agp /vf/users/okendojo/zebrafish/data/g3/sex_project/asm/haplotypes/W2_16.bp.hap1.p_ctg.fa > /vf/users/okendojo/zebrafish/data/g3/sex_project/asm/haplotypes/scaffold/W2_16.bp.hap1.p_ctg/ragtag.scaffold.fasta 2> /vf/users/okendojo/zebrafish/data/g3/sex_project/asm/haplotypes/scaffold/W2_16.bp.hap1.p_ctg/ragtag.scaffold.err
Tue Jan 27 10:30:43 2026 --- INFO: Finished running : ragtag_agp2fa.py /vf/users/okendojo/zebrafish/data/g3/sex_project/asm/haplotypes/scaffold/W2_16.bp.hap1.p_ctg/ragtag.scaffold.agp /vf/users/okendojo/zebrafish/data/g3/sex_project/asm/haplotypes/W2_16.bp.hap1.p_ctg.fa > /vf/users/okendojo/zebrafish/data/g3/sex_project/asm/haplotypes/scaffold/W2_16.bp.hap1.p_ctg/ragtag.scaffold.fasta 2> /vf/users/okendojo/zebrafish/data/g3/sex_project/asm/haplotypes/scaffold/W2_16.bp.hap1.p_ctg/ragtag.scaffold.err
Tue Jan 27 10:30:43 2026 --- INFO: Running: ragtag_stats.py /vf/users/okendojo/zebrafish/data/g3/sex_project/asm/haplotypes/scaffold/W2_16.bp.hap1.p_ctg/ragtag.scaffold.agp /vf/users/okendojo/zebrafish/data/g3/sex_project/asm/haplotypes/scaffold/W2_16.bp.hap1.p_ctg/ragtag.scaffold.confidence.txt > /vf/users/okendojo/zebrafish/data/g3/sex_project/asm/haplotypes/scaffold/W2_16.bp.hap1.p_ctg/ragtag.scaffold.stats 2> /vf/users/okendojo/zebrafish/data/g3/sex_project/asm/haplotypes/scaffold/W2_16.bp.hap1.p_ctg/ragtag.scaffold.err
Tue Jan 27 10:30:44 2026 --- INFO: Finished running : ragtag_stats.py /vf/users/okendojo/zebrafish/data/g3/sex_project/asm/haplotypes/scaffold/W2_16.bp.hap1.p_ctg/ragtag.scaffold.agp /vf/users/okendojo/zebrafish/data/g3/sex_project/asm/haplotypes/scaffold/W2_16.bp.hap1.p_ctg/ragtag.scaffold.confidence.txt > /vf/users/okendojo/zebrafish/data/g3/sex_project/asm/haplotypes/scaffold/W2_16.bp.hap1.p_ctg/ragtag.scaffold.stats 2> /vf/users/okendojo/zebrafish/data/g3/sex_project/asm/haplotypes/scaffold/W2_16.bp.hap1.p_ctg/ragtag.scaffold.err
Tue Jan 27 10:30:44 2026 --- INFO: Goodbye
Tue Jan 27 10:30:44 2026 --- VERSION: RagTag v2.1.0
Tue Jan 27 10:30:44 2026 --- CMD: ragtag.py scaffold /data/okendojo/zebrafish/data/g3/sex_project/t2t_pangenome/asm/GRCz12tu.fasta W2_16.bp.hap2.p_ctg.fa -w --remove-small -f 1000 -t 32 -o scaffold/W2_16.bp.hap2.p_ctg
Tue Jan 27 10:30:44 2026 --- WARNING: Without '-u' invoked, some component/object AGP pairs might share the same ID. Some external programs/databases don't like this. To ensure valid AGP format, use '-u'.
Tue Jan 27 10:30:44 2026 --- INFO: Mapping the query genome to the reference genome
Tue Jan 27 10:30:44 2026 --- INFO: Running: minimap2 -x asm5 -t 32 /data/okendojo/zebrafish/data/g3/sex_project/t2t_pangenome/asm/GRCz12tu.fasta /vf/users/okendojo/zebrafish/data/g3/sex_project/asm/haplotypes/W2_16.bp.hap2.p_ctg.fa > /vf/users/okendojo/zebrafish/data/g3/sex_project/asm/haplotypes/scaffold/W2_16.bp.hap2.p_ctg/ragtag.scaffold.asm.paf 2> /vf/users/okendojo/zebrafish/data/g3/sex_project/asm/haplotypes/scaffold/W2_16.bp.hap2.p_ctg/ragtag.scaffold.asm.paf.log
Tue Jan 27 10:33:11 2026 --- INFO: Finished running : minimap2 -x asm5 -t 32 /data/okendojo/zebrafish/data/g3/sex_project/t2t_pangenome/asm/GRCz12tu.fasta /vf/users/okendojo/zebrafish/data/g3/sex_project/asm/haplotypes/W2_16.bp.hap2.p_ctg.fa > /vf/users/okendojo/zebrafish/data/g3/sex_project/asm/haplotypes/scaffold/W2_16.bp.hap2.p_ctg/ragtag.scaffold.asm.paf 2> /vf/users/okendojo/zebrafish/data/g3/sex_project/asm/haplotypes/scaffold/W2_16.bp.hap2.p_ctg/ragtag.scaffold.asm.paf.log
Tue Jan 27 10:33:11 2026 --- INFO: Reading whole genome alignments
Tue Jan 27 10:33:11 2026 --- INFO: Filtering and merging alignments
Tue Jan 27 10:33:11 2026 --- INFO: Ordering and orienting query sequences
Tue Jan 27 10:33:11 2026 --- INFO: Writing scaffolds
Tue Jan 27 10:33:11 2026 --- INFO: Writing: /vf/users/okendojo/zebrafish/data/g3/sex_project/asm/haplotypes/scaffold/W2_16.bp.hap2.p_ctg/ragtag.scaffold.agp
Tue Jan 27 10:33:15 2026 --- INFO: Running: ragtag_agp2fa.py /vf/users/okendojo/zebrafish/data/g3/sex_project/asm/haplotypes/scaffold/W2_16.bp.hap2.p_ctg/ragtag.scaffold.agp /vf/users/okendojo/zebrafish/data/g3/sex_project/asm/haplotypes/W2_16.bp.hap2.p_ctg.fa > /vf/users/okendojo/zebrafish/data/g3/sex_project/asm/haplotypes/scaffold/W2_16.bp.hap2.p_ctg/ragtag.scaffold.fasta 2> /vf/users/okendojo/zebrafish/data/g3/sex_project/asm/haplotypes/scaffold/W2_16.bp.hap2.p_ctg/ragtag.scaffold.err
Tue Jan 27 10:33:17 2026 --- INFO: Finished running : ragtag_agp2fa.py /vf/users/okendojo/zebrafish/data/g3/sex_project/asm/haplotypes/scaffold/W2_16.bp.hap2.p_ctg/ragtag.scaffold.agp /vf/users/okendojo/zebrafish/data/g3/sex_project/asm/haplotypes/W2_16.bp.hap2.p_ctg.fa > /vf/users/okendojo/zebrafish/data/g3/sex_project/asm/haplotypes/scaffold/W2_16.bp.hap2.p_ctg/ragtag.scaffold.fasta 2> /vf/users/okendojo/zebrafish/data/g3/sex_project/asm/haplotypes/scaffold/W2_16.bp.hap2.p_ctg/ragtag.scaffold.err
Tue Jan 27 10:33:17 2026 --- INFO: Running: ragtag_stats.py /vf/users/okendojo/zebrafish/data/g3/sex_project/asm/haplotypes/scaffold/W2_16.bp.hap2.p_ctg/ragtag.scaffold.agp /vf/users/okendojo/zebrafish/data/g3/sex_project/asm/haplotypes/scaffold/W2_16.bp.hap2.p_ctg/ragtag.scaffold.confidence.txt > /vf/users/okendojo/zebrafish/data/g3/sex_project/asm/haplotypes/scaffold/W2_16.bp.hap2.p_ctg/ragtag.scaffold.stats 2> /vf/users/okendojo/zebrafish/data/g3/sex_project/asm/haplotypes/scaffold/W2_16.bp.hap2.p_ctg/ragtag.scaffold.err
Tue Jan 27 10:33:17 2026 --- INFO: Finished running : ragtag_stats.py /vf/users/okendojo/zebrafish/data/g3/sex_project/asm/haplotypes/scaffold/W2_16.bp.hap2.p_ctg/ragtag.scaffold.agp /vf/users/okendojo/zebrafish/data/g3/sex_project/asm/haplotypes/scaffold/W2_16.bp.hap2.p_ctg/ragtag.scaffold.confidence.txt > /vf/users/okendojo/zebrafish/data/g3/sex_project/asm/haplotypes/scaffold/W2_16.bp.hap2.p_ctg/ragtag.scaffold.stats 2> /vf/users/okendojo/zebrafish/data/g3/sex_project/asm/haplotypes/scaffold/W2_16.bp.hap2.p_ctg/ragtag.scaffold.err
Tue Jan 27 10:33:17 2026 --- INFO: Goodbye
Tue Jan 27 10:33:18 2026 --- VERSION: RagTag v2.1.0
Tue Jan 27 10:33:18 2026 --- CMD: ragtag.py scaffold /data/okendojo/zebrafish/data/g3/sex_project/t2t_pangenome/asm/GRCz12tu.fasta ww_cbw1_2.bp.hap1.p_ctg.fa -w --remove-small -f 1000 -t 32 -o scaffold/ww_cbw1_2.bp.hap1.p_ctg
Tue Jan 27 10:33:18 2026 --- WARNING: Without '-u' invoked, some component/object AGP pairs might share the same ID. Some external programs/databases don't like this. To ensure valid AGP format, use '-u'.
Tue Jan 27 10:33:18 2026 --- INFO: Mapping the query genome to the reference genome
Tue Jan 27 10:33:18 2026 --- INFO: Running: minimap2 -x asm5 -t 32 /data/okendojo/zebrafish/data/g3/sex_project/t2t_pangenome/asm/GRCz12tu.fasta /vf/users/okendojo/zebrafish/data/g3/sex_project/asm/haplotypes/ww_cbw1_2.bp.hap1.p_ctg.fa > /vf/users/okendojo/zebrafish/data/g3/sex_project/asm/haplotypes/scaffold/ww_cbw1_2.bp.hap1.p_ctg/ragtag.scaffold.asm.paf 2> /vf/users/okendojo/zebrafish/data/g3/sex_project/asm/haplotypes/scaffold/ww_cbw1_2.bp.hap1.p_ctg/ragtag.scaffold.asm.paf.log
Tue Jan 27 10:39:41 2026 --- INFO: Finished running : minimap2 -x asm5 -t 32 /data/okendojo/zebrafish/data/g3/sex_project/t2t_pangenome/asm/GRCz12tu.fasta /vf/users/okendojo/zebrafish/data/g3/sex_project/asm/haplotypes/ww_cbw1_2.bp.hap1.p_ctg.fa > /vf/users/okendojo/zebrafish/data/g3/sex_project/asm/haplotypes/scaffold/ww_cbw1_2.bp.hap1.p_ctg/ragtag.scaffold.asm.paf 2> /vf/users/okendojo/zebrafish/data/g3/sex_project/asm/haplotypes/scaffold/ww_cbw1_2.bp.hap1.p_ctg/ragtag.scaffold.asm.paf.log
Tue Jan 27 10:39:41 2026 --- INFO: Reading whole genome alignments
Tue Jan 27 10:39:41 2026 --- INFO: Filtering and merging alignments
Tue Jan 27 10:39:41 2026 --- INFO: Ordering and orienting query sequences
Tue Jan 27 10:39:41 2026 --- INFO: Writing scaffolds
Tue Jan 27 10:39:41 2026 --- INFO: Writing: /vf/users/okendojo/zebrafish/data/g3/sex_project/asm/haplotypes/scaffold/ww_cbw1_2.bp.hap1.p_ctg/ragtag.scaffold.agp
Tue Jan 27 10:39:44 2026 --- INFO: Running: ragtag_agp2fa.py /vf/users/okendojo/zebrafish/data/g3/sex_project/asm/haplotypes/scaffold/ww_cbw1_2.bp.hap1.p_ctg/ragtag.scaffold.agp /vf/users/okendojo/zebrafish/data/g3/sex_project/asm/haplotypes/ww_cbw1_2.bp.hap1.p_ctg.fa > /vf/users/okendojo/zebrafish/data/g3/sex_project/asm/haplotypes/scaffold/ww_cbw1_2.bp.hap1.p_ctg/ragtag.scaffold.fasta 2> /vf/users/okendojo/zebrafish/data/g3/sex_project/asm/haplotypes/scaffold/ww_cbw1_2.bp.hap1.p_ctg/ragtag.scaffold.err
Tue Jan 27 10:39:47 2026 --- INFO: Finished running : ragtag_agp2fa.py /vf/users/okendojo/zebrafish/data/g3/sex_project/asm/haplotypes/scaffold/ww_cbw1_2.bp.hap1.p_ctg/ragtag.scaffold.agp /vf/users/okendojo/zebrafish/data/g3/sex_project/asm/haplotypes/ww_cbw1_2.bp.hap1.p_ctg.fa > /vf/users/okendojo/zebrafish/data/g3/sex_project/asm/haplotypes/scaffold/ww_cbw1_2.bp.hap1.p_ctg/ragtag.scaffold.fasta 2> /vf/users/okendojo/zebrafish/data/g3/sex_project/asm/haplotypes/scaffold/ww_cbw1_2.bp.hap1.p_ctg/ragtag.scaffold.err
Tue Jan 27 10:39:47 2026 --- INFO: Running: ragtag_stats.py /vf/users/okendojo/zebrafish/data/g3/sex_project/asm/haplotypes/scaffold/ww_cbw1_2.bp.hap1.p_ctg/ragtag.scaffold.agp /vf/users/okendojo/zebrafish/data/g3/sex_project/asm/haplotypes/scaffold/ww_cbw1_2.bp.hap1.p_ctg/ragtag.scaffold.confidence.txt > /vf/users/okendojo/zebrafish/data/g3/sex_project/asm/haplotypes/scaffold/ww_cbw1_2.bp.hap1.p_ctg/ragtag.scaffold.stats 2> /vf/users/okendojo/zebrafish/data/g3/sex_project/asm/haplotypes/scaffold/ww_cbw1_2.bp.hap1.p_ctg/ragtag.scaffold.err
Tue Jan 27 10:39:47 2026 --- INFO: Finished running : ragtag_stats.py /vf/users/okendojo/zebrafish/data/g3/sex_project/asm/haplotypes/scaffold/ww_cbw1_2.bp.hap1.p_ctg/ragtag.scaffold.agp /vf/users/okendojo/zebrafish/data/g3/sex_project/asm/haplotypes/scaffold/ww_cbw1_2.bp.hap1.p_ctg/ragtag.scaffold.confidence.txt > /vf/users/okendojo/zebrafish/data/g3/sex_project/asm/haplotypes/scaffold/ww_cbw1_2.bp.hap1.p_ctg/ragtag.scaffold.stats 2> /vf/users/okendojo/zebrafish/data/g3/sex_project/asm/haplotypes/scaffold/ww_cbw1_2.bp.hap1.p_ctg/ragtag.scaffold.err
Tue Jan 27 10:39:47 2026 --- INFO: Goodbye
Tue Jan 27 10:39:48 2026 --- VERSION: RagTag v2.1.0
Tue Jan 27 10:39:48 2026 --- CMD: ragtag.py scaffold /data/okendojo/zebrafish/data/g3/sex_project/t2t_pangenome/asm/GRCz12tu.fasta ww_cbw1_2.bp.hap2.p_ctg.fa -w --remove-small -f 1000 -t 32 -o scaffold/ww_cbw1_2.bp.hap2.p_ctg
Tue Jan 27 10:39:48 2026 --- WARNING: Without '-u' invoked, some component/object AGP pairs might share the same ID. Some external programs/databases don't like this. To ensure valid AGP format, use '-u'.
Tue Jan 27 10:39:48 2026 --- INFO: Mapping the query genome to the reference genome
Tue Jan 27 10:39:48 2026 --- INFO: Running: minimap2 -x asm5 -t 32 /data/okendojo/zebrafish/data/g3/sex_project/t2t_pangenome/asm/GRCz12tu.fasta /vf/users/okendojo/zebrafish/data/g3/sex_project/asm/haplotypes/ww_cbw1_2.bp.hap2.p_ctg.fa > /vf/users/okendojo/zebrafish/data/g3/sex_project/asm/haplotypes/scaffold/ww_cbw1_2.bp.hap2.p_ctg/ragtag.scaffold.asm.paf 2> /vf/users/okendojo/zebrafish/data/g3/sex_project/asm/haplotypes/scaffold/ww_cbw1_2.bp.hap2.p_ctg/ragtag.scaffold.asm.paf.log
Tue Jan 27 10:43:16 2026 --- INFO: Finished running : minimap2 -x asm5 -t 32 /data/okendojo/zebrafish/data/g3/sex_project/t2t_pangenome/asm/GRCz12tu.fasta /vf/users/okendojo/zebrafish/data/g3/sex_project/asm/haplotypes/ww_cbw1_2.bp.hap2.p_ctg.fa > /vf/users/okendojo/zebrafish/data/g3/sex_project/asm/haplotypes/scaffold/ww_cbw1_2.bp.hap2.p_ctg/ragtag.scaffold.asm.paf 2> /vf/users/okendojo/zebrafish/data/g3/sex_project/asm/haplotypes/scaffold/ww_cbw1_2.bp.hap2.p_ctg/ragtag.scaffold.asm.paf.log
Tue Jan 27 10:43:16 2026 --- INFO: Reading whole genome alignments
Tue Jan 27 10:43:16 2026 --- INFO: Filtering and merging alignments
Tue Jan 27 10:43:16 2026 --- INFO: Ordering and orienting query sequences
Tue Jan 27 10:43:16 2026 --- INFO: Writing scaffolds
Tue Jan 27 10:43:16 2026 --- INFO: Writing: /vf/users/okendojo/zebrafish/data/g3/sex_project/asm/haplotypes/scaffold/ww_cbw1_2.bp.hap2.p_ctg/ragtag.scaffold.agp
Tue Jan 27 10:43:19 2026 --- INFO: Running: ragtag_agp2fa.py /vf/users/okendojo/zebrafish/data/g3/sex_project/asm/haplotypes/scaffold/ww_cbw1_2.bp.hap2.p_ctg/ragtag.scaffold.agp /vf/users/okendojo/zebrafish/data/g3/sex_project/asm/haplotypes/ww_cbw1_2.bp.hap2.p_ctg.fa > /vf/users/okendojo/zebrafish/data/g3/sex_project/asm/haplotypes/scaffold/ww_cbw1_2.bp.hap2.p_ctg/ragtag.scaffold.fasta 2> /vf/users/okendojo/zebrafish/data/g3/sex_project/asm/haplotypes/scaffold/ww_cbw1_2.bp.hap2.p_ctg/ragtag.scaffold.err
Tue Jan 27 10:43:22 2026 --- INFO: Finished running : ragtag_agp2fa.py /vf/users/okendojo/zebrafish/data/g3/sex_project/asm/haplotypes/scaffold/ww_cbw1_2.bp.hap2.p_ctg/ragtag.scaffold.agp /vf/users/okendojo/zebrafish/data/g3/sex_project/asm/haplotypes/ww_cbw1_2.bp.hap2.p_ctg.fa > /vf/users/okendojo/zebrafish/data/g3/sex_project/asm/haplotypes/scaffold/ww_cbw1_2.bp.hap2.p_ctg/ragtag.scaffold.fasta 2> /vf/users/okendojo/zebrafish/data/g3/sex_project/asm/haplotypes/scaffold/ww_cbw1_2.bp.hap2.p_ctg/ragtag.scaffold.err
Tue Jan 27 10:43:22 2026 --- INFO: Running: ragtag_stats.py /vf/users/okendojo/zebrafish/data/g3/sex_project/asm/haplotypes/scaffold/ww_cbw1_2.bp.hap2.p_ctg/ragtag.scaffold.agp /vf/users/okendojo/zebrafish/data/g3/sex_project/asm/haplotypes/scaffold/ww_cbw1_2.bp.hap2.p_ctg/ragtag.scaffold.confidence.txt > /vf/users/okendojo/zebrafish/data/g3/sex_project/asm/haplotypes/scaffold/ww_cbw1_2.bp.hap2.p_ctg/ragtag.scaffold.stats 2> /vf/users/okendojo/zebrafish/data/g3/sex_project/asm/haplotypes/scaffold/ww_cbw1_2.bp.hap2.p_ctg/ragtag.scaffold.err
Tue Jan 27 10:43:22 2026 --- INFO: Finished running : ragtag_stats.py /vf/users/okendojo/zebrafish/data/g3/sex_project/asm/haplotypes/scaffold/ww_cbw1_2.bp.hap2.p_ctg/ragtag.scaffold.agp /vf/users/okendojo/zebrafish/data/g3/sex_project/asm/haplotypes/scaffold/ww_cbw1_2.bp.hap2.p_ctg/ragtag.scaffold.confidence.txt > /vf/users/okendojo/zebrafish/data/g3/sex_project/asm/haplotypes/scaffold/ww_cbw1_2.bp.hap2.p_ctg/ragtag.scaffold.stats 2> /vf/users/okendojo/zebrafish/data/g3/sex_project/asm/haplotypes/scaffold/ww_cbw1_2.bp.hap2.p_ctg/ragtag.scaffold.err
Tue Jan 27 10:43:22 2026 --- INFO: Goodbye
Tue Jan 27 10:43:22 2026 --- VERSION: RagTag v2.1.0
Tue Jan 27 10:43:22 2026 --- CMD: ragtag.py scaffold /data/okendojo/zebrafish/data/g3/sex_project/t2t_pangenome/asm/GRCz12tu.fasta ww_cbw1_3.bp.hap1.p_ctg.fa -w --remove-small -f 1000 -t 32 -o scaffold/ww_cbw1_3.bp.hap1.p_ctg
Tue Jan 27 10:43:22 2026 --- WARNING: Without '-u' invoked, some component/object AGP pairs might share the same ID. Some external programs/databases don't like this. To ensure valid AGP format, use '-u'.
Tue Jan 27 10:43:22 2026 --- INFO: Mapping the query genome to the reference genome
Tue Jan 27 10:43:22 2026 --- INFO: Running: minimap2 -x asm5 -t 32 /data/okendojo/zebrafish/data/g3/sex_project/t2t_pangenome/asm/GRCz12tu.fasta /vf/users/okendojo/zebrafish/data/g3/sex_project/asm/haplotypes/ww_cbw1_3.bp.hap1.p_ctg.fa > /vf/users/okendojo/zebrafish/data/g3/sex_project/asm/haplotypes/scaffold/ww_cbw1_3.bp.hap1.p_ctg/ragtag.scaffold.asm.paf 2> /vf/users/okendojo/zebrafish/data/g3/sex_project/asm/haplotypes/scaffold/ww_cbw1_3.bp.hap1.p_ctg/ragtag.scaffold.asm.paf.log
Tue Jan 27 10:47:49 2026 --- INFO: Finished running : minimap2 -x asm5 -t 32 /data/okendojo/zebrafish/data/g3/sex_project/t2t_pangenome/asm/GRCz12tu.fasta /vf/users/okendojo/zebrafish/data/g3/sex_project/asm/haplotypes/ww_cbw1_3.bp.hap1.p_ctg.fa > /vf/users/okendojo/zebrafish/data/g3/sex_project/asm/haplotypes/scaffold/ww_cbw1_3.bp.hap1.p_ctg/ragtag.scaffold.asm.paf 2> /vf/users/okendojo/zebrafish/data/g3/sex_project/asm/haplotypes/scaffold/ww_cbw1_3.bp.hap1.p_ctg/ragtag.scaffold.asm.paf.log
Tue Jan 27 10:47:49 2026 --- INFO: Reading whole genome alignments
Tue Jan 27 10:47:49 2026 --- INFO: Filtering and merging alignments
Tue Jan 27 10:47:49 2026 --- INFO: Ordering and orienting query sequences
Tue Jan 27 10:47:49 2026 --- INFO: Writing scaffolds
Tue Jan 27 10:47:49 2026 --- INFO: Writing: /vf/users/okendojo/zebrafish/data/g3/sex_project/asm/haplotypes/scaffold/ww_cbw1_3.bp.hap1.p_ctg/ragtag.scaffold.agp
Tue Jan 27 10:47:53 2026 --- INFO: Running: ragtag_agp2fa.py /vf/users/okendojo/zebrafish/data/g3/sex_project/asm/haplotypes/scaffold/ww_cbw1_3.bp.hap1.p_ctg/ragtag.scaffold.agp /vf/users/okendojo/zebrafish/data/g3/sex_project/asm/haplotypes/ww_cbw1_3.bp.hap1.p_ctg.fa > /vf/users/okendojo/zebrafish/data/g3/sex_project/asm/haplotypes/scaffold/ww_cbw1_3.bp.hap1.p_ctg/ragtag.scaffold.fasta 2> /vf/users/okendojo/zebrafish/data/g3/sex_project/asm/haplotypes/scaffold/ww_cbw1_3.bp.hap1.p_ctg/ragtag.scaffold.err
Tue Jan 27 10:47:56 2026 --- INFO: Finished running : ragtag_agp2fa.py /vf/users/okendojo/zebrafish/data/g3/sex_project/asm/haplotypes/scaffold/ww_cbw1_3.bp.hap1.p_ctg/ragtag.scaffold.agp /vf/users/okendojo/zebrafish/data/g3/sex_project/asm/haplotypes/ww_cbw1_3.bp.hap1.p_ctg.fa > /vf/users/okendojo/zebrafish/data/g3/sex_project/asm/haplotypes/scaffold/ww_cbw1_3.bp.hap1.p_ctg/ragtag.scaffold.fasta 2> /vf/users/okendojo/zebrafish/data/g3/sex_project/asm/haplotypes/scaffold/ww_cbw1_3.bp.hap1.p_ctg/ragtag.scaffold.err
Tue Jan 27 10:47:56 2026 --- INFO: Running: ragtag_stats.py /vf/users/okendojo/zebrafish/data/g3/sex_project/asm/haplotypes/scaffold/ww_cbw1_3.bp.hap1.p_ctg/ragtag.scaffold.agp /vf/users/okendojo/zebrafish/data/g3/sex_project/asm/haplotypes/scaffold/ww_cbw1_3.bp.hap1.p_ctg/ragtag.scaffold.confidence.txt > /vf/users/okendojo/zebrafish/data/g3/sex_project/asm/haplotypes/scaffold/ww_cbw1_3.bp.hap1.p_ctg/ragtag.scaffold.stats 2> /vf/users/okendojo/zebrafish/data/g3/sex_project/asm/haplotypes/scaffold/ww_cbw1_3.bp.hap1.p_ctg/ragtag.scaffold.err
Tue Jan 27 10:47:56 2026 --- INFO: Finished running : ragtag_stats.py /vf/users/okendojo/zebrafish/data/g3/sex_project/asm/haplotypes/scaffold/ww_cbw1_3.bp.hap1.p_ctg/ragtag.scaffold.agp /vf/users/okendojo/zebrafish/data/g3/sex_project/asm/haplotypes/scaffold/ww_cbw1_3.bp.hap1.p_ctg/ragtag.scaffold.confidence.txt > /vf/users/okendojo/zebrafish/data/g3/sex_project/asm/haplotypes/scaffold/ww_cbw1_3.bp.hap1.p_ctg/ragtag.scaffold.stats 2> /vf/users/okendojo/zebrafish/data/g3/sex_project/asm/haplotypes/scaffold/ww_cbw1_3.bp.hap1.p_ctg/ragtag.scaffold.err
Tue Jan 27 10:47:56 2026 --- INFO: Goodbye
Tue Jan 27 10:47:56 2026 --- VERSION: RagTag v2.1.0
Tue Jan 27 10:47:56 2026 --- CMD: ragtag.py scaffold /data/okendojo/zebrafish/data/g3/sex_project/t2t_pangenome/asm/GRCz12tu.fasta ww_cbw1_3.bp.hap2.p_ctg.fa -w --remove-small -f 1000 -t 32 -o scaffold/ww_cbw1_3.bp.hap2.p_ctg
Tue Jan 27 10:47:56 2026 --- WARNING: Without '-u' invoked, some component/object AGP pairs might share the same ID. Some external programs/databases don't like this. To ensure valid AGP format, use '-u'.
Tue Jan 27 10:47:56 2026 --- INFO: Mapping the query genome to the reference genome
Tue Jan 27 10:47:56 2026 --- INFO: Running: minimap2 -x asm5 -t 32 /data/okendojo/zebrafish/data/g3/sex_project/t2t_pangenome/asm/GRCz12tu.fasta /vf/users/okendojo/zebrafish/data/g3/sex_project/asm/haplotypes/ww_cbw1_3.bp.hap2.p_ctg.fa > /vf/users/okendojo/zebrafish/data/g3/sex_project/asm/haplotypes/scaffold/ww_cbw1_3.bp.hap2.p_ctg/ragtag.scaffold.asm.paf 2> /vf/users/okendojo/zebrafish/data/g3/sex_project/asm/haplotypes/scaffold/ww_cbw1_3.bp.hap2.p_ctg/ragtag.scaffold.asm.paf.log
Tue Jan 27 10:51:29 2026 --- INFO: Finished running : minimap2 -x asm5 -t 32 /data/okendojo/zebrafish/data/g3/sex_project/t2t_pangenome/asm/GRCz12tu.fasta /vf/users/okendojo/zebrafish/data/g3/sex_project/asm/haplotypes/ww_cbw1_3.bp.hap2.p_ctg.fa > /vf/users/okendojo/zebrafish/data/g3/sex_project/asm/haplotypes/scaffold/ww_cbw1_3.bp.hap2.p_ctg/ragtag.scaffold.asm.paf 2> /vf/users/okendojo/zebrafish/data/g3/sex_project/asm/haplotypes/scaffold/ww_cbw1_3.bp.hap2.p_ctg/ragtag.scaffold.asm.paf.log
Tue Jan 27 10:51:29 2026 --- INFO: Reading whole genome alignments
Tue Jan 27 10:51:29 2026 --- INFO: Filtering and merging alignments
Tue Jan 27 10:51:29 2026 --- INFO: Ordering and orienting query sequences
Tue Jan 27 10:51:29 2026 --- INFO: Writing scaffolds
Tue Jan 27 10:51:29 2026 --- INFO: Writing: /vf/users/okendojo/zebrafish/data/g3/sex_project/asm/haplotypes/scaffold/ww_cbw1_3.bp.hap2.p_ctg/ragtag.scaffold.agp
Tue Jan 27 10:51:32 2026 --- INFO: Running: ragtag_agp2fa.py /vf/users/okendojo/zebrafish/data/g3/sex_project/asm/haplotypes/scaffold/ww_cbw1_3.bp.hap2.p_ctg/ragtag.scaffold.agp /vf/users/okendojo/zebrafish/data/g3/sex_project/asm/haplotypes/ww_cbw1_3.bp.hap2.p_ctg.fa > /vf/users/okendojo/zebrafish/data/g3/sex_project/asm/haplotypes/scaffold/ww_cbw1_3.bp.hap2.p_ctg/ragtag.scaffold.fasta 2> /vf/users/okendojo/zebrafish/data/g3/sex_project/asm/haplotypes/scaffold/ww_cbw1_3.bp.hap2.p_ctg/ragtag.scaffold.err
Tue Jan 27 10:51:35 2026 --- INFO: Finished running : ragtag_agp2fa.py /vf/users/okendojo/zebrafish/data/g3/sex_project/asm/haplotypes/scaffold/ww_cbw1_3.bp.hap2.p_ctg/ragtag.scaffold.agp /vf/users/okendojo/zebrafish/data/g3/sex_project/asm/haplotypes/ww_cbw1_3.bp.hap2.p_ctg.fa > /vf/users/okendojo/zebrafish/data/g3/sex_project/asm/haplotypes/scaffold/ww_cbw1_3.bp.hap2.p_ctg/ragtag.scaffold.fasta 2> /vf/users/okendojo/zebrafish/data/g3/sex_project/asm/haplotypes/scaffold/ww_cbw1_3.bp.hap2.p_ctg/ragtag.scaffold.err
Tue Jan 27 10:51:35 2026 --- INFO: Running: ragtag_stats.py /vf/users/okendojo/zebrafish/data/g3/sex_project/asm/haplotypes/scaffold/ww_cbw1_3.bp.hap2.p_ctg/ragtag.scaffold.agp /vf/users/okendojo/zebrafish/data/g3/sex_project/asm/haplotypes/scaffold/ww_cbw1_3.bp.hap2.p_ctg/ragtag.scaffold.confidence.txt > /vf/users/okendojo/zebrafish/data/g3/sex_project/asm/haplotypes/scaffold/ww_cbw1_3.bp.hap2.p_ctg/ragtag.scaffold.stats 2> /vf/users/okendojo/zebrafish/data/g3/sex_project/asm/haplotypes/scaffold/ww_cbw1_3.bp.hap2.p_ctg/ragtag.scaffold.err
Tue Jan 27 10:51:35 2026 --- INFO: Finished running : ragtag_stats.py /vf/users/okendojo/zebrafish/data/g3/sex_project/asm/haplotypes/scaffold/ww_cbw1_3.bp.hap2.p_ctg/ragtag.scaffold.agp /vf/users/okendojo/zebrafish/data/g3/sex_project/asm/haplotypes/scaffold/ww_cbw1_3.bp.hap2.p_ctg/ragtag.scaffold.confidence.txt > /vf/users/okendojo/zebrafish/data/g3/sex_project/asm/haplotypes/scaffold/ww_cbw1_3.bp.hap2.p_ctg/ragtag.scaffold.stats 2> /vf/users/okendojo/zebrafish/data/g3/sex_project/asm/haplotypes/scaffold/ww_cbw1_3.bp.hap2.p_ctg/ragtag.scaffold.err
Tue Jan 27 10:51:35 2026 --- INFO: Goodbye
Tue Jan 27 10:51:35 2026 --- VERSION: RagTag v2.1.0
Tue Jan 27 10:51:35 2026 --- CMD: ragtag.py scaffold /data/okendojo/zebrafish/data/g3/sex_project/t2t_pangenome/asm/GRCz12tu.fasta ww_cbw_1.bp.hap1.p_ctg.fa -w --remove-small -f 1000 -t 32 -o scaffold/ww_cbw_1.bp.hap1.p_ctg
Tue Jan 27 10:51:35 2026 --- WARNING: Without '-u' invoked, some component/object AGP pairs might share the same ID. Some external programs/databases don't like this. To ensure valid AGP format, use '-u'.
Tue Jan 27 10:51:35 2026 --- INFO: Mapping the query genome to the reference genome
Tue Jan 27 10:51:35 2026 --- INFO: Running: minimap2 -x asm5 -t 32 /data/okendojo/zebrafish/data/g3/sex_project/t2t_pangenome/asm/GRCz12tu.fasta /vf/users/okendojo/zebrafish/data/g3/sex_project/asm/haplotypes/ww_cbw_1.bp.hap1.p_ctg.fa > /vf/users/okendojo/zebrafish/data/g3/sex_project/asm/haplotypes/scaffold/ww_cbw_1.bp.hap1.p_ctg/ragtag.scaffold.asm.paf 2> /vf/users/okendojo/zebrafish/data/g3/sex_project/asm/haplotypes/scaffold/ww_cbw_1.bp.hap1.p_ctg/ragtag.scaffold.asm.paf.log
Tue Jan 27 10:58:18 2026 --- INFO: Finished running : minimap2 -x asm5 -t 32 /data/okendojo/zebrafish/data/g3/sex_project/t2t_pangenome/asm/GRCz12tu.fasta /vf/users/okendojo/zebrafish/data/g3/sex_project/asm/haplotypes/ww_cbw_1.bp.hap1.p_ctg.fa > /vf/users/okendojo/zebrafish/data/g3/sex_project/asm/haplotypes/scaffold/ww_cbw_1.bp.hap1.p_ctg/ragtag.scaffold.asm.paf 2> /vf/users/okendojo/zebrafish/data/g3/sex_project/asm/haplotypes/scaffold/ww_cbw_1.bp.hap1.p_ctg/ragtag.scaffold.asm.paf.log
Tue Jan 27 10:58:18 2026 --- INFO: Reading whole genome alignments
Tue Jan 27 10:58:18 2026 --- INFO: Filtering and merging alignments
Tue Jan 27 10:58:18 2026 --- INFO: Ordering and orienting query sequences
Tue Jan 27 10:58:18 2026 --- INFO: Writing scaffolds
Tue Jan 27 10:58:18 2026 --- INFO: Writing: /vf/users/okendojo/zebrafish/data/g3/sex_project/asm/haplotypes/scaffold/ww_cbw_1.bp.hap1.p_ctg/ragtag.scaffold.agp
Tue Jan 27 10:58:21 2026 --- INFO: Running: ragtag_agp2fa.py /vf/users/okendojo/zebrafish/data/g3/sex_project/asm/haplotypes/scaffold/ww_cbw_1.bp.hap1.p_ctg/ragtag.scaffold.agp /vf/users/okendojo/zebrafish/data/g3/sex_project/asm/haplotypes/ww_cbw_1.bp.hap1.p_ctg.fa > /vf/users/okendojo/zebrafish/data/g3/sex_project/asm/haplotypes/scaffold/ww_cbw_1.bp.hap1.p_ctg/ragtag.scaffold.fasta 2> /vf/users/okendojo/zebrafish/data/g3/sex_project/asm/haplotypes/scaffold/ww_cbw_1.bp.hap1.p_ctg/ragtag.scaffold.err
Tue Jan 27 10:58:24 2026 --- INFO: Finished running : ragtag_agp2fa.py /vf/users/okendojo/zebrafish/data/g3/sex_project/asm/haplotypes/scaffold/ww_cbw_1.bp.hap1.p_ctg/ragtag.scaffold.agp /vf/users/okendojo/zebrafish/data/g3/sex_project/asm/haplotypes/ww_cbw_1.bp.hap1.p_ctg.fa > /vf/users/okendojo/zebrafish/data/g3/sex_project/asm/haplotypes/scaffold/ww_cbw_1.bp.hap1.p_ctg/ragtag.scaffold.fasta 2> /vf/users/okendojo/zebrafish/data/g3/sex_project/asm/haplotypes/scaffold/ww_cbw_1.bp.hap1.p_ctg/ragtag.scaffold.err
Tue Jan 27 10:58:24 2026 --- INFO: Running: ragtag_stats.py /vf/users/okendojo/zebrafish/data/g3/sex_project/asm/haplotypes/scaffold/ww_cbw_1.bp.hap1.p_ctg/ragtag.scaffold.agp /vf/users/okendojo/zebrafish/data/g3/sex_project/asm/haplotypes/scaffold/ww_cbw_1.bp.hap1.p_ctg/ragtag.scaffold.confidence.txt > /vf/users/okendojo/zebrafish/data/g3/sex_project/asm/haplotypes/scaffold/ww_cbw_1.bp.hap1.p_ctg/ragtag.scaffold.stats 2> /vf/users/okendojo/zebrafish/data/g3/sex_project/asm/haplotypes/scaffold/ww_cbw_1.bp.hap1.p_ctg/ragtag.scaffold.err
Tue Jan 27 10:58:24 2026 --- INFO: Finished running : ragtag_stats.py /vf/users/okendojo/zebrafish/data/g3/sex_project/asm/haplotypes/scaffold/ww_cbw_1.bp.hap1.p_ctg/ragtag.scaffold.agp /vf/users/okendojo/zebrafish/data/g3/sex_project/asm/haplotypes/scaffold/ww_cbw_1.bp.hap1.p_ctg/ragtag.scaffold.confidence.txt > /vf/users/okendojo/zebrafish/data/g3/sex_project/asm/haplotypes/scaffold/ww_cbw_1.bp.hap1.p_ctg/ragtag.scaffold.stats 2> /vf/users/okendojo/zebrafish/data/g3/sex_project/asm/haplotypes/scaffold/ww_cbw_1.bp.hap1.p_ctg/ragtag.scaffold.err
Tue Jan 27 10:58:24 2026 --- INFO: Goodbye
Tue Jan 27 10:58:25 2026 --- VERSION: RagTag v2.1.0
Tue Jan 27 10:58:25 2026 --- CMD: ragtag.py scaffold /data/okendojo/zebrafish/data/g3/sex_project/t2t_pangenome/asm/GRCz12tu.fasta ww_cbw_1.bp.hap2.p_ctg.fa -w --remove-small -f 1000 -t 32 -o scaffold/ww_cbw_1.bp.hap2.p_ctg
Tue Jan 27 10:58:25 2026 --- WARNING: Without '-u' invoked, some component/object AGP pairs might share the same ID. Some external programs/databases don't like this. To ensure valid AGP format, use '-u'.
Tue Jan 27 10:58:25 2026 --- INFO: Mapping the query genome to the reference genome
Tue Jan 27 10:58:25 2026 --- INFO: Running: minimap2 -x asm5 -t 32 /data/okendojo/zebrafish/data/g3/sex_project/t2t_pangenome/asm/GRCz12tu.fasta /vf/users/okendojo/zebrafish/data/g3/sex_project/asm/haplotypes/ww_cbw_1.bp.hap2.p_ctg.fa > /vf/users/okendojo/zebrafish/data/g3/sex_project/asm/haplotypes/scaffold/ww_cbw_1.bp.hap2.p_ctg/ragtag.scaffold.asm.paf 2> /vf/users/okendojo/zebrafish/data/g3/sex_project/asm/haplotypes/scaffold/ww_cbw_1.bp.hap2.p_ctg/ragtag.scaffold.asm.paf.log
Tue Jan 27 11:01:53 2026 --- INFO: Finished running : minimap2 -x asm5 -t 32 /data/okendojo/zebrafish/data/g3/sex_project/t2t_pangenome/asm/GRCz12tu.fasta /vf/users/okendojo/zebrafish/data/g3/sex_project/asm/haplotypes/ww_cbw_1.bp.hap2.p_ctg.fa > /vf/users/okendojo/zebrafish/data/g3/sex_project/asm/haplotypes/scaffold/ww_cbw_1.bp.hap2.p_ctg/ragtag.scaffold.asm.paf 2> /vf/users/okendojo/zebrafish/data/g3/sex_project/asm/haplotypes/scaffold/ww_cbw_1.bp.hap2.p_ctg/ragtag.scaffold.asm.paf.log
Tue Jan 27 11:01:53 2026 --- INFO: Reading whole genome alignments
Tue Jan 27 11:01:53 2026 --- INFO: Filtering and merging alignments
Tue Jan 27 11:01:53 2026 --- INFO: Ordering and orienting query sequences
Tue Jan 27 11:01:53 2026 --- INFO: Writing scaffolds
Tue Jan 27 11:01:53 2026 --- INFO: Writing: /vf/users/okendojo/zebrafish/data/g3/sex_project/asm/haplotypes/scaffold/ww_cbw_1.bp.hap2.p_ctg/ragtag.scaffold.agp
Tue Jan 27 11:01:56 2026 --- INFO: Running: ragtag_agp2fa.py /vf/users/okendojo/zebrafish/data/g3/sex_project/asm/haplotypes/scaffold/ww_cbw_1.bp.hap2.p_ctg/ragtag.scaffold.agp /vf/users/okendojo/zebrafish/data/g3/sex_project/asm/haplotypes/ww_cbw_1.bp.hap2.p_ctg.fa > /vf/users/okendojo/zebrafish/data/g3/sex_project/asm/haplotypes/scaffold/ww_cbw_1.bp.hap2.p_ctg/ragtag.scaffold.fasta 2> /vf/users/okendojo/zebrafish/data/g3/sex_project/asm/haplotypes/scaffold/ww_cbw_1.bp.hap2.p_ctg/ragtag.scaffold.err
Tue Jan 27 11:01:59 2026 --- INFO: Finished running : ragtag_agp2fa.py /vf/users/okendojo/zebrafish/data/g3/sex_project/asm/haplotypes/scaffold/ww_cbw_1.bp.hap2.p_ctg/ragtag.scaffold.agp /vf/users/okendojo/zebrafish/data/g3/sex_project/asm/haplotypes/ww_cbw_1.bp.hap2.p_ctg.fa > /vf/users/okendojo/zebrafish/data/g3/sex_project/asm/haplotypes/scaffold/ww_cbw_1.bp.hap2.p_ctg/ragtag.scaffold.fasta 2> /vf/users/okendojo/zebrafish/data/g3/sex_project/asm/haplotypes/scaffold/ww_cbw_1.bp.hap2.p_ctg/ragtag.scaffold.err
Tue Jan 27 11:01:59 2026 --- INFO: Running: ragtag_stats.py /vf/users/okendojo/zebrafish/data/g3/sex_project/asm/haplotypes/scaffold/ww_cbw_1.bp.hap2.p_ctg/ragtag.scaffold.agp /vf/users/okendojo/zebrafish/data/g3/sex_project/asm/haplotypes/scaffold/ww_cbw_1.bp.hap2.p_ctg/ragtag.scaffold.confidence.txt > /vf/users/okendojo/zebrafish/data/g3/sex_project/asm/haplotypes/scaffold/ww_cbw_1.bp.hap2.p_ctg/ragtag.scaffold.stats 2> /vf/users/okendojo/zebrafish/data/g3/sex_project/asm/haplotypes/scaffold/ww_cbw_1.bp.hap2.p_ctg/ragtag.scaffold.err
Tue Jan 27 11:01:59 2026 --- INFO: Finished running : ragtag_stats.py /vf/users/okendojo/zebrafish/data/g3/sex_project/asm/haplotypes/scaffold/ww_cbw_1.bp.hap2.p_ctg/ragtag.scaffold.agp /vf/users/okendojo/zebrafish/data/g3/sex_project/asm/haplotypes/scaffold/ww_cbw_1.bp.hap2.p_ctg/ragtag.scaffold.confidence.txt > /vf/users/okendojo/zebrafish/data/g3/sex_project/asm/haplotypes/scaffold/ww_cbw_1.bp.hap2.p_ctg/ragtag.scaffold.stats 2> /vf/users/okendojo/zebrafish/data/g3/sex_project/asm/haplotypes/scaffold/ww_cbw_1.bp.hap2.p_ctg/ragtag.scaffold.err
Tue Jan 27 11:01:59 2026 --- INFO: Goodbye
sed: can't read *.fa: No such file or directory
