[+] Loading singularity  4.3.7  on cn1225 
[+] Loading mbg  1.0.16 
[+] Loading graphaligner  1.0.19 
[+] Loading seqtk  1.4 
[+] Loading winnowmap  2.03 
[+] Loading python 3.10  ... 
[+] Loading snakemake  7.32.4 
[-] Unloading singularity  4.3.7  on cn1225 
[+] Loading singularity  4.3.7  on cn1225 
[+] Loading MashMap  3.1.1 
[+] Loading bwa 0.7.17 on cn1225 
[+] Loading minimap2, version 2.28...
[+] Loading samtools 1.17  ... 
[+] Loading verkko  2.2.1 
Launching snapshot v2.2.1
Using snakemake 7.32.4.
Using profile /usr/local/apps/verkko/2.2.1/lib/verkko/profiles for setting default command line arguments.
Building DAG of jobs...
Using shell: /usr/bin/bash
Provided cluster nodes: 1000
Job stats:
job                            count
---------------------------  -------
buildGraph                         1
buildPackages                      1
buildStore                         1
combineConsensus                   1
combineONT                         1
combineOverlaps                    1
combineOverlapsConfigure           1
combineTipsONT                     1
configureFindErrors                1
correctHiFi                        1
extractONT                         1
fixErrors                          1
generateLayoutContigsInputs        1
layoutContigs                      1
prepareOverlaps                    1
processGraph                       1
processONT                         1
rukki                              1
splitONT                           1
splitTipsONT                       1
untip                              1
verkko                             1
total                             22

Select jobs to execute...

[Wed May  6 12:53:29 2026]
rule buildStore:
    input: /data/okendojo/zebrafish/data/g3/output/meryl/bins/tlwik/hifi/TLWIK_PacBio.fasta.gz
    output: 0-correction/hifi.seqStore
    log: 0-correction/buildStore.err
    jobid: 7
    reason: Missing output files: 0-correction/hifi.seqStore
    resources: mem_mb=118720, mem_mib=113221, disk_mb=118720, disk_mib=113221, tmpdir=<TBD>, job_id=1, n_cpus=1, mem_gb=4, time_h=4

Submitted job 7 with external jobid '18415912'.

[Wed May  6 12:53:34 2026]
checkpoint splitONT:
    input: /data/okendojo/zebrafish/data/g3/output/meryl/bins/tlwik/ont/TLWIK_ONT.fasta.gz
    output: 3-align/splitONT.finished, 3-align/splitONT.ids
    log: 3-align/splitONT.err
    jobid: 13
    reason: Missing output files: 3-align/splitONT.finished
    resources: mem_mb=90833, mem_mib=86626, disk_mb=90833, disk_mib=86626, tmpdir=<TBD>, job_id=1, n_cpus=1, mem_gb=8, time_h=96
DAG of jobs will be updated after completion.

Submitted job 13 with external jobid '18415919'.
No jobs available for user okendojo and/or filters used
Job 18415912 not known (yet) by slurm; will return 'running' by default.
No jobs available for user okendojo and/or filters used
Job 18415919 not known (yet) by slurm; will return 'running' by default.
[Wed May  6 13:23:19 2026]
Finished job 7.
1 of 22 steps (5%) done
Select jobs to execute...

[Wed May  6 13:23:19 2026]
checkpoint prepareOverlaps:
    input: /data/okendojo/zebrafish/data/g3/output/meryl/bins/tlwik/hifi/TLWIK_PacBio.fasta.gz, 0-correction/hifi.seqStore
    output: 0-correction/matchchains.metadata, 0-correction/matchchains.positions
    log: 0-correction/matchchains-index.err
    jobid: 10
    reason: Missing output files: 0-correction/matchchains.metadata, 0-correction/matchchains.positions; Input files updated by another job: 0-correction/hifi.seqStore
    threads: 8
    resources: mem_mb=118720, mem_mib=113221, disk_mb=118720, disk_mib=113221, tmpdir=<TBD>, job_id=1, n_cpus=8, mem_gb=25, time_h=24
DAG of jobs will be updated after completion.

Submitted job 10 with external jobid '18417892'.
No jobs available for user okendojo and/or filters used
Job 18417892 not known (yet) by slurm; will return 'running' by default.
[Wed May  6 13:33:54 2026]
Finished job 13.
2 of 22 steps (9%) done
[Wed May  6 17:14:54 2026]
Finished job 10.
3 of 90 steps (3%) done
Select jobs to execute...

[Wed May  6 17:14:54 2026]
rule computeOverlaps:
    input: 0-correction/matchchains.metadata, 0-correction/matchchains.positions, 0-correction/overlap-jobs/026.id, 0-correction/hifi.seqStore
    output: 0-correction/overlap-jobs/026.ovb
    log: 0-correction/overlap-jobs/026.err
    jobid: 120
    reason: Missing output files: 0-correction/overlap-jobs/026.ovb
    wildcards: nnnn=026
    resources: mem_mb=285297, mem_mib=272081, disk_mb=285297, disk_mib=272081, tmpdir=<TBD>, job_id=1, n_cpus=1, mem_gb=25, time_h=24

Submitted job 120 with external jobid '18447585'.

[Wed May  6 17:14:58 2026]
rule computeOverlaps:
    input: 0-correction/matchchains.metadata, 0-correction/matchchains.positions, 0-correction/overlap-jobs/019.id, 0-correction/hifi.seqStore
    output: 0-correction/overlap-jobs/019.ovb
    log: 0-correction/overlap-jobs/019.err
    jobid: 113
    reason: Missing output files: 0-correction/overlap-jobs/019.ovb
    wildcards: nnnn=019
    resources: mem_mb=285297, mem_mib=272081, disk_mb=285297, disk_mib=272081, tmpdir=<TBD>, job_id=1, n_cpus=1, mem_gb=25, time_h=24

Submitted job 113 with external jobid '18447589'.

[Wed May  6 17:15:01 2026]
rule computeOverlaps:
    input: 0-correction/matchchains.metadata, 0-correction/matchchains.positions, 0-correction/overlap-jobs/010.id, 0-correction/hifi.seqStore
    output: 0-correction/overlap-jobs/010.ovb
    log: 0-correction/overlap-jobs/010.err
    jobid: 104
    reason: Missing output files: 0-correction/overlap-jobs/010.ovb
    wildcards: nnnn=010
    resources: mem_mb=285297, mem_mib=272081, disk_mb=285297, disk_mib=272081, tmpdir=<TBD>, job_id=1, n_cpus=1, mem_gb=25, time_h=24

Submitted job 104 with external jobid '18447595'.

[Wed May  6 17:15:05 2026]
rule computeOverlaps:
    input: 0-correction/matchchains.metadata, 0-correction/matchchains.positions, 0-correction/overlap-jobs/004.id, 0-correction/hifi.seqStore
    output: 0-correction/overlap-jobs/004.ovb
    log: 0-correction/overlap-jobs/004.err
    jobid: 98
    reason: Missing output files: 0-correction/overlap-jobs/004.ovb
    wildcards: nnnn=004
    resources: mem_mb=285297, mem_mib=272081, disk_mb=285297, disk_mib=272081, tmpdir=<TBD>, job_id=1, n_cpus=1, mem_gb=25, time_h=24

No jobs available for user okendojo and/or filters used
Submitted job 98 with external jobid '18447599'.

[Wed May  6 17:15:08 2026]
rule computeOverlaps:
    input: 0-correction/matchchains.metadata, 0-correction/matchchains.positions, 0-correction/overlap-jobs/011.id, 0-correction/hifi.seqStore
    output: 0-correction/overlap-jobs/011.ovb
    log: 0-correction/overlap-jobs/011.err
    jobid: 105
    reason: Missing output files: 0-correction/overlap-jobs/011.ovb
    wildcards: nnnn=011
    resources: mem_mb=285297, mem_mib=272081, disk_mb=285297, disk_mib=272081, tmpdir=<TBD>, job_id=1, n_cpus=1, mem_gb=25, time_h=24

Job 18447585 not known (yet) by slurm; will return 'running' by default.
No jobs available for user okendojo and/or filters used
Submitted job 105 with external jobid '18447605'.

[Wed May  6 17:15:11 2026]
rule computeOverlaps:
    input: 0-correction/matchchains.metadata, 0-correction/matchchains.positions, 0-correction/overlap-jobs/027.id, 0-correction/hifi.seqStore
    output: 0-correction/overlap-jobs/027.ovb
    log: 0-correction/overlap-jobs/027.err
    jobid: 121
    reason: Missing output files: 0-correction/overlap-jobs/027.ovb
    wildcards: nnnn=027
    resources: mem_mb=285297, mem_mib=272081, disk_mb=285297, disk_mib=272081, tmpdir=<TBD>, job_id=1, n_cpus=1, mem_gb=25, time_h=24

Job 18447589 not known (yet) by slurm; will return 'running' by default.
Submitted job 121 with external jobid '18447609'.

[Wed May  6 17:15:15 2026]
rule computeOverlaps:
    input: 0-correction/matchchains.metadata, 0-correction/matchchains.positions, 0-correction/overlap-jobs/020.id, 0-correction/hifi.seqStore
    output: 0-correction/overlap-jobs/020.ovb
    log: 0-correction/overlap-jobs/020.err
    jobid: 114
    reason: Missing output files: 0-correction/overlap-jobs/020.ovb
    wildcards: nnnn=020
    resources: mem_mb=285297, mem_mib=272081, disk_mb=285297, disk_mib=272081, tmpdir=<TBD>, job_id=1, n_cpus=1, mem_gb=25, time_h=24

Submitted job 114 with external jobid '18447614'.

[Wed May  6 17:15:18 2026]
rule computeOverlaps:
    input: 0-correction/matchchains.metadata, 0-correction/matchchains.positions, 0-correction/overlap-jobs/013.id, 0-correction/hifi.seqStore
    output: 0-correction/overlap-jobs/013.ovb
    log: 0-correction/overlap-jobs/013.err
    jobid: 107
    reason: Missing output files: 0-correction/overlap-jobs/013.ovb
    wildcards: nnnn=013
    resources: mem_mb=285297, mem_mib=272081, disk_mb=285297, disk_mib=272081, tmpdir=<TBD>, job_id=1, n_cpus=1, mem_gb=25, time_h=24

Submitted job 107 with external jobid '18447619'.

[Wed May  6 17:15:21 2026]
rule computeOverlaps:
    input: 0-correction/matchchains.metadata, 0-correction/matchchains.positions, 0-correction/overlap-jobs/007.id, 0-correction/hifi.seqStore
    output: 0-correction/overlap-jobs/007.ovb
    log: 0-correction/overlap-jobs/007.err
    jobid: 101
    reason: Missing output files: 0-correction/overlap-jobs/007.ovb
    wildcards: nnnn=007
    resources: mem_mb=285297, mem_mib=272081, disk_mb=285297, disk_mib=272081, tmpdir=<TBD>, job_id=1, n_cpus=1, mem_gb=25, time_h=24

Submitted job 101 with external jobid '18447623'.

[Wed May  6 17:15:24 2026]
rule computeOverlaps:
    input: 0-correction/matchchains.metadata, 0-correction/matchchains.positions, 0-correction/overlap-jobs/008.id, 0-correction/hifi.seqStore
    output: 0-correction/overlap-jobs/008.ovb
    log: 0-correction/overlap-jobs/008.err
    jobid: 102
    reason: Missing output files: 0-correction/overlap-jobs/008.ovb
    wildcards: nnnn=008
    resources: mem_mb=285297, mem_mib=272081, disk_mb=285297, disk_mib=272081, tmpdir=<TBD>, job_id=1, n_cpus=1, mem_gb=25, time_h=24

Submitted job 102 with external jobid '18447627'.

[Wed May  6 17:15:27 2026]
rule computeOverlaps:
    input: 0-correction/matchchains.metadata, 0-correction/matchchains.positions, 0-correction/overlap-jobs/028.id, 0-correction/hifi.seqStore
    output: 0-correction/overlap-jobs/028.ovb
    log: 0-correction/overlap-jobs/028.err
    jobid: 122
    reason: Missing output files: 0-correction/overlap-jobs/028.ovb
    wildcards: nnnn=028
    resources: mem_mb=285297, mem_mib=272081, disk_mb=285297, disk_mib=272081, tmpdir=<TBD>, job_id=1, n_cpus=1, mem_gb=25, time_h=24

Submitted job 122 with external jobid '18447631'.

[Wed May  6 17:15:31 2026]
rule computeOverlaps:
    input: 0-correction/matchchains.metadata, 0-correction/matchchains.positions, 0-correction/overlap-jobs/021.id, 0-correction/hifi.seqStore
    output: 0-correction/overlap-jobs/021.ovb
    log: 0-correction/overlap-jobs/021.err
    jobid: 115
    reason: Missing output files: 0-correction/overlap-jobs/021.ovb
    wildcards: nnnn=021
    resources: mem_mb=285297, mem_mib=272081, disk_mb=285297, disk_mib=272081, tmpdir=<TBD>, job_id=1, n_cpus=1, mem_gb=25, time_h=24

Submitted job 115 with external jobid '18447634'.

[Wed May  6 17:15:34 2026]
rule computeOverlaps:
    input: 0-correction/matchchains.metadata, 0-correction/matchchains.positions, 0-correction/overlap-jobs/014.id, 0-correction/hifi.seqStore
    output: 0-correction/overlap-jobs/014.ovb
    log: 0-correction/overlap-jobs/014.err
    jobid: 108
    reason: Missing output files: 0-correction/overlap-jobs/014.ovb
    wildcards: nnnn=014
    resources: mem_mb=285297, mem_mib=272081, disk_mb=285297, disk_mib=272081, tmpdir=<TBD>, job_id=1, n_cpus=1, mem_gb=25, time_h=24

Submitted job 108 with external jobid '18447638'.

[Wed May  6 17:15:37 2026]
rule computeOverlaps:
    input: 0-correction/matchchains.metadata, 0-correction/matchchains.positions, 0-correction/overlap-jobs/005.id, 0-correction/hifi.seqStore
    output: 0-correction/overlap-jobs/005.ovb
    log: 0-correction/overlap-jobs/005.err
    jobid: 99
    reason: Missing output files: 0-correction/overlap-jobs/005.ovb
    wildcards: nnnn=005
    resources: mem_mb=285297, mem_mib=272081, disk_mb=285297, disk_mib=272081, tmpdir=<TBD>, job_id=1, n_cpus=1, mem_gb=25, time_h=24

No jobs available for user okendojo and/or filters used
Job 18447614 not known (yet) by slurm; will return 'running' by default.
Submitted job 99 with external jobid '18447643'.

[Wed May  6 17:15:40 2026]
rule computeOverlaps:
    input: 0-correction/matchchains.metadata, 0-correction/matchchains.positions, 0-correction/overlap-jobs/000.id, 0-correction/hifi.seqStore
    output: 0-correction/overlap-jobs/000.ovb
    log: 0-correction/overlap-jobs/000.err
    jobid: 94
    reason: Missing output files: 0-correction/overlap-jobs/000.ovb
    wildcards: nnnn=000
    resources: mem_mb=285297, mem_mib=272081, disk_mb=285297, disk_mib=272081, tmpdir=<TBD>, job_id=1, n_cpus=1, mem_gb=25, time_h=24

No jobs available for user okendojo and/or filters used
Submitted job 94 with external jobid '18447647'.

[Wed May  6 17:15:44 2026]
rule computeOverlaps:
    input: 0-correction/matchchains.metadata, 0-correction/matchchains.positions, 0-correction/overlap-jobs/029.id, 0-correction/hifi.seqStore
    output: 0-correction/overlap-jobs/029.ovb
    log: 0-correction/overlap-jobs/029.err
    jobid: 123
    reason: Missing output files: 0-correction/overlap-jobs/029.ovb
    wildcards: nnnn=029
    resources: mem_mb=285297, mem_mib=272081, disk_mb=285297, disk_mib=272081, tmpdir=<TBD>, job_id=1, n_cpus=1, mem_gb=25, time_h=24

Job 18447619 not known (yet) by slurm; will return 'running' by default.
Submitted job 123 with external jobid '18447651'.

[Wed May  6 17:15:47 2026]
rule computeOverlaps:
    input: 0-correction/matchchains.metadata, 0-correction/matchchains.positions, 0-correction/overlap-jobs/022.id, 0-correction/hifi.seqStore
    output: 0-correction/overlap-jobs/022.ovb
    log: 0-correction/overlap-jobs/022.err
    jobid: 116
    reason: Missing output files: 0-correction/overlap-jobs/022.ovb
    wildcards: nnnn=022
    resources: mem_mb=285297, mem_mib=272081, disk_mb=285297, disk_mib=272081, tmpdir=<TBD>, job_id=1, n_cpus=1, mem_gb=25, time_h=24

Submitted job 116 with external jobid '18447655'.

[Wed May  6 17:15:50 2026]
rule computeOverlaps:
    input: 0-correction/matchchains.metadata, 0-correction/matchchains.positions, 0-correction/overlap-jobs/015.id, 0-correction/hifi.seqStore
    output: 0-correction/overlap-jobs/015.ovb
    log: 0-correction/overlap-jobs/015.err
    jobid: 109
    reason: Missing output files: 0-correction/overlap-jobs/015.ovb
    wildcards: nnnn=015
    resources: mem_mb=285297, mem_mib=272081, disk_mb=285297, disk_mib=272081, tmpdir=<TBD>, job_id=1, n_cpus=1, mem_gb=25, time_h=24

Submitted job 109 with external jobid '18447659'.

[Wed May  6 17:15:53 2026]
rule computeOverlaps:
    input: 0-correction/matchchains.metadata, 0-correction/matchchains.positions, 0-correction/overlap-jobs/012.id, 0-correction/hifi.seqStore
    output: 0-correction/overlap-jobs/012.ovb
    log: 0-correction/overlap-jobs/012.err
    jobid: 106
    reason: Missing output files: 0-correction/overlap-jobs/012.ovb
    wildcards: nnnn=012
    resources: mem_mb=285297, mem_mib=272081, disk_mb=285297, disk_mib=272081, tmpdir=<TBD>, job_id=1, n_cpus=1, mem_gb=25, time_h=24

Submitted job 106 with external jobid '18447663'.

[Wed May  6 17:15:56 2026]
rule computeOverlaps:
    input: 0-correction/matchchains.metadata, 0-correction/matchchains.positions, 0-correction/overlap-jobs/002.id, 0-correction/hifi.seqStore
    output: 0-correction/overlap-jobs/002.ovb
    log: 0-correction/overlap-jobs/002.err
    jobid: 96
    reason: Missing output files: 0-correction/overlap-jobs/002.ovb
    wildcards: nnnn=002
    resources: mem_mb=285297, mem_mib=272081, disk_mb=285297, disk_mib=272081, tmpdir=<TBD>, job_id=1, n_cpus=1, mem_gb=25, time_h=24

Submitted job 96 with external jobid '18447669'.

[Wed May  6 17:16:00 2026]
rule computeOverlaps:
    input: 0-correction/matchchains.metadata, 0-correction/matchchains.positions, 0-correction/overlap-jobs/030.id, 0-correction/hifi.seqStore
    output: 0-correction/overlap-jobs/030.ovb
    log: 0-correction/overlap-jobs/030.err
    jobid: 124
    reason: Missing output files: 0-correction/overlap-jobs/030.ovb
    wildcards: nnnn=030
    resources: mem_mb=285297, mem_mib=272081, disk_mb=285297, disk_mib=272081, tmpdir=<TBD>, job_id=1, n_cpus=1, mem_gb=25, time_h=24

Submitted job 124 with external jobid '18447674'.

[Wed May  6 17:16:03 2026]
rule computeOverlaps:
    input: 0-correction/matchchains.metadata, 0-correction/matchchains.positions, 0-correction/overlap-jobs/023.id, 0-correction/hifi.seqStore
    output: 0-correction/overlap-jobs/023.ovb
    log: 0-correction/overlap-jobs/023.err
    jobid: 117
    reason: Missing output files: 0-correction/overlap-jobs/023.ovb
    wildcards: nnnn=023
    resources: mem_mb=285297, mem_mib=272081, disk_mb=285297, disk_mib=272081, tmpdir=<TBD>, job_id=1, n_cpus=1, mem_gb=25, time_h=24

Submitted job 117 with external jobid '18447678'.

[Wed May  6 17:16:06 2026]
rule computeOverlaps:
    input: 0-correction/matchchains.metadata, 0-correction/matchchains.positions, 0-correction/overlap-jobs/016.id, 0-correction/hifi.seqStore
    output: 0-correction/overlap-jobs/016.ovb
    log: 0-correction/overlap-jobs/016.err
    jobid: 110
    reason: Missing output files: 0-correction/overlap-jobs/016.ovb
    wildcards: nnnn=016
    resources: mem_mb=285297, mem_mib=272081, disk_mb=285297, disk_mib=272081, tmpdir=<TBD>, job_id=1, n_cpus=1, mem_gb=25, time_h=24

Submitted job 110 with external jobid '18447682'.

[Wed May  6 17:16:10 2026]
rule computeOverlaps:
    input: 0-correction/matchchains.metadata, 0-correction/matchchains.positions, 0-correction/overlap-jobs/006.id, 0-correction/hifi.seqStore
    output: 0-correction/overlap-jobs/006.ovb
    log: 0-correction/overlap-jobs/006.err
    jobid: 100
    reason: Missing output files: 0-correction/overlap-jobs/006.ovb
    wildcards: nnnn=006
    resources: mem_mb=285297, mem_mib=272081, disk_mb=285297, disk_mib=272081, tmpdir=<TBD>, job_id=1, n_cpus=1, mem_gb=25, time_h=24

Submitted job 100 with external jobid '18447686'.

[Wed May  6 17:16:13 2026]
rule computeOverlaps:
    input: 0-correction/matchchains.metadata, 0-correction/matchchains.positions, 0-correction/overlap-jobs/001.id, 0-correction/hifi.seqStore
    output: 0-correction/overlap-jobs/001.ovb
    log: 0-correction/overlap-jobs/001.err
    jobid: 95
    reason: Missing output files: 0-correction/overlap-jobs/001.ovb
    wildcards: nnnn=001
    resources: mem_mb=285297, mem_mib=272081, disk_mb=285297, disk_mib=272081, tmpdir=<TBD>, job_id=1, n_cpus=1, mem_gb=25, time_h=24

Submitted job 95 with external jobid '18447689'.

[Wed May  6 17:16:16 2026]
rule computeOverlaps:
    input: 0-correction/matchchains.metadata, 0-correction/matchchains.positions, 0-correction/overlap-jobs/031.id, 0-correction/hifi.seqStore
    output: 0-correction/overlap-jobs/031.ovb
    log: 0-correction/overlap-jobs/031.err
    jobid: 125
    reason: Missing output files: 0-correction/overlap-jobs/031.ovb
    wildcards: nnnn=031
    resources: mem_mb=285297, mem_mib=272081, disk_mb=285297, disk_mib=272081, tmpdir=<TBD>, job_id=1, n_cpus=1, mem_gb=25, time_h=24

Submitted job 125 with external jobid '18447718'.

[Wed May  6 17:16:21 2026]
rule computeOverlaps:
    input: 0-correction/matchchains.metadata, 0-correction/matchchains.positions, 0-correction/overlap-jobs/024.id, 0-correction/hifi.seqStore
    output: 0-correction/overlap-jobs/024.ovb
    log: 0-correction/overlap-jobs/024.err
    jobid: 118
    reason: Missing output files: 0-correction/overlap-jobs/024.ovb
    wildcards: nnnn=024
    resources: mem_mb=285297, mem_mib=272081, disk_mb=285297, disk_mib=272081, tmpdir=<TBD>, job_id=1, n_cpus=1, mem_gb=25, time_h=24

Submitted job 118 with external jobid '18447723'.

[Wed May  6 17:16:26 2026]
rule computeOverlaps:
    input: 0-correction/matchchains.metadata, 0-correction/matchchains.positions, 0-correction/overlap-jobs/017.id, 0-correction/hifi.seqStore
    output: 0-correction/overlap-jobs/017.ovb
    log: 0-correction/overlap-jobs/017.err
    jobid: 111
    reason: Missing output files: 0-correction/overlap-jobs/017.ovb
    wildcards: nnnn=017
    resources: mem_mb=285297, mem_mib=272081, disk_mb=285297, disk_mib=272081, tmpdir=<TBD>, job_id=1, n_cpus=1, mem_gb=25, time_h=24

Submitted job 111 with external jobid '18447726'.

[Wed May  6 17:16:31 2026]
rule computeOverlaps:
    input: 0-correction/matchchains.metadata, 0-correction/matchchains.positions, 0-correction/overlap-jobs/009.id, 0-correction/hifi.seqStore
    output: 0-correction/overlap-jobs/009.ovb
    log: 0-correction/overlap-jobs/009.err
    jobid: 103
    reason: Missing output files: 0-correction/overlap-jobs/009.ovb
    wildcards: nnnn=009
    resources: mem_mb=285297, mem_mib=272081, disk_mb=285297, disk_mib=272081, tmpdir=<TBD>, job_id=1, n_cpus=1, mem_gb=25, time_h=24

Submitted job 103 with external jobid '18447754'.

[Wed May  6 17:16:34 2026]
rule computeOverlaps:
    input: 0-correction/matchchains.metadata, 0-correction/matchchains.positions, 0-correction/overlap-jobs/025.id, 0-correction/hifi.seqStore
    output: 0-correction/overlap-jobs/025.ovb
    log: 0-correction/overlap-jobs/025.err
    jobid: 119
    reason: Missing output files: 0-correction/overlap-jobs/025.ovb
    wildcards: nnnn=025
    resources: mem_mb=285297, mem_mib=272081, disk_mb=285297, disk_mib=272081, tmpdir=<TBD>, job_id=1, n_cpus=1, mem_gb=25, time_h=24

Submitted job 119 with external jobid '18447759'.

[Wed May  6 17:16:37 2026]
rule computeOverlaps:
    input: 0-correction/matchchains.metadata, 0-correction/matchchains.positions, 0-correction/overlap-jobs/018.id, 0-correction/hifi.seqStore
    output: 0-correction/overlap-jobs/018.ovb
    log: 0-correction/overlap-jobs/018.err
    jobid: 112
    reason: Missing output files: 0-correction/overlap-jobs/018.ovb
    wildcards: nnnn=018
    resources: mem_mb=285297, mem_mib=272081, disk_mb=285297, disk_mib=272081, tmpdir=<TBD>, job_id=1, n_cpus=1, mem_gb=25, time_h=24

Submitted job 112 with external jobid '18447764'.

[Wed May  6 17:16:40 2026]
rule computeOverlaps:
    input: 0-correction/matchchains.metadata, 0-correction/matchchains.positions, 0-correction/overlap-jobs/003.id, 0-correction/hifi.seqStore
    output: 0-correction/overlap-jobs/003.ovb
    log: 0-correction/overlap-jobs/003.err
    jobid: 97
    reason: Missing output files: 0-correction/overlap-jobs/003.ovb
    wildcards: nnnn=003
    resources: mem_mb=285297, mem_mib=272081, disk_mb=285297, disk_mib=272081, tmpdir=<TBD>, job_id=1, n_cpus=1, mem_gb=25, time_h=24

Submitted job 97 with external jobid '18447768'.
[Wed May  6 18:10:18 2026]
Finished job 97.
4 of 122 steps (3%) done
[Wed May  6 18:13:33 2026]
Finished job 94.
5 of 122 steps (4%) done
[Wed May  6 18:13:37 2026]
Finished job 98.
6 of 122 steps (5%) done
[Wed May  6 18:13:40 2026]
Finished job 105.
7 of 122 steps (6%) done
[Wed May  6 18:13:50 2026]
Finished job 107.
8 of 122 steps (7%) done
[Wed May  6 18:13:59 2026]
Finished job 103.
9 of 122 steps (7%) done
[Wed May  6 18:14:48 2026]
Finished job 99.
10 of 122 steps (8%) done
[Wed May  6 18:14:53 2026]
Finished job 120.
11 of 122 steps (9%) done
[Wed May  6 18:15:44 2026]
Finished job 101.
12 of 122 steps (10%) done
[Wed May  6 18:15:59 2026]
Finished job 121.
13 of 122 steps (11%) done
[Wed May  6 18:16:10 2026]
Finished job 119.
14 of 122 steps (11%) done
[Wed May  6 18:16:59 2026]
Finished job 114.
15 of 122 steps (12%) done
[Wed May  6 18:18:15 2026]
Finished job 96.
16 of 122 steps (13%) done
[Wed May  6 18:18:48 2026]
Finished job 104.
17 of 122 steps (14%) done
[Wed May  6 18:18:52 2026]
Finished job 123.
18 of 122 steps (15%) done
[Wed May  6 18:18:59 2026]
Finished job 112.
19 of 122 steps (16%) done
[Wed May  6 18:19:28 2026]
Finished job 111.
20 of 122 steps (16%) done
[Wed May  6 18:20:06 2026]
Finished job 95.
21 of 122 steps (17%) done
[Wed May  6 18:20:19 2026]
Finished job 108.
22 of 122 steps (18%) done
[Wed May  6 18:21:25 2026]
Finished job 100.
23 of 122 steps (19%) done
[Wed May  6 18:21:27 2026]
Finished job 125.
24 of 122 steps (20%) done
[Wed May  6 18:21:55 2026]
Finished job 106.
25 of 122 steps (20%) done
[Wed May  6 18:22:14 2026]
Finished job 116.
26 of 122 steps (21%) done
[Wed May  6 18:24:41 2026]
Finished job 102.
27 of 122 steps (22%) done
[Wed May  6 18:25:17 2026]
Finished job 109.
28 of 122 steps (23%) done
[Wed May  6 18:25:38 2026]
Finished job 122.
29 of 122 steps (24%) done
[Wed May  6 18:25:40 2026]
Finished job 115.
30 of 122 steps (25%) done
[Wed May  6 18:27:24 2026]
Finished job 118.
31 of 122 steps (25%) done
[Wed May  6 18:28:23 2026]
Finished job 113.
32 of 122 steps (26%) done
[Wed May  6 18:29:30 2026]
Finished job 124.
33 of 122 steps (27%) done
[Wed May  6 18:31:55 2026]
Finished job 117.
34 of 122 steps (28%) done
[Wed May  6 18:41:19 2026]
Finished job 110.
35 of 122 steps (29%) done
Select jobs to execute...

[Wed May  6 18:41:19 2026]
rule combineOverlapsConfigure:
    input: 0-correction/matchchains.metadata, 0-correction/matchchains.positions, 0-correction/hifi.seqStore, 0-correction/overlap-jobs/000.ovb, 0-correction/overlap-jobs/001.ovb, 0-correction/overlap-jobs/002.ovb, 0-correction/overlap-jobs/003.ovb, 0-correction/overlap-jobs/004.ovb, 0-correction/overlap-jobs/005.ovb, 0-correction/overlap-jobs/006.ovb, 0-correction/overlap-jobs/007.ovb, 0-correction/overlap-jobs/008.ovb, 0-correction/overlap-jobs/009.ovb, 0-correction/overlap-jobs/010.ovb, 0-correction/overlap-jobs/011.ovb, 0-correction/overlap-jobs/012.ovb, 0-correction/overlap-jobs/013.ovb, 0-correction/overlap-jobs/014.ovb, 0-correction/overlap-jobs/015.ovb, 0-correction/overlap-jobs/016.ovb, 0-correction/overlap-jobs/017.ovb, 0-correction/overlap-jobs/018.ovb, 0-correction/overlap-jobs/019.ovb, 0-correction/overlap-jobs/020.ovb, 0-correction/overlap-jobs/021.ovb, 0-correction/overlap-jobs/022.ovb, 0-correction/overlap-jobs/023.ovb, 0-correction/overlap-jobs/024.ovb, 0-correction/overlap-jobs/025.ovb, 0-correction/overlap-jobs/026.ovb, 0-correction/overlap-jobs/027.ovb, 0-correction/overlap-jobs/028.ovb, 0-correction/overlap-jobs/029.ovb, 0-correction/overlap-jobs/030.ovb, 0-correction/overlap-jobs/031.ovb
    output: 0-correction/hifi.ovlStore.config, 0-correction/hifi.ovlStore.config.memory-request
    log: 0-correction/combineOverlapsConfigure.err
    jobid: 9
    reason: Missing output files: 0-correction/hifi.ovlStore.config, 0-correction/hifi.ovlStore.config.memory-request; Input files updated by another job: 0-correction/overlap-jobs/016.ovb, 0-correction/overlap-jobs/027.ovb, 0-correction/overlap-jobs/001.ovb, 0-correction/overlap-jobs/014.ovb, 0-correction/overlap-jobs/012.ovb, 0-correction/overlap-jobs/021.ovb, 0-correction/overlap-jobs/009.ovb, 0-correction/overlap-jobs/008.ovb, 0-correction/overlap-jobs/015.ovb, 0-correction/overlap-jobs/019.ovb, 0-correction/overlap-jobs/011.ovb, 0-correction/overlap-jobs/003.ovb, 0-correction/overlap-jobs/025.ovb, 0-correction/overlap-jobs/026.ovb, 0-correction/overlap-jobs/030.ovb, 0-correction/overlap-jobs/007.ovb, 0-correction/overlap-jobs/000.ovb, 0-correction/overlap-jobs/002.ovb, 0-correction/overlap-jobs/018.ovb, 0-correction/overlap-jobs/005.ovb, 0-correction/overlap-jobs/004.ovb, 0-correction/overlap-jobs/020.ovb, 0-correction/overlap-jobs/028.ovb, 0-correction/overlap-jobs/017.ovb, 0-correction/overlap-jobs/029.ovb, 0-correction/overlap-jobs/023.ovb, 0-correction/overlap-jobs/031.ovb, 0-correction/overlap-jobs/006.ovb, 0-correction/overlap-jobs/013.ovb, 0-correction/overlap-jobs/024.ovb, 0-correction/overlap-jobs/010.ovb, 0-correction/overlap-jobs/022.ovb
    resources: mem_mb=315636, mem_mib=301014, disk_mb=315636, disk_mib=301014, tmpdir=<TBD>, job_id=1, n_cpus=1, mem_gb=128, time_h=12

Submitted job 9 with external jobid '18452487'.
No jobs available for user okendojo and/or filters used
Job 18452487 not known (yet) by slurm; will return 'running' by default.
No jobs available for user okendojo and/or filters used
Job 18452487 not known (yet) by slurm; will return 'running' by default.
[Wed May  6 18:42:24 2026]
Finished job 9.
36 of 122 steps (30%) done
Select jobs to execute...

[Wed May  6 18:42:24 2026]
rule combineOverlaps:
    input: 0-correction/hifi.seqStore, 0-correction/hifi.ovlStore.config, 0-correction/hifi.ovlStore.config.memory-request
    output: 0-correction/hifi.ovlStore
    log: 0-correction/combineOverlaps.err
    jobid: 8
    reason: Missing output files: 0-correction/hifi.ovlStore; Input files updated by another job: 0-correction/hifi.seqStore, 0-correction/hifi.ovlStore.config, 0-correction/hifi.ovlStore.config.memory-request
    resources: mem_mb=1000, mem_mib=954, disk_mb=1000, disk_mib=954, tmpdir=<TBD>, job_id=1, n_cpus=1, mem_gb=39, time_h=12

Submitted job 8 with external jobid '18452519'.
No jobs available for user okendojo and/or filters used
Job 18452519 not known (yet) by slurm; will return 'running' by default.
[Wed May  6 18:48:20 2026]
Finished job 8.
37 of 122 steps (30%) done
Select jobs to execute...

[Wed May  6 18:48:20 2026]
localcheckpoint configureFindErrors:
    input: 0-correction/hifi.seqStore, 0-correction/hifi.ovlStore
    output: 0-correction/configureFindErrors.finished
    log: 0-correction/configureFindErrors.err
    jobid: 11
    reason: Missing output files: 0-correction/configureFindErrors.finished; Input files updated by another job: 0-correction/hifi.ovlStore, 0-correction/hifi.seqStore
    resources: mem_mb=1000, mem_mib=954, disk_mb=1000, disk_mib=954, tmpdir=/tmp, job_id=1, n_cpus=1, mem_gb=1, time_h=1
DAG of jobs will be updated after completion.

[Wed May  6 18:48:31 2026]
Finished job 11.
38 of 122 steps (31%) done
Select jobs to execute...

[Wed May  6 18:48:32 2026]
rule computeErrors:
    input: 0-correction/hifi.seqStore, 0-correction/hifi.ovlStore, 0-correction/find-errors-jobs/0202.range, 0-correction/configureFindErrors.finished
    output: 0-correction/find-errors-jobs/0202.red
    log: 0-correction/find-errors-jobs/0202.err
    jobid: 328
    reason: Missing output files: 0-correction/find-errors-jobs/0202.red
    wildcards: nnnn=0202
    threads: 4
    resources: mem_mb=1000, mem_mib=954, disk_mb=1000, disk_mib=954, tmpdir=<TBD>, job_id=1, n_cpus=4, mem_gb=32, time_h=4

Submitted job 328 with external jobid '18452639'.

[Wed May  6 18:48:35 2026]
rule computeErrors:
    input: 0-correction/hifi.seqStore, 0-correction/hifi.ovlStore, 0-correction/find-errors-jobs/0090.range, 0-correction/configureFindErrors.finished
    output: 0-correction/find-errors-jobs/0090.red
    log: 0-correction/find-errors-jobs/0090.err
    jobid: 216
    reason: Missing output files: 0-correction/find-errors-jobs/0090.red
    wildcards: nnnn=0090
    threads: 4
    resources: mem_mb=1000, mem_mib=954, disk_mb=1000, disk_mib=954, tmpdir=<TBD>, job_id=1, n_cpus=4, mem_gb=32, time_h=4

Submitted job 216 with external jobid '18452642'.

[Wed May  6 18:48:38 2026]
rule computeErrors:
    input: 0-correction/hifi.seqStore, 0-correction/hifi.ovlStore, 0-correction/find-errors-jobs/0034.range, 0-correction/configureFindErrors.finished
    output: 0-correction/find-errors-jobs/0034.red
    log: 0-correction/find-errors-jobs/0034.err
    jobid: 160
    reason: Missing output files: 0-correction/find-errors-jobs/0034.red
    wildcards: nnnn=0034
    threads: 4
    resources: mem_mb=1000, mem_mib=954, disk_mb=1000, disk_mib=954, tmpdir=<TBD>, job_id=1, n_cpus=4, mem_gb=32, time_h=4

Submitted job 160 with external jobid '18452647'.

[Wed May  6 18:48:42 2026]
rule computeErrors:
    input: 0-correction/hifi.seqStore, 0-correction/hifi.ovlStore, 0-correction/find-errors-jobs/0035.range, 0-correction/configureFindErrors.finished
    output: 0-correction/find-errors-jobs/0035.red
    log: 0-correction/find-errors-jobs/0035.err
    jobid: 161
    reason: Missing output files: 0-correction/find-errors-jobs/0035.red
    wildcards: nnnn=0035
    threads: 4
    resources: mem_mb=1000, mem_mib=954, disk_mb=1000, disk_mib=954, tmpdir=<TBD>, job_id=1, n_cpus=4, mem_gb=32, time_h=4

No jobs available for user okendojo and/or filters used
Job 18452639 not known (yet) by slurm; will return 'running' by default.
Submitted job 161 with external jobid '18452652'.

[Wed May  6 18:48:45 2026]
rule computeErrors:
    input: 0-correction/hifi.seqStore, 0-correction/hifi.ovlStore, 0-correction/find-errors-jobs/0203.range, 0-correction/configureFindErrors.finished
    output: 0-correction/find-errors-jobs/0203.red
    log: 0-correction/find-errors-jobs/0203.err
    jobid: 329
    reason: Missing output files: 0-correction/find-errors-jobs/0203.red
    wildcards: nnnn=0203
    threads: 4
    resources: mem_mb=1000, mem_mib=954, disk_mb=1000, disk_mib=954, tmpdir=<TBD>, job_id=1, n_cpus=4, mem_gb=32, time_h=4

No jobs available for user okendojo and/or filters used
Job 18452642 not known (yet) by slurm; will return 'running' by default.
Submitted job 329 with external jobid '18452654'.

[Wed May  6 18:48:48 2026]
rule computeErrors:
    input: 0-correction/hifi.seqStore, 0-correction/hifi.ovlStore, 0-correction/find-errors-jobs/0091.range, 0-correction/configureFindErrors.finished
    output: 0-correction/find-errors-jobs/0091.red
    log: 0-correction/find-errors-jobs/0091.err
    jobid: 217
    reason: Missing output files: 0-correction/find-errors-jobs/0091.red
    wildcards: nnnn=0091
    threads: 4
    resources: mem_mb=1000, mem_mib=954, disk_mb=1000, disk_mib=954, tmpdir=<TBD>, job_id=1, n_cpus=4, mem_gb=32, time_h=4

Submitted job 217 with external jobid '18452655'.

[Wed May  6 18:48:52 2026]
rule computeErrors:
    input: 0-correction/hifi.seqStore, 0-correction/hifi.ovlStore, 0-correction/find-errors-jobs/0036.range, 0-correction/configureFindErrors.finished
    output: 0-correction/find-errors-jobs/0036.red
    log: 0-correction/find-errors-jobs/0036.err
    jobid: 162
    reason: Missing output files: 0-correction/find-errors-jobs/0036.red
    wildcards: nnnn=0036
    threads: 4
    resources: mem_mb=1000, mem_mib=954, disk_mb=1000, disk_mib=954, tmpdir=<TBD>, job_id=1, n_cpus=4, mem_gb=32, time_h=4

Submitted job 162 with external jobid '18452656'.

[Wed May  6 18:48:57 2026]
rule computeErrors:
    input: 0-correction/hifi.seqStore, 0-correction/hifi.ovlStore, 0-correction/find-errors-jobs/0092.range, 0-correction/configureFindErrors.finished
    output: 0-correction/find-errors-jobs/0092.red
    log: 0-correction/find-errors-jobs/0092.err
    jobid: 218
    reason: Missing output files: 0-correction/find-errors-jobs/0092.red
    wildcards: nnnn=0092
    threads: 4
    resources: mem_mb=1000, mem_mib=954, disk_mb=1000, disk_mib=954, tmpdir=<TBD>, job_id=1, n_cpus=4, mem_gb=32, time_h=4

Submitted job 218 with external jobid '18452657'.

[Wed May  6 18:49:02 2026]
rule computeErrors:
    input: 0-correction/hifi.seqStore, 0-correction/hifi.ovlStore, 0-correction/find-errors-jobs/0204.range, 0-correction/configureFindErrors.finished
    output: 0-correction/find-errors-jobs/0204.red
    log: 0-correction/find-errors-jobs/0204.err
    jobid: 330
    reason: Missing output files: 0-correction/find-errors-jobs/0204.red
    wildcards: nnnn=0204
    threads: 4
    resources: mem_mb=1000, mem_mib=954, disk_mb=1000, disk_mib=954, tmpdir=<TBD>, job_id=1, n_cpus=4, mem_gb=32, time_h=4

Submitted job 330 with external jobid '18452668'.

[Wed May  6 18:49:05 2026]
rule computeErrors:
    input: 0-correction/hifi.seqStore, 0-correction/hifi.ovlStore, 0-correction/find-errors-jobs/0037.range, 0-correction/configureFindErrors.finished
    output: 0-correction/find-errors-jobs/0037.red
    log: 0-correction/find-errors-jobs/0037.err
    jobid: 163
    reason: Missing output files: 0-correction/find-errors-jobs/0037.red
    wildcards: nnnn=0037
    threads: 4
    resources: mem_mb=1000, mem_mib=954, disk_mb=1000, disk_mib=954, tmpdir=<TBD>, job_id=1, n_cpus=4, mem_gb=32, time_h=4

Submitted job 163 with external jobid '18452669'.

[Wed May  6 18:49:09 2026]
rule computeErrors:
    input: 0-correction/hifi.seqStore, 0-correction/hifi.ovlStore, 0-correction/find-errors-jobs/0093.range, 0-correction/configureFindErrors.finished
    output: 0-correction/find-errors-jobs/0093.red
    log: 0-correction/find-errors-jobs/0093.err
    jobid: 219
    reason: Missing output files: 0-correction/find-errors-jobs/0093.red
    wildcards: nnnn=0093
    threads: 4
    resources: mem_mb=1000, mem_mib=954, disk_mb=1000, disk_mib=954, tmpdir=<TBD>, job_id=1, n_cpus=4, mem_gb=32, time_h=4

No jobs available for user okendojo and/or filters used
Job 18452654 not known (yet) by slurm; will return 'running' by default.
Submitted job 219 with external jobid '18452672'.

[Wed May  6 18:49:12 2026]
rule computeErrors:
    input: 0-correction/hifi.seqStore, 0-correction/hifi.ovlStore, 0-correction/find-errors-jobs/0205.range, 0-correction/configureFindErrors.finished
    output: 0-correction/find-errors-jobs/0205.red
    log: 0-correction/find-errors-jobs/0205.err
    jobid: 331
    reason: Missing output files: 0-correction/find-errors-jobs/0205.red
    wildcards: nnnn=0205
    threads: 4
    resources: mem_mb=1000, mem_mib=954, disk_mb=1000, disk_mib=954, tmpdir=<TBD>, job_id=1, n_cpus=4, mem_gb=32, time_h=4

No jobs available for user okendojo and/or filters used
Job 18452655 not known (yet) by slurm; will return 'running' by default.
Submitted job 331 with external jobid '18452674'.

[Wed May  6 18:49:15 2026]
rule computeErrors:
    input: 0-correction/hifi.seqStore, 0-correction/hifi.ovlStore, 0-correction/find-errors-jobs/0038.range, 0-correction/configureFindErrors.finished
    output: 0-correction/find-errors-jobs/0038.red
    log: 0-correction/find-errors-jobs/0038.err
    jobid: 164
    reason: Missing output files: 0-correction/find-errors-jobs/0038.red
    wildcards: nnnn=0038
    threads: 4
    resources: mem_mb=1000, mem_mib=954, disk_mb=1000, disk_mib=954, tmpdir=<TBD>, job_id=1, n_cpus=4, mem_gb=32, time_h=4

Submitted job 164 with external jobid '18452677'.

[Wed May  6 18:49:18 2026]
rule computeErrors:
    input: 0-correction/hifi.seqStore, 0-correction/hifi.ovlStore, 0-correction/find-errors-jobs/0094.range, 0-correction/configureFindErrors.finished
    output: 0-correction/find-errors-jobs/0094.red
    log: 0-correction/find-errors-jobs/0094.err
    jobid: 220
    reason: Missing output files: 0-correction/find-errors-jobs/0094.red
    wildcards: nnnn=0094
    threads: 4
    resources: mem_mb=1000, mem_mib=954, disk_mb=1000, disk_mib=954, tmpdir=<TBD>, job_id=1, n_cpus=4, mem_gb=32, time_h=4

Submitted job 220 with external jobid '18452680'.

[Wed May  6 18:49:22 2026]
rule computeErrors:
    input: 0-correction/hifi.seqStore, 0-correction/hifi.ovlStore, 0-correction/find-errors-jobs/0206.range, 0-correction/configureFindErrors.finished
    output: 0-correction/find-errors-jobs/0206.red
    log: 0-correction/find-errors-jobs/0206.err
    jobid: 332
    reason: Missing output files: 0-correction/find-errors-jobs/0206.red
    wildcards: nnnn=0206
    threads: 4
    resources: mem_mb=1000, mem_mib=954, disk_mb=1000, disk_mib=954, tmpdir=<TBD>, job_id=1, n_cpus=4, mem_gb=32, time_h=4

Submitted job 332 with external jobid '18452684'.

[Wed May  6 18:49:25 2026]
rule computeErrors:
    input: 0-correction/hifi.seqStore, 0-correction/hifi.ovlStore, 0-correction/find-errors-jobs/0207.range, 0-correction/configureFindErrors.finished
    output: 0-correction/find-errors-jobs/0207.red
    log: 0-correction/find-errors-jobs/0207.err
    jobid: 333
    reason: Missing output files: 0-correction/find-errors-jobs/0207.red
    wildcards: nnnn=0207
    threads: 4
    resources: mem_mb=1000, mem_mib=954, disk_mb=1000, disk_mib=954, tmpdir=<TBD>, job_id=1, n_cpus=4, mem_gb=32, time_h=4

Submitted job 333 with external jobid '18452687'.

[Wed May  6 18:49:28 2026]
rule computeErrors:
    input: 0-correction/hifi.seqStore, 0-correction/hifi.ovlStore, 0-correction/find-errors-jobs/0095.range, 0-correction/configureFindErrors.finished
    output: 0-correction/find-errors-jobs/0095.red
    log: 0-correction/find-errors-jobs/0095.err
    jobid: 221
    reason: Missing output files: 0-correction/find-errors-jobs/0095.red
    wildcards: nnnn=0095
    threads: 4
    resources: mem_mb=1000, mem_mib=954, disk_mb=1000, disk_mib=954, tmpdir=<TBD>, job_id=1, n_cpus=4, mem_gb=32, time_h=4

Submitted job 221 with external jobid '18452693'.

[Wed May  6 18:49:31 2026]
rule computeErrors:
    input: 0-correction/hifi.seqStore, 0-correction/hifi.ovlStore, 0-correction/find-errors-jobs/0039.range, 0-correction/configureFindErrors.finished
    output: 0-correction/find-errors-jobs/0039.red
    log: 0-correction/find-errors-jobs/0039.err
    jobid: 165
    reason: Missing output files: 0-correction/find-errors-jobs/0039.red
    wildcards: nnnn=0039
    threads: 4
    resources: mem_mb=1000, mem_mib=954, disk_mb=1000, disk_mib=954, tmpdir=<TBD>, job_id=1, n_cpus=4, mem_gb=32, time_h=4

Submitted job 165 with external jobid '18452700'.

[Wed May  6 18:49:34 2026]
rule computeErrors:
    input: 0-correction/hifi.seqStore, 0-correction/hifi.ovlStore, 0-correction/find-errors-jobs/0040.range, 0-correction/configureFindErrors.finished
    output: 0-correction/find-errors-jobs/0040.red
    log: 0-correction/find-errors-jobs/0040.err
    jobid: 166
    reason: Missing output files: 0-correction/find-errors-jobs/0040.red
    wildcards: nnnn=0040
    threads: 4
    resources: mem_mb=1000, mem_mib=954, disk_mb=1000, disk_mib=954, tmpdir=<TBD>, job_id=1, n_cpus=4, mem_gb=32, time_h=4

Submitted job 166 with external jobid '18452704'.

[Wed May  6 18:49:38 2026]
rule computeErrors:
    input: 0-correction/hifi.seqStore, 0-correction/hifi.ovlStore, 0-correction/find-errors-jobs/0096.range, 0-correction/configureFindErrors.finished
    output: 0-correction/find-errors-jobs/0096.red
    log: 0-correction/find-errors-jobs/0096.err
    jobid: 222
    reason: Missing output files: 0-correction/find-errors-jobs/0096.red
    wildcards: nnnn=0096
    threads: 4
    resources: mem_mb=1000, mem_mib=954, disk_mb=1000, disk_mib=954, tmpdir=<TBD>, job_id=1, n_cpus=4, mem_gb=32, time_h=4

Submitted job 222 with external jobid '18452707'.

[Wed May  6 18:49:41 2026]
rule computeErrors:
    input: 0-correction/hifi.seqStore, 0-correction/hifi.ovlStore, 0-correction/find-errors-jobs/0208.range, 0-correction/configureFindErrors.finished
    output: 0-correction/find-errors-jobs/0208.red
    log: 0-correction/find-errors-jobs/0208.err
    jobid: 334
    reason: Missing output files: 0-correction/find-errors-jobs/0208.red
    wildcards: nnnn=0208
    threads: 4
    resources: mem_mb=1000, mem_mib=954, disk_mb=1000, disk_mib=954, tmpdir=<TBD>, job_id=1, n_cpus=4, mem_gb=32, time_h=4

Submitted job 334 with external jobid '18452708'.

[Wed May  6 18:49:44 2026]
rule computeErrors:
    input: 0-correction/hifi.seqStore, 0-correction/hifi.ovlStore, 0-correction/find-errors-jobs/0041.range, 0-correction/configureFindErrors.finished
    output: 0-correction/find-errors-jobs/0041.red
    log: 0-correction/find-errors-jobs/0041.err
    jobid: 167
    reason: Missing output files: 0-correction/find-errors-jobs/0041.red
    wildcards: nnnn=0041
    threads: 4
    resources: mem_mb=1000, mem_mib=954, disk_mb=1000, disk_mib=954, tmpdir=<TBD>, job_id=1, n_cpus=4, mem_gb=32, time_h=4

Submitted job 167 with external jobid '18452709'.

[Wed May  6 18:49:47 2026]
rule computeErrors:
    input: 0-correction/hifi.seqStore, 0-correction/hifi.ovlStore, 0-correction/find-errors-jobs/0097.range, 0-correction/configureFindErrors.finished
    output: 0-correction/find-errors-jobs/0097.red
    log: 0-correction/find-errors-jobs/0097.err
    jobid: 223
    reason: Missing output files: 0-correction/find-errors-jobs/0097.red
    wildcards: nnnn=0097
    threads: 4
    resources: mem_mb=1000, mem_mib=954, disk_mb=1000, disk_mib=954, tmpdir=<TBD>, job_id=1, n_cpus=4, mem_gb=32, time_h=4

Submitted job 223 with external jobid '18452710'.

[Wed May  6 18:49:51 2026]
rule computeErrors:
    input: 0-correction/hifi.seqStore, 0-correction/hifi.ovlStore, 0-correction/find-errors-jobs/0209.range, 0-correction/configureFindErrors.finished
    output: 0-correction/find-errors-jobs/0209.red
    log: 0-correction/find-errors-jobs/0209.err
    jobid: 335
    reason: Missing output files: 0-correction/find-errors-jobs/0209.red
    wildcards: nnnn=0209
    threads: 4
    resources: mem_mb=1000, mem_mib=954, disk_mb=1000, disk_mib=954, tmpdir=<TBD>, job_id=1, n_cpus=4, mem_gb=32, time_h=4

Submitted job 335 with external jobid '18452712'.

[Wed May  6 18:49:54 2026]
rule computeErrors:
    input: 0-correction/hifi.seqStore, 0-correction/hifi.ovlStore, 0-correction/find-errors-jobs/0042.range, 0-correction/configureFindErrors.finished
    output: 0-correction/find-errors-jobs/0042.red
    log: 0-correction/find-errors-jobs/0042.err
    jobid: 168
    reason: Missing output files: 0-correction/find-errors-jobs/0042.red
    wildcards: nnnn=0042
    threads: 4
    resources: mem_mb=1000, mem_mib=954, disk_mb=1000, disk_mib=954, tmpdir=<TBD>, job_id=1, n_cpus=4, mem_gb=32, time_h=4

Submitted job 168 with external jobid '18452713'.

[Wed May  6 18:49:57 2026]
rule computeErrors:
    input: 0-correction/hifi.seqStore, 0-correction/hifi.ovlStore, 0-correction/find-errors-jobs/0098.range, 0-correction/configureFindErrors.finished
    output: 0-correction/find-errors-jobs/0098.red
    log: 0-correction/find-errors-jobs/0098.err
    jobid: 224
    reason: Missing output files: 0-correction/find-errors-jobs/0098.red
    wildcards: nnnn=0098
    threads: 4
    resources: mem_mb=1000, mem_mib=954, disk_mb=1000, disk_mib=954, tmpdir=<TBD>, job_id=1, n_cpus=4, mem_gb=32, time_h=4

Submitted job 224 with external jobid '18452715'.

[Wed May  6 18:50:01 2026]
rule computeErrors:
    input: 0-correction/hifi.seqStore, 0-correction/hifi.ovlStore, 0-correction/find-errors-jobs/0210.range, 0-correction/configureFindErrors.finished
    output: 0-correction/find-errors-jobs/0210.red
    log: 0-correction/find-errors-jobs/0210.err
    jobid: 336
    reason: Missing output files: 0-correction/find-errors-jobs/0210.red
    wildcards: nnnn=0210
    threads: 4
    resources: mem_mb=1000, mem_mib=954, disk_mb=1000, disk_mib=954, tmpdir=<TBD>, job_id=1, n_cpus=4, mem_gb=32, time_h=4

Submitted job 336 with external jobid '18452717'.

[Wed May  6 18:50:06 2026]
rule computeErrors:
    input: 0-correction/hifi.seqStore, 0-correction/hifi.ovlStore, 0-correction/find-errors-jobs/0043.range, 0-correction/configureFindErrors.finished
    output: 0-correction/find-errors-jobs/0043.red
    log: 0-correction/find-errors-jobs/0043.err
    jobid: 169
    reason: Missing output files: 0-correction/find-errors-jobs/0043.red
    wildcards: nnnn=0043
    threads: 4
    resources: mem_mb=1000, mem_mib=954, disk_mb=1000, disk_mib=954, tmpdir=<TBD>, job_id=1, n_cpus=4, mem_gb=32, time_h=4

Submitted job 169 with external jobid '18452719'.

[Wed May  6 18:50:11 2026]
rule computeErrors:
    input: 0-correction/hifi.seqStore, 0-correction/hifi.ovlStore, 0-correction/find-errors-jobs/0099.range, 0-correction/configureFindErrors.finished
    output: 0-correction/find-errors-jobs/0099.red
    log: 0-correction/find-errors-jobs/0099.err
    jobid: 225
    reason: Missing output files: 0-correction/find-errors-jobs/0099.red
    wildcards: nnnn=0099
    threads: 4
    resources: mem_mb=1000, mem_mib=954, disk_mb=1000, disk_mib=954, tmpdir=<TBD>, job_id=1, n_cpus=4, mem_gb=32, time_h=4

Submitted job 225 with external jobid '18452728'.

[Wed May  6 18:50:14 2026]
rule computeErrors:
    input: 0-correction/hifi.seqStore, 0-correction/hifi.ovlStore, 0-correction/find-errors-jobs/0211.range, 0-correction/configureFindErrors.finished
    output: 0-correction/find-errors-jobs/0211.red
    log: 0-correction/find-errors-jobs/0211.err
    jobid: 337
    reason: Missing output files: 0-correction/find-errors-jobs/0211.red
    wildcards: nnnn=0211
    threads: 4
    resources: mem_mb=1000, mem_mib=954, disk_mb=1000, disk_mib=954, tmpdir=<TBD>, job_id=1, n_cpus=4, mem_gb=32, time_h=4

Submitted job 337 with external jobid '18452729'.

[Wed May  6 18:50:18 2026]
rule computeErrors:
    input: 0-correction/hifi.seqStore, 0-correction/hifi.ovlStore, 0-correction/find-errors-jobs/0044.range, 0-correction/configureFindErrors.finished
    output: 0-correction/find-errors-jobs/0044.red
    log: 0-correction/find-errors-jobs/0044.err
    jobid: 170
    reason: Missing output files: 0-correction/find-errors-jobs/0044.red
    wildcards: nnnn=0044
    threads: 4
    resources: mem_mb=1000, mem_mib=954, disk_mb=1000, disk_mib=954, tmpdir=<TBD>, job_id=1, n_cpus=4, mem_gb=32, time_h=4

Submitted job 170 with external jobid '18452731'.

[Wed May  6 18:50:21 2026]
rule computeErrors:
    input: 0-correction/hifi.seqStore, 0-correction/hifi.ovlStore, 0-correction/find-errors-jobs/0100.range, 0-correction/configureFindErrors.finished
    output: 0-correction/find-errors-jobs/0100.red
    log: 0-correction/find-errors-jobs/0100.err
    jobid: 226
    reason: Missing output files: 0-correction/find-errors-jobs/0100.red
    wildcards: nnnn=0100
    threads: 4
    resources: mem_mb=1000, mem_mib=954, disk_mb=1000, disk_mib=954, tmpdir=<TBD>, job_id=1, n_cpus=4, mem_gb=32, time_h=4

Submitted job 226 with external jobid '18452735'.

[Wed May  6 18:50:24 2026]
rule computeErrors:
    input: 0-correction/hifi.seqStore, 0-correction/hifi.ovlStore, 0-correction/find-errors-jobs/0212.range, 0-correction/configureFindErrors.finished
    output: 0-correction/find-errors-jobs/0212.red
    log: 0-correction/find-errors-jobs/0212.err
    jobid: 338
    reason: Missing output files: 0-correction/find-errors-jobs/0212.red
    wildcards: nnnn=0212
    threads: 4
    resources: mem_mb=1000, mem_mib=954, disk_mb=1000, disk_mib=954, tmpdir=<TBD>, job_id=1, n_cpus=4, mem_gb=32, time_h=4

Submitted job 338 with external jobid '18452738'.

[Wed May  6 18:50:27 2026]
rule computeErrors:
    input: 0-correction/hifi.seqStore, 0-correction/hifi.ovlStore, 0-correction/find-errors-jobs/0045.range, 0-correction/configureFindErrors.finished
    output: 0-correction/find-errors-jobs/0045.red
    log: 0-correction/find-errors-jobs/0045.err
    jobid: 171
    reason: Missing output files: 0-correction/find-errors-jobs/0045.red
    wildcards: nnnn=0045
    threads: 4
    resources: mem_mb=1000, mem_mib=954, disk_mb=1000, disk_mib=954, tmpdir=<TBD>, job_id=1, n_cpus=4, mem_gb=32, time_h=4

Submitted job 171 with external jobid '18452739'.

[Wed May  6 18:50:30 2026]
rule computeErrors:
    input: 0-correction/hifi.seqStore, 0-correction/hifi.ovlStore, 0-correction/find-errors-jobs/0101.range, 0-correction/configureFindErrors.finished
    output: 0-correction/find-errors-jobs/0101.red
    log: 0-correction/find-errors-jobs/0101.err
    jobid: 227
    reason: Missing output files: 0-correction/find-errors-jobs/0101.red
    wildcards: nnnn=0101
    threads: 4
    resources: mem_mb=1000, mem_mib=954, disk_mb=1000, disk_mib=954, tmpdir=<TBD>, job_id=1, n_cpus=4, mem_gb=32, time_h=4

Submitted job 227 with external jobid '18452741'.

[Wed May  6 18:50:34 2026]
rule computeErrors:
    input: 0-correction/hifi.seqStore, 0-correction/hifi.ovlStore, 0-correction/find-errors-jobs/0213.range, 0-correction/configureFindErrors.finished
    output: 0-correction/find-errors-jobs/0213.red
    log: 0-correction/find-errors-jobs/0213.err
    jobid: 339
    reason: Missing output files: 0-correction/find-errors-jobs/0213.red
    wildcards: nnnn=0213
    threads: 4
    resources: mem_mb=1000, mem_mib=954, disk_mb=1000, disk_mib=954, tmpdir=<TBD>, job_id=1, n_cpus=4, mem_gb=32, time_h=4

Submitted job 339 with external jobid '18452745'.

[Wed May  6 18:50:37 2026]
rule computeErrors:
    input: 0-correction/hifi.seqStore, 0-correction/hifi.ovlStore, 0-correction/find-errors-jobs/0046.range, 0-correction/configureFindErrors.finished
    output: 0-correction/find-errors-jobs/0046.red
    log: 0-correction/find-errors-jobs/0046.err
    jobid: 172
    reason: Missing output files: 0-correction/find-errors-jobs/0046.red
    wildcards: nnnn=0046
    threads: 4
    resources: mem_mb=1000, mem_mib=954, disk_mb=1000, disk_mib=954, tmpdir=<TBD>, job_id=1, n_cpus=4, mem_gb=32, time_h=4

Submitted job 172 with external jobid '18452747'.

[Wed May  6 18:50:40 2026]
rule computeErrors:
    input: 0-correction/hifi.seqStore, 0-correction/hifi.ovlStore, 0-correction/find-errors-jobs/0102.range, 0-correction/configureFindErrors.finished
    output: 0-correction/find-errors-jobs/0102.red
    log: 0-correction/find-errors-jobs/0102.err
    jobid: 228
    reason: Missing output files: 0-correction/find-errors-jobs/0102.red
    wildcards: nnnn=0102
    threads: 4
    resources: mem_mb=1000, mem_mib=954, disk_mb=1000, disk_mib=954, tmpdir=<TBD>, job_id=1, n_cpus=4, mem_gb=32, time_h=4

Submitted job 228 with external jobid '18452748'.

[Wed May  6 18:50:43 2026]
rule computeErrors:
    input: 0-correction/hifi.seqStore, 0-correction/hifi.ovlStore, 0-correction/find-errors-jobs/0214.range, 0-correction/configureFindErrors.finished
    output: 0-correction/find-errors-jobs/0214.red
    log: 0-correction/find-errors-jobs/0214.err
    jobid: 340
    reason: Missing output files: 0-correction/find-errors-jobs/0214.red
    wildcards: nnnn=0214
    threads: 4
    resources: mem_mb=1000, mem_mib=954, disk_mb=1000, disk_mib=954, tmpdir=<TBD>, job_id=1, n_cpus=4, mem_gb=32, time_h=4

Submitted job 340 with external jobid '18452749'.

[Wed May  6 18:50:47 2026]
rule computeErrors:
    input: 0-correction/hifi.seqStore, 0-correction/hifi.ovlStore, 0-correction/find-errors-jobs/0047.range, 0-correction/configureFindErrors.finished
    output: 0-correction/find-errors-jobs/0047.red
    log: 0-correction/find-errors-jobs/0047.err
    jobid: 173
    reason: Missing output files: 0-correction/find-errors-jobs/0047.red
    wildcards: nnnn=0047
    threads: 4
    resources: mem_mb=1000, mem_mib=954, disk_mb=1000, disk_mib=954, tmpdir=<TBD>, job_id=1, n_cpus=4, mem_gb=32, time_h=4

Submitted job 173 with external jobid '18452750'.

[Wed May  6 18:50:50 2026]
rule computeErrors:
    input: 0-correction/hifi.seqStore, 0-correction/hifi.ovlStore, 0-correction/find-errors-jobs/0103.range, 0-correction/configureFindErrors.finished
    output: 0-correction/find-errors-jobs/0103.red
    log: 0-correction/find-errors-jobs/0103.err
    jobid: 229
    reason: Missing output files: 0-correction/find-errors-jobs/0103.red
    wildcards: nnnn=0103
    threads: 4
    resources: mem_mb=1000, mem_mib=954, disk_mb=1000, disk_mib=954, tmpdir=<TBD>, job_id=1, n_cpus=4, mem_gb=32, time_h=4

Submitted job 229 with external jobid '18452751'.

[Wed May  6 18:50:54 2026]
rule computeErrors:
    input: 0-correction/hifi.seqStore, 0-correction/hifi.ovlStore, 0-correction/find-errors-jobs/0215.range, 0-correction/configureFindErrors.finished
    output: 0-correction/find-errors-jobs/0215.red
    log: 0-correction/find-errors-jobs/0215.err
    jobid: 341
    reason: Missing output files: 0-correction/find-errors-jobs/0215.red
    wildcards: nnnn=0215
    threads: 4
    resources: mem_mb=1000, mem_mib=954, disk_mb=1000, disk_mib=954, tmpdir=<TBD>, job_id=1, n_cpus=4, mem_gb=32, time_h=4

Submitted job 341 with external jobid '18452752'.

[Wed May  6 18:50:59 2026]
rule computeErrors:
    input: 0-correction/hifi.seqStore, 0-correction/hifi.ovlStore, 0-correction/find-errors-jobs/0048.range, 0-correction/configureFindErrors.finished
    output: 0-correction/find-errors-jobs/0048.red
    log: 0-correction/find-errors-jobs/0048.err
    jobid: 174
    reason: Missing output files: 0-correction/find-errors-jobs/0048.red
    wildcards: nnnn=0048
    threads: 4
    resources: mem_mb=1000, mem_mib=954, disk_mb=1000, disk_mib=954, tmpdir=<TBD>, job_id=1, n_cpus=4, mem_gb=32, time_h=4

Submitted job 174 with external jobid '18452753'.

[Wed May  6 18:51:04 2026]
rule computeErrors:
    input: 0-correction/hifi.seqStore, 0-correction/hifi.ovlStore, 0-correction/find-errors-jobs/0104.range, 0-correction/configureFindErrors.finished
    output: 0-correction/find-errors-jobs/0104.red
    log: 0-correction/find-errors-jobs/0104.err
    jobid: 230
    reason: Missing output files: 0-correction/find-errors-jobs/0104.red
    wildcards: nnnn=0104
    threads: 4
    resources: mem_mb=1000, mem_mib=954, disk_mb=1000, disk_mib=954, tmpdir=<TBD>, job_id=1, n_cpus=4, mem_gb=32, time_h=4

Submitted job 230 with external jobid '18452760'.

[Wed May  6 18:51:07 2026]
rule computeErrors:
    input: 0-correction/hifi.seqStore, 0-correction/hifi.ovlStore, 0-correction/find-errors-jobs/0216.range, 0-correction/configureFindErrors.finished
    output: 0-correction/find-errors-jobs/0216.red
    log: 0-correction/find-errors-jobs/0216.err
    jobid: 342
    reason: Missing output files: 0-correction/find-errors-jobs/0216.red
    wildcards: nnnn=0216
    threads: 4
    resources: mem_mb=1000, mem_mib=954, disk_mb=1000, disk_mib=954, tmpdir=<TBD>, job_id=1, n_cpus=4, mem_gb=32, time_h=4

Submitted job 342 with external jobid '18452763'.

[Wed May  6 18:51:10 2026]
rule computeErrors:
    input: 0-correction/hifi.seqStore, 0-correction/hifi.ovlStore, 0-correction/find-errors-jobs/0049.range, 0-correction/configureFindErrors.finished
    output: 0-correction/find-errors-jobs/0049.red
    log: 0-correction/find-errors-jobs/0049.err
    jobid: 175
    reason: Missing output files: 0-correction/find-errors-jobs/0049.red
    wildcards: nnnn=0049
    threads: 4
    resources: mem_mb=1000, mem_mib=954, disk_mb=1000, disk_mib=954, tmpdir=<TBD>, job_id=1, n_cpus=4, mem_gb=32, time_h=4

Submitted job 175 with external jobid '18452764'.

[Wed May  6 18:51:14 2026]
rule computeErrors:
    input: 0-correction/hifi.seqStore, 0-correction/hifi.ovlStore, 0-correction/find-errors-jobs/0105.range, 0-correction/configureFindErrors.finished
    output: 0-correction/find-errors-jobs/0105.red
    log: 0-correction/find-errors-jobs/0105.err
    jobid: 231
    reason: Missing output files: 0-correction/find-errors-jobs/0105.red
    wildcards: nnnn=0105
    threads: 4
    resources: mem_mb=1000, mem_mib=954, disk_mb=1000, disk_mib=954, tmpdir=<TBD>, job_id=1, n_cpus=4, mem_gb=32, time_h=4

Submitted job 231 with external jobid '18452766'.

[Wed May  6 18:51:17 2026]
rule computeErrors:
    input: 0-correction/hifi.seqStore, 0-correction/hifi.ovlStore, 0-correction/find-errors-jobs/0217.range, 0-correction/configureFindErrors.finished
    output: 0-correction/find-errors-jobs/0217.red
    log: 0-correction/find-errors-jobs/0217.err
    jobid: 343
    reason: Missing output files: 0-correction/find-errors-jobs/0217.red
    wildcards: nnnn=0217
    threads: 4
    resources: mem_mb=1000, mem_mib=954, disk_mb=1000, disk_mib=954, tmpdir=<TBD>, job_id=1, n_cpus=4, mem_gb=32, time_h=4

Submitted job 343 with external jobid '18452767'.

[Wed May  6 18:51:20 2026]
rule computeErrors:
    input: 0-correction/hifi.seqStore, 0-correction/hifi.ovlStore, 0-correction/find-errors-jobs/0050.range, 0-correction/configureFindErrors.finished
    output: 0-correction/find-errors-jobs/0050.red
    log: 0-correction/find-errors-jobs/0050.err
    jobid: 176
    reason: Missing output files: 0-correction/find-errors-jobs/0050.red
    wildcards: nnnn=0050
    threads: 4
    resources: mem_mb=1000, mem_mib=954, disk_mb=1000, disk_mib=954, tmpdir=<TBD>, job_id=1, n_cpus=4, mem_gb=32, time_h=4

Submitted job 176 with external jobid '18452770'.

[Wed May  6 18:51:23 2026]
rule computeErrors:
    input: 0-correction/hifi.seqStore, 0-correction/hifi.ovlStore, 0-correction/find-errors-jobs/0106.range, 0-correction/configureFindErrors.finished
    output: 0-correction/find-errors-jobs/0106.red
    log: 0-correction/find-errors-jobs/0106.err
    jobid: 232
    reason: Missing output files: 0-correction/find-errors-jobs/0106.red
    wildcards: nnnn=0106
    threads: 4
    resources: mem_mb=1000, mem_mib=954, disk_mb=1000, disk_mib=954, tmpdir=<TBD>, job_id=1, n_cpus=4, mem_gb=32, time_h=4

Submitted job 232 with external jobid '18452775'.

[Wed May  6 18:51:26 2026]
rule computeErrors:
    input: 0-correction/hifi.seqStore, 0-correction/hifi.ovlStore, 0-correction/find-errors-jobs/0218.range, 0-correction/configureFindErrors.finished
    output: 0-correction/find-errors-jobs/0218.red
    log: 0-correction/find-errors-jobs/0218.err
    jobid: 344
    reason: Missing output files: 0-correction/find-errors-jobs/0218.red
    wildcards: nnnn=0218
    threads: 4
    resources: mem_mb=1000, mem_mib=954, disk_mb=1000, disk_mib=954, tmpdir=<TBD>, job_id=1, n_cpus=4, mem_gb=32, time_h=4

Submitted job 344 with external jobid '18452777'.

[Wed May  6 18:51:30 2026]
rule computeErrors:
    input: 0-correction/hifi.seqStore, 0-correction/hifi.ovlStore, 0-correction/find-errors-jobs/0051.range, 0-correction/configureFindErrors.finished
    output: 0-correction/find-errors-jobs/0051.red
    log: 0-correction/find-errors-jobs/0051.err
    jobid: 177
    reason: Missing output files: 0-correction/find-errors-jobs/0051.red
    wildcards: nnnn=0051
    threads: 4
    resources: mem_mb=1000, mem_mib=954, disk_mb=1000, disk_mib=954, tmpdir=<TBD>, job_id=1, n_cpus=4, mem_gb=32, time_h=4

Submitted job 177 with external jobid '18452782'.

[Wed May  6 18:51:33 2026]
rule computeErrors:
    input: 0-correction/hifi.seqStore, 0-correction/hifi.ovlStore, 0-correction/find-errors-jobs/0107.range, 0-correction/configureFindErrors.finished
    output: 0-correction/find-errors-jobs/0107.red
    log: 0-correction/find-errors-jobs/0107.err
    jobid: 233
    reason: Missing output files: 0-correction/find-errors-jobs/0107.red
    wildcards: nnnn=0107
    threads: 4
    resources: mem_mb=1000, mem_mib=954, disk_mb=1000, disk_mib=954, tmpdir=<TBD>, job_id=1, n_cpus=4, mem_gb=32, time_h=4

Submitted job 233 with external jobid '18452784'.

[Wed May  6 18:51:36 2026]
rule computeErrors:
    input: 0-correction/hifi.seqStore, 0-correction/hifi.ovlStore, 0-correction/find-errors-jobs/0219.range, 0-correction/configureFindErrors.finished
    output: 0-correction/find-errors-jobs/0219.red
    log: 0-correction/find-errors-jobs/0219.err
    jobid: 345
    reason: Missing output files: 0-correction/find-errors-jobs/0219.red
    wildcards: nnnn=0219
    threads: 4
    resources: mem_mb=1000, mem_mib=954, disk_mb=1000, disk_mib=954, tmpdir=<TBD>, job_id=1, n_cpus=4, mem_gb=32, time_h=4

Submitted job 345 with external jobid '18452788'.

[Wed May  6 18:51:39 2026]
rule computeErrors:
    input: 0-correction/hifi.seqStore, 0-correction/hifi.ovlStore, 0-correction/find-errors-jobs/0052.range, 0-correction/configureFindErrors.finished
    output: 0-correction/find-errors-jobs/0052.red
    log: 0-correction/find-errors-jobs/0052.err
    jobid: 178
    reason: Missing output files: 0-correction/find-errors-jobs/0052.red
    wildcards: nnnn=0052
    threads: 4
    resources: mem_mb=1000, mem_mib=954, disk_mb=1000, disk_mib=954, tmpdir=<TBD>, job_id=1, n_cpus=4, mem_gb=32, time_h=4

Submitted job 178 with external jobid '18452790'.

[Wed May  6 18:51:43 2026]
rule computeErrors:
    input: 0-correction/hifi.seqStore, 0-correction/hifi.ovlStore, 0-correction/find-errors-jobs/0108.range, 0-correction/configureFindErrors.finished
    output: 0-correction/find-errors-jobs/0108.red
    log: 0-correction/find-errors-jobs/0108.err
    jobid: 234
    reason: Missing output files: 0-correction/find-errors-jobs/0108.red
    wildcards: nnnn=0108
    threads: 4
    resources: mem_mb=1000, mem_mib=954, disk_mb=1000, disk_mib=954, tmpdir=<TBD>, job_id=1, n_cpus=4, mem_gb=32, time_h=4

Submitted job 234 with external jobid '18452791'.

[Wed May  6 18:51:48 2026]
rule computeErrors:
    input: 0-correction/hifi.seqStore, 0-correction/hifi.ovlStore, 0-correction/find-errors-jobs/0220.range, 0-correction/configureFindErrors.finished
    output: 0-correction/find-errors-jobs/0220.red
    log: 0-correction/find-errors-jobs/0220.err
    jobid: 346
    reason: Missing output files: 0-correction/find-errors-jobs/0220.red
    wildcards: nnnn=0220
    threads: 4
    resources: mem_mb=1000, mem_mib=954, disk_mb=1000, disk_mib=954, tmpdir=<TBD>, job_id=1, n_cpus=4, mem_gb=32, time_h=4

Submitted job 346 with external jobid '18452792'.

[Wed May  6 18:51:53 2026]
rule computeErrors:
    input: 0-correction/hifi.seqStore, 0-correction/hifi.ovlStore, 0-correction/find-errors-jobs/0053.range, 0-correction/configureFindErrors.finished
    output: 0-correction/find-errors-jobs/0053.red
    log: 0-correction/find-errors-jobs/0053.err
    jobid: 179
    reason: Missing output files: 0-correction/find-errors-jobs/0053.red
    wildcards: nnnn=0053
    threads: 4
    resources: mem_mb=1000, mem_mib=954, disk_mb=1000, disk_mib=954, tmpdir=<TBD>, job_id=1, n_cpus=4, mem_gb=32, time_h=4

Submitted job 179 with external jobid '18452797'.

[Wed May  6 18:51:56 2026]
rule computeErrors:
    input: 0-correction/hifi.seqStore, 0-correction/hifi.ovlStore, 0-correction/find-errors-jobs/0109.range, 0-correction/configureFindErrors.finished
    output: 0-correction/find-errors-jobs/0109.red
    log: 0-correction/find-errors-jobs/0109.err
    jobid: 235
    reason: Missing output files: 0-correction/find-errors-jobs/0109.red
    wildcards: nnnn=0109
    threads: 4
    resources: mem_mb=1000, mem_mib=954, disk_mb=1000, disk_mib=954, tmpdir=<TBD>, job_id=1, n_cpus=4, mem_gb=32, time_h=4

Submitted job 235 with external jobid '18452798'.

[Wed May  6 18:52:00 2026]
rule computeErrors:
    input: 0-correction/hifi.seqStore, 0-correction/hifi.ovlStore, 0-correction/find-errors-jobs/0221.range, 0-correction/configureFindErrors.finished
    output: 0-correction/find-errors-jobs/0221.red
    log: 0-correction/find-errors-jobs/0221.err
    jobid: 347
    reason: Missing output files: 0-correction/find-errors-jobs/0221.red
    wildcards: nnnn=0221
    threads: 4
    resources: mem_mb=1000, mem_mib=954, disk_mb=1000, disk_mib=954, tmpdir=<TBD>, job_id=1, n_cpus=4, mem_gb=32, time_h=4

Submitted job 347 with external jobid '18452801'.

[Wed May  6 18:52:03 2026]
rule computeErrors:
    input: 0-correction/hifi.seqStore, 0-correction/hifi.ovlStore, 0-correction/find-errors-jobs/0002.range, 0-correction/configureFindErrors.finished
    output: 0-correction/find-errors-jobs/0002.red
    log: 0-correction/find-errors-jobs/0002.err
    jobid: 128
    reason: Missing output files: 0-correction/find-errors-jobs/0002.red
    wildcards: nnnn=0002
    threads: 4
    resources: mem_mb=1000, mem_mib=954, disk_mb=1000, disk_mib=954, tmpdir=<TBD>, job_id=1, n_cpus=4, mem_gb=32, time_h=4

Submitted job 128 with external jobid '18452802'.

[Wed May  6 18:52:06 2026]
rule computeErrors:
    input: 0-correction/hifi.seqStore, 0-correction/hifi.ovlStore, 0-correction/find-errors-jobs/0054.range, 0-correction/configureFindErrors.finished
    output: 0-correction/find-errors-jobs/0054.red
    log: 0-correction/find-errors-jobs/0054.err
    jobid: 180
    reason: Missing output files: 0-correction/find-errors-jobs/0054.red
    wildcards: nnnn=0054
    threads: 4
    resources: mem_mb=1000, mem_mib=954, disk_mb=1000, disk_mib=954, tmpdir=<TBD>, job_id=1, n_cpus=4, mem_gb=32, time_h=4

Submitted job 180 with external jobid '18452805'.

[Wed May  6 18:52:09 2026]
rule computeErrors:
    input: 0-correction/hifi.seqStore, 0-correction/hifi.ovlStore, 0-correction/find-errors-jobs/0110.range, 0-correction/configureFindErrors.finished
    output: 0-correction/find-errors-jobs/0110.red
    log: 0-correction/find-errors-jobs/0110.err
    jobid: 236
    reason: Missing output files: 0-correction/find-errors-jobs/0110.red
    wildcards: nnnn=0110
    threads: 4
    resources: mem_mb=1000, mem_mib=954, disk_mb=1000, disk_mib=954, tmpdir=<TBD>, job_id=1, n_cpus=4, mem_gb=32, time_h=4

Submitted job 236 with external jobid '18452808'.

[Wed May  6 18:52:12 2026]
rule computeErrors:
    input: 0-correction/hifi.seqStore, 0-correction/hifi.ovlStore, 0-correction/find-errors-jobs/0222.range, 0-correction/configureFindErrors.finished
    output: 0-correction/find-errors-jobs/0222.red
    log: 0-correction/find-errors-jobs/0222.err
    jobid: 348
    reason: Missing output files: 0-correction/find-errors-jobs/0222.red
    wildcards: nnnn=0222
    threads: 4
    resources: mem_mb=1000, mem_mib=954, disk_mb=1000, disk_mib=954, tmpdir=<TBD>, job_id=1, n_cpus=4, mem_gb=32, time_h=4

Submitted job 348 with external jobid '18452809'.

[Wed May  6 18:52:16 2026]
rule computeErrors:
    input: 0-correction/hifi.seqStore, 0-correction/hifi.ovlStore, 0-correction/find-errors-jobs/0111.range, 0-correction/configureFindErrors.finished
    output: 0-correction/find-errors-jobs/0111.red
    log: 0-correction/find-errors-jobs/0111.err
    jobid: 237
    reason: Missing output files: 0-correction/find-errors-jobs/0111.red
    wildcards: nnnn=0111
    threads: 4
    resources: mem_mb=1000, mem_mib=954, disk_mb=1000, disk_mib=954, tmpdir=<TBD>, job_id=1, n_cpus=4, mem_gb=32, time_h=4

Submitted job 237 with external jobid '18452810'.

[Wed May  6 18:52:19 2026]
rule computeErrors:
    input: 0-correction/hifi.seqStore, 0-correction/hifi.ovlStore, 0-correction/find-errors-jobs/0055.range, 0-correction/configureFindErrors.finished
    output: 0-correction/find-errors-jobs/0055.red
    log: 0-correction/find-errors-jobs/0055.err
    jobid: 181
    reason: Missing output files: 0-correction/find-errors-jobs/0055.red
    wildcards: nnnn=0055
    threads: 4
    resources: mem_mb=1000, mem_mib=954, disk_mb=1000, disk_mib=954, tmpdir=<TBD>, job_id=1, n_cpus=4, mem_gb=32, time_h=4

Submitted job 181 with external jobid '18452812'.

[Wed May  6 18:52:22 2026]
rule computeErrors:
    input: 0-correction/hifi.seqStore, 0-correction/hifi.ovlStore, 0-correction/find-errors-jobs/0223.range, 0-correction/configureFindErrors.finished
    output: 0-correction/find-errors-jobs/0223.red
    log: 0-correction/find-errors-jobs/0223.err
    jobid: 349
    reason: Missing output files: 0-correction/find-errors-jobs/0223.red
    wildcards: nnnn=0223
    threads: 4
    resources: mem_mb=1000, mem_mib=954, disk_mb=1000, disk_mib=954, tmpdir=<TBD>, job_id=1, n_cpus=4, mem_gb=32, time_h=4

Submitted job 349 with external jobid '18452814'.

[Wed May  6 18:52:25 2026]
rule computeErrors:
    input: 0-correction/hifi.seqStore, 0-correction/hifi.ovlStore, 0-correction/find-errors-jobs/0056.range, 0-correction/configureFindErrors.finished
    output: 0-correction/find-errors-jobs/0056.red
    log: 0-correction/find-errors-jobs/0056.err
    jobid: 182
    reason: Missing output files: 0-correction/find-errors-jobs/0056.red
    wildcards: nnnn=0056
    threads: 4
    resources: mem_mb=1000, mem_mib=954, disk_mb=1000, disk_mib=954, tmpdir=<TBD>, job_id=1, n_cpus=4, mem_gb=32, time_h=4

Submitted job 182 with external jobid '18452817'.

[Wed May  6 18:52:28 2026]
rule computeErrors:
    input: 0-correction/hifi.seqStore, 0-correction/hifi.ovlStore, 0-correction/find-errors-jobs/0112.range, 0-correction/configureFindErrors.finished
    output: 0-correction/find-errors-jobs/0112.red
    log: 0-correction/find-errors-jobs/0112.err
    jobid: 238
    reason: Missing output files: 0-correction/find-errors-jobs/0112.red
    wildcards: nnnn=0112
    threads: 4
    resources: mem_mb=1000, mem_mib=954, disk_mb=1000, disk_mib=954, tmpdir=<TBD>, job_id=1, n_cpus=4, mem_gb=32, time_h=4

Submitted job 238 with external jobid '18452820'.

[Wed May  6 18:52:32 2026]
rule computeErrors:
    input: 0-correction/hifi.seqStore, 0-correction/hifi.ovlStore, 0-correction/find-errors-jobs/0224.range, 0-correction/configureFindErrors.finished
    output: 0-correction/find-errors-jobs/0224.red
    log: 0-correction/find-errors-jobs/0224.err
    jobid: 350
    reason: Missing output files: 0-correction/find-errors-jobs/0224.red
    wildcards: nnnn=0224
    threads: 4
    resources: mem_mb=1000, mem_mib=954, disk_mb=1000, disk_mib=954, tmpdir=<TBD>, job_id=1, n_cpus=4, mem_gb=32, time_h=4

Submitted job 350 with external jobid '18452822'.

[Wed May  6 18:52:35 2026]
rule computeErrors:
    input: 0-correction/hifi.seqStore, 0-correction/hifi.ovlStore, 0-correction/find-errors-jobs/0012.range, 0-correction/configureFindErrors.finished
    output: 0-correction/find-errors-jobs/0012.red
    log: 0-correction/find-errors-jobs/0012.err
    jobid: 138
    reason: Missing output files: 0-correction/find-errors-jobs/0012.red
    wildcards: nnnn=0012
    threads: 4
    resources: mem_mb=1000, mem_mib=954, disk_mb=1000, disk_mib=954, tmpdir=<TBD>, job_id=1, n_cpus=4, mem_gb=32, time_h=4

Submitted job 138 with external jobid '18452824'.

[Wed May  6 18:52:38 2026]
rule computeErrors:
    input: 0-correction/hifi.seqStore, 0-correction/hifi.ovlStore, 0-correction/find-errors-jobs/0057.range, 0-correction/configureFindErrors.finished
    output: 0-correction/find-errors-jobs/0057.red
    log: 0-correction/find-errors-jobs/0057.err
    jobid: 183
    reason: Missing output files: 0-correction/find-errors-jobs/0057.red
    wildcards: nnnn=0057
    threads: 4
    resources: mem_mb=1000, mem_mib=954, disk_mb=1000, disk_mib=954, tmpdir=<TBD>, job_id=1, n_cpus=4, mem_gb=32, time_h=4

Submitted job 183 with external jobid '18452826'.

[Wed May  6 18:52:42 2026]
rule computeErrors:
    input: 0-correction/hifi.seqStore, 0-correction/hifi.ovlStore, 0-correction/find-errors-jobs/0113.range, 0-correction/configureFindErrors.finished
    output: 0-correction/find-errors-jobs/0113.red
    log: 0-correction/find-errors-jobs/0113.err
    jobid: 239
    reason: Missing output files: 0-correction/find-errors-jobs/0113.red
    wildcards: nnnn=0113
    threads: 4
    resources: mem_mb=1000, mem_mib=954, disk_mb=1000, disk_mib=954, tmpdir=<TBD>, job_id=1, n_cpus=4, mem_gb=32, time_h=4

Submitted job 239 with external jobid '18452830'.

[Wed May  6 18:52:47 2026]
rule computeErrors:
    input: 0-correction/hifi.seqStore, 0-correction/hifi.ovlStore, 0-correction/find-errors-jobs/0225.range, 0-correction/configureFindErrors.finished
    output: 0-correction/find-errors-jobs/0225.red
    log: 0-correction/find-errors-jobs/0225.err
    jobid: 351
    reason: Missing output files: 0-correction/find-errors-jobs/0225.red
    wildcards: nnnn=0225
    threads: 4
    resources: mem_mb=1000, mem_mib=954, disk_mb=1000, disk_mib=954, tmpdir=<TBD>, job_id=1, n_cpus=4, mem_gb=32, time_h=4

Submitted job 351 with external jobid '18452834'.

[Wed May  6 18:52:51 2026]
rule computeErrors:
    input: 0-correction/hifi.seqStore, 0-correction/hifi.ovlStore, 0-correction/find-errors-jobs/0114.range, 0-correction/configureFindErrors.finished
    output: 0-correction/find-errors-jobs/0114.red
    log: 0-correction/find-errors-jobs/0114.err
    jobid: 240
    reason: Missing output files: 0-correction/find-errors-jobs/0114.red
    wildcards: nnnn=0114
    threads: 4
    resources: mem_mb=1000, mem_mib=954, disk_mb=1000, disk_mib=954, tmpdir=<TBD>, job_id=1, n_cpus=4, mem_gb=32, time_h=4

Submitted job 240 with external jobid '18452835'.

[Wed May  6 18:52:54 2026]
rule computeErrors:
    input: 0-correction/hifi.seqStore, 0-correction/hifi.ovlStore, 0-correction/find-errors-jobs/0001.range, 0-correction/configureFindErrors.finished
    output: 0-correction/find-errors-jobs/0001.red
    log: 0-correction/find-errors-jobs/0001.err
    jobid: 127
    reason: Missing output files: 0-correction/find-errors-jobs/0001.red
    wildcards: nnnn=0001
    threads: 4
    resources: mem_mb=1000, mem_mib=954, disk_mb=1000, disk_mib=954, tmpdir=<TBD>, job_id=1, n_cpus=4, mem_gb=32, time_h=4

Submitted job 127 with external jobid '18452836'.

[Wed May  6 18:52:57 2026]
rule computeErrors:
    input: 0-correction/hifi.seqStore, 0-correction/hifi.ovlStore, 0-correction/find-errors-jobs/0058.range, 0-correction/configureFindErrors.finished
    output: 0-correction/find-errors-jobs/0058.red
    log: 0-correction/find-errors-jobs/0058.err
    jobid: 184
    reason: Missing output files: 0-correction/find-errors-jobs/0058.red
    wildcards: nnnn=0058
    threads: 4
    resources: mem_mb=1000, mem_mib=954, disk_mb=1000, disk_mib=954, tmpdir=<TBD>, job_id=1, n_cpus=4, mem_gb=32, time_h=4

Submitted job 184 with external jobid '18452837'.

[Wed May  6 18:53:01 2026]
rule computeErrors:
    input: 0-correction/hifi.seqStore, 0-correction/hifi.ovlStore, 0-correction/find-errors-jobs/0226.range, 0-correction/configureFindErrors.finished
    output: 0-correction/find-errors-jobs/0226.red
    log: 0-correction/find-errors-jobs/0226.err
    jobid: 352
    reason: Missing output files: 0-correction/find-errors-jobs/0226.red
    wildcards: nnnn=0226
    threads: 4
    resources: mem_mb=1000, mem_mib=954, disk_mb=1000, disk_mib=954, tmpdir=<TBD>, job_id=1, n_cpus=4, mem_gb=32, time_h=4

Submitted job 352 with external jobid '18452838'.

[Wed May  6 18:53:04 2026]
rule computeErrors:
    input: 0-correction/hifi.seqStore, 0-correction/hifi.ovlStore, 0-correction/find-errors-jobs/0003.range, 0-correction/configureFindErrors.finished
    output: 0-correction/find-errors-jobs/0003.red
    log: 0-correction/find-errors-jobs/0003.err
    jobid: 129
    reason: Missing output files: 0-correction/find-errors-jobs/0003.red
    wildcards: nnnn=0003
    threads: 4
    resources: mem_mb=1000, mem_mib=954, disk_mb=1000, disk_mib=954, tmpdir=<TBD>, job_id=1, n_cpus=4, mem_gb=32, time_h=4

Submitted job 129 with external jobid '18452839'.

[Wed May  6 18:53:07 2026]
rule computeErrors:
    input: 0-correction/hifi.seqStore, 0-correction/hifi.ovlStore, 0-correction/find-errors-jobs/0059.range, 0-correction/configureFindErrors.finished
    output: 0-correction/find-errors-jobs/0059.red
    log: 0-correction/find-errors-jobs/0059.err
    jobid: 185
    reason: Missing output files: 0-correction/find-errors-jobs/0059.red
    wildcards: nnnn=0059
    threads: 4
    resources: mem_mb=1000, mem_mib=954, disk_mb=1000, disk_mib=954, tmpdir=<TBD>, job_id=1, n_cpus=4, mem_gb=32, time_h=4

Submitted job 185 with external jobid '18452840'.

[Wed May  6 18:53:10 2026]
rule computeErrors:
    input: 0-correction/hifi.seqStore, 0-correction/hifi.ovlStore, 0-correction/find-errors-jobs/0115.range, 0-correction/configureFindErrors.finished
    output: 0-correction/find-errors-jobs/0115.red
    log: 0-correction/find-errors-jobs/0115.err
    jobid: 241
    reason: Missing output files: 0-correction/find-errors-jobs/0115.red
    wildcards: nnnn=0115
    threads: 4
    resources: mem_mb=1000, mem_mib=954, disk_mb=1000, disk_mib=954, tmpdir=<TBD>, job_id=1, n_cpus=4, mem_gb=32, time_h=4

Submitted job 241 with external jobid '18452842'.

[Wed May  6 18:53:14 2026]
rule computeErrors:
    input: 0-correction/hifi.seqStore, 0-correction/hifi.ovlStore, 0-correction/find-errors-jobs/0227.range, 0-correction/configureFindErrors.finished
    output: 0-correction/find-errors-jobs/0227.red
    log: 0-correction/find-errors-jobs/0227.err
    jobid: 353
    reason: Missing output files: 0-correction/find-errors-jobs/0227.red
    wildcards: nnnn=0227
    threads: 4
    resources: mem_mb=1000, mem_mib=954, disk_mb=1000, disk_mib=954, tmpdir=<TBD>, job_id=1, n_cpus=4, mem_gb=32, time_h=4

Submitted job 353 with external jobid '18452843'.

[Wed May  6 18:53:17 2026]
rule computeErrors:
    input: 0-correction/hifi.seqStore, 0-correction/hifi.ovlStore, 0-correction/find-errors-jobs/0004.range, 0-correction/configureFindErrors.finished
    output: 0-correction/find-errors-jobs/0004.red
    log: 0-correction/find-errors-jobs/0004.err
    jobid: 130
    reason: Missing output files: 0-correction/find-errors-jobs/0004.red
    wildcards: nnnn=0004
    threads: 4
    resources: mem_mb=1000, mem_mib=954, disk_mb=1000, disk_mib=954, tmpdir=<TBD>, job_id=1, n_cpus=4, mem_gb=32, time_h=4

Submitted job 130 with external jobid '18452845'.

[Wed May  6 18:53:20 2026]
rule computeErrors:
    input: 0-correction/hifi.seqStore, 0-correction/hifi.ovlStore, 0-correction/find-errors-jobs/0060.range, 0-correction/configureFindErrors.finished
    output: 0-correction/find-errors-jobs/0060.red
    log: 0-correction/find-errors-jobs/0060.err
    jobid: 186
    reason: Missing output files: 0-correction/find-errors-jobs/0060.red
    wildcards: nnnn=0060
    threads: 4
    resources: mem_mb=1000, mem_mib=954, disk_mb=1000, disk_mib=954, tmpdir=<TBD>, job_id=1, n_cpus=4, mem_gb=32, time_h=4

Submitted job 186 with external jobid '18452848'.

[Wed May  6 18:53:23 2026]
rule computeErrors:
    input: 0-correction/hifi.seqStore, 0-correction/hifi.ovlStore, 0-correction/find-errors-jobs/0116.range, 0-correction/configureFindErrors.finished
    output: 0-correction/find-errors-jobs/0116.red
    log: 0-correction/find-errors-jobs/0116.err
    jobid: 242
    reason: Missing output files: 0-correction/find-errors-jobs/0116.red
    wildcards: nnnn=0116
    threads: 4
    resources: mem_mb=1000, mem_mib=954, disk_mb=1000, disk_mib=954, tmpdir=<TBD>, job_id=1, n_cpus=4, mem_gb=32, time_h=4

Submitted job 242 with external jobid '18452851'.

[Wed May  6 18:53:26 2026]
rule computeErrors:
    input: 0-correction/hifi.seqStore, 0-correction/hifi.ovlStore, 0-correction/find-errors-jobs/0228.range, 0-correction/configureFindErrors.finished
    output: 0-correction/find-errors-jobs/0228.red
    log: 0-correction/find-errors-jobs/0228.err
    jobid: 354
    reason: Missing output files: 0-correction/find-errors-jobs/0228.red
    wildcards: nnnn=0228
    threads: 4
    resources: mem_mb=1000, mem_mib=954, disk_mb=1000, disk_mib=954, tmpdir=<TBD>, job_id=1, n_cpus=4, mem_gb=32, time_h=4

Submitted job 354 with external jobid '18452854'.

[Wed May  6 18:53:30 2026]
rule computeErrors:
    input: 0-correction/hifi.seqStore, 0-correction/hifi.ovlStore, 0-correction/find-errors-jobs/0011.range, 0-correction/configureFindErrors.finished
    output: 0-correction/find-errors-jobs/0011.red
    log: 0-correction/find-errors-jobs/0011.err
    jobid: 137
    reason: Missing output files: 0-correction/find-errors-jobs/0011.red
    wildcards: nnnn=0011
    threads: 4
    resources: mem_mb=1000, mem_mib=954, disk_mb=1000, disk_mib=954, tmpdir=<TBD>, job_id=1, n_cpus=4, mem_gb=32, time_h=4

Submitted job 137 with external jobid '18452858'.

[Wed May  6 18:53:33 2026]
rule computeErrors:
    input: 0-correction/hifi.seqStore, 0-correction/hifi.ovlStore, 0-correction/find-errors-jobs/0061.range, 0-correction/configureFindErrors.finished
    output: 0-correction/find-errors-jobs/0061.red
    log: 0-correction/find-errors-jobs/0061.err
    jobid: 187
    reason: Missing output files: 0-correction/find-errors-jobs/0061.red
    wildcards: nnnn=0061
    threads: 4
    resources: mem_mb=1000, mem_mib=954, disk_mb=1000, disk_mib=954, tmpdir=<TBD>, job_id=1, n_cpus=4, mem_gb=32, time_h=4

Submitted job 187 with external jobid '18452859'.

[Wed May  6 18:53:36 2026]
rule computeErrors:
    input: 0-correction/hifi.seqStore, 0-correction/hifi.ovlStore, 0-correction/find-errors-jobs/0117.range, 0-correction/configureFindErrors.finished
    output: 0-correction/find-errors-jobs/0117.red
    log: 0-correction/find-errors-jobs/0117.err
    jobid: 243
    reason: Missing output files: 0-correction/find-errors-jobs/0117.red
    wildcards: nnnn=0117
    threads: 4
    resources: mem_mb=1000, mem_mib=954, disk_mb=1000, disk_mib=954, tmpdir=<TBD>, job_id=1, n_cpus=4, mem_gb=32, time_h=4

Submitted job 243 with external jobid '18452860'.

[Wed May  6 18:53:39 2026]
rule computeErrors:
    input: 0-correction/hifi.seqStore, 0-correction/hifi.ovlStore, 0-correction/find-errors-jobs/0229.range, 0-correction/configureFindErrors.finished
    output: 0-correction/find-errors-jobs/0229.red
    log: 0-correction/find-errors-jobs/0229.err
    jobid: 355
    reason: Missing output files: 0-correction/find-errors-jobs/0229.red
    wildcards: nnnn=0229
    threads: 4
    resources: mem_mb=1000, mem_mib=954, disk_mb=1000, disk_mib=954, tmpdir=<TBD>, job_id=1, n_cpus=4, mem_gb=32, time_h=4

Submitted job 355 with external jobid '18452864'.

[Wed May  6 18:53:43 2026]
rule computeErrors:
    input: 0-correction/hifi.seqStore, 0-correction/hifi.ovlStore, 0-correction/find-errors-jobs/0118.range, 0-correction/configureFindErrors.finished
    output: 0-correction/find-errors-jobs/0118.red
    log: 0-correction/find-errors-jobs/0118.err
    jobid: 244
    reason: Missing output files: 0-correction/find-errors-jobs/0118.red
    wildcards: nnnn=0118
    threads: 4
    resources: mem_mb=1000, mem_mib=954, disk_mb=1000, disk_mib=954, tmpdir=<TBD>, job_id=1, n_cpus=4, mem_gb=32, time_h=4

Submitted job 244 with external jobid '18452865'.

[Wed May  6 18:53:46 2026]
rule computeErrors:
    input: 0-correction/hifi.seqStore, 0-correction/hifi.ovlStore, 0-correction/find-errors-jobs/0062.range, 0-correction/configureFindErrors.finished
    output: 0-correction/find-errors-jobs/0062.red
    log: 0-correction/find-errors-jobs/0062.err
    jobid: 188
    reason: Missing output files: 0-correction/find-errors-jobs/0062.red
    wildcards: nnnn=0062
    threads: 4
    resources: mem_mb=1000, mem_mib=954, disk_mb=1000, disk_mib=954, tmpdir=<TBD>, job_id=1, n_cpus=4, mem_gb=32, time_h=4

Submitted job 188 with external jobid '18452867'.

[Wed May  6 18:53:50 2026]
rule computeErrors:
    input: 0-correction/hifi.seqStore, 0-correction/hifi.ovlStore, 0-correction/find-errors-jobs/0230.range, 0-correction/configureFindErrors.finished
    output: 0-correction/find-errors-jobs/0230.red
    log: 0-correction/find-errors-jobs/0230.err
    jobid: 356
    reason: Missing output files: 0-correction/find-errors-jobs/0230.red
    wildcards: nnnn=0230
    threads: 4
    resources: mem_mb=1000, mem_mib=954, disk_mb=1000, disk_mib=954, tmpdir=<TBD>, job_id=1, n_cpus=4, mem_gb=32, time_h=4

Submitted job 356 with external jobid '18452868'.

[Wed May  6 18:53:55 2026]
rule computeErrors:
    input: 0-correction/hifi.seqStore, 0-correction/hifi.ovlStore, 0-correction/find-errors-jobs/0005.range, 0-correction/configureFindErrors.finished
    output: 0-correction/find-errors-jobs/0005.red
    log: 0-correction/find-errors-jobs/0005.err
    jobid: 131
    reason: Missing output files: 0-correction/find-errors-jobs/0005.red
    wildcards: nnnn=0005
    threads: 4
    resources: mem_mb=1000, mem_mib=954, disk_mb=1000, disk_mib=954, tmpdir=<TBD>, job_id=1, n_cpus=4, mem_gb=32, time_h=4

Submitted job 131 with external jobid '18452881'.

[Wed May  6 18:53:58 2026]
rule computeErrors:
    input: 0-correction/hifi.seqStore, 0-correction/hifi.ovlStore, 0-correction/find-errors-jobs/0063.range, 0-correction/configureFindErrors.finished
    output: 0-correction/find-errors-jobs/0063.red
    log: 0-correction/find-errors-jobs/0063.err
    jobid: 189
    reason: Missing output files: 0-correction/find-errors-jobs/0063.red
    wildcards: nnnn=0063
    threads: 4
    resources: mem_mb=1000, mem_mib=954, disk_mb=1000, disk_mib=954, tmpdir=<TBD>, job_id=1, n_cpus=4, mem_gb=32, time_h=4

Submitted job 189 with external jobid '18452885'.

[Wed May  6 18:54:02 2026]
rule computeErrors:
    input: 0-correction/hifi.seqStore, 0-correction/hifi.ovlStore, 0-correction/find-errors-jobs/0119.range, 0-correction/configureFindErrors.finished
    output: 0-correction/find-errors-jobs/0119.red
    log: 0-correction/find-errors-jobs/0119.err
    jobid: 245
    reason: Missing output files: 0-correction/find-errors-jobs/0119.red
    wildcards: nnnn=0119
    threads: 4
    resources: mem_mb=1000, mem_mib=954, disk_mb=1000, disk_mib=954, tmpdir=<TBD>, job_id=1, n_cpus=4, mem_gb=32, time_h=4

Submitted job 245 with external jobid '18452887'.

[Wed May  6 18:54:05 2026]
rule computeErrors:
    input: 0-correction/hifi.seqStore, 0-correction/hifi.ovlStore, 0-correction/find-errors-jobs/0231.range, 0-correction/configureFindErrors.finished
    output: 0-correction/find-errors-jobs/0231.red
    log: 0-correction/find-errors-jobs/0231.err
    jobid: 357
    reason: Missing output files: 0-correction/find-errors-jobs/0231.red
    wildcards: nnnn=0231
    threads: 4
    resources: mem_mb=1000, mem_mib=954, disk_mb=1000, disk_mib=954, tmpdir=<TBD>, job_id=1, n_cpus=4, mem_gb=32, time_h=4

Submitted job 357 with external jobid '18452888'.

[Wed May  6 18:54:08 2026]
rule computeErrors:
    input: 0-correction/hifi.seqStore, 0-correction/hifi.ovlStore, 0-correction/find-errors-jobs/0010.range, 0-correction/configureFindErrors.finished
    output: 0-correction/find-errors-jobs/0010.red
    log: 0-correction/find-errors-jobs/0010.err
    jobid: 136
    reason: Missing output files: 0-correction/find-errors-jobs/0010.red
    wildcards: nnnn=0010
    threads: 4
    resources: mem_mb=1000, mem_mib=954, disk_mb=1000, disk_mib=954, tmpdir=<TBD>, job_id=1, n_cpus=4, mem_gb=32, time_h=4

Submitted job 136 with external jobid '18452889'.

[Wed May  6 18:54:11 2026]
rule computeErrors:
    input: 0-correction/hifi.seqStore, 0-correction/hifi.ovlStore, 0-correction/find-errors-jobs/0064.range, 0-correction/configureFindErrors.finished
    output: 0-correction/find-errors-jobs/0064.red
    log: 0-correction/find-errors-jobs/0064.err
    jobid: 190
    reason: Missing output files: 0-correction/find-errors-jobs/0064.red
    wildcards: nnnn=0064
    threads: 4
    resources: mem_mb=1000, mem_mib=954, disk_mb=1000, disk_mib=954, tmpdir=<TBD>, job_id=1, n_cpus=4, mem_gb=32, time_h=4

Submitted job 190 with external jobid '18452890'.

[Wed May  6 18:54:15 2026]
rule computeErrors:
    input: 0-correction/hifi.seqStore, 0-correction/hifi.ovlStore, 0-correction/find-errors-jobs/0120.range, 0-correction/configureFindErrors.finished
    output: 0-correction/find-errors-jobs/0120.red
    log: 0-correction/find-errors-jobs/0120.err
    jobid: 246
    reason: Missing output files: 0-correction/find-errors-jobs/0120.red
    wildcards: nnnn=0120
    threads: 4
    resources: mem_mb=1000, mem_mib=954, disk_mb=1000, disk_mib=954, tmpdir=<TBD>, job_id=1, n_cpus=4, mem_gb=32, time_h=4

Submitted job 246 with external jobid '18452892'.

[Wed May  6 18:54:18 2026]
rule computeErrors:
    input: 0-correction/hifi.seqStore, 0-correction/hifi.ovlStore, 0-correction/find-errors-jobs/0232.range, 0-correction/configureFindErrors.finished
    output: 0-correction/find-errors-jobs/0232.red
    log: 0-correction/find-errors-jobs/0232.err
    jobid: 358
    reason: Missing output files: 0-correction/find-errors-jobs/0232.red
    wildcards: nnnn=0232
    threads: 4
    resources: mem_mb=1000, mem_mib=954, disk_mb=1000, disk_mib=954, tmpdir=<TBD>, job_id=1, n_cpus=4, mem_gb=32, time_h=4

Submitted job 358 with external jobid '18452896'.

[Wed May  6 18:54:21 2026]
rule computeErrors:
    input: 0-correction/hifi.seqStore, 0-correction/hifi.ovlStore, 0-correction/find-errors-jobs/0006.range, 0-correction/configureFindErrors.finished
    output: 0-correction/find-errors-jobs/0006.red
    log: 0-correction/find-errors-jobs/0006.err
    jobid: 132
    reason: Missing output files: 0-correction/find-errors-jobs/0006.red
    wildcards: nnnn=0006
    threads: 4
    resources: mem_mb=1000, mem_mib=954, disk_mb=1000, disk_mib=954, tmpdir=<TBD>, job_id=1, n_cpus=4, mem_gb=32, time_h=4

Submitted job 132 with external jobid '18452897'.

[Wed May  6 18:54:24 2026]
rule computeErrors:
    input: 0-correction/hifi.seqStore, 0-correction/hifi.ovlStore, 0-correction/find-errors-jobs/0065.range, 0-correction/configureFindErrors.finished
    output: 0-correction/find-errors-jobs/0065.red
    log: 0-correction/find-errors-jobs/0065.err
    jobid: 191
    reason: Missing output files: 0-correction/find-errors-jobs/0065.red
    wildcards: nnnn=0065
    threads: 4
    resources: mem_mb=1000, mem_mib=954, disk_mb=1000, disk_mib=954, tmpdir=<TBD>, job_id=1, n_cpus=4, mem_gb=32, time_h=4

Submitted job 191 with external jobid '18452899'.

[Wed May  6 18:54:28 2026]
rule computeErrors:
    input: 0-correction/hifi.seqStore, 0-correction/hifi.ovlStore, 0-correction/find-errors-jobs/0121.range, 0-correction/configureFindErrors.finished
    output: 0-correction/find-errors-jobs/0121.red
    log: 0-correction/find-errors-jobs/0121.err
    jobid: 247
    reason: Missing output files: 0-correction/find-errors-jobs/0121.red
    wildcards: nnnn=0121
    threads: 4
    resources: mem_mb=1000, mem_mib=954, disk_mb=1000, disk_mib=954, tmpdir=<TBD>, job_id=1, n_cpus=4, mem_gb=32, time_h=4

Submitted job 247 with external jobid '18452903'.

[Wed May  6 18:54:31 2026]
rule computeErrors:
    input: 0-correction/hifi.seqStore, 0-correction/hifi.ovlStore, 0-correction/find-errors-jobs/0233.range, 0-correction/configureFindErrors.finished
    output: 0-correction/find-errors-jobs/0233.red
    log: 0-correction/find-errors-jobs/0233.err
    jobid: 359
    reason: Missing output files: 0-correction/find-errors-jobs/0233.red
    wildcards: nnnn=0233
    threads: 4
    resources: mem_mb=1000, mem_mib=954, disk_mb=1000, disk_mib=954, tmpdir=<TBD>, job_id=1, n_cpus=4, mem_gb=32, time_h=4

Submitted job 359 with external jobid '18452906'.

[Wed May  6 18:54:34 2026]
rule computeErrors:
    input: 0-correction/hifi.seqStore, 0-correction/hifi.ovlStore, 0-correction/find-errors-jobs/0013.range, 0-correction/configureFindErrors.finished
    output: 0-correction/find-errors-jobs/0013.red
    log: 0-correction/find-errors-jobs/0013.err
    jobid: 139
    reason: Missing output files: 0-correction/find-errors-jobs/0013.red
    wildcards: nnnn=0013
    threads: 4
    resources: mem_mb=1000, mem_mib=954, disk_mb=1000, disk_mib=954, tmpdir=<TBD>, job_id=1, n_cpus=4, mem_gb=32, time_h=4

Submitted job 139 with external jobid '18452907'.

[Wed May  6 18:54:37 2026]
rule computeErrors:
    input: 0-correction/hifi.seqStore, 0-correction/hifi.ovlStore, 0-correction/find-errors-jobs/0066.range, 0-correction/configureFindErrors.finished
    output: 0-correction/find-errors-jobs/0066.red
    log: 0-correction/find-errors-jobs/0066.err
    jobid: 192
    reason: Missing output files: 0-correction/find-errors-jobs/0066.red
    wildcards: nnnn=0066
    threads: 4
    resources: mem_mb=1000, mem_mib=954, disk_mb=1000, disk_mib=954, tmpdir=<TBD>, job_id=1, n_cpus=4, mem_gb=32, time_h=4

Submitted job 192 with external jobid '18452913'.

[Wed May  6 18:54:41 2026]
rule computeErrors:
    input: 0-correction/hifi.seqStore, 0-correction/hifi.ovlStore, 0-correction/find-errors-jobs/0122.range, 0-correction/configureFindErrors.finished
    output: 0-correction/find-errors-jobs/0122.red
    log: 0-correction/find-errors-jobs/0122.err
    jobid: 248
    reason: Missing output files: 0-correction/find-errors-jobs/0122.red
    wildcards: nnnn=0122
    threads: 4
    resources: mem_mb=1000, mem_mib=954, disk_mb=1000, disk_mib=954, tmpdir=<TBD>, job_id=1, n_cpus=4, mem_gb=32, time_h=4

Submitted job 248 with external jobid '18452918'.

[Wed May  6 18:54:44 2026]
rule computeErrors:
    input: 0-correction/hifi.seqStore, 0-correction/hifi.ovlStore, 0-correction/find-errors-jobs/0234.range, 0-correction/configureFindErrors.finished
    output: 0-correction/find-errors-jobs/0234.red
    log: 0-correction/find-errors-jobs/0234.err
    jobid: 360
    reason: Missing output files: 0-correction/find-errors-jobs/0234.red
    wildcards: nnnn=0234
    threads: 4
    resources: mem_mb=1000, mem_mib=954, disk_mb=1000, disk_mib=954, tmpdir=<TBD>, job_id=1, n_cpus=4, mem_gb=32, time_h=4

Submitted job 360 with external jobid '18452930'.

[Wed May  6 18:54:47 2026]
rule computeErrors:
    input: 0-correction/hifi.seqStore, 0-correction/hifi.ovlStore, 0-correction/find-errors-jobs/0007.range, 0-correction/configureFindErrors.finished
    output: 0-correction/find-errors-jobs/0007.red
    log: 0-correction/find-errors-jobs/0007.err
    jobid: 133
    reason: Missing output files: 0-correction/find-errors-jobs/0007.red
    wildcards: nnnn=0007
    threads: 4
    resources: mem_mb=1000, mem_mib=954, disk_mb=1000, disk_mib=954, tmpdir=<TBD>, job_id=1, n_cpus=4, mem_gb=32, time_h=4

Submitted job 133 with external jobid '18452931'.

[Wed May  6 18:54:53 2026]
rule computeErrors:
    input: 0-correction/hifi.seqStore, 0-correction/hifi.ovlStore, 0-correction/find-errors-jobs/0067.range, 0-correction/configureFindErrors.finished
    output: 0-correction/find-errors-jobs/0067.red
    log: 0-correction/find-errors-jobs/0067.err
    jobid: 193
    reason: Missing output files: 0-correction/find-errors-jobs/0067.red
    wildcards: nnnn=0067
    threads: 4
    resources: mem_mb=1000, mem_mib=954, disk_mb=1000, disk_mib=954, tmpdir=<TBD>, job_id=1, n_cpus=4, mem_gb=32, time_h=4

Submitted job 193 with external jobid '18452938'.

[Wed May  6 18:54:57 2026]
rule computeErrors:
    input: 0-correction/hifi.seqStore, 0-correction/hifi.ovlStore, 0-correction/find-errors-jobs/0123.range, 0-correction/configureFindErrors.finished
    output: 0-correction/find-errors-jobs/0123.red
    log: 0-correction/find-errors-jobs/0123.err
    jobid: 249
    reason: Missing output files: 0-correction/find-errors-jobs/0123.red
    wildcards: nnnn=0123
    threads: 4
    resources: mem_mb=1000, mem_mib=954, disk_mb=1000, disk_mib=954, tmpdir=<TBD>, job_id=1, n_cpus=4, mem_gb=32, time_h=4

Submitted job 249 with external jobid '18452939'.

[Wed May  6 18:55:00 2026]
rule computeErrors:
    input: 0-correction/hifi.seqStore, 0-correction/hifi.ovlStore, 0-correction/find-errors-jobs/0235.range, 0-correction/configureFindErrors.finished
    output: 0-correction/find-errors-jobs/0235.red
    log: 0-correction/find-errors-jobs/0235.err
    jobid: 361
    reason: Missing output files: 0-correction/find-errors-jobs/0235.red
    wildcards: nnnn=0235
    threads: 4
    resources: mem_mb=1000, mem_mib=954, disk_mb=1000, disk_mib=954, tmpdir=<TBD>, job_id=1, n_cpus=4, mem_gb=32, time_h=4

Submitted job 361 with external jobid '18452940'.

[Wed May  6 18:55:03 2026]
rule computeErrors:
    input: 0-correction/hifi.seqStore, 0-correction/hifi.ovlStore, 0-correction/find-errors-jobs/0008.range, 0-correction/configureFindErrors.finished
    output: 0-correction/find-errors-jobs/0008.red
    log: 0-correction/find-errors-jobs/0008.err
    jobid: 134
    reason: Missing output files: 0-correction/find-errors-jobs/0008.red
    wildcards: nnnn=0008
    threads: 4
    resources: mem_mb=1000, mem_mib=954, disk_mb=1000, disk_mib=954, tmpdir=<TBD>, job_id=1, n_cpus=4, mem_gb=32, time_h=4

Submitted job 134 with external jobid '18452942'.

[Wed May  6 18:55:07 2026]
rule computeErrors:
    input: 0-correction/hifi.seqStore, 0-correction/hifi.ovlStore, 0-correction/find-errors-jobs/0068.range, 0-correction/configureFindErrors.finished
    output: 0-correction/find-errors-jobs/0068.red
    log: 0-correction/find-errors-jobs/0068.err
    jobid: 194
    reason: Missing output files: 0-correction/find-errors-jobs/0068.red
    wildcards: nnnn=0068
    threads: 4
    resources: mem_mb=1000, mem_mib=954, disk_mb=1000, disk_mib=954, tmpdir=<TBD>, job_id=1, n_cpus=4, mem_gb=32, time_h=4

Submitted job 194 with external jobid '18452943'.

[Wed May  6 18:55:10 2026]
rule computeErrors:
    input: 0-correction/hifi.seqStore, 0-correction/hifi.ovlStore, 0-correction/find-errors-jobs/0124.range, 0-correction/configureFindErrors.finished
    output: 0-correction/find-errors-jobs/0124.red
    log: 0-correction/find-errors-jobs/0124.err
    jobid: 250
    reason: Missing output files: 0-correction/find-errors-jobs/0124.red
    wildcards: nnnn=0124
    threads: 4
    resources: mem_mb=1000, mem_mib=954, disk_mb=1000, disk_mib=954, tmpdir=<TBD>, job_id=1, n_cpus=4, mem_gb=32, time_h=4

Submitted job 250 with external jobid '18452944'.

[Wed May  6 18:55:13 2026]
rule computeErrors:
    input: 0-correction/hifi.seqStore, 0-correction/hifi.ovlStore, 0-correction/find-errors-jobs/0236.range, 0-correction/configureFindErrors.finished
    output: 0-correction/find-errors-jobs/0236.red
    log: 0-correction/find-errors-jobs/0236.err
    jobid: 362
    reason: Missing output files: 0-correction/find-errors-jobs/0236.red
    wildcards: nnnn=0236
    threads: 4
    resources: mem_mb=1000, mem_mib=954, disk_mb=1000, disk_mib=954, tmpdir=<TBD>, job_id=1, n_cpus=4, mem_gb=32, time_h=4

Submitted job 362 with external jobid '18452947'.

[Wed May  6 18:55:16 2026]
rule computeErrors:
    input: 0-correction/hifi.seqStore, 0-correction/hifi.ovlStore, 0-correction/find-errors-jobs/0069.range, 0-correction/configureFindErrors.finished
    output: 0-correction/find-errors-jobs/0069.red
    log: 0-correction/find-errors-jobs/0069.err
    jobid: 195
    reason: Missing output files: 0-correction/find-errors-jobs/0069.red
    wildcards: nnnn=0069
    threads: 4
    resources: mem_mb=1000, mem_mib=954, disk_mb=1000, disk_mib=954, tmpdir=<TBD>, job_id=1, n_cpus=4, mem_gb=32, time_h=4

Submitted job 195 with external jobid '18452950'.

[Wed May  6 18:55:19 2026]
rule computeErrors:
    input: 0-correction/hifi.seqStore, 0-correction/hifi.ovlStore, 0-correction/find-errors-jobs/0009.range, 0-correction/configureFindErrors.finished
    output: 0-correction/find-errors-jobs/0009.red
    log: 0-correction/find-errors-jobs/0009.err
    jobid: 135
    reason: Missing output files: 0-correction/find-errors-jobs/0009.red
    wildcards: nnnn=0009
    threads: 4
    resources: mem_mb=1000, mem_mib=954, disk_mb=1000, disk_mib=954, tmpdir=<TBD>, job_id=1, n_cpus=4, mem_gb=32, time_h=4

Submitted job 135 with external jobid '18452955'.

[Wed May  6 18:55:23 2026]
rule computeErrors:
    input: 0-correction/hifi.seqStore, 0-correction/hifi.ovlStore, 0-correction/find-errors-jobs/0125.range, 0-correction/configureFindErrors.finished
    output: 0-correction/find-errors-jobs/0125.red
    log: 0-correction/find-errors-jobs/0125.err
    jobid: 251
    reason: Missing output files: 0-correction/find-errors-jobs/0125.red
    wildcards: nnnn=0125
    threads: 4
    resources: mem_mb=1000, mem_mib=954, disk_mb=1000, disk_mib=954, tmpdir=<TBD>, job_id=1, n_cpus=4, mem_gb=32, time_h=4

Submitted job 251 with external jobid '18452957'.

[Wed May  6 18:55:26 2026]
rule computeErrors:
    input: 0-correction/hifi.seqStore, 0-correction/hifi.ovlStore, 0-correction/find-errors-jobs/0237.range, 0-correction/configureFindErrors.finished
    output: 0-correction/find-errors-jobs/0237.red
    log: 0-correction/find-errors-jobs/0237.err
    jobid: 363
    reason: Missing output files: 0-correction/find-errors-jobs/0237.red
    wildcards: nnnn=0237
    threads: 4
    resources: mem_mb=1000, mem_mib=954, disk_mb=1000, disk_mib=954, tmpdir=<TBD>, job_id=1, n_cpus=4, mem_gb=32, time_h=4

Submitted job 363 with external jobid '18452959'.

[Wed May  6 18:55:29 2026]
rule computeErrors:
    input: 0-correction/hifi.seqStore, 0-correction/hifi.ovlStore, 0-correction/find-errors-jobs/0014.range, 0-correction/configureFindErrors.finished
    output: 0-correction/find-errors-jobs/0014.red
    log: 0-correction/find-errors-jobs/0014.err
    jobid: 140
    reason: Missing output files: 0-correction/find-errors-jobs/0014.red
    wildcards: nnnn=0014
    threads: 4
    resources: mem_mb=1000, mem_mib=954, disk_mb=1000, disk_mib=954, tmpdir=<TBD>, job_id=1, n_cpus=4, mem_gb=32, time_h=4

Submitted job 140 with external jobid '18452962'.

[Wed May  6 18:55:32 2026]
rule computeErrors:
    input: 0-correction/hifi.seqStore, 0-correction/hifi.ovlStore, 0-correction/find-errors-jobs/0070.range, 0-correction/configureFindErrors.finished
    output: 0-correction/find-errors-jobs/0070.red
    log: 0-correction/find-errors-jobs/0070.err
    jobid: 196
    reason: Missing output files: 0-correction/find-errors-jobs/0070.red
    wildcards: nnnn=0070
    threads: 4
    resources: mem_mb=1000, mem_mib=954, disk_mb=1000, disk_mib=954, tmpdir=<TBD>, job_id=1, n_cpus=4, mem_gb=32, time_h=4

Submitted job 196 with external jobid '18452963'.

[Wed May  6 18:55:35 2026]
rule computeErrors:
    input: 0-correction/hifi.seqStore, 0-correction/hifi.ovlStore, 0-correction/find-errors-jobs/0126.range, 0-correction/configureFindErrors.finished
    output: 0-correction/find-errors-jobs/0126.red
    log: 0-correction/find-errors-jobs/0126.err
    jobid: 252
    reason: Missing output files: 0-correction/find-errors-jobs/0126.red
    wildcards: nnnn=0126
    threads: 4
    resources: mem_mb=1000, mem_mib=954, disk_mb=1000, disk_mib=954, tmpdir=<TBD>, job_id=1, n_cpus=4, mem_gb=32, time_h=4

Submitted job 252 with external jobid '18452966'.

[Wed May  6 18:55:39 2026]
rule computeErrors:
    input: 0-correction/hifi.seqStore, 0-correction/hifi.ovlStore, 0-correction/find-errors-jobs/0238.range, 0-correction/configureFindErrors.finished
    output: 0-correction/find-errors-jobs/0238.red
    log: 0-correction/find-errors-jobs/0238.err
    jobid: 364
    reason: Missing output files: 0-correction/find-errors-jobs/0238.red
    wildcards: nnnn=0238
    threads: 4
    resources: mem_mb=1000, mem_mib=954, disk_mb=1000, disk_mib=954, tmpdir=<TBD>, job_id=1, n_cpus=4, mem_gb=32, time_h=4

Submitted job 364 with external jobid '18452969'.

[Wed May  6 18:55:42 2026]
rule computeErrors:
    input: 0-correction/hifi.seqStore, 0-correction/hifi.ovlStore, 0-correction/find-errors-jobs/0015.range, 0-correction/configureFindErrors.finished
    output: 0-correction/find-errors-jobs/0015.red
    log: 0-correction/find-errors-jobs/0015.err
    jobid: 141
    reason: Missing output files: 0-correction/find-errors-jobs/0015.red
    wildcards: nnnn=0015
    threads: 4
    resources: mem_mb=1000, mem_mib=954, disk_mb=1000, disk_mib=954, tmpdir=<TBD>, job_id=1, n_cpus=4, mem_gb=32, time_h=4

Submitted job 141 with external jobid '18452978'.

[Wed May  6 18:55:47 2026]
rule computeErrors:
    input: 0-correction/hifi.seqStore, 0-correction/hifi.ovlStore, 0-correction/find-errors-jobs/0071.range, 0-correction/configureFindErrors.finished
    output: 0-correction/find-errors-jobs/0071.red
    log: 0-correction/find-errors-jobs/0071.err
    jobid: 197
    reason: Missing output files: 0-correction/find-errors-jobs/0071.red
    wildcards: nnnn=0071
    threads: 4
    resources: mem_mb=1000, mem_mib=954, disk_mb=1000, disk_mib=954, tmpdir=<TBD>, job_id=1, n_cpus=4, mem_gb=32, time_h=4

Submitted job 197 with external jobid '18452981'.

[Wed May  6 18:55:52 2026]
rule computeErrors:
    input: 0-correction/hifi.seqStore, 0-correction/hifi.ovlStore, 0-correction/find-errors-jobs/0127.range, 0-correction/configureFindErrors.finished
    output: 0-correction/find-errors-jobs/0127.red
    log: 0-correction/find-errors-jobs/0127.err
    jobid: 253
    reason: Missing output files: 0-correction/find-errors-jobs/0127.red
    wildcards: nnnn=0127
    threads: 4
    resources: mem_mb=1000, mem_mib=954, disk_mb=1000, disk_mib=954, tmpdir=<TBD>, job_id=1, n_cpus=4, mem_gb=32, time_h=4

Submitted job 253 with external jobid '18452995'.

[Wed May  6 18:55:56 2026]
rule computeErrors:
    input: 0-correction/hifi.seqStore, 0-correction/hifi.ovlStore, 0-correction/find-errors-jobs/0239.range, 0-correction/configureFindErrors.finished
    output: 0-correction/find-errors-jobs/0239.red
    log: 0-correction/find-errors-jobs/0239.err
    jobid: 365
    reason: Missing output files: 0-correction/find-errors-jobs/0239.red
    wildcards: nnnn=0239
    threads: 4
    resources: mem_mb=1000, mem_mib=954, disk_mb=1000, disk_mib=954, tmpdir=<TBD>, job_id=1, n_cpus=4, mem_gb=32, time_h=4

Submitted job 365 with external jobid '18452998'.

[Wed May  6 18:55:59 2026]
rule computeErrors:
    input: 0-correction/hifi.seqStore, 0-correction/hifi.ovlStore, 0-correction/find-errors-jobs/0016.range, 0-correction/configureFindErrors.finished
    output: 0-correction/find-errors-jobs/0016.red
    log: 0-correction/find-errors-jobs/0016.err
    jobid: 142
    reason: Missing output files: 0-correction/find-errors-jobs/0016.red
    wildcards: nnnn=0016
    threads: 4
    resources: mem_mb=1000, mem_mib=954, disk_mb=1000, disk_mib=954, tmpdir=<TBD>, job_id=1, n_cpus=4, mem_gb=32, time_h=4

Submitted job 142 with external jobid '18453003'.

[Wed May  6 18:56:02 2026]
rule computeErrors:
    input: 0-correction/hifi.seqStore, 0-correction/hifi.ovlStore, 0-correction/find-errors-jobs/0072.range, 0-correction/configureFindErrors.finished
    output: 0-correction/find-errors-jobs/0072.red
    log: 0-correction/find-errors-jobs/0072.err
    jobid: 198
    reason: Missing output files: 0-correction/find-errors-jobs/0072.red
    wildcards: nnnn=0072
    threads: 4
    resources: mem_mb=1000, mem_mib=954, disk_mb=1000, disk_mib=954, tmpdir=<TBD>, job_id=1, n_cpus=4, mem_gb=32, time_h=4

Submitted job 198 with external jobid '18453006'.

[Wed May  6 18:56:05 2026]
rule computeErrors:
    input: 0-correction/hifi.seqStore, 0-correction/hifi.ovlStore, 0-correction/find-errors-jobs/0128.range, 0-correction/configureFindErrors.finished
    output: 0-correction/find-errors-jobs/0128.red
    log: 0-correction/find-errors-jobs/0128.err
    jobid: 254
    reason: Missing output files: 0-correction/find-errors-jobs/0128.red
    wildcards: nnnn=0128
    threads: 4
    resources: mem_mb=1000, mem_mib=954, disk_mb=1000, disk_mib=954, tmpdir=<TBD>, job_id=1, n_cpus=4, mem_gb=32, time_h=4

Submitted job 254 with external jobid '18453007'.

[Wed May  6 18:56:09 2026]
rule computeErrors:
    input: 0-correction/hifi.seqStore, 0-correction/hifi.ovlStore, 0-correction/find-errors-jobs/0240.range, 0-correction/configureFindErrors.finished
    output: 0-correction/find-errors-jobs/0240.red
    log: 0-correction/find-errors-jobs/0240.err
    jobid: 366
    reason: Missing output files: 0-correction/find-errors-jobs/0240.red
    wildcards: nnnn=0240
    threads: 4
    resources: mem_mb=1000, mem_mib=954, disk_mb=1000, disk_mib=954, tmpdir=<TBD>, job_id=1, n_cpus=4, mem_gb=32, time_h=4

Submitted job 366 with external jobid '18453009'.

[Wed May  6 18:56:12 2026]
rule computeErrors:
    input: 0-correction/hifi.seqStore, 0-correction/hifi.ovlStore, 0-correction/find-errors-jobs/0017.range, 0-correction/configureFindErrors.finished
    output: 0-correction/find-errors-jobs/0017.red
    log: 0-correction/find-errors-jobs/0017.err
    jobid: 143
    reason: Missing output files: 0-correction/find-errors-jobs/0017.red
    wildcards: nnnn=0017
    threads: 4
    resources: mem_mb=1000, mem_mib=954, disk_mb=1000, disk_mib=954, tmpdir=<TBD>, job_id=1, n_cpus=4, mem_gb=32, time_h=4

Submitted job 143 with external jobid '18453010'.

[Wed May  6 18:56:15 2026]
rule computeErrors:
    input: 0-correction/hifi.seqStore, 0-correction/hifi.ovlStore, 0-correction/find-errors-jobs/0073.range, 0-correction/configureFindErrors.finished
    output: 0-correction/find-errors-jobs/0073.red
    log: 0-correction/find-errors-jobs/0073.err
    jobid: 199
    reason: Missing output files: 0-correction/find-errors-jobs/0073.red
    wildcards: nnnn=0073
    threads: 4
    resources: mem_mb=1000, mem_mib=954, disk_mb=1000, disk_mib=954, tmpdir=<TBD>, job_id=1, n_cpus=4, mem_gb=32, time_h=4

Submitted job 199 with external jobid '18453011'.

[Wed May  6 18:56:18 2026]
rule computeErrors:
    input: 0-correction/hifi.seqStore, 0-correction/hifi.ovlStore, 0-correction/find-errors-jobs/0129.range, 0-correction/configureFindErrors.finished
    output: 0-correction/find-errors-jobs/0129.red
    log: 0-correction/find-errors-jobs/0129.err
    jobid: 255
    reason: Missing output files: 0-correction/find-errors-jobs/0129.red
    wildcards: nnnn=0129
    threads: 4
    resources: mem_mb=1000, mem_mib=954, disk_mb=1000, disk_mib=954, tmpdir=<TBD>, job_id=1, n_cpus=4, mem_gb=32, time_h=4

Submitted job 255 with external jobid '18453012'.

[Wed May  6 18:56:21 2026]
rule computeErrors:
    input: 0-correction/hifi.seqStore, 0-correction/hifi.ovlStore, 0-correction/find-errors-jobs/0241.range, 0-correction/configureFindErrors.finished
    output: 0-correction/find-errors-jobs/0241.red
    log: 0-correction/find-errors-jobs/0241.err
    jobid: 367
    reason: Missing output files: 0-correction/find-errors-jobs/0241.red
    wildcards: nnnn=0241
    threads: 4
    resources: mem_mb=1000, mem_mib=954, disk_mb=1000, disk_mib=954, tmpdir=<TBD>, job_id=1, n_cpus=4, mem_gb=32, time_h=4

Submitted job 367 with external jobid '18453013'.

[Wed May  6 18:56:25 2026]
rule computeErrors:
    input: 0-correction/hifi.seqStore, 0-correction/hifi.ovlStore, 0-correction/find-errors-jobs/0018.range, 0-correction/configureFindErrors.finished
    output: 0-correction/find-errors-jobs/0018.red
    log: 0-correction/find-errors-jobs/0018.err
    jobid: 144
    reason: Missing output files: 0-correction/find-errors-jobs/0018.red
    wildcards: nnnn=0018
    threads: 4
    resources: mem_mb=1000, mem_mib=954, disk_mb=1000, disk_mib=954, tmpdir=<TBD>, job_id=1, n_cpus=4, mem_gb=32, time_h=4

Submitted job 144 with external jobid '18453014'.

[Wed May  6 18:56:28 2026]
rule computeErrors:
    input: 0-correction/hifi.seqStore, 0-correction/hifi.ovlStore, 0-correction/find-errors-jobs/0074.range, 0-correction/configureFindErrors.finished
    output: 0-correction/find-errors-jobs/0074.red
    log: 0-correction/find-errors-jobs/0074.err
    jobid: 200
    reason: Missing output files: 0-correction/find-errors-jobs/0074.red
    wildcards: nnnn=0074
    threads: 4
    resources: mem_mb=1000, mem_mib=954, disk_mb=1000, disk_mib=954, tmpdir=<TBD>, job_id=1, n_cpus=4, mem_gb=32, time_h=4

Submitted job 200 with external jobid '18453015'.

[Wed May  6 18:56:31 2026]
rule computeErrors:
    input: 0-correction/hifi.seqStore, 0-correction/hifi.ovlStore, 0-correction/find-errors-jobs/0130.range, 0-correction/configureFindErrors.finished
    output: 0-correction/find-errors-jobs/0130.red
    log: 0-correction/find-errors-jobs/0130.err
    jobid: 256
    reason: Missing output files: 0-correction/find-errors-jobs/0130.red
    wildcards: nnnn=0130
    threads: 4
    resources: mem_mb=1000, mem_mib=954, disk_mb=1000, disk_mib=954, tmpdir=<TBD>, job_id=1, n_cpus=4, mem_gb=32, time_h=4

Submitted job 256 with external jobid '18453019'.

[Wed May  6 18:56:34 2026]
rule computeErrors:
    input: 0-correction/hifi.seqStore, 0-correction/hifi.ovlStore, 0-correction/find-errors-jobs/0242.range, 0-correction/configureFindErrors.finished
    output: 0-correction/find-errors-jobs/0242.red
    log: 0-correction/find-errors-jobs/0242.err
    jobid: 368
    reason: Missing output files: 0-correction/find-errors-jobs/0242.red
    wildcards: nnnn=0242
    threads: 4
    resources: mem_mb=1000, mem_mib=954, disk_mb=1000, disk_mib=954, tmpdir=<TBD>, job_id=1, n_cpus=4, mem_gb=32, time_h=4

Submitted job 368 with external jobid '18453035'.

[Wed May  6 18:56:38 2026]
rule computeErrors:
    input: 0-correction/hifi.seqStore, 0-correction/hifi.ovlStore, 0-correction/find-errors-jobs/0019.range, 0-correction/configureFindErrors.finished
    output: 0-correction/find-errors-jobs/0019.red
    log: 0-correction/find-errors-jobs/0019.err
    jobid: 145
    reason: Missing output files: 0-correction/find-errors-jobs/0019.red
    wildcards: nnnn=0019
    threads: 4
    resources: mem_mb=1000, mem_mib=954, disk_mb=1000, disk_mib=954, tmpdir=<TBD>, job_id=1, n_cpus=4, mem_gb=32, time_h=4

Submitted job 145 with external jobid '18453036'.

[Wed May  6 18:56:41 2026]
rule computeErrors:
    input: 0-correction/hifi.seqStore, 0-correction/hifi.ovlStore, 0-correction/find-errors-jobs/0075.range, 0-correction/configureFindErrors.finished
    output: 0-correction/find-errors-jobs/0075.red
    log: 0-correction/find-errors-jobs/0075.err
    jobid: 201
    reason: Missing output files: 0-correction/find-errors-jobs/0075.red
    wildcards: nnnn=0075
    threads: 4
    resources: mem_mb=1000, mem_mib=954, disk_mb=1000, disk_mib=954, tmpdir=<TBD>, job_id=1, n_cpus=4, mem_gb=32, time_h=4

Submitted job 201 with external jobid '18453037'.

[Wed May  6 18:56:44 2026]
rule computeErrors:
    input: 0-correction/hifi.seqStore, 0-correction/hifi.ovlStore, 0-correction/find-errors-jobs/0131.range, 0-correction/configureFindErrors.finished
    output: 0-correction/find-errors-jobs/0131.red
    log: 0-correction/find-errors-jobs/0131.err
    jobid: 257
    reason: Missing output files: 0-correction/find-errors-jobs/0131.red
    wildcards: nnnn=0131
    threads: 4
    resources: mem_mb=1000, mem_mib=954, disk_mb=1000, disk_mib=954, tmpdir=<TBD>, job_id=1, n_cpus=4, mem_gb=32, time_h=4

Submitted job 257 with external jobid '18453039'.

[Wed May  6 18:56:47 2026]
rule computeErrors:
    input: 0-correction/hifi.seqStore, 0-correction/hifi.ovlStore, 0-correction/find-errors-jobs/0243.range, 0-correction/configureFindErrors.finished
    output: 0-correction/find-errors-jobs/0243.red
    log: 0-correction/find-errors-jobs/0243.err
    jobid: 369
    reason: Missing output files: 0-correction/find-errors-jobs/0243.red
    wildcards: nnnn=0243
    threads: 4
    resources: mem_mb=1000, mem_mib=954, disk_mb=1000, disk_mib=954, tmpdir=<TBD>, job_id=1, n_cpus=4, mem_gb=32, time_h=4

Submitted job 369 with external jobid '18453040'.

[Wed May  6 18:56:51 2026]
rule computeErrors:
    input: 0-correction/hifi.seqStore, 0-correction/hifi.ovlStore, 0-correction/find-errors-jobs/0020.range, 0-correction/configureFindErrors.finished
    output: 0-correction/find-errors-jobs/0020.red
    log: 0-correction/find-errors-jobs/0020.err
    jobid: 146
    reason: Missing output files: 0-correction/find-errors-jobs/0020.red
    wildcards: nnnn=0020
    threads: 4
    resources: mem_mb=1000, mem_mib=954, disk_mb=1000, disk_mib=954, tmpdir=<TBD>, job_id=1, n_cpus=4, mem_gb=32, time_h=4

Submitted job 146 with external jobid '18453041'.

[Wed May  6 18:56:54 2026]
rule computeErrors:
    input: 0-correction/hifi.seqStore, 0-correction/hifi.ovlStore, 0-correction/find-errors-jobs/0076.range, 0-correction/configureFindErrors.finished
    output: 0-correction/find-errors-jobs/0076.red
    log: 0-correction/find-errors-jobs/0076.err
    jobid: 202
    reason: Missing output files: 0-correction/find-errors-jobs/0076.red
    wildcards: nnnn=0076
    threads: 4
    resources: mem_mb=1000, mem_mib=954, disk_mb=1000, disk_mib=954, tmpdir=<TBD>, job_id=1, n_cpus=4, mem_gb=32, time_h=4

Submitted job 202 with external jobid '18453044'.

[Wed May  6 18:56:57 2026]
rule computeErrors:
    input: 0-correction/hifi.seqStore, 0-correction/hifi.ovlStore, 0-correction/find-errors-jobs/0132.range, 0-correction/configureFindErrors.finished
    output: 0-correction/find-errors-jobs/0132.red
    log: 0-correction/find-errors-jobs/0132.err
    jobid: 258
    reason: Missing output files: 0-correction/find-errors-jobs/0132.red
    wildcards: nnnn=0132
    threads: 4
    resources: mem_mb=1000, mem_mib=954, disk_mb=1000, disk_mib=954, tmpdir=<TBD>, job_id=1, n_cpus=4, mem_gb=32, time_h=4

Submitted job 258 with external jobid '18453045'.

[Wed May  6 18:57:00 2026]
rule computeErrors:
    input: 0-correction/hifi.seqStore, 0-correction/hifi.ovlStore, 0-correction/find-errors-jobs/0244.range, 0-correction/configureFindErrors.finished
    output: 0-correction/find-errors-jobs/0244.red
    log: 0-correction/find-errors-jobs/0244.err
    jobid: 370
    reason: Missing output files: 0-correction/find-errors-jobs/0244.red
    wildcards: nnnn=0244
    threads: 4
    resources: mem_mb=1000, mem_mib=954, disk_mb=1000, disk_mib=954, tmpdir=<TBD>, job_id=1, n_cpus=4, mem_gb=32, time_h=4

Submitted job 370 with external jobid '18453047'.

[Wed May  6 18:57:03 2026]
rule computeErrors:
    input: 0-correction/hifi.seqStore, 0-correction/hifi.ovlStore, 0-correction/find-errors-jobs/0021.range, 0-correction/configureFindErrors.finished
    output: 0-correction/find-errors-jobs/0021.red
    log: 0-correction/find-errors-jobs/0021.err
    jobid: 147
    reason: Missing output files: 0-correction/find-errors-jobs/0021.red
    wildcards: nnnn=0021
    threads: 4
    resources: mem_mb=1000, mem_mib=954, disk_mb=1000, disk_mib=954, tmpdir=<TBD>, job_id=1, n_cpus=4, mem_gb=32, time_h=4

Submitted job 147 with external jobid '18453049'.

[Wed May  6 18:57:07 2026]
rule computeErrors:
    input: 0-correction/hifi.seqStore, 0-correction/hifi.ovlStore, 0-correction/find-errors-jobs/0077.range, 0-correction/configureFindErrors.finished
    output: 0-correction/find-errors-jobs/0077.red
    log: 0-correction/find-errors-jobs/0077.err
    jobid: 203
    reason: Missing output files: 0-correction/find-errors-jobs/0077.red
    wildcards: nnnn=0077
    threads: 4
    resources: mem_mb=1000, mem_mib=954, disk_mb=1000, disk_mib=954, tmpdir=<TBD>, job_id=1, n_cpus=4, mem_gb=32, time_h=4

Submitted job 203 with external jobid '18453109'.

[Wed May  6 18:57:11 2026]
rule computeErrors:
    input: 0-correction/hifi.seqStore, 0-correction/hifi.ovlStore, 0-correction/find-errors-jobs/0133.range, 0-correction/configureFindErrors.finished
    output: 0-correction/find-errors-jobs/0133.red
    log: 0-correction/find-errors-jobs/0133.err
    jobid: 259
    reason: Missing output files: 0-correction/find-errors-jobs/0133.red
    wildcards: nnnn=0133
    threads: 4
    resources: mem_mb=1000, mem_mib=954, disk_mb=1000, disk_mib=954, tmpdir=<TBD>, job_id=1, n_cpus=4, mem_gb=32, time_h=4

Submitted job 259 with external jobid '18453110'.

[Wed May  6 18:57:16 2026]
rule computeErrors:
    input: 0-correction/hifi.seqStore, 0-correction/hifi.ovlStore, 0-correction/find-errors-jobs/0245.range, 0-correction/configureFindErrors.finished
    output: 0-correction/find-errors-jobs/0245.red
    log: 0-correction/find-errors-jobs/0245.err
    jobid: 371
    reason: Missing output files: 0-correction/find-errors-jobs/0245.red
    wildcards: nnnn=0245
    threads: 4
    resources: mem_mb=1000, mem_mib=954, disk_mb=1000, disk_mib=954, tmpdir=<TBD>, job_id=1, n_cpus=4, mem_gb=32, time_h=4

Submitted job 371 with external jobid '18453111'.

[Wed May  6 18:57:21 2026]
rule computeErrors:
    input: 0-correction/hifi.seqStore, 0-correction/hifi.ovlStore, 0-correction/find-errors-jobs/0022.range, 0-correction/configureFindErrors.finished
    output: 0-correction/find-errors-jobs/0022.red
    log: 0-correction/find-errors-jobs/0022.err
    jobid: 148
    reason: Missing output files: 0-correction/find-errors-jobs/0022.red
    wildcards: nnnn=0022
    threads: 4
    resources: mem_mb=1000, mem_mib=954, disk_mb=1000, disk_mib=954, tmpdir=<TBD>, job_id=1, n_cpus=4, mem_gb=32, time_h=4

Submitted job 148 with external jobid '18453117'.

[Wed May  6 18:57:24 2026]
rule computeErrors:
    input: 0-correction/hifi.seqStore, 0-correction/hifi.ovlStore, 0-correction/find-errors-jobs/0078.range, 0-correction/configureFindErrors.finished
    output: 0-correction/find-errors-jobs/0078.red
    log: 0-correction/find-errors-jobs/0078.err
    jobid: 204
    reason: Missing output files: 0-correction/find-errors-jobs/0078.red
    wildcards: nnnn=0078
    threads: 4
    resources: mem_mb=1000, mem_mib=954, disk_mb=1000, disk_mib=954, tmpdir=<TBD>, job_id=1, n_cpus=4, mem_gb=32, time_h=4

Submitted job 204 with external jobid '18453119'.

[Wed May  6 18:57:28 2026]
rule computeErrors:
    input: 0-correction/hifi.seqStore, 0-correction/hifi.ovlStore, 0-correction/find-errors-jobs/0134.range, 0-correction/configureFindErrors.finished
    output: 0-correction/find-errors-jobs/0134.red
    log: 0-correction/find-errors-jobs/0134.err
    jobid: 260
    reason: Missing output files: 0-correction/find-errors-jobs/0134.red
    wildcards: nnnn=0134
    threads: 4
    resources: mem_mb=1000, mem_mib=954, disk_mb=1000, disk_mib=954, tmpdir=<TBD>, job_id=1, n_cpus=4, mem_gb=32, time_h=4

Submitted job 260 with external jobid '18453120'.

[Wed May  6 18:57:31 2026]
rule computeErrors:
    input: 0-correction/hifi.seqStore, 0-correction/hifi.ovlStore, 0-correction/find-errors-jobs/0246.range, 0-correction/configureFindErrors.finished
    output: 0-correction/find-errors-jobs/0246.red
    log: 0-correction/find-errors-jobs/0246.err
    jobid: 372
    reason: Missing output files: 0-correction/find-errors-jobs/0246.red
    wildcards: nnnn=0246
    threads: 4
    resources: mem_mb=1000, mem_mib=954, disk_mb=1000, disk_mib=954, tmpdir=<TBD>, job_id=1, n_cpus=4, mem_gb=32, time_h=4

Submitted job 372 with external jobid '18453122'.

[Wed May  6 18:57:34 2026]
rule computeErrors:
    input: 0-correction/hifi.seqStore, 0-correction/hifi.ovlStore, 0-correction/find-errors-jobs/0023.range, 0-correction/configureFindErrors.finished
    output: 0-correction/find-errors-jobs/0023.red
    log: 0-correction/find-errors-jobs/0023.err
    jobid: 149
    reason: Missing output files: 0-correction/find-errors-jobs/0023.red
    wildcards: nnnn=0023
    threads: 4
    resources: mem_mb=1000, mem_mib=954, disk_mb=1000, disk_mib=954, tmpdir=<TBD>, job_id=1, n_cpus=4, mem_gb=32, time_h=4

Submitted job 149 with external jobid '18453123'.

[Wed May  6 18:57:37 2026]
rule computeErrors:
    input: 0-correction/hifi.seqStore, 0-correction/hifi.ovlStore, 0-correction/find-errors-jobs/0079.range, 0-correction/configureFindErrors.finished
    output: 0-correction/find-errors-jobs/0079.red
    log: 0-correction/find-errors-jobs/0079.err
    jobid: 205
    reason: Missing output files: 0-correction/find-errors-jobs/0079.red
    wildcards: nnnn=0079
    threads: 4
    resources: mem_mb=1000, mem_mib=954, disk_mb=1000, disk_mib=954, tmpdir=<TBD>, job_id=1, n_cpus=4, mem_gb=32, time_h=4

Submitted job 205 with external jobid '18453124'.

[Wed May  6 18:57:41 2026]
rule computeErrors:
    input: 0-correction/hifi.seqStore, 0-correction/hifi.ovlStore, 0-correction/find-errors-jobs/0135.range, 0-correction/configureFindErrors.finished
    output: 0-correction/find-errors-jobs/0135.red
    log: 0-correction/find-errors-jobs/0135.err
    jobid: 261
    reason: Missing output files: 0-correction/find-errors-jobs/0135.red
    wildcards: nnnn=0135
    threads: 4
    resources: mem_mb=1000, mem_mib=954, disk_mb=1000, disk_mib=954, tmpdir=<TBD>, job_id=1, n_cpus=4, mem_gb=32, time_h=4

Submitted job 261 with external jobid '18453125'.

[Wed May  6 18:57:44 2026]
rule computeErrors:
    input: 0-correction/hifi.seqStore, 0-correction/hifi.ovlStore, 0-correction/find-errors-jobs/0247.range, 0-correction/configureFindErrors.finished
    output: 0-correction/find-errors-jobs/0247.red
    log: 0-correction/find-errors-jobs/0247.err
    jobid: 373
    reason: Missing output files: 0-correction/find-errors-jobs/0247.red
    wildcards: nnnn=0247
    threads: 4
    resources: mem_mb=1000, mem_mib=954, disk_mb=1000, disk_mib=954, tmpdir=<TBD>, job_id=1, n_cpus=4, mem_gb=32, time_h=4

Submitted job 373 with external jobid '18453138'.

[Wed May  6 18:57:47 2026]
rule computeErrors:
    input: 0-correction/hifi.seqStore, 0-correction/hifi.ovlStore, 0-correction/find-errors-jobs/0024.range, 0-correction/configureFindErrors.finished
    output: 0-correction/find-errors-jobs/0024.red
    log: 0-correction/find-errors-jobs/0024.err
    jobid: 150
    reason: Missing output files: 0-correction/find-errors-jobs/0024.red
    wildcards: nnnn=0024
    threads: 4
    resources: mem_mb=1000, mem_mib=954, disk_mb=1000, disk_mib=954, tmpdir=<TBD>, job_id=1, n_cpus=4, mem_gb=32, time_h=4

Submitted job 150 with external jobid '18453139'.

[Wed May  6 18:57:50 2026]
rule computeErrors:
    input: 0-correction/hifi.seqStore, 0-correction/hifi.ovlStore, 0-correction/find-errors-jobs/0080.range, 0-correction/configureFindErrors.finished
    output: 0-correction/find-errors-jobs/0080.red
    log: 0-correction/find-errors-jobs/0080.err
    jobid: 206
    reason: Missing output files: 0-correction/find-errors-jobs/0080.red
    wildcards: nnnn=0080
    threads: 4
    resources: mem_mb=1000, mem_mib=954, disk_mb=1000, disk_mib=954, tmpdir=<TBD>, job_id=1, n_cpus=4, mem_gb=32, time_h=4

Submitted job 206 with external jobid '18453141'.

[Wed May  6 18:57:53 2026]
rule computeErrors:
    input: 0-correction/hifi.seqStore, 0-correction/hifi.ovlStore, 0-correction/find-errors-jobs/0136.range, 0-correction/configureFindErrors.finished
    output: 0-correction/find-errors-jobs/0136.red
    log: 0-correction/find-errors-jobs/0136.err
    jobid: 262
    reason: Missing output files: 0-correction/find-errors-jobs/0136.red
    wildcards: nnnn=0136
    threads: 4
    resources: mem_mb=1000, mem_mib=954, disk_mb=1000, disk_mib=954, tmpdir=<TBD>, job_id=1, n_cpus=4, mem_gb=32, time_h=4

Submitted job 262 with external jobid '18453142'.

[Wed May  6 18:57:57 2026]
rule computeErrors:
    input: 0-correction/hifi.seqStore, 0-correction/hifi.ovlStore, 0-correction/find-errors-jobs/0248.range, 0-correction/configureFindErrors.finished
    output: 0-correction/find-errors-jobs/0248.red
    log: 0-correction/find-errors-jobs/0248.err
    jobid: 374
    reason: Missing output files: 0-correction/find-errors-jobs/0248.red
    wildcards: nnnn=0248
    threads: 4
    resources: mem_mb=1000, mem_mib=954, disk_mb=1000, disk_mib=954, tmpdir=<TBD>, job_id=1, n_cpus=4, mem_gb=32, time_h=4

Submitted job 374 with external jobid '18453143'.

[Wed May  6 18:58:00 2026]
rule computeErrors:
    input: 0-correction/hifi.seqStore, 0-correction/hifi.ovlStore, 0-correction/find-errors-jobs/0025.range, 0-correction/configureFindErrors.finished
    output: 0-correction/find-errors-jobs/0025.red
    log: 0-correction/find-errors-jobs/0025.err
    jobid: 151
    reason: Missing output files: 0-correction/find-errors-jobs/0025.red
    wildcards: nnnn=0025
    threads: 4
    resources: mem_mb=1000, mem_mib=954, disk_mb=1000, disk_mib=954, tmpdir=<TBD>, job_id=1, n_cpus=4, mem_gb=32, time_h=4

Submitted job 151 with external jobid '18453145'.

[Wed May  6 18:58:03 2026]
rule computeErrors:
    input: 0-correction/hifi.seqStore, 0-correction/hifi.ovlStore, 0-correction/find-errors-jobs/0081.range, 0-correction/configureFindErrors.finished
    output: 0-correction/find-errors-jobs/0081.red
    log: 0-correction/find-errors-jobs/0081.err
    jobid: 207
    reason: Missing output files: 0-correction/find-errors-jobs/0081.red
    wildcards: nnnn=0081
    threads: 4
    resources: mem_mb=1000, mem_mib=954, disk_mb=1000, disk_mib=954, tmpdir=<TBD>, job_id=1, n_cpus=4, mem_gb=32, time_h=4

Submitted job 207 with external jobid '18453148'.

[Wed May  6 18:58:06 2026]
rule computeErrors:
    input: 0-correction/hifi.seqStore, 0-correction/hifi.ovlStore, 0-correction/find-errors-jobs/0137.range, 0-correction/configureFindErrors.finished
    output: 0-correction/find-errors-jobs/0137.red
    log: 0-correction/find-errors-jobs/0137.err
    jobid: 263
    reason: Missing output files: 0-correction/find-errors-jobs/0137.red
    wildcards: nnnn=0137
    threads: 4
    resources: mem_mb=1000, mem_mib=954, disk_mb=1000, disk_mib=954, tmpdir=<TBD>, job_id=1, n_cpus=4, mem_gb=32, time_h=4

Submitted job 263 with external jobid '18453149'.

[Wed May  6 18:58:09 2026]
rule computeErrors:
    input: 0-correction/hifi.seqStore, 0-correction/hifi.ovlStore, 0-correction/find-errors-jobs/0249.range, 0-correction/configureFindErrors.finished
    output: 0-correction/find-errors-jobs/0249.red
    log: 0-correction/find-errors-jobs/0249.err
    jobid: 375
    reason: Missing output files: 0-correction/find-errors-jobs/0249.red
    wildcards: nnnn=0249
    threads: 4
    resources: mem_mb=1000, mem_mib=954, disk_mb=1000, disk_mib=954, tmpdir=<TBD>, job_id=1, n_cpus=4, mem_gb=32, time_h=4

Submitted job 375 with external jobid '18453150'.

[Wed May  6 18:58:13 2026]
rule computeErrors:
    input: 0-correction/hifi.seqStore, 0-correction/hifi.ovlStore, 0-correction/find-errors-jobs/0026.range, 0-correction/configureFindErrors.finished
    output: 0-correction/find-errors-jobs/0026.red
    log: 0-correction/find-errors-jobs/0026.err
    jobid: 152
    reason: Missing output files: 0-correction/find-errors-jobs/0026.red
    wildcards: nnnn=0026
    threads: 4
    resources: mem_mb=1000, mem_mib=954, disk_mb=1000, disk_mib=954, tmpdir=<TBD>, job_id=1, n_cpus=4, mem_gb=32, time_h=4

Submitted job 152 with external jobid '18453151'.

[Wed May  6 18:58:16 2026]
rule computeErrors:
    input: 0-correction/hifi.seqStore, 0-correction/hifi.ovlStore, 0-correction/find-errors-jobs/0082.range, 0-correction/configureFindErrors.finished
    output: 0-correction/find-errors-jobs/0082.red
    log: 0-correction/find-errors-jobs/0082.err
    jobid: 208
    reason: Missing output files: 0-correction/find-errors-jobs/0082.red
    wildcards: nnnn=0082
    threads: 4
    resources: mem_mb=1000, mem_mib=954, disk_mb=1000, disk_mib=954, tmpdir=<TBD>, job_id=1, n_cpus=4, mem_gb=32, time_h=4

Submitted job 208 with external jobid '18453152'.

[Wed May  6 18:58:19 2026]
rule computeErrors:
    input: 0-correction/hifi.seqStore, 0-correction/hifi.ovlStore, 0-correction/find-errors-jobs/0138.range, 0-correction/configureFindErrors.finished
    output: 0-correction/find-errors-jobs/0138.red
    log: 0-correction/find-errors-jobs/0138.err
    jobid: 264
    reason: Missing output files: 0-correction/find-errors-jobs/0138.red
    wildcards: nnnn=0138
    threads: 4
    resources: mem_mb=1000, mem_mib=954, disk_mb=1000, disk_mib=954, tmpdir=<TBD>, job_id=1, n_cpus=4, mem_gb=32, time_h=4

Submitted job 264 with external jobid '18453153'.

[Wed May  6 18:58:22 2026]
rule computeErrors:
    input: 0-correction/hifi.seqStore, 0-correction/hifi.ovlStore, 0-correction/find-errors-jobs/0250.range, 0-correction/configureFindErrors.finished
    output: 0-correction/find-errors-jobs/0250.red
    log: 0-correction/find-errors-jobs/0250.err
    jobid: 376
    reason: Missing output files: 0-correction/find-errors-jobs/0250.red
    wildcards: nnnn=0250
    threads: 4
    resources: mem_mb=1000, mem_mib=954, disk_mb=1000, disk_mib=954, tmpdir=<TBD>, job_id=1, n_cpus=4, mem_gb=32, time_h=4

Submitted job 376 with external jobid '18453155'.

[Wed May  6 18:58:26 2026]
rule computeErrors:
    input: 0-correction/hifi.seqStore, 0-correction/hifi.ovlStore, 0-correction/find-errors-jobs/0027.range, 0-correction/configureFindErrors.finished
    output: 0-correction/find-errors-jobs/0027.red
    log: 0-correction/find-errors-jobs/0027.err
    jobid: 153
    reason: Missing output files: 0-correction/find-errors-jobs/0027.red
    wildcards: nnnn=0027
    threads: 4
    resources: mem_mb=1000, mem_mib=954, disk_mb=1000, disk_mib=954, tmpdir=<TBD>, job_id=1, n_cpus=4, mem_gb=32, time_h=4

Submitted job 153 with external jobid '18453157'.

[Wed May  6 18:58:29 2026]
rule computeErrors:
    input: 0-correction/hifi.seqStore, 0-correction/hifi.ovlStore, 0-correction/find-errors-jobs/0083.range, 0-correction/configureFindErrors.finished
    output: 0-correction/find-errors-jobs/0083.red
    log: 0-correction/find-errors-jobs/0083.err
    jobid: 209
    reason: Missing output files: 0-correction/find-errors-jobs/0083.red
    wildcards: nnnn=0083
    threads: 4
    resources: mem_mb=1000, mem_mib=954, disk_mb=1000, disk_mib=954, tmpdir=<TBD>, job_id=1, n_cpus=4, mem_gb=32, time_h=4

Submitted job 209 with external jobid '18453160'.

[Wed May  6 18:58:32 2026]
rule computeErrors:
    input: 0-correction/hifi.seqStore, 0-correction/hifi.ovlStore, 0-correction/find-errors-jobs/0139.range, 0-correction/configureFindErrors.finished
    output: 0-correction/find-errors-jobs/0139.red
    log: 0-correction/find-errors-jobs/0139.err
    jobid: 265
    reason: Missing output files: 0-correction/find-errors-jobs/0139.red
    wildcards: nnnn=0139
    threads: 4
    resources: mem_mb=1000, mem_mib=954, disk_mb=1000, disk_mib=954, tmpdir=<TBD>, job_id=1, n_cpus=4, mem_gb=32, time_h=4

Submitted job 265 with external jobid '18453162'.

[Wed May  6 18:58:35 2026]
rule computeErrors:
    input: 0-correction/hifi.seqStore, 0-correction/hifi.ovlStore, 0-correction/find-errors-jobs/0251.range, 0-correction/configureFindErrors.finished
    output: 0-correction/find-errors-jobs/0251.red
    log: 0-correction/find-errors-jobs/0251.err
    jobid: 377
    reason: Missing output files: 0-correction/find-errors-jobs/0251.red
    wildcards: nnnn=0251
    threads: 4
    resources: mem_mb=1000, mem_mib=954, disk_mb=1000, disk_mib=954, tmpdir=<TBD>, job_id=1, n_cpus=4, mem_gb=32, time_h=4

Submitted job 377 with external jobid '18453163'.

[Wed May  6 18:58:38 2026]
rule computeErrors:
    input: 0-correction/hifi.seqStore, 0-correction/hifi.ovlStore, 0-correction/find-errors-jobs/0028.range, 0-correction/configureFindErrors.finished
    output: 0-correction/find-errors-jobs/0028.red
    log: 0-correction/find-errors-jobs/0028.err
    jobid: 154
    reason: Missing output files: 0-correction/find-errors-jobs/0028.red
    wildcards: nnnn=0028
    threads: 4
    resources: mem_mb=1000, mem_mib=954, disk_mb=1000, disk_mib=954, tmpdir=<TBD>, job_id=1, n_cpus=4, mem_gb=32, time_h=4

Submitted job 154 with external jobid '18453164'.

[Wed May  6 18:58:42 2026]
rule computeErrors:
    input: 0-correction/hifi.seqStore, 0-correction/hifi.ovlStore, 0-correction/find-errors-jobs/0084.range, 0-correction/configureFindErrors.finished
    output: 0-correction/find-errors-jobs/0084.red
    log: 0-correction/find-errors-jobs/0084.err
    jobid: 210
    reason: Missing output files: 0-correction/find-errors-jobs/0084.red
    wildcards: nnnn=0084
    threads: 4
    resources: mem_mb=1000, mem_mib=954, disk_mb=1000, disk_mib=954, tmpdir=<TBD>, job_id=1, n_cpus=4, mem_gb=32, time_h=4

Submitted job 210 with external jobid '18453166'.

[Wed May  6 18:58:45 2026]
rule computeErrors:
    input: 0-correction/hifi.seqStore, 0-correction/hifi.ovlStore, 0-correction/find-errors-jobs/0140.range, 0-correction/configureFindErrors.finished
    output: 0-correction/find-errors-jobs/0140.red
    log: 0-correction/find-errors-jobs/0140.err
    jobid: 266
    reason: Missing output files: 0-correction/find-errors-jobs/0140.red
    wildcards: nnnn=0140
    threads: 4
    resources: mem_mb=1000, mem_mib=954, disk_mb=1000, disk_mib=954, tmpdir=<TBD>, job_id=1, n_cpus=4, mem_gb=32, time_h=4

Submitted job 266 with external jobid '18453167'.

[Wed May  6 18:58:48 2026]
rule computeErrors:
    input: 0-correction/hifi.seqStore, 0-correction/hifi.ovlStore, 0-correction/find-errors-jobs/0252.range, 0-correction/configureFindErrors.finished
    output: 0-correction/find-errors-jobs/0252.red
    log: 0-correction/find-errors-jobs/0252.err
    jobid: 378
    reason: Missing output files: 0-correction/find-errors-jobs/0252.red
    wildcards: nnnn=0252
    threads: 4
    resources: mem_mb=1000, mem_mib=954, disk_mb=1000, disk_mib=954, tmpdir=<TBD>, job_id=1, n_cpus=4, mem_gb=32, time_h=4

Submitted job 378 with external jobid '18453217'.

[Wed May  6 18:58:51 2026]
rule computeErrors:
    input: 0-correction/hifi.seqStore, 0-correction/hifi.ovlStore, 0-correction/find-errors-jobs/0029.range, 0-correction/configureFindErrors.finished
    output: 0-correction/find-errors-jobs/0029.red
    log: 0-correction/find-errors-jobs/0029.err
    jobid: 155
    reason: Missing output files: 0-correction/find-errors-jobs/0029.red
    wildcards: nnnn=0029
    threads: 4
    resources: mem_mb=1000, mem_mib=954, disk_mb=1000, disk_mib=954, tmpdir=<TBD>, job_id=1, n_cpus=4, mem_gb=32, time_h=4

Submitted job 155 with external jobid '18453219'.

[Wed May  6 18:58:56 2026]
rule computeErrors:
    input: 0-correction/hifi.seqStore, 0-correction/hifi.ovlStore, 0-correction/find-errors-jobs/0085.range, 0-correction/configureFindErrors.finished
    output: 0-correction/find-errors-jobs/0085.red
    log: 0-correction/find-errors-jobs/0085.err
    jobid: 211
    reason: Missing output files: 0-correction/find-errors-jobs/0085.red
    wildcards: nnnn=0085
    threads: 4
    resources: mem_mb=1000, mem_mib=954, disk_mb=1000, disk_mib=954, tmpdir=<TBD>, job_id=1, n_cpus=4, mem_gb=32, time_h=4

Submitted job 211 with external jobid '18453220'.

[Wed May  6 18:59:01 2026]
rule computeErrors:
    input: 0-correction/hifi.seqStore, 0-correction/hifi.ovlStore, 0-correction/find-errors-jobs/0141.range, 0-correction/configureFindErrors.finished
    output: 0-correction/find-errors-jobs/0141.red
    log: 0-correction/find-errors-jobs/0141.err
    jobid: 267
    reason: Missing output files: 0-correction/find-errors-jobs/0141.red
    wildcards: nnnn=0141
    threads: 4
    resources: mem_mb=1000, mem_mib=954, disk_mb=1000, disk_mib=954, tmpdir=<TBD>, job_id=1, n_cpus=4, mem_gb=32, time_h=4

Submitted job 267 with external jobid '18453234'.

[Wed May  6 18:59:05 2026]
rule computeErrors:
    input: 0-correction/hifi.seqStore, 0-correction/hifi.ovlStore, 0-correction/find-errors-jobs/0253.range, 0-correction/configureFindErrors.finished
    output: 0-correction/find-errors-jobs/0253.red
    log: 0-correction/find-errors-jobs/0253.err
    jobid: 379
    reason: Missing output files: 0-correction/find-errors-jobs/0253.red
    wildcards: nnnn=0253
    threads: 4
    resources: mem_mb=1000, mem_mib=954, disk_mb=1000, disk_mib=954, tmpdir=<TBD>, job_id=1, n_cpus=4, mem_gb=32, time_h=4

Submitted job 379 with external jobid '18453237'.

[Wed May  6 18:59:08 2026]
rule computeErrors:
    input: 0-correction/hifi.seqStore, 0-correction/hifi.ovlStore, 0-correction/find-errors-jobs/0030.range, 0-correction/configureFindErrors.finished
    output: 0-correction/find-errors-jobs/0030.red
    log: 0-correction/find-errors-jobs/0030.err
    jobid: 156
    reason: Missing output files: 0-correction/find-errors-jobs/0030.red
    wildcards: nnnn=0030
    threads: 4
    resources: mem_mb=1000, mem_mib=954, disk_mb=1000, disk_mib=954, tmpdir=<TBD>, job_id=1, n_cpus=4, mem_gb=32, time_h=4

Submitted job 156 with external jobid '18453238'.

[Wed May  6 18:59:11 2026]
rule computeErrors:
    input: 0-correction/hifi.seqStore, 0-correction/hifi.ovlStore, 0-correction/find-errors-jobs/0086.range, 0-correction/configureFindErrors.finished
    output: 0-correction/find-errors-jobs/0086.red
    log: 0-correction/find-errors-jobs/0086.err
    jobid: 212
    reason: Missing output files: 0-correction/find-errors-jobs/0086.red
    wildcards: nnnn=0086
    threads: 4
    resources: mem_mb=1000, mem_mib=954, disk_mb=1000, disk_mib=954, tmpdir=<TBD>, job_id=1, n_cpus=4, mem_gb=32, time_h=4

Submitted job 212 with external jobid '18453240'.

[Wed May  6 18:59:14 2026]
rule computeErrors:
    input: 0-correction/hifi.seqStore, 0-correction/hifi.ovlStore, 0-correction/find-errors-jobs/0142.range, 0-correction/configureFindErrors.finished
    output: 0-correction/find-errors-jobs/0142.red
    log: 0-correction/find-errors-jobs/0142.err
    jobid: 268
    reason: Missing output files: 0-correction/find-errors-jobs/0142.red
    wildcards: nnnn=0142
    threads: 4
    resources: mem_mb=1000, mem_mib=954, disk_mb=1000, disk_mib=954, tmpdir=<TBD>, job_id=1, n_cpus=4, mem_gb=32, time_h=4

Submitted job 268 with external jobid '18453243'.

[Wed May  6 18:59:18 2026]
rule computeErrors:
    input: 0-correction/hifi.seqStore, 0-correction/hifi.ovlStore, 0-correction/find-errors-jobs/0254.range, 0-correction/configureFindErrors.finished
    output: 0-correction/find-errors-jobs/0254.red
    log: 0-correction/find-errors-jobs/0254.err
    jobid: 380
    reason: Missing output files: 0-correction/find-errors-jobs/0254.red
    wildcards: nnnn=0254
    threads: 4
    resources: mem_mb=1000, mem_mib=954, disk_mb=1000, disk_mib=954, tmpdir=<TBD>, job_id=1, n_cpus=4, mem_gb=32, time_h=4

Submitted job 380 with external jobid '18453282'.

[Wed May  6 18:59:21 2026]
rule computeErrors:
    input: 0-correction/hifi.seqStore, 0-correction/hifi.ovlStore, 0-correction/find-errors-jobs/0031.range, 0-correction/configureFindErrors.finished
    output: 0-correction/find-errors-jobs/0031.red
    log: 0-correction/find-errors-jobs/0031.err
    jobid: 157
    reason: Missing output files: 0-correction/find-errors-jobs/0031.red
    wildcards: nnnn=0031
    threads: 4
    resources: mem_mb=1000, mem_mib=954, disk_mb=1000, disk_mib=954, tmpdir=<TBD>, job_id=1, n_cpus=4, mem_gb=32, time_h=4

Submitted job 157 with external jobid '18453284'.

[Wed May  6 18:59:24 2026]
rule computeErrors:
    input: 0-correction/hifi.seqStore, 0-correction/hifi.ovlStore, 0-correction/find-errors-jobs/0087.range, 0-correction/configureFindErrors.finished
    output: 0-correction/find-errors-jobs/0087.red
    log: 0-correction/find-errors-jobs/0087.err
    jobid: 213
    reason: Missing output files: 0-correction/find-errors-jobs/0087.red
    wildcards: nnnn=0087
    threads: 4
    resources: mem_mb=1000, mem_mib=954, disk_mb=1000, disk_mib=954, tmpdir=<TBD>, job_id=1, n_cpus=4, mem_gb=32, time_h=4

Submitted job 213 with external jobid '18453288'.

[Wed May  6 18:59:27 2026]
rule computeErrors:
    input: 0-correction/hifi.seqStore, 0-correction/hifi.ovlStore, 0-correction/find-errors-jobs/0143.range, 0-correction/configureFindErrors.finished
    output: 0-correction/find-errors-jobs/0143.red
    log: 0-correction/find-errors-jobs/0143.err
    jobid: 269
    reason: Missing output files: 0-correction/find-errors-jobs/0143.red
    wildcards: nnnn=0143
    threads: 4
    resources: mem_mb=1000, mem_mib=954, disk_mb=1000, disk_mib=954, tmpdir=<TBD>, job_id=1, n_cpus=4, mem_gb=32, time_h=4

Submitted job 269 with external jobid '18453291'.

[Wed May  6 18:59:30 2026]
rule computeErrors:
    input: 0-correction/hifi.seqStore, 0-correction/hifi.ovlStore, 0-correction/find-errors-jobs/0255.range, 0-correction/configureFindErrors.finished
    output: 0-correction/find-errors-jobs/0255.red
    log: 0-correction/find-errors-jobs/0255.err
    jobid: 381
    reason: Missing output files: 0-correction/find-errors-jobs/0255.red
    wildcards: nnnn=0255
    threads: 4
    resources: mem_mb=1000, mem_mib=954, disk_mb=1000, disk_mib=954, tmpdir=<TBD>, job_id=1, n_cpus=4, mem_gb=32, time_h=4

Submitted job 381 with external jobid '18453303'.

[Wed May  6 18:59:34 2026]
rule computeErrors:
    input: 0-correction/hifi.seqStore, 0-correction/hifi.ovlStore, 0-correction/find-errors-jobs/0032.range, 0-correction/configureFindErrors.finished
    output: 0-correction/find-errors-jobs/0032.red
    log: 0-correction/find-errors-jobs/0032.err
    jobid: 158
    reason: Missing output files: 0-correction/find-errors-jobs/0032.red
    wildcards: nnnn=0032
    threads: 4
    resources: mem_mb=1000, mem_mib=954, disk_mb=1000, disk_mib=954, tmpdir=<TBD>, job_id=1, n_cpus=4, mem_gb=32, time_h=4

Submitted job 158 with external jobid '18453310'.

[Wed May  6 18:59:37 2026]
rule computeErrors:
    input: 0-correction/hifi.seqStore, 0-correction/hifi.ovlStore, 0-correction/find-errors-jobs/0088.range, 0-correction/configureFindErrors.finished
    output: 0-correction/find-errors-jobs/0088.red
    log: 0-correction/find-errors-jobs/0088.err
    jobid: 214
    reason: Missing output files: 0-correction/find-errors-jobs/0088.red
    wildcards: nnnn=0088
    threads: 4
    resources: mem_mb=1000, mem_mib=954, disk_mb=1000, disk_mib=954, tmpdir=<TBD>, job_id=1, n_cpus=4, mem_gb=32, time_h=4

Submitted job 214 with external jobid '18453316'.

[Wed May  6 18:59:40 2026]
rule computeErrors:
    input: 0-correction/hifi.seqStore, 0-correction/hifi.ovlStore, 0-correction/find-errors-jobs/0144.range, 0-correction/configureFindErrors.finished
    output: 0-correction/find-errors-jobs/0144.red
    log: 0-correction/find-errors-jobs/0144.err
    jobid: 270
    reason: Missing output files: 0-correction/find-errors-jobs/0144.red
    wildcards: nnnn=0144
    threads: 4
    resources: mem_mb=1000, mem_mib=954, disk_mb=1000, disk_mib=954, tmpdir=<TBD>, job_id=1, n_cpus=4, mem_gb=32, time_h=4

Submitted job 270 with external jobid '18453328'.

[Wed May  6 18:59:45 2026]
rule computeErrors:
    input: 0-correction/hifi.seqStore, 0-correction/hifi.ovlStore, 0-correction/find-errors-jobs/0256.range, 0-correction/configureFindErrors.finished
    output: 0-correction/find-errors-jobs/0256.red
    log: 0-correction/find-errors-jobs/0256.err
    jobid: 382
    reason: Missing output files: 0-correction/find-errors-jobs/0256.red
    wildcards: nnnn=0256
    threads: 4
    resources: mem_mb=1000, mem_mib=954, disk_mb=1000, disk_mib=954, tmpdir=<TBD>, job_id=1, n_cpus=4, mem_gb=32, time_h=4

Submitted job 382 with external jobid '18453330'.

[Wed May  6 18:59:49 2026]
rule computeErrors:
    input: 0-correction/hifi.seqStore, 0-correction/hifi.ovlStore, 0-correction/find-errors-jobs/0033.range, 0-correction/configureFindErrors.finished
    output: 0-correction/find-errors-jobs/0033.red
    log: 0-correction/find-errors-jobs/0033.err
    jobid: 159
    reason: Missing output files: 0-correction/find-errors-jobs/0033.red
    wildcards: nnnn=0033
    threads: 4
    resources: mem_mb=1000, mem_mib=954, disk_mb=1000, disk_mib=954, tmpdir=<TBD>, job_id=1, n_cpus=4, mem_gb=32, time_h=4

Submitted job 159 with external jobid '18453335'.

[Wed May  6 18:59:54 2026]
rule computeErrors:
    input: 0-correction/hifi.seqStore, 0-correction/hifi.ovlStore, 0-correction/find-errors-jobs/0089.range, 0-correction/configureFindErrors.finished
    output: 0-correction/find-errors-jobs/0089.red
    log: 0-correction/find-errors-jobs/0089.err
    jobid: 215
    reason: Missing output files: 0-correction/find-errors-jobs/0089.red
    wildcards: nnnn=0089
    threads: 4
    resources: mem_mb=1000, mem_mib=954, disk_mb=1000, disk_mib=954, tmpdir=<TBD>, job_id=1, n_cpus=4, mem_gb=32, time_h=4

Submitted job 215 with external jobid '18453338'.

[Wed May  6 18:59:58 2026]
rule computeErrors:
    input: 0-correction/hifi.seqStore, 0-correction/hifi.ovlStore, 0-correction/find-errors-jobs/0145.range, 0-correction/configureFindErrors.finished
    output: 0-correction/find-errors-jobs/0145.red
    log: 0-correction/find-errors-jobs/0145.err
    jobid: 271
    reason: Missing output files: 0-correction/find-errors-jobs/0145.red
    wildcards: nnnn=0145
    threads: 4
    resources: mem_mb=1000, mem_mib=954, disk_mb=1000, disk_mib=954, tmpdir=<TBD>, job_id=1, n_cpus=4, mem_gb=32, time_h=4

Submitted job 271 with external jobid '18453340'.

[Wed May  6 19:00:01 2026]
rule computeErrors:
    input: 0-correction/hifi.seqStore, 0-correction/hifi.ovlStore, 0-correction/find-errors-jobs/0257.range, 0-correction/configureFindErrors.finished
    output: 0-correction/find-errors-jobs/0257.red
    log: 0-correction/find-errors-jobs/0257.err
    jobid: 383
    reason: Missing output files: 0-correction/find-errors-jobs/0257.red
    wildcards: nnnn=0257
    threads: 4
    resources: mem_mb=1000, mem_mib=954, disk_mb=1000, disk_mib=954, tmpdir=<TBD>, job_id=1, n_cpus=4, mem_gb=32, time_h=4

Submitted job 383 with external jobid '18453341'.

[Wed May  6 19:00:04 2026]
rule computeErrors:
    input: 0-correction/hifi.seqStore, 0-correction/hifi.ovlStore, 0-correction/find-errors-jobs/0146.range, 0-correction/configureFindErrors.finished
    output: 0-correction/find-errors-jobs/0146.red
    log: 0-correction/find-errors-jobs/0146.err
    jobid: 272
    reason: Missing output files: 0-correction/find-errors-jobs/0146.red
    wildcards: nnnn=0146
    threads: 4
    resources: mem_mb=1000, mem_mib=954, disk_mb=1000, disk_mib=954, tmpdir=<TBD>, job_id=1, n_cpus=4, mem_gb=32, time_h=4

Submitted job 272 with external jobid '18453343'.

[Wed May  6 19:00:07 2026]
rule computeErrors:
    input: 0-correction/hifi.seqStore, 0-correction/hifi.ovlStore, 0-correction/find-errors-jobs/0258.range, 0-correction/configureFindErrors.finished
    output: 0-correction/find-errors-jobs/0258.red
    log: 0-correction/find-errors-jobs/0258.err
    jobid: 384
    reason: Missing output files: 0-correction/find-errors-jobs/0258.red
    wildcards: nnnn=0258
    threads: 4
    resources: mem_mb=1000, mem_mib=954, disk_mb=1000, disk_mib=954, tmpdir=<TBD>, job_id=1, n_cpus=4, mem_gb=32, time_h=4

Submitted job 384 with external jobid '18453344'.

[Wed May  6 19:00:10 2026]
rule computeErrors:
    input: 0-correction/hifi.seqStore, 0-correction/hifi.ovlStore, 0-correction/find-errors-jobs/0314.range, 0-correction/configureFindErrors.finished
    output: 0-correction/find-errors-jobs/0314.red
    log: 0-correction/find-errors-jobs/0314.err
    jobid: 440
    reason: Missing output files: 0-correction/find-errors-jobs/0314.red
    wildcards: nnnn=0314
    threads: 4
    resources: mem_mb=1000, mem_mib=954, disk_mb=1000, disk_mib=954, tmpdir=<TBD>, job_id=1, n_cpus=4, mem_gb=32, time_h=4

Submitted job 440 with external jobid '18453348'.

[Wed May  6 19:00:14 2026]
rule computeErrors:
    input: 0-correction/hifi.seqStore, 0-correction/hifi.ovlStore, 0-correction/find-errors-jobs/0370.range, 0-correction/configureFindErrors.finished
    output: 0-correction/find-errors-jobs/0370.red
    log: 0-correction/find-errors-jobs/0370.err
    jobid: 496
    reason: Missing output files: 0-correction/find-errors-jobs/0370.red
    wildcards: nnnn=0370
    threads: 4
    resources: mem_mb=1000, mem_mib=954, disk_mb=1000, disk_mib=954, tmpdir=<TBD>, job_id=1, n_cpus=4, mem_gb=32, time_h=4

Submitted job 496 with external jobid '18453350'.

[Wed May  6 19:00:17 2026]
rule computeErrors:
    input: 0-correction/hifi.seqStore, 0-correction/hifi.ovlStore, 0-correction/find-errors-jobs/0426.range, 0-correction/configureFindErrors.finished
    output: 0-correction/find-errors-jobs/0426.red
    log: 0-correction/find-errors-jobs/0426.err
    jobid: 552
    reason: Missing output files: 0-correction/find-errors-jobs/0426.red
    wildcards: nnnn=0426
    threads: 4
    resources: mem_mb=1000, mem_mib=954, disk_mb=1000, disk_mib=954, tmpdir=<TBD>, job_id=1, n_cpus=4, mem_gb=32, time_h=4

Submitted job 552 with external jobid '18453351'.

[Wed May  6 19:00:20 2026]
rule computeErrors:
    input: 0-correction/hifi.seqStore, 0-correction/hifi.ovlStore, 0-correction/find-errors-jobs/0147.range, 0-correction/configureFindErrors.finished
    output: 0-correction/find-errors-jobs/0147.red
    log: 0-correction/find-errors-jobs/0147.err
    jobid: 273
    reason: Missing output files: 0-correction/find-errors-jobs/0147.red
    wildcards: nnnn=0147
    threads: 4
    resources: mem_mb=1000, mem_mib=954, disk_mb=1000, disk_mib=954, tmpdir=<TBD>, job_id=1, n_cpus=4, mem_gb=32, time_h=4

Submitted job 273 with external jobid '18453354'.

[Wed May  6 19:00:23 2026]
rule computeErrors:
    input: 0-correction/hifi.seqStore, 0-correction/hifi.ovlStore, 0-correction/find-errors-jobs/0259.range, 0-correction/configureFindErrors.finished
    output: 0-correction/find-errors-jobs/0259.red
    log: 0-correction/find-errors-jobs/0259.err
    jobid: 385
    reason: Missing output files: 0-correction/find-errors-jobs/0259.red
    wildcards: nnnn=0259
    threads: 4
    resources: mem_mb=1000, mem_mib=954, disk_mb=1000, disk_mib=954, tmpdir=<TBD>, job_id=1, n_cpus=4, mem_gb=32, time_h=4

Submitted job 385 with external jobid '18453357'.

[Wed May  6 19:00:27 2026]
rule computeErrors:
    input: 0-correction/hifi.seqStore, 0-correction/hifi.ovlStore, 0-correction/find-errors-jobs/0315.range, 0-correction/configureFindErrors.finished
    output: 0-correction/find-errors-jobs/0315.red
    log: 0-correction/find-errors-jobs/0315.err
    jobid: 441
    reason: Missing output files: 0-correction/find-errors-jobs/0315.red
    wildcards: nnnn=0315
    threads: 4
    resources: mem_mb=1000, mem_mib=954, disk_mb=1000, disk_mib=954, tmpdir=<TBD>, job_id=1, n_cpus=4, mem_gb=32, time_h=4

Submitted job 441 with external jobid '18453361'.

[Wed May  6 19:00:30 2026]
rule computeErrors:
    input: 0-correction/hifi.seqStore, 0-correction/hifi.ovlStore, 0-correction/find-errors-jobs/0371.range, 0-correction/configureFindErrors.finished
    output: 0-correction/find-errors-jobs/0371.red
    log: 0-correction/find-errors-jobs/0371.err
    jobid: 497
    reason: Missing output files: 0-correction/find-errors-jobs/0371.red
    wildcards: nnnn=0371
    threads: 4
    resources: mem_mb=1000, mem_mib=954, disk_mb=1000, disk_mib=954, tmpdir=<TBD>, job_id=1, n_cpus=4, mem_gb=32, time_h=4

Submitted job 497 with external jobid '18453366'.

[Wed May  6 19:00:33 2026]
rule computeErrors:
    input: 0-correction/hifi.seqStore, 0-correction/hifi.ovlStore, 0-correction/find-errors-jobs/0427.range, 0-correction/configureFindErrors.finished
    output: 0-correction/find-errors-jobs/0427.red
    log: 0-correction/find-errors-jobs/0427.err
    jobid: 553
    reason: Missing output files: 0-correction/find-errors-jobs/0427.red
    wildcards: nnnn=0427
    threads: 4
    resources: mem_mb=1000, mem_mib=954, disk_mb=1000, disk_mib=954, tmpdir=<TBD>, job_id=1, n_cpus=4, mem_gb=32, time_h=4

Submitted job 553 with external jobid '18453370'.

[Wed May  6 19:00:36 2026]
rule computeErrors:
    input: 0-correction/hifi.seqStore, 0-correction/hifi.ovlStore, 0-correction/find-errors-jobs/0148.range, 0-correction/configureFindErrors.finished
    output: 0-correction/find-errors-jobs/0148.red
    log: 0-correction/find-errors-jobs/0148.err
    jobid: 274
    reason: Missing output files: 0-correction/find-errors-jobs/0148.red
    wildcards: nnnn=0148
    threads: 4
    resources: mem_mb=1000, mem_mib=954, disk_mb=1000, disk_mib=954, tmpdir=<TBD>, job_id=1, n_cpus=4, mem_gb=32, time_h=4

Submitted job 274 with external jobid '18453374'.

[Wed May  6 19:00:39 2026]
rule computeErrors:
    input: 0-correction/hifi.seqStore, 0-correction/hifi.ovlStore, 0-correction/find-errors-jobs/0260.range, 0-correction/configureFindErrors.finished
    output: 0-correction/find-errors-jobs/0260.red
    log: 0-correction/find-errors-jobs/0260.err
    jobid: 386
    reason: Missing output files: 0-correction/find-errors-jobs/0260.red
    wildcards: nnnn=0260
    threads: 4
    resources: mem_mb=1000, mem_mib=954, disk_mb=1000, disk_mib=954, tmpdir=<TBD>, job_id=1, n_cpus=4, mem_gb=32, time_h=4

Submitted job 386 with external jobid '18453377'.

[Wed May  6 19:00:43 2026]
rule computeErrors:
    input: 0-correction/hifi.seqStore, 0-correction/hifi.ovlStore, 0-correction/find-errors-jobs/0316.range, 0-correction/configureFindErrors.finished
    output: 0-correction/find-errors-jobs/0316.red
    log: 0-correction/find-errors-jobs/0316.err
    jobid: 442
    reason: Missing output files: 0-correction/find-errors-jobs/0316.red
    wildcards: nnnn=0316
    threads: 4
    resources: mem_mb=1000, mem_mib=954, disk_mb=1000, disk_mib=954, tmpdir=<TBD>, job_id=1, n_cpus=4, mem_gb=32, time_h=4

Submitted job 442 with external jobid '18453379'.

[Wed May  6 19:00:46 2026]
rule computeErrors:
    input: 0-correction/hifi.seqStore, 0-correction/hifi.ovlStore, 0-correction/find-errors-jobs/0372.range, 0-correction/configureFindErrors.finished
    output: 0-correction/find-errors-jobs/0372.red
    log: 0-correction/find-errors-jobs/0372.err
    jobid: 498
    reason: Missing output files: 0-correction/find-errors-jobs/0372.red
    wildcards: nnnn=0372
    threads: 4
    resources: mem_mb=1000, mem_mib=954, disk_mb=1000, disk_mib=954, tmpdir=<TBD>, job_id=1, n_cpus=4, mem_gb=32, time_h=4

Submitted job 498 with external jobid '18453380'.

[Wed May  6 19:00:49 2026]
rule computeErrors:
    input: 0-correction/hifi.seqStore, 0-correction/hifi.ovlStore, 0-correction/find-errors-jobs/0428.range, 0-correction/configureFindErrors.finished
    output: 0-correction/find-errors-jobs/0428.red
    log: 0-correction/find-errors-jobs/0428.err
    jobid: 554
    reason: Missing output files: 0-correction/find-errors-jobs/0428.red
    wildcards: nnnn=0428
    threads: 4
    resources: mem_mb=1000, mem_mib=954, disk_mb=1000, disk_mib=954, tmpdir=<TBD>, job_id=1, n_cpus=4, mem_gb=32, time_h=4

Submitted job 554 with external jobid '18453422'.

[Wed May  6 19:00:53 2026]
rule computeErrors:
    input: 0-correction/hifi.seqStore, 0-correction/hifi.ovlStore, 0-correction/find-errors-jobs/0149.range, 0-correction/configureFindErrors.finished
    output: 0-correction/find-errors-jobs/0149.red
    log: 0-correction/find-errors-jobs/0149.err
    jobid: 275
    reason: Missing output files: 0-correction/find-errors-jobs/0149.red
    wildcards: nnnn=0149
    threads: 4
    resources: mem_mb=1000, mem_mib=954, disk_mb=1000, disk_mib=954, tmpdir=<TBD>, job_id=1, n_cpus=4, mem_gb=32, time_h=4

Submitted job 275 with external jobid '18453423'.

[Wed May  6 19:00:57 2026]
rule computeErrors:
    input: 0-correction/hifi.seqStore, 0-correction/hifi.ovlStore, 0-correction/find-errors-jobs/0261.range, 0-correction/configureFindErrors.finished
    output: 0-correction/find-errors-jobs/0261.red
    log: 0-correction/find-errors-jobs/0261.err
    jobid: 387
    reason: Missing output files: 0-correction/find-errors-jobs/0261.red
    wildcards: nnnn=0261
    threads: 4
    resources: mem_mb=1000, mem_mib=954, disk_mb=1000, disk_mib=954, tmpdir=<TBD>, job_id=1, n_cpus=4, mem_gb=32, time_h=4

Submitted job 387 with external jobid '18453427'.

[Wed May  6 19:01:02 2026]
rule computeErrors:
    input: 0-correction/hifi.seqStore, 0-correction/hifi.ovlStore, 0-correction/find-errors-jobs/0317.range, 0-correction/configureFindErrors.finished
    output: 0-correction/find-errors-jobs/0317.red
    log: 0-correction/find-errors-jobs/0317.err
    jobid: 443
    reason: Missing output files: 0-correction/find-errors-jobs/0317.red
    wildcards: nnnn=0317
    threads: 4
    resources: mem_mb=1000, mem_mib=954, disk_mb=1000, disk_mib=954, tmpdir=<TBD>, job_id=1, n_cpus=4, mem_gb=32, time_h=4

Submitted job 443 with external jobid '18453428'.

[Wed May  6 19:01:05 2026]
rule computeErrors:
    input: 0-correction/hifi.seqStore, 0-correction/hifi.ovlStore, 0-correction/find-errors-jobs/0373.range, 0-correction/configureFindErrors.finished
    output: 0-correction/find-errors-jobs/0373.red
    log: 0-correction/find-errors-jobs/0373.err
    jobid: 499
    reason: Missing output files: 0-correction/find-errors-jobs/0373.red
    wildcards: nnnn=0373
    threads: 4
    resources: mem_mb=1000, mem_mib=954, disk_mb=1000, disk_mib=954, tmpdir=<TBD>, job_id=1, n_cpus=4, mem_gb=32, time_h=4

Submitted job 499 with external jobid '18453430'.

[Wed May  6 19:01:08 2026]
rule computeErrors:
    input: 0-correction/hifi.seqStore, 0-correction/hifi.ovlStore, 0-correction/find-errors-jobs/0429.range, 0-correction/configureFindErrors.finished
    output: 0-correction/find-errors-jobs/0429.red
    log: 0-correction/find-errors-jobs/0429.err
    jobid: 555
    reason: Missing output files: 0-correction/find-errors-jobs/0429.red
    wildcards: nnnn=0429
    threads: 4
    resources: mem_mb=1000, mem_mib=954, disk_mb=1000, disk_mib=954, tmpdir=<TBD>, job_id=1, n_cpus=4, mem_gb=32, time_h=4

Submitted job 555 with external jobid '18453431'.

[Wed May  6 19:01:12 2026]
rule computeErrors:
    input: 0-correction/hifi.seqStore, 0-correction/hifi.ovlStore, 0-correction/find-errors-jobs/0150.range, 0-correction/configureFindErrors.finished
    output: 0-correction/find-errors-jobs/0150.red
    log: 0-correction/find-errors-jobs/0150.err
    jobid: 276
    reason: Missing output files: 0-correction/find-errors-jobs/0150.red
    wildcards: nnnn=0150
    threads: 4
    resources: mem_mb=1000, mem_mib=954, disk_mb=1000, disk_mib=954, tmpdir=<TBD>, job_id=1, n_cpus=4, mem_gb=32, time_h=4

Submitted job 276 with external jobid '18453432'.

[Wed May  6 19:01:15 2026]
rule computeErrors:
    input: 0-correction/hifi.seqStore, 0-correction/hifi.ovlStore, 0-correction/find-errors-jobs/0262.range, 0-correction/configureFindErrors.finished
    output: 0-correction/find-errors-jobs/0262.red
    log: 0-correction/find-errors-jobs/0262.err
    jobid: 388
    reason: Missing output files: 0-correction/find-errors-jobs/0262.red
    wildcards: nnnn=0262
    threads: 4
    resources: mem_mb=1000, mem_mib=954, disk_mb=1000, disk_mib=954, tmpdir=<TBD>, job_id=1, n_cpus=4, mem_gb=32, time_h=4

Submitted job 388 with external jobid '18453433'.

[Wed May  6 19:01:18 2026]
rule computeErrors:
    input: 0-correction/hifi.seqStore, 0-correction/hifi.ovlStore, 0-correction/find-errors-jobs/0318.range, 0-correction/configureFindErrors.finished
    output: 0-correction/find-errors-jobs/0318.red
    log: 0-correction/find-errors-jobs/0318.err
    jobid: 444
    reason: Missing output files: 0-correction/find-errors-jobs/0318.red
    wildcards: nnnn=0318
    threads: 4
    resources: mem_mb=1000, mem_mib=954, disk_mb=1000, disk_mib=954, tmpdir=<TBD>, job_id=1, n_cpus=4, mem_gb=32, time_h=4

Submitted job 444 with external jobid '18453434'.

[Wed May  6 19:01:21 2026]
rule computeErrors:
    input: 0-correction/hifi.seqStore, 0-correction/hifi.ovlStore, 0-correction/find-errors-jobs/0374.range, 0-correction/configureFindErrors.finished
    output: 0-correction/find-errors-jobs/0374.red
    log: 0-correction/find-errors-jobs/0374.err
    jobid: 500
    reason: Missing output files: 0-correction/find-errors-jobs/0374.red
    wildcards: nnnn=0374
    threads: 4
    resources: mem_mb=1000, mem_mib=954, disk_mb=1000, disk_mib=954, tmpdir=<TBD>, job_id=1, n_cpus=4, mem_gb=32, time_h=4

Submitted job 500 with external jobid '18453435'.

[Wed May  6 19:01:25 2026]
rule computeErrors:
    input: 0-correction/hifi.seqStore, 0-correction/hifi.ovlStore, 0-correction/find-errors-jobs/0430.range, 0-correction/configureFindErrors.finished
    output: 0-correction/find-errors-jobs/0430.red
    log: 0-correction/find-errors-jobs/0430.err
    jobid: 556
    reason: Missing output files: 0-correction/find-errors-jobs/0430.red
    wildcards: nnnn=0430
    threads: 4
    resources: mem_mb=1000, mem_mib=954, disk_mb=1000, disk_mib=954, tmpdir=<TBD>, job_id=1, n_cpus=4, mem_gb=32, time_h=4

Submitted job 556 with external jobid '18453436'.

[Wed May  6 19:01:28 2026]
rule computeErrors:
    input: 0-correction/hifi.seqStore, 0-correction/hifi.ovlStore, 0-correction/find-errors-jobs/0151.range, 0-correction/configureFindErrors.finished
    output: 0-correction/find-errors-jobs/0151.red
    log: 0-correction/find-errors-jobs/0151.err
    jobid: 277
    reason: Missing output files: 0-correction/find-errors-jobs/0151.red
    wildcards: nnnn=0151
    threads: 4
    resources: mem_mb=1000, mem_mib=954, disk_mb=1000, disk_mib=954, tmpdir=<TBD>, job_id=1, n_cpus=4, mem_gb=32, time_h=4

Submitted job 277 with external jobid '18453440'.

[Wed May  6 19:01:31 2026]
rule computeErrors:
    input: 0-correction/hifi.seqStore, 0-correction/hifi.ovlStore, 0-correction/find-errors-jobs/0263.range, 0-correction/configureFindErrors.finished
    output: 0-correction/find-errors-jobs/0263.red
    log: 0-correction/find-errors-jobs/0263.err
    jobid: 389
    reason: Missing output files: 0-correction/find-errors-jobs/0263.red
    wildcards: nnnn=0263
    threads: 4
    resources: mem_mb=1000, mem_mib=954, disk_mb=1000, disk_mib=954, tmpdir=<TBD>, job_id=1, n_cpus=4, mem_gb=32, time_h=4

Submitted job 389 with external jobid '18453443'.

[Wed May  6 19:01:34 2026]
rule computeErrors:
    input: 0-correction/hifi.seqStore, 0-correction/hifi.ovlStore, 0-correction/find-errors-jobs/0319.range, 0-correction/configureFindErrors.finished
    output: 0-correction/find-errors-jobs/0319.red
    log: 0-correction/find-errors-jobs/0319.err
    jobid: 445
    reason: Missing output files: 0-correction/find-errors-jobs/0319.red
    wildcards: nnnn=0319
    threads: 4
    resources: mem_mb=1000, mem_mib=954, disk_mb=1000, disk_mib=954, tmpdir=<TBD>, job_id=1, n_cpus=4, mem_gb=32, time_h=4

Submitted job 445 with external jobid '18453448'.

[Wed May  6 19:01:38 2026]
rule computeErrors:
    input: 0-correction/hifi.seqStore, 0-correction/hifi.ovlStore, 0-correction/find-errors-jobs/0375.range, 0-correction/configureFindErrors.finished
    output: 0-correction/find-errors-jobs/0375.red
    log: 0-correction/find-errors-jobs/0375.err
    jobid: 501
    reason: Missing output files: 0-correction/find-errors-jobs/0375.red
    wildcards: nnnn=0375
    threads: 4
    resources: mem_mb=1000, mem_mib=954, disk_mb=1000, disk_mib=954, tmpdir=<TBD>, job_id=1, n_cpus=4, mem_gb=32, time_h=4

Submitted job 501 with external jobid '18453449'.

[Wed May  6 19:01:41 2026]
rule computeErrors:
    input: 0-correction/hifi.seqStore, 0-correction/hifi.ovlStore, 0-correction/find-errors-jobs/0431.range, 0-correction/configureFindErrors.finished
    output: 0-correction/find-errors-jobs/0431.red
    log: 0-correction/find-errors-jobs/0431.err
    jobid: 557
    reason: Missing output files: 0-correction/find-errors-jobs/0431.red
    wildcards: nnnn=0431
    threads: 4
    resources: mem_mb=1000, mem_mib=954, disk_mb=1000, disk_mib=954, tmpdir=<TBD>, job_id=1, n_cpus=4, mem_gb=32, time_h=4

Submitted job 557 with external jobid '18453450'.

[Wed May  6 19:01:44 2026]
rule computeErrors:
    input: 0-correction/hifi.seqStore, 0-correction/hifi.ovlStore, 0-correction/find-errors-jobs/0152.range, 0-correction/configureFindErrors.finished
    output: 0-correction/find-errors-jobs/0152.red
    log: 0-correction/find-errors-jobs/0152.err
    jobid: 278
    reason: Missing output files: 0-correction/find-errors-jobs/0152.red
    wildcards: nnnn=0152
    threads: 4
    resources: mem_mb=1000, mem_mib=954, disk_mb=1000, disk_mib=954, tmpdir=<TBD>, job_id=1, n_cpus=4, mem_gb=32, time_h=4

Submitted job 278 with external jobid '18453451'.

[Wed May  6 19:01:47 2026]
rule computeErrors:
    input: 0-correction/hifi.seqStore, 0-correction/hifi.ovlStore, 0-correction/find-errors-jobs/0264.range, 0-correction/configureFindErrors.finished
    output: 0-correction/find-errors-jobs/0264.red
    log: 0-correction/find-errors-jobs/0264.err
    jobid: 390
    reason: Missing output files: 0-correction/find-errors-jobs/0264.red
    wildcards: nnnn=0264
    threads: 4
    resources: mem_mb=1000, mem_mib=954, disk_mb=1000, disk_mib=954, tmpdir=<TBD>, job_id=1, n_cpus=4, mem_gb=32, time_h=4

Submitted job 390 with external jobid '18453452'.

[Wed May  6 19:01:51 2026]
rule computeErrors:
    input: 0-correction/hifi.seqStore, 0-correction/hifi.ovlStore, 0-correction/find-errors-jobs/0320.range, 0-correction/configureFindErrors.finished
    output: 0-correction/find-errors-jobs/0320.red
    log: 0-correction/find-errors-jobs/0320.err
    jobid: 446
    reason: Missing output files: 0-correction/find-errors-jobs/0320.red
    wildcards: nnnn=0320
    threads: 4
    resources: mem_mb=1000, mem_mib=954, disk_mb=1000, disk_mib=954, tmpdir=<TBD>, job_id=1, n_cpus=4, mem_gb=32, time_h=4

Submitted job 446 with external jobid '18453453'.

[Wed May  6 19:01:54 2026]
rule computeErrors:
    input: 0-correction/hifi.seqStore, 0-correction/hifi.ovlStore, 0-correction/find-errors-jobs/0376.range, 0-correction/configureFindErrors.finished
    output: 0-correction/find-errors-jobs/0376.red
    log: 0-correction/find-errors-jobs/0376.err
    jobid: 502
    reason: Missing output files: 0-correction/find-errors-jobs/0376.red
    wildcards: nnnn=0376
    threads: 4
    resources: mem_mb=1000, mem_mib=954, disk_mb=1000, disk_mib=954, tmpdir=<TBD>, job_id=1, n_cpus=4, mem_gb=32, time_h=4

Submitted job 502 with external jobid '18453454'.

[Wed May  6 19:01:57 2026]
rule computeErrors:
    input: 0-correction/hifi.seqStore, 0-correction/hifi.ovlStore, 0-correction/find-errors-jobs/0432.range, 0-correction/configureFindErrors.finished
    output: 0-correction/find-errors-jobs/0432.red
    log: 0-correction/find-errors-jobs/0432.err
    jobid: 558
    reason: Missing output files: 0-correction/find-errors-jobs/0432.red
    wildcards: nnnn=0432
    threads: 4
    resources: mem_mb=1000, mem_mib=954, disk_mb=1000, disk_mib=954, tmpdir=<TBD>, job_id=1, n_cpus=4, mem_gb=32, time_h=4

Submitted job 558 with external jobid '18453455'.

[Wed May  6 19:02:00 2026]
rule computeErrors:
    input: 0-correction/hifi.seqStore, 0-correction/hifi.ovlStore, 0-correction/find-errors-jobs/0153.range, 0-correction/configureFindErrors.finished
    output: 0-correction/find-errors-jobs/0153.red
    log: 0-correction/find-errors-jobs/0153.err
    jobid: 279
    reason: Missing output files: 0-correction/find-errors-jobs/0153.red
    wildcards: nnnn=0153
    threads: 4
    resources: mem_mb=1000, mem_mib=954, disk_mb=1000, disk_mib=954, tmpdir=<TBD>, job_id=1, n_cpus=4, mem_gb=32, time_h=4

Submitted job 279 with external jobid '18453457'.

[Wed May  6 19:02:03 2026]
rule computeErrors:
    input: 0-correction/hifi.seqStore, 0-correction/hifi.ovlStore, 0-correction/find-errors-jobs/0265.range, 0-correction/configureFindErrors.finished
    output: 0-correction/find-errors-jobs/0265.red
    log: 0-correction/find-errors-jobs/0265.err
    jobid: 391
    reason: Missing output files: 0-correction/find-errors-jobs/0265.red
    wildcards: nnnn=0265
    threads: 4
    resources: mem_mb=1000, mem_mib=954, disk_mb=1000, disk_mib=954, tmpdir=<TBD>, job_id=1, n_cpus=4, mem_gb=32, time_h=4

Submitted job 391 with external jobid '18453459'.

[Wed May  6 19:02:07 2026]
rule computeErrors:
    input: 0-correction/hifi.seqStore, 0-correction/hifi.ovlStore, 0-correction/find-errors-jobs/0321.range, 0-correction/configureFindErrors.finished
    output: 0-correction/find-errors-jobs/0321.red
    log: 0-correction/find-errors-jobs/0321.err
    jobid: 447
    reason: Missing output files: 0-correction/find-errors-jobs/0321.red
    wildcards: nnnn=0321
    threads: 4
    resources: mem_mb=1000, mem_mib=954, disk_mb=1000, disk_mib=954, tmpdir=<TBD>, job_id=1, n_cpus=4, mem_gb=32, time_h=4

Submitted job 447 with external jobid '18453460'.

[Wed May  6 19:02:10 2026]
rule computeErrors:
    input: 0-correction/hifi.seqStore, 0-correction/hifi.ovlStore, 0-correction/find-errors-jobs/0377.range, 0-correction/configureFindErrors.finished
    output: 0-correction/find-errors-jobs/0377.red
    log: 0-correction/find-errors-jobs/0377.err
    jobid: 503
    reason: Missing output files: 0-correction/find-errors-jobs/0377.red
    wildcards: nnnn=0377
    threads: 4
    resources: mem_mb=1000, mem_mib=954, disk_mb=1000, disk_mib=954, tmpdir=<TBD>, job_id=1, n_cpus=4, mem_gb=32, time_h=4

Submitted job 503 with external jobid '18453463'.

[Wed May  6 19:02:13 2026]
rule computeErrors:
    input: 0-correction/hifi.seqStore, 0-correction/hifi.ovlStore, 0-correction/find-errors-jobs/0433.range, 0-correction/configureFindErrors.finished
    output: 0-correction/find-errors-jobs/0433.red
    log: 0-correction/find-errors-jobs/0433.err
    jobid: 559
    reason: Missing output files: 0-correction/find-errors-jobs/0433.red
    wildcards: nnnn=0433
    threads: 4
    resources: mem_mb=1000, mem_mib=954, disk_mb=1000, disk_mib=954, tmpdir=<TBD>, job_id=1, n_cpus=4, mem_gb=32, time_h=4

Submitted job 559 with external jobid '18453466'.

[Wed May  6 19:02:16 2026]
rule computeErrors:
    input: 0-correction/hifi.seqStore, 0-correction/hifi.ovlStore, 0-correction/find-errors-jobs/0154.range, 0-correction/configureFindErrors.finished
    output: 0-correction/find-errors-jobs/0154.red
    log: 0-correction/find-errors-jobs/0154.err
    jobid: 280
    reason: Missing output files: 0-correction/find-errors-jobs/0154.red
    wildcards: nnnn=0154
    threads: 4
    resources: mem_mb=1000, mem_mib=954, disk_mb=1000, disk_mib=954, tmpdir=<TBD>, job_id=1, n_cpus=4, mem_gb=32, time_h=4

Submitted job 280 with external jobid '18453467'.

[Wed May  6 19:02:20 2026]
rule computeErrors:
    input: 0-correction/hifi.seqStore, 0-correction/hifi.ovlStore, 0-correction/find-errors-jobs/0266.range, 0-correction/configureFindErrors.finished
    output: 0-correction/find-errors-jobs/0266.red
    log: 0-correction/find-errors-jobs/0266.err
    jobid: 392
    reason: Missing output files: 0-correction/find-errors-jobs/0266.red
    wildcards: nnnn=0266
    threads: 4
    resources: mem_mb=1000, mem_mib=954, disk_mb=1000, disk_mib=954, tmpdir=<TBD>, job_id=1, n_cpus=4, mem_gb=32, time_h=4

Submitted job 392 with external jobid '18453477'.

[Wed May  6 19:02:25 2026]
rule computeErrors:
    input: 0-correction/hifi.seqStore, 0-correction/hifi.ovlStore, 0-correction/find-errors-jobs/0322.range, 0-correction/configureFindErrors.finished
    output: 0-correction/find-errors-jobs/0322.red
    log: 0-correction/find-errors-jobs/0322.err
    jobid: 448
    reason: Missing output files: 0-correction/find-errors-jobs/0322.red
    wildcards: nnnn=0322
    threads: 4
    resources: mem_mb=1000, mem_mib=954, disk_mb=1000, disk_mib=954, tmpdir=<TBD>, job_id=1, n_cpus=4, mem_gb=32, time_h=4

Submitted job 448 with external jobid '18453481'.

[Wed May  6 19:02:30 2026]
rule computeErrors:
    input: 0-correction/hifi.seqStore, 0-correction/hifi.ovlStore, 0-correction/find-errors-jobs/0378.range, 0-correction/configureFindErrors.finished
    output: 0-correction/find-errors-jobs/0378.red
    log: 0-correction/find-errors-jobs/0378.err
    jobid: 504
    reason: Missing output files: 0-correction/find-errors-jobs/0378.red
    wildcards: nnnn=0378
    threads: 4
    resources: mem_mb=1000, mem_mib=954, disk_mb=1000, disk_mib=954, tmpdir=<TBD>, job_id=1, n_cpus=4, mem_gb=32, time_h=4

Submitted job 504 with external jobid '18453499'.

[Wed May  6 19:02:34 2026]
rule computeErrors:
    input: 0-correction/hifi.seqStore, 0-correction/hifi.ovlStore, 0-correction/find-errors-jobs/0434.range, 0-correction/configureFindErrors.finished
    output: 0-correction/find-errors-jobs/0434.red
    log: 0-correction/find-errors-jobs/0434.err
    jobid: 560
    reason: Missing output files: 0-correction/find-errors-jobs/0434.red
    wildcards: nnnn=0434
    threads: 4
    resources: mem_mb=1000, mem_mib=954, disk_mb=1000, disk_mib=954, tmpdir=<TBD>, job_id=1, n_cpus=4, mem_gb=32, time_h=4

Submitted job 560 with external jobid '18453506'.

[Wed May  6 19:02:38 2026]
rule computeErrors:
    input: 0-correction/hifi.seqStore, 0-correction/hifi.ovlStore, 0-correction/find-errors-jobs/0155.range, 0-correction/configureFindErrors.finished
    output: 0-correction/find-errors-jobs/0155.red
    log: 0-correction/find-errors-jobs/0155.err
    jobid: 281
    reason: Missing output files: 0-correction/find-errors-jobs/0155.red
    wildcards: nnnn=0155
    threads: 4
    resources: mem_mb=1000, mem_mib=954, disk_mb=1000, disk_mib=954, tmpdir=<TBD>, job_id=1, n_cpus=4, mem_gb=32, time_h=4

Submitted job 281 with external jobid '18453513'.

[Wed May  6 19:02:41 2026]
rule computeErrors:
    input: 0-correction/hifi.seqStore, 0-correction/hifi.ovlStore, 0-correction/find-errors-jobs/0267.range, 0-correction/configureFindErrors.finished
    output: 0-correction/find-errors-jobs/0267.red
    log: 0-correction/find-errors-jobs/0267.err
    jobid: 393
    reason: Missing output files: 0-correction/find-errors-jobs/0267.red
    wildcards: nnnn=0267
    threads: 4
    resources: mem_mb=1000, mem_mib=954, disk_mb=1000, disk_mib=954, tmpdir=<TBD>, job_id=1, n_cpus=4, mem_gb=32, time_h=4

Submitted job 393 with external jobid '18453515'.

[Wed May  6 19:02:44 2026]
rule computeErrors:
    input: 0-correction/hifi.seqStore, 0-correction/hifi.ovlStore, 0-correction/find-errors-jobs/0323.range, 0-correction/configureFindErrors.finished
    output: 0-correction/find-errors-jobs/0323.red
    log: 0-correction/find-errors-jobs/0323.err
    jobid: 449
    reason: Missing output files: 0-correction/find-errors-jobs/0323.red
    wildcards: nnnn=0323
    threads: 4
    resources: mem_mb=1000, mem_mib=954, disk_mb=1000, disk_mib=954, tmpdir=<TBD>, job_id=1, n_cpus=4, mem_gb=32, time_h=4

Submitted job 449 with external jobid '18453516'.

[Wed May  6 19:02:47 2026]
rule computeErrors:
    input: 0-correction/hifi.seqStore, 0-correction/hifi.ovlStore, 0-correction/find-errors-jobs/0379.range, 0-correction/configureFindErrors.finished
    output: 0-correction/find-errors-jobs/0379.red
    log: 0-correction/find-errors-jobs/0379.err
    jobid: 505
    reason: Missing output files: 0-correction/find-errors-jobs/0379.red
    wildcards: nnnn=0379
    threads: 4
    resources: mem_mb=1000, mem_mib=954, disk_mb=1000, disk_mib=954, tmpdir=<TBD>, job_id=1, n_cpus=4, mem_gb=32, time_h=4

Submitted job 505 with external jobid '18453517'.

[Wed May  6 19:02:51 2026]
rule computeErrors:
    input: 0-correction/hifi.seqStore, 0-correction/hifi.ovlStore, 0-correction/find-errors-jobs/0435.range, 0-correction/configureFindErrors.finished
    output: 0-correction/find-errors-jobs/0435.red
    log: 0-correction/find-errors-jobs/0435.err
    jobid: 561
    reason: Missing output files: 0-correction/find-errors-jobs/0435.red
    wildcards: nnnn=0435
    threads: 4
    resources: mem_mb=1000, mem_mib=954, disk_mb=1000, disk_mib=954, tmpdir=<TBD>, job_id=1, n_cpus=4, mem_gb=32, time_h=4

Submitted job 561 with external jobid '18453519'.

[Wed May  6 19:02:54 2026]
rule computeErrors:
    input: 0-correction/hifi.seqStore, 0-correction/hifi.ovlStore, 0-correction/find-errors-jobs/0156.range, 0-correction/configureFindErrors.finished
    output: 0-correction/find-errors-jobs/0156.red
    log: 0-correction/find-errors-jobs/0156.err
    jobid: 282
    reason: Missing output files: 0-correction/find-errors-jobs/0156.red
    wildcards: nnnn=0156
    threads: 4
    resources: mem_mb=1000, mem_mib=954, disk_mb=1000, disk_mib=954, tmpdir=<TBD>, job_id=1, n_cpus=4, mem_gb=32, time_h=4

Submitted job 282 with external jobid '18453520'.

[Wed May  6 19:02:57 2026]
rule computeErrors:
    input: 0-correction/hifi.seqStore, 0-correction/hifi.ovlStore, 0-correction/find-errors-jobs/0268.range, 0-correction/configureFindErrors.finished
    output: 0-correction/find-errors-jobs/0268.red
    log: 0-correction/find-errors-jobs/0268.err
    jobid: 394
    reason: Missing output files: 0-correction/find-errors-jobs/0268.red
    wildcards: nnnn=0268
    threads: 4
    resources: mem_mb=1000, mem_mib=954, disk_mb=1000, disk_mib=954, tmpdir=<TBD>, job_id=1, n_cpus=4, mem_gb=32, time_h=4

Submitted job 394 with external jobid '18453521'.

[Wed May  6 19:03:00 2026]
rule computeErrors:
    input: 0-correction/hifi.seqStore, 0-correction/hifi.ovlStore, 0-correction/find-errors-jobs/0324.range, 0-correction/configureFindErrors.finished
    output: 0-correction/find-errors-jobs/0324.red
    log: 0-correction/find-errors-jobs/0324.err
    jobid: 450
    reason: Missing output files: 0-correction/find-errors-jobs/0324.red
    wildcards: nnnn=0324
    threads: 4
    resources: mem_mb=1000, mem_mib=954, disk_mb=1000, disk_mib=954, tmpdir=<TBD>, job_id=1, n_cpus=4, mem_gb=32, time_h=4

Submitted job 450 with external jobid '18453522'.

[Wed May  6 19:03:03 2026]
rule computeErrors:
    input: 0-correction/hifi.seqStore, 0-correction/hifi.ovlStore, 0-correction/find-errors-jobs/0380.range, 0-correction/configureFindErrors.finished
    output: 0-correction/find-errors-jobs/0380.red
    log: 0-correction/find-errors-jobs/0380.err
    jobid: 506
    reason: Missing output files: 0-correction/find-errors-jobs/0380.red
    wildcards: nnnn=0380
    threads: 4
    resources: mem_mb=1000, mem_mib=954, disk_mb=1000, disk_mib=954, tmpdir=<TBD>, job_id=1, n_cpus=4, mem_gb=32, time_h=4

Submitted job 506 with external jobid '18453524'.

[Wed May  6 19:03:07 2026]
rule computeErrors:
    input: 0-correction/hifi.seqStore, 0-correction/hifi.ovlStore, 0-correction/find-errors-jobs/0157.range, 0-correction/configureFindErrors.finished
    output: 0-correction/find-errors-jobs/0157.red
    log: 0-correction/find-errors-jobs/0157.err
    jobid: 283
    reason: Missing output files: 0-correction/find-errors-jobs/0157.red
    wildcards: nnnn=0157
    threads: 4
    resources: mem_mb=1000, mem_mib=954, disk_mb=1000, disk_mib=954, tmpdir=<TBD>, job_id=1, n_cpus=4, mem_gb=32, time_h=4

Submitted job 283 with external jobid '18453525'.

[Wed May  6 19:03:10 2026]
rule computeErrors:
    input: 0-correction/hifi.seqStore, 0-correction/hifi.ovlStore, 0-correction/find-errors-jobs/0269.range, 0-correction/configureFindErrors.finished
    output: 0-correction/find-errors-jobs/0269.red
    log: 0-correction/find-errors-jobs/0269.err
    jobid: 395
    reason: Missing output files: 0-correction/find-errors-jobs/0269.red
    wildcards: nnnn=0269
    threads: 4
    resources: mem_mb=1000, mem_mib=954, disk_mb=1000, disk_mib=954, tmpdir=<TBD>, job_id=1, n_cpus=4, mem_gb=32, time_h=4

Submitted job 395 with external jobid '18453527'.

[Wed May  6 19:03:13 2026]
rule computeErrors:
    input: 0-correction/hifi.seqStore, 0-correction/hifi.ovlStore, 0-correction/find-errors-jobs/0325.range, 0-correction/configureFindErrors.finished
    output: 0-correction/find-errors-jobs/0325.red
    log: 0-correction/find-errors-jobs/0325.err
    jobid: 451
    reason: Missing output files: 0-correction/find-errors-jobs/0325.red
    wildcards: nnnn=0325
    threads: 4
    resources: mem_mb=1000, mem_mib=954, disk_mb=1000, disk_mib=954, tmpdir=<TBD>, job_id=1, n_cpus=4, mem_gb=32, time_h=4

Submitted job 451 with external jobid '18453530'.

[Wed May  6 19:03:16 2026]
rule computeErrors:
    input: 0-correction/hifi.seqStore, 0-correction/hifi.ovlStore, 0-correction/find-errors-jobs/0381.range, 0-correction/configureFindErrors.finished
    output: 0-correction/find-errors-jobs/0381.red
    log: 0-correction/find-errors-jobs/0381.err
    jobid: 507
    reason: Missing output files: 0-correction/find-errors-jobs/0381.red
    wildcards: nnnn=0381
    threads: 4
    resources: mem_mb=1000, mem_mib=954, disk_mb=1000, disk_mib=954, tmpdir=<TBD>, job_id=1, n_cpus=4, mem_gb=32, time_h=4

Submitted job 507 with external jobid '18453532'.

[Wed May  6 19:03:20 2026]
rule computeErrors:
    input: 0-correction/hifi.seqStore, 0-correction/hifi.ovlStore, 0-correction/find-errors-jobs/0158.range, 0-correction/configureFindErrors.finished
    output: 0-correction/find-errors-jobs/0158.red
    log: 0-correction/find-errors-jobs/0158.err
    jobid: 284
    reason: Missing output files: 0-correction/find-errors-jobs/0158.red
    wildcards: nnnn=0158
    threads: 4
    resources: mem_mb=1000, mem_mib=954, disk_mb=1000, disk_mib=954, tmpdir=<TBD>, job_id=1, n_cpus=4, mem_gb=32, time_h=4

Submitted job 284 with external jobid '18453533'.

[Wed May  6 19:03:23 2026]
rule computeErrors:
    input: 0-correction/hifi.seqStore, 0-correction/hifi.ovlStore, 0-correction/find-errors-jobs/0270.range, 0-correction/configureFindErrors.finished
    output: 0-correction/find-errors-jobs/0270.red
    log: 0-correction/find-errors-jobs/0270.err
    jobid: 396
    reason: Missing output files: 0-correction/find-errors-jobs/0270.red
    wildcards: nnnn=0270
    threads: 4
    resources: mem_mb=1000, mem_mib=954, disk_mb=1000, disk_mib=954, tmpdir=<TBD>, job_id=1, n_cpus=4, mem_gb=32, time_h=4

Submitted job 396 with external jobid '18453535'.

[Wed May  6 19:03:26 2026]
rule computeErrors:
    input: 0-correction/hifi.seqStore, 0-correction/hifi.ovlStore, 0-correction/find-errors-jobs/0326.range, 0-correction/configureFindErrors.finished
    output: 0-correction/find-errors-jobs/0326.red
    log: 0-correction/find-errors-jobs/0326.err
    jobid: 452
    reason: Missing output files: 0-correction/find-errors-jobs/0326.red
    wildcards: nnnn=0326
    threads: 4
    resources: mem_mb=1000, mem_mib=954, disk_mb=1000, disk_mib=954, tmpdir=<TBD>, job_id=1, n_cpus=4, mem_gb=32, time_h=4

Submitted job 452 with external jobid '18453536'.

[Wed May  6 19:03:29 2026]
rule computeErrors:
    input: 0-correction/hifi.seqStore, 0-correction/hifi.ovlStore, 0-correction/find-errors-jobs/0382.range, 0-correction/configureFindErrors.finished
    output: 0-correction/find-errors-jobs/0382.red
    log: 0-correction/find-errors-jobs/0382.err
    jobid: 508
    reason: Missing output files: 0-correction/find-errors-jobs/0382.red
    wildcards: nnnn=0382
    threads: 4
    resources: mem_mb=1000, mem_mib=954, disk_mb=1000, disk_mib=954, tmpdir=<TBD>, job_id=1, n_cpus=4, mem_gb=32, time_h=4

Submitted job 508 with external jobid '18453538'.

[Wed May  6 19:03:32 2026]
rule computeErrors:
    input: 0-correction/hifi.seqStore, 0-correction/hifi.ovlStore, 0-correction/find-errors-jobs/0159.range, 0-correction/configureFindErrors.finished
    output: 0-correction/find-errors-jobs/0159.red
    log: 0-correction/find-errors-jobs/0159.err
    jobid: 285
    reason: Missing output files: 0-correction/find-errors-jobs/0159.red
    wildcards: nnnn=0159
    threads: 4
    resources: mem_mb=1000, mem_mib=954, disk_mb=1000, disk_mib=954, tmpdir=<TBD>, job_id=1, n_cpus=4, mem_gb=32, time_h=4

Submitted job 285 with external jobid '18453539'.

[Wed May  6 19:03:36 2026]
rule computeErrors:
    input: 0-correction/hifi.seqStore, 0-correction/hifi.ovlStore, 0-correction/find-errors-jobs/0271.range, 0-correction/configureFindErrors.finished
    output: 0-correction/find-errors-jobs/0271.red
    log: 0-correction/find-errors-jobs/0271.err
    jobid: 397
    reason: Missing output files: 0-correction/find-errors-jobs/0271.red
    wildcards: nnnn=0271
    threads: 4
    resources: mem_mb=1000, mem_mib=954, disk_mb=1000, disk_mib=954, tmpdir=<TBD>, job_id=1, n_cpus=4, mem_gb=32, time_h=4

Submitted job 397 with external jobid '18453543'.

[Wed May  6 19:03:39 2026]
rule computeErrors:
    input: 0-correction/hifi.seqStore, 0-correction/hifi.ovlStore, 0-correction/find-errors-jobs/0327.range, 0-correction/configureFindErrors.finished
    output: 0-correction/find-errors-jobs/0327.red
    log: 0-correction/find-errors-jobs/0327.err
    jobid: 453
    reason: Missing output files: 0-correction/find-errors-jobs/0327.red
    wildcards: nnnn=0327
    threads: 4
    resources: mem_mb=1000, mem_mib=954, disk_mb=1000, disk_mib=954, tmpdir=<TBD>, job_id=1, n_cpus=4, mem_gb=32, time_h=4

Submitted job 453 with external jobid '18453544'.

[Wed May  6 19:03:42 2026]
rule computeErrors:
    input: 0-correction/hifi.seqStore, 0-correction/hifi.ovlStore, 0-correction/find-errors-jobs/0383.range, 0-correction/configureFindErrors.finished
    output: 0-correction/find-errors-jobs/0383.red
    log: 0-correction/find-errors-jobs/0383.err
    jobid: 509
    reason: Missing output files: 0-correction/find-errors-jobs/0383.red
    wildcards: nnnn=0383
    threads: 4
    resources: mem_mb=1000, mem_mib=954, disk_mb=1000, disk_mib=954, tmpdir=<TBD>, job_id=1, n_cpus=4, mem_gb=32, time_h=4

Submitted job 509 with external jobid '18453546'.

[Wed May  6 19:03:45 2026]
rule computeErrors:
    input: 0-correction/hifi.seqStore, 0-correction/hifi.ovlStore, 0-correction/find-errors-jobs/0160.range, 0-correction/configureFindErrors.finished
    output: 0-correction/find-errors-jobs/0160.red
    log: 0-correction/find-errors-jobs/0160.err
    jobid: 286
    reason: Missing output files: 0-correction/find-errors-jobs/0160.red
    wildcards: nnnn=0160
    threads: 4
    resources: mem_mb=1000, mem_mib=954, disk_mb=1000, disk_mib=954, tmpdir=<TBD>, job_id=1, n_cpus=4, mem_gb=32, time_h=4

Submitted job 286 with external jobid '18453550'.

[Wed May  6 19:03:49 2026]
rule computeErrors:
    input: 0-correction/hifi.seqStore, 0-correction/hifi.ovlStore, 0-correction/find-errors-jobs/0272.range, 0-correction/configureFindErrors.finished
    output: 0-correction/find-errors-jobs/0272.red
    log: 0-correction/find-errors-jobs/0272.err
    jobid: 398
    reason: Missing output files: 0-correction/find-errors-jobs/0272.red
    wildcards: nnnn=0272
    threads: 4
    resources: mem_mb=1000, mem_mib=954, disk_mb=1000, disk_mib=954, tmpdir=<TBD>, job_id=1, n_cpus=4, mem_gb=32, time_h=4

Submitted job 398 with external jobid '18453553'.

[Wed May  6 19:03:52 2026]
rule computeErrors:
    input: 0-correction/hifi.seqStore, 0-correction/hifi.ovlStore, 0-correction/find-errors-jobs/0328.range, 0-correction/configureFindErrors.finished
    output: 0-correction/find-errors-jobs/0328.red
    log: 0-correction/find-errors-jobs/0328.err
    jobid: 454
    reason: Missing output files: 0-correction/find-errors-jobs/0328.red
    wildcards: nnnn=0328
    threads: 4
    resources: mem_mb=1000, mem_mib=954, disk_mb=1000, disk_mib=954, tmpdir=<TBD>, job_id=1, n_cpus=4, mem_gb=32, time_h=4

Submitted job 454 with external jobid '18453556'.

[Wed May  6 19:03:55 2026]
rule computeErrors:
    input: 0-correction/hifi.seqStore, 0-correction/hifi.ovlStore, 0-correction/find-errors-jobs/0384.range, 0-correction/configureFindErrors.finished
    output: 0-correction/find-errors-jobs/0384.red
    log: 0-correction/find-errors-jobs/0384.err
    jobid: 510
    reason: Missing output files: 0-correction/find-errors-jobs/0384.red
    wildcards: nnnn=0384
    threads: 4
    resources: mem_mb=1000, mem_mib=954, disk_mb=1000, disk_mib=954, tmpdir=<TBD>, job_id=1, n_cpus=4, mem_gb=32, time_h=4

Submitted job 510 with external jobid '18453559'.

[Wed May  6 19:03:58 2026]
rule computeErrors:
    input: 0-correction/hifi.seqStore, 0-correction/hifi.ovlStore, 0-correction/find-errors-jobs/0161.range, 0-correction/configureFindErrors.finished
    output: 0-correction/find-errors-jobs/0161.red
    log: 0-correction/find-errors-jobs/0161.err
    jobid: 287
    reason: Missing output files: 0-correction/find-errors-jobs/0161.red
    wildcards: nnnn=0161
    threads: 4
    resources: mem_mb=1000, mem_mib=954, disk_mb=1000, disk_mib=954, tmpdir=<TBD>, job_id=1, n_cpus=4, mem_gb=32, time_h=4

Submitted job 287 with external jobid '18453573'.

[Wed May  6 19:04:03 2026]
rule computeErrors:
    input: 0-correction/hifi.seqStore, 0-correction/hifi.ovlStore, 0-correction/find-errors-jobs/0273.range, 0-correction/configureFindErrors.finished
    output: 0-correction/find-errors-jobs/0273.red
    log: 0-correction/find-errors-jobs/0273.err
    jobid: 399
    reason: Missing output files: 0-correction/find-errors-jobs/0273.red
    wildcards: nnnn=0273
    threads: 4
    resources: mem_mb=1000, mem_mib=954, disk_mb=1000, disk_mib=954, tmpdir=<TBD>, job_id=1, n_cpus=4, mem_gb=32, time_h=4

Submitted job 399 with external jobid '18453576'.

[Wed May  6 19:04:08 2026]
rule computeErrors:
    input: 0-correction/hifi.seqStore, 0-correction/hifi.ovlStore, 0-correction/find-errors-jobs/0329.range, 0-correction/configureFindErrors.finished
    output: 0-correction/find-errors-jobs/0329.red
    log: 0-correction/find-errors-jobs/0329.err
    jobid: 455
    reason: Missing output files: 0-correction/find-errors-jobs/0329.red
    wildcards: nnnn=0329
    threads: 4
    resources: mem_mb=1000, mem_mib=954, disk_mb=1000, disk_mib=954, tmpdir=<TBD>, job_id=1, n_cpus=4, mem_gb=32, time_h=4

Submitted job 455 with external jobid '18453580'.

[Wed May  6 19:04:13 2026]
rule computeErrors:
    input: 0-correction/hifi.seqStore, 0-correction/hifi.ovlStore, 0-correction/find-errors-jobs/0385.range, 0-correction/configureFindErrors.finished
    output: 0-correction/find-errors-jobs/0385.red
    log: 0-correction/find-errors-jobs/0385.err
    jobid: 511
    reason: Missing output files: 0-correction/find-errors-jobs/0385.red
    wildcards: nnnn=0385
    threads: 4
    resources: mem_mb=1000, mem_mib=954, disk_mb=1000, disk_mib=954, tmpdir=<TBD>, job_id=1, n_cpus=4, mem_gb=32, time_h=4

Submitted job 511 with external jobid '18453598'.

[Wed May  6 19:04:16 2026]
rule computeErrors:
    input: 0-correction/hifi.seqStore, 0-correction/hifi.ovlStore, 0-correction/find-errors-jobs/0162.range, 0-correction/configureFindErrors.finished
    output: 0-correction/find-errors-jobs/0162.red
    log: 0-correction/find-errors-jobs/0162.err
    jobid: 288
    reason: Missing output files: 0-correction/find-errors-jobs/0162.red
    wildcards: nnnn=0162
    threads: 4
    resources: mem_mb=1000, mem_mib=954, disk_mb=1000, disk_mib=954, tmpdir=<TBD>, job_id=1, n_cpus=4, mem_gb=32, time_h=4

Submitted job 288 with external jobid '18453602'.

[Wed May  6 19:04:19 2026]
rule computeErrors:
    input: 0-correction/hifi.seqStore, 0-correction/hifi.ovlStore, 0-correction/find-errors-jobs/0274.range, 0-correction/configureFindErrors.finished
    output: 0-correction/find-errors-jobs/0274.red
    log: 0-correction/find-errors-jobs/0274.err
    jobid: 400
    reason: Missing output files: 0-correction/find-errors-jobs/0274.red
    wildcards: nnnn=0274
    threads: 4
    resources: mem_mb=1000, mem_mib=954, disk_mb=1000, disk_mib=954, tmpdir=<TBD>, job_id=1, n_cpus=4, mem_gb=32, time_h=4

Submitted job 400 with external jobid '18453608'.

[Wed May  6 19:04:22 2026]
rule computeErrors:
    input: 0-correction/hifi.seqStore, 0-correction/hifi.ovlStore, 0-correction/find-errors-jobs/0330.range, 0-correction/configureFindErrors.finished
    output: 0-correction/find-errors-jobs/0330.red
    log: 0-correction/find-errors-jobs/0330.err
    jobid: 456
    reason: Missing output files: 0-correction/find-errors-jobs/0330.red
    wildcards: nnnn=0330
    threads: 4
    resources: mem_mb=1000, mem_mib=954, disk_mb=1000, disk_mib=954, tmpdir=<TBD>, job_id=1, n_cpus=4, mem_gb=32, time_h=4

Submitted job 456 with external jobid '18453614'.

[Wed May  6 19:04:26 2026]
rule computeErrors:
    input: 0-correction/hifi.seqStore, 0-correction/hifi.ovlStore, 0-correction/find-errors-jobs/0386.range, 0-correction/configureFindErrors.finished
    output: 0-correction/find-errors-jobs/0386.red
    log: 0-correction/find-errors-jobs/0386.err
    jobid: 512
    reason: Missing output files: 0-correction/find-errors-jobs/0386.red
    wildcards: nnnn=0386
    threads: 4
    resources: mem_mb=1000, mem_mib=954, disk_mb=1000, disk_mib=954, tmpdir=<TBD>, job_id=1, n_cpus=4, mem_gb=32, time_h=4

Submitted job 512 with external jobid '18453618'.

[Wed May  6 19:04:29 2026]
rule computeErrors:
    input: 0-correction/hifi.seqStore, 0-correction/hifi.ovlStore, 0-correction/find-errors-jobs/0163.range, 0-correction/configureFindErrors.finished
    output: 0-correction/find-errors-jobs/0163.red
    log: 0-correction/find-errors-jobs/0163.err
    jobid: 289
    reason: Missing output files: 0-correction/find-errors-jobs/0163.red
    wildcards: nnnn=0163
    threads: 4
    resources: mem_mb=1000, mem_mib=954, disk_mb=1000, disk_mib=954, tmpdir=<TBD>, job_id=1, n_cpus=4, mem_gb=32, time_h=4

Submitted job 289 with external jobid '18453622'.

[Wed May  6 19:04:32 2026]
rule computeErrors:
    input: 0-correction/hifi.seqStore, 0-correction/hifi.ovlStore, 0-correction/find-errors-jobs/0275.range, 0-correction/configureFindErrors.finished
    output: 0-correction/find-errors-jobs/0275.red
    log: 0-correction/find-errors-jobs/0275.err
    jobid: 401
    reason: Missing output files: 0-correction/find-errors-jobs/0275.red
    wildcards: nnnn=0275
    threads: 4
    resources: mem_mb=1000, mem_mib=954, disk_mb=1000, disk_mib=954, tmpdir=<TBD>, job_id=1, n_cpus=4, mem_gb=32, time_h=4

Submitted job 401 with external jobid '18453627'.

[Wed May  6 19:04:35 2026]
rule computeErrors:
    input: 0-correction/hifi.seqStore, 0-correction/hifi.ovlStore, 0-correction/find-errors-jobs/0331.range, 0-correction/configureFindErrors.finished
    output: 0-correction/find-errors-jobs/0331.red
    log: 0-correction/find-errors-jobs/0331.err
    jobid: 457
    reason: Missing output files: 0-correction/find-errors-jobs/0331.red
    wildcards: nnnn=0331
    threads: 4
    resources: mem_mb=1000, mem_mib=954, disk_mb=1000, disk_mib=954, tmpdir=<TBD>, job_id=1, n_cpus=4, mem_gb=32, time_h=4

Submitted job 457 with external jobid '18453633'.

[Wed May  6 19:04:38 2026]
rule computeErrors:
    input: 0-correction/hifi.seqStore, 0-correction/hifi.ovlStore, 0-correction/find-errors-jobs/0387.range, 0-correction/configureFindErrors.finished
    output: 0-correction/find-errors-jobs/0387.red
    log: 0-correction/find-errors-jobs/0387.err
    jobid: 513
    reason: Missing output files: 0-correction/find-errors-jobs/0387.red
    wildcards: nnnn=0387
    threads: 4
    resources: mem_mb=1000, mem_mib=954, disk_mb=1000, disk_mib=954, tmpdir=<TBD>, job_id=1, n_cpus=4, mem_gb=32, time_h=4

Submitted job 513 with external jobid '18453638'.

[Wed May  6 19:04:42 2026]
rule computeErrors:
    input: 0-correction/hifi.seqStore, 0-correction/hifi.ovlStore, 0-correction/find-errors-jobs/0164.range, 0-correction/configureFindErrors.finished
    output: 0-correction/find-errors-jobs/0164.red
    log: 0-correction/find-errors-jobs/0164.err
    jobid: 290
    reason: Missing output files: 0-correction/find-errors-jobs/0164.red
    wildcards: nnnn=0164
    threads: 4
    resources: mem_mb=1000, mem_mib=954, disk_mb=1000, disk_mib=954, tmpdir=<TBD>, job_id=1, n_cpus=4, mem_gb=32, time_h=4

Submitted job 290 with external jobid '18453642'.

[Wed May  6 19:04:45 2026]
rule computeErrors:
    input: 0-correction/hifi.seqStore, 0-correction/hifi.ovlStore, 0-correction/find-errors-jobs/0276.range, 0-correction/configureFindErrors.finished
    output: 0-correction/find-errors-jobs/0276.red
    log: 0-correction/find-errors-jobs/0276.err
    jobid: 402
    reason: Missing output files: 0-correction/find-errors-jobs/0276.red
    wildcards: nnnn=0276
    threads: 4
    resources: mem_mb=1000, mem_mib=954, disk_mb=1000, disk_mib=954, tmpdir=<TBD>, job_id=1, n_cpus=4, mem_gb=32, time_h=4

Submitted job 402 with external jobid '18453645'.

[Wed May  6 19:04:48 2026]
rule computeErrors:
    input: 0-correction/hifi.seqStore, 0-correction/hifi.ovlStore, 0-correction/find-errors-jobs/0332.range, 0-correction/configureFindErrors.finished
    output: 0-correction/find-errors-jobs/0332.red
    log: 0-correction/find-errors-jobs/0332.err
    jobid: 458
    reason: Missing output files: 0-correction/find-errors-jobs/0332.red
    wildcards: nnnn=0332
    threads: 4
    resources: mem_mb=1000, mem_mib=954, disk_mb=1000, disk_mib=954, tmpdir=<TBD>, job_id=1, n_cpus=4, mem_gb=32, time_h=4

Submitted job 458 with external jobid '18453650'.

[Wed May  6 19:04:51 2026]
rule computeErrors:
    input: 0-correction/hifi.seqStore, 0-correction/hifi.ovlStore, 0-correction/find-errors-jobs/0388.range, 0-correction/configureFindErrors.finished
    output: 0-correction/find-errors-jobs/0388.red
    log: 0-correction/find-errors-jobs/0388.err
    jobid: 514
    reason: Missing output files: 0-correction/find-errors-jobs/0388.red
    wildcards: nnnn=0388
    threads: 4
    resources: mem_mb=1000, mem_mib=954, disk_mb=1000, disk_mib=954, tmpdir=<TBD>, job_id=1, n_cpus=4, mem_gb=32, time_h=4

Submitted job 514 with external jobid '18453658'.

[Wed May  6 19:04:57 2026]
rule computeErrors:
    input: 0-correction/hifi.seqStore, 0-correction/hifi.ovlStore, 0-correction/find-errors-jobs/0165.range, 0-correction/configureFindErrors.finished
    output: 0-correction/find-errors-jobs/0165.red
    log: 0-correction/find-errors-jobs/0165.err
    jobid: 291
    reason: Missing output files: 0-correction/find-errors-jobs/0165.red
    wildcards: nnnn=0165
    threads: 4
    resources: mem_mb=1000, mem_mib=954, disk_mb=1000, disk_mib=954, tmpdir=<TBD>, job_id=1, n_cpus=4, mem_gb=32, time_h=4

Submitted job 291 with external jobid '18453660'.

[Wed May  6 19:05:02 2026]
rule computeErrors:
    input: 0-correction/hifi.seqStore, 0-correction/hifi.ovlStore, 0-correction/find-errors-jobs/0277.range, 0-correction/configureFindErrors.finished
    output: 0-correction/find-errors-jobs/0277.red
    log: 0-correction/find-errors-jobs/0277.err
    jobid: 403
    reason: Missing output files: 0-correction/find-errors-jobs/0277.red
    wildcards: nnnn=0277
    threads: 4
    resources: mem_mb=1000, mem_mib=954, disk_mb=1000, disk_mib=954, tmpdir=<TBD>, job_id=1, n_cpus=4, mem_gb=32, time_h=4

Submitted job 403 with external jobid '18453661'.

[Wed May  6 19:05:07 2026]
rule computeErrors:
    input: 0-correction/hifi.seqStore, 0-correction/hifi.ovlStore, 0-correction/find-errors-jobs/0333.range, 0-correction/configureFindErrors.finished
    output: 0-correction/find-errors-jobs/0333.red
    log: 0-correction/find-errors-jobs/0333.err
    jobid: 459
    reason: Missing output files: 0-correction/find-errors-jobs/0333.red
    wildcards: nnnn=0333
    threads: 4
    resources: mem_mb=1000, mem_mib=954, disk_mb=1000, disk_mib=954, tmpdir=<TBD>, job_id=1, n_cpus=4, mem_gb=32, time_h=4

Submitted job 459 with external jobid '18453674'.

[Wed May  6 19:05:10 2026]
rule computeErrors:
    input: 0-correction/hifi.seqStore, 0-correction/hifi.ovlStore, 0-correction/find-errors-jobs/0389.range, 0-correction/configureFindErrors.finished
    output: 0-correction/find-errors-jobs/0389.red
    log: 0-correction/find-errors-jobs/0389.err
    jobid: 515
    reason: Missing output files: 0-correction/find-errors-jobs/0389.red
    wildcards: nnnn=0389
    threads: 4
    resources: mem_mb=1000, mem_mib=954, disk_mb=1000, disk_mib=954, tmpdir=<TBD>, job_id=1, n_cpus=4, mem_gb=32, time_h=4

Submitted job 515 with external jobid '18453675'.

[Wed May  6 19:05:13 2026]
rule computeErrors:
    input: 0-correction/hifi.seqStore, 0-correction/hifi.ovlStore, 0-correction/find-errors-jobs/0166.range, 0-correction/configureFindErrors.finished
    output: 0-correction/find-errors-jobs/0166.red
    log: 0-correction/find-errors-jobs/0166.err
    jobid: 292
    reason: Missing output files: 0-correction/find-errors-jobs/0166.red
    wildcards: nnnn=0166
    threads: 4
    resources: mem_mb=1000, mem_mib=954, disk_mb=1000, disk_mib=954, tmpdir=<TBD>, job_id=1, n_cpus=4, mem_gb=32, time_h=4

Submitted job 292 with external jobid '18453676'.

[Wed May  6 19:05:17 2026]
rule computeErrors:
    input: 0-correction/hifi.seqStore, 0-correction/hifi.ovlStore, 0-correction/find-errors-jobs/0278.range, 0-correction/configureFindErrors.finished
    output: 0-correction/find-errors-jobs/0278.red
    log: 0-correction/find-errors-jobs/0278.err
    jobid: 404
    reason: Missing output files: 0-correction/find-errors-jobs/0278.red
    wildcards: nnnn=0278
    threads: 4
    resources: mem_mb=1000, mem_mib=954, disk_mb=1000, disk_mib=954, tmpdir=<TBD>, job_id=1, n_cpus=4, mem_gb=32, time_h=4

Submitted job 404 with external jobid '18453679'.

[Wed May  6 19:05:20 2026]
rule computeErrors:
    input: 0-correction/hifi.seqStore, 0-correction/hifi.ovlStore, 0-correction/find-errors-jobs/0334.range, 0-correction/configureFindErrors.finished
    output: 0-correction/find-errors-jobs/0334.red
    log: 0-correction/find-errors-jobs/0334.err
    jobid: 460
    reason: Missing output files: 0-correction/find-errors-jobs/0334.red
    wildcards: nnnn=0334
    threads: 4
    resources: mem_mb=1000, mem_mib=954, disk_mb=1000, disk_mib=954, tmpdir=<TBD>, job_id=1, n_cpus=4, mem_gb=32, time_h=4

Submitted job 460 with external jobid '18453683'.

[Wed May  6 19:05:23 2026]
rule computeErrors:
    input: 0-correction/hifi.seqStore, 0-correction/hifi.ovlStore, 0-correction/find-errors-jobs/0390.range, 0-correction/configureFindErrors.finished
    output: 0-correction/find-errors-jobs/0390.red
    log: 0-correction/find-errors-jobs/0390.err
    jobid: 516
    reason: Missing output files: 0-correction/find-errors-jobs/0390.red
    wildcards: nnnn=0390
    threads: 4
    resources: mem_mb=1000, mem_mib=954, disk_mb=1000, disk_mib=954, tmpdir=<TBD>, job_id=1, n_cpus=4, mem_gb=32, time_h=4

Submitted job 516 with external jobid '18453684'.

[Wed May  6 19:05:26 2026]
rule computeErrors:
    input: 0-correction/hifi.seqStore, 0-correction/hifi.ovlStore, 0-correction/find-errors-jobs/0167.range, 0-correction/configureFindErrors.finished
    output: 0-correction/find-errors-jobs/0167.red
    log: 0-correction/find-errors-jobs/0167.err
    jobid: 293
    reason: Missing output files: 0-correction/find-errors-jobs/0167.red
    wildcards: nnnn=0167
    threads: 4
    resources: mem_mb=1000, mem_mib=954, disk_mb=1000, disk_mib=954, tmpdir=<TBD>, job_id=1, n_cpus=4, mem_gb=32, time_h=4

Submitted job 293 with external jobid '18453685'.

[Wed May  6 19:05:30 2026]
rule computeErrors:
    input: 0-correction/hifi.seqStore, 0-correction/hifi.ovlStore, 0-correction/find-errors-jobs/0279.range, 0-correction/configureFindErrors.finished
    output: 0-correction/find-errors-jobs/0279.red
    log: 0-correction/find-errors-jobs/0279.err
    jobid: 405
    reason: Missing output files: 0-correction/find-errors-jobs/0279.red
    wildcards: nnnn=0279
    threads: 4
    resources: mem_mb=1000, mem_mib=954, disk_mb=1000, disk_mib=954, tmpdir=<TBD>, job_id=1, n_cpus=4, mem_gb=32, time_h=4

Submitted job 405 with external jobid '18453686'.

[Wed May  6 19:05:33 2026]
rule computeErrors:
    input: 0-correction/hifi.seqStore, 0-correction/hifi.ovlStore, 0-correction/find-errors-jobs/0335.range, 0-correction/configureFindErrors.finished
    output: 0-correction/find-errors-jobs/0335.red
    log: 0-correction/find-errors-jobs/0335.err
    jobid: 461
    reason: Missing output files: 0-correction/find-errors-jobs/0335.red
    wildcards: nnnn=0335
    threads: 4
    resources: mem_mb=1000, mem_mib=954, disk_mb=1000, disk_mib=954, tmpdir=<TBD>, job_id=1, n_cpus=4, mem_gb=32, time_h=4

Submitted job 461 with external jobid '18453687'.

[Wed May  6 19:05:36 2026]
rule computeErrors:
    input: 0-correction/hifi.seqStore, 0-correction/hifi.ovlStore, 0-correction/find-errors-jobs/0391.range, 0-correction/configureFindErrors.finished
    output: 0-correction/find-errors-jobs/0391.red
    log: 0-correction/find-errors-jobs/0391.err
    jobid: 517
    reason: Missing output files: 0-correction/find-errors-jobs/0391.red
    wildcards: nnnn=0391
    threads: 4
    resources: mem_mb=1000, mem_mib=954, disk_mb=1000, disk_mib=954, tmpdir=<TBD>, job_id=1, n_cpus=4, mem_gb=32, time_h=4

Submitted job 517 with external jobid '18453688'.

[Wed May  6 19:05:39 2026]
rule computeErrors:
    input: 0-correction/hifi.seqStore, 0-correction/hifi.ovlStore, 0-correction/find-errors-jobs/0168.range, 0-correction/configureFindErrors.finished
    output: 0-correction/find-errors-jobs/0168.red
    log: 0-correction/find-errors-jobs/0168.err
    jobid: 294
    reason: Missing output files: 0-correction/find-errors-jobs/0168.red
    wildcards: nnnn=0168
    threads: 4
    resources: mem_mb=1000, mem_mib=954, disk_mb=1000, disk_mib=954, tmpdir=<TBD>, job_id=1, n_cpus=4, mem_gb=32, time_h=4

Submitted job 294 with external jobid '18453689'.

[Wed May  6 19:05:42 2026]
rule computeErrors:
    input: 0-correction/hifi.seqStore, 0-correction/hifi.ovlStore, 0-correction/find-errors-jobs/0280.range, 0-correction/configureFindErrors.finished
    output: 0-correction/find-errors-jobs/0280.red
    log: 0-correction/find-errors-jobs/0280.err
    jobid: 406
    reason: Missing output files: 0-correction/find-errors-jobs/0280.red
    wildcards: nnnn=0280
    threads: 4
    resources: mem_mb=1000, mem_mib=954, disk_mb=1000, disk_mib=954, tmpdir=<TBD>, job_id=1, n_cpus=4, mem_gb=32, time_h=4

Submitted job 406 with external jobid '18453691'.

[Wed May  6 19:05:46 2026]
rule computeErrors:
    input: 0-correction/hifi.seqStore, 0-correction/hifi.ovlStore, 0-correction/find-errors-jobs/0336.range, 0-correction/configureFindErrors.finished
    output: 0-correction/find-errors-jobs/0336.red
    log: 0-correction/find-errors-jobs/0336.err
    jobid: 462
    reason: Missing output files: 0-correction/find-errors-jobs/0336.red
    wildcards: nnnn=0336
    threads: 4
    resources: mem_mb=1000, mem_mib=954, disk_mb=1000, disk_mib=954, tmpdir=<TBD>, job_id=1, n_cpus=4, mem_gb=32, time_h=4

Submitted job 462 with external jobid '18453693'.

[Wed May  6 19:05:49 2026]
rule computeErrors:
    input: 0-correction/hifi.seqStore, 0-correction/hifi.ovlStore, 0-correction/find-errors-jobs/0392.range, 0-correction/configureFindErrors.finished
    output: 0-correction/find-errors-jobs/0392.red
    log: 0-correction/find-errors-jobs/0392.err
    jobid: 518
    reason: Missing output files: 0-correction/find-errors-jobs/0392.red
    wildcards: nnnn=0392
    threads: 4
    resources: mem_mb=1000, mem_mib=954, disk_mb=1000, disk_mib=954, tmpdir=<TBD>, job_id=1, n_cpus=4, mem_gb=32, time_h=4

Submitted job 518 with external jobid '18453694'.

[Wed May  6 19:05:52 2026]
rule computeErrors:
    input: 0-correction/hifi.seqStore, 0-correction/hifi.ovlStore, 0-correction/find-errors-jobs/0169.range, 0-correction/configureFindErrors.finished
    output: 0-correction/find-errors-jobs/0169.red
    log: 0-correction/find-errors-jobs/0169.err
    jobid: 295
    reason: Missing output files: 0-correction/find-errors-jobs/0169.red
    wildcards: nnnn=0169
    threads: 4
    resources: mem_mb=1000, mem_mib=954, disk_mb=1000, disk_mib=954, tmpdir=<TBD>, job_id=1, n_cpus=4, mem_gb=32, time_h=4

Submitted job 295 with external jobid '18453695'.

[Wed May  6 19:05:55 2026]
rule computeErrors:
    input: 0-correction/hifi.seqStore, 0-correction/hifi.ovlStore, 0-correction/find-errors-jobs/0281.range, 0-correction/configureFindErrors.finished
    output: 0-correction/find-errors-jobs/0281.red
    log: 0-correction/find-errors-jobs/0281.err
    jobid: 407
    reason: Missing output files: 0-correction/find-errors-jobs/0281.red
    wildcards: nnnn=0281
    threads: 4
    resources: mem_mb=1000, mem_mib=954, disk_mb=1000, disk_mib=954, tmpdir=<TBD>, job_id=1, n_cpus=4, mem_gb=32, time_h=4

Submitted job 407 with external jobid '18453696'.

[Wed May  6 19:05:58 2026]
rule computeErrors:
    input: 0-correction/hifi.seqStore, 0-correction/hifi.ovlStore, 0-correction/find-errors-jobs/0337.range, 0-correction/configureFindErrors.finished
    output: 0-correction/find-errors-jobs/0337.red
    log: 0-correction/find-errors-jobs/0337.err
    jobid: 463
    reason: Missing output files: 0-correction/find-errors-jobs/0337.red
    wildcards: nnnn=0337
    threads: 4
    resources: mem_mb=1000, mem_mib=954, disk_mb=1000, disk_mib=954, tmpdir=<TBD>, job_id=1, n_cpus=4, mem_gb=32, time_h=4

Submitted job 463 with external jobid '18453697'.

[Wed May  6 19:06:02 2026]
rule computeErrors:
    input: 0-correction/hifi.seqStore, 0-correction/hifi.ovlStore, 0-correction/find-errors-jobs/0393.range, 0-correction/configureFindErrors.finished
    output: 0-correction/find-errors-jobs/0393.red
    log: 0-correction/find-errors-jobs/0393.err
    jobid: 519
    reason: Missing output files: 0-correction/find-errors-jobs/0393.red
    wildcards: nnnn=0393
    threads: 4
    resources: mem_mb=1000, mem_mib=954, disk_mb=1000, disk_mib=954, tmpdir=<TBD>, job_id=1, n_cpus=4, mem_gb=32, time_h=4

Submitted job 519 with external jobid '18453698'.

[Wed May  6 19:06:05 2026]
rule computeErrors:
    input: 0-correction/hifi.seqStore, 0-correction/hifi.ovlStore, 0-correction/find-errors-jobs/0170.range, 0-correction/configureFindErrors.finished
    output: 0-correction/find-errors-jobs/0170.red
    log: 0-correction/find-errors-jobs/0170.err
    jobid: 296
    reason: Missing output files: 0-correction/find-errors-jobs/0170.red
    wildcards: nnnn=0170
    threads: 4
    resources: mem_mb=1000, mem_mib=954, disk_mb=1000, disk_mib=954, tmpdir=<TBD>, job_id=1, n_cpus=4, mem_gb=32, time_h=4

Submitted job 296 with external jobid '18453699'.

[Wed May  6 19:06:08 2026]
rule computeErrors:
    input: 0-correction/hifi.seqStore, 0-correction/hifi.ovlStore, 0-correction/find-errors-jobs/0282.range, 0-correction/configureFindErrors.finished
    output: 0-correction/find-errors-jobs/0282.red
    log: 0-correction/find-errors-jobs/0282.err
    jobid: 408
    reason: Missing output files: 0-correction/find-errors-jobs/0282.red
    wildcards: nnnn=0282
    threads: 4
    resources: mem_mb=1000, mem_mib=954, disk_mb=1000, disk_mib=954, tmpdir=<TBD>, job_id=1, n_cpus=4, mem_gb=32, time_h=4

Submitted job 408 with external jobid '18453701'.

[Wed May  6 19:06:11 2026]
rule computeErrors:
    input: 0-correction/hifi.seqStore, 0-correction/hifi.ovlStore, 0-correction/find-errors-jobs/0338.range, 0-correction/configureFindErrors.finished
    output: 0-correction/find-errors-jobs/0338.red
    log: 0-correction/find-errors-jobs/0338.err
    jobid: 464
    reason: Missing output files: 0-correction/find-errors-jobs/0338.red
    wildcards: nnnn=0338
    threads: 4
    resources: mem_mb=1000, mem_mib=954, disk_mb=1000, disk_mib=954, tmpdir=<TBD>, job_id=1, n_cpus=4, mem_gb=32, time_h=4

Submitted job 464 with external jobid '18453703'.

[Wed May  6 19:06:15 2026]
rule computeErrors:
    input: 0-correction/hifi.seqStore, 0-correction/hifi.ovlStore, 0-correction/find-errors-jobs/0394.range, 0-correction/configureFindErrors.finished
    output: 0-correction/find-errors-jobs/0394.red
    log: 0-correction/find-errors-jobs/0394.err
    jobid: 520
    reason: Missing output files: 0-correction/find-errors-jobs/0394.red
    wildcards: nnnn=0394
    threads: 4
    resources: mem_mb=1000, mem_mib=954, disk_mb=1000, disk_mib=954, tmpdir=<TBD>, job_id=1, n_cpus=4, mem_gb=32, time_h=4

Submitted job 520 with external jobid '18453704'.

[Wed May  6 19:06:18 2026]
rule computeErrors:
    input: 0-correction/hifi.seqStore, 0-correction/hifi.ovlStore, 0-correction/find-errors-jobs/0171.range, 0-correction/configureFindErrors.finished
    output: 0-correction/find-errors-jobs/0171.red
    log: 0-correction/find-errors-jobs/0171.err
    jobid: 297
    reason: Missing output files: 0-correction/find-errors-jobs/0171.red
    wildcards: nnnn=0171
    threads: 4
    resources: mem_mb=1000, mem_mib=954, disk_mb=1000, disk_mib=954, tmpdir=<TBD>, job_id=1, n_cpus=4, mem_gb=32, time_h=4

Submitted job 297 with external jobid '18453705'.

[Wed May  6 19:06:21 2026]
rule computeErrors:
    input: 0-correction/hifi.seqStore, 0-correction/hifi.ovlStore, 0-correction/find-errors-jobs/0283.range, 0-correction/configureFindErrors.finished
    output: 0-correction/find-errors-jobs/0283.red
    log: 0-correction/find-errors-jobs/0283.err
    jobid: 409
    reason: Missing output files: 0-correction/find-errors-jobs/0283.red
    wildcards: nnnn=0283
    threads: 4
    resources: mem_mb=1000, mem_mib=954, disk_mb=1000, disk_mib=954, tmpdir=<TBD>, job_id=1, n_cpus=4, mem_gb=32, time_h=4

Submitted job 409 with external jobid '18453707'.

[Wed May  6 19:06:24 2026]
rule computeErrors:
    input: 0-correction/hifi.seqStore, 0-correction/hifi.ovlStore, 0-correction/find-errors-jobs/0339.range, 0-correction/configureFindErrors.finished
    output: 0-correction/find-errors-jobs/0339.red
    log: 0-correction/find-errors-jobs/0339.err
    jobid: 465
    reason: Missing output files: 0-correction/find-errors-jobs/0339.red
    wildcards: nnnn=0339
    threads: 4
    resources: mem_mb=1000, mem_mib=954, disk_mb=1000, disk_mib=954, tmpdir=<TBD>, job_id=1, n_cpus=4, mem_gb=32, time_h=4

Submitted job 465 with external jobid '18453708'.

[Wed May  6 19:06:28 2026]
rule computeErrors:
    input: 0-correction/hifi.seqStore, 0-correction/hifi.ovlStore, 0-correction/find-errors-jobs/0395.range, 0-correction/configureFindErrors.finished
    output: 0-correction/find-errors-jobs/0395.red
    log: 0-correction/find-errors-jobs/0395.err
    jobid: 521
    reason: Missing output files: 0-correction/find-errors-jobs/0395.red
    wildcards: nnnn=0395
    threads: 4
    resources: mem_mb=1000, mem_mib=954, disk_mb=1000, disk_mib=954, tmpdir=<TBD>, job_id=1, n_cpus=4, mem_gb=32, time_h=4

Submitted job 521 with external jobid '18453709'.

[Wed May  6 19:06:31 2026]
rule computeErrors:
    input: 0-correction/hifi.seqStore, 0-correction/hifi.ovlStore, 0-correction/find-errors-jobs/0172.range, 0-correction/configureFindErrors.finished
    output: 0-correction/find-errors-jobs/0172.red
    log: 0-correction/find-errors-jobs/0172.err
    jobid: 298
    reason: Missing output files: 0-correction/find-errors-jobs/0172.red
    wildcards: nnnn=0172
    threads: 4
    resources: mem_mb=1000, mem_mib=954, disk_mb=1000, disk_mib=954, tmpdir=<TBD>, job_id=1, n_cpus=4, mem_gb=32, time_h=4

Submitted job 298 with external jobid '18453711'.

[Wed May  6 19:06:34 2026]
rule computeErrors:
    input: 0-correction/hifi.seqStore, 0-correction/hifi.ovlStore, 0-correction/find-errors-jobs/0284.range, 0-correction/configureFindErrors.finished
    output: 0-correction/find-errors-jobs/0284.red
    log: 0-correction/find-errors-jobs/0284.err
    jobid: 410
    reason: Missing output files: 0-correction/find-errors-jobs/0284.red
    wildcards: nnnn=0284
    threads: 4
    resources: mem_mb=1000, mem_mib=954, disk_mb=1000, disk_mib=954, tmpdir=<TBD>, job_id=1, n_cpus=4, mem_gb=32, time_h=4

Submitted job 410 with external jobid '18453713'.

[Wed May  6 19:06:37 2026]
rule computeErrors:
    input: 0-correction/hifi.seqStore, 0-correction/hifi.ovlStore, 0-correction/find-errors-jobs/0340.range, 0-correction/configureFindErrors.finished
    output: 0-correction/find-errors-jobs/0340.red
    log: 0-correction/find-errors-jobs/0340.err
    jobid: 466
    reason: Missing output files: 0-correction/find-errors-jobs/0340.red
    wildcards: nnnn=0340
    threads: 4
    resources: mem_mb=1000, mem_mib=954, disk_mb=1000, disk_mib=954, tmpdir=<TBD>, job_id=1, n_cpus=4, mem_gb=32, time_h=4

Submitted job 466 with external jobid '18453715'.

[Wed May  6 19:06:41 2026]
rule computeErrors:
    input: 0-correction/hifi.seqStore, 0-correction/hifi.ovlStore, 0-correction/find-errors-jobs/0396.range, 0-correction/configureFindErrors.finished
    output: 0-correction/find-errors-jobs/0396.red
    log: 0-correction/find-errors-jobs/0396.err
    jobid: 522
    reason: Missing output files: 0-correction/find-errors-jobs/0396.red
    wildcards: nnnn=0396
    threads: 4
    resources: mem_mb=1000, mem_mib=954, disk_mb=1000, disk_mib=954, tmpdir=<TBD>, job_id=1, n_cpus=4, mem_gb=32, time_h=4

Submitted job 522 with external jobid '18453717'.

[Wed May  6 19:06:44 2026]
rule computeErrors:
    input: 0-correction/hifi.seqStore, 0-correction/hifi.ovlStore, 0-correction/find-errors-jobs/0173.range, 0-correction/configureFindErrors.finished
    output: 0-correction/find-errors-jobs/0173.red
    log: 0-correction/find-errors-jobs/0173.err
    jobid: 299
    reason: Missing output files: 0-correction/find-errors-jobs/0173.red
    wildcards: nnnn=0173
    threads: 4
    resources: mem_mb=1000, mem_mib=954, disk_mb=1000, disk_mib=954, tmpdir=<TBD>, job_id=1, n_cpus=4, mem_gb=32, time_h=4

Submitted job 299 with external jobid '18453720'.

[Wed May  6 19:06:47 2026]
rule computeErrors:
    input: 0-correction/hifi.seqStore, 0-correction/hifi.ovlStore, 0-correction/find-errors-jobs/0285.range, 0-correction/configureFindErrors.finished
    output: 0-correction/find-errors-jobs/0285.red
    log: 0-correction/find-errors-jobs/0285.err
    jobid: 411
    reason: Missing output files: 0-correction/find-errors-jobs/0285.red
    wildcards: nnnn=0285
    threads: 4
    resources: mem_mb=1000, mem_mib=954, disk_mb=1000, disk_mib=954, tmpdir=<TBD>, job_id=1, n_cpus=4, mem_gb=32, time_h=4

Submitted job 411 with external jobid '18453722'.

[Wed May  6 19:06:50 2026]
rule computeErrors:
    input: 0-correction/hifi.seqStore, 0-correction/hifi.ovlStore, 0-correction/find-errors-jobs/0341.range, 0-correction/configureFindErrors.finished
    output: 0-correction/find-errors-jobs/0341.red
    log: 0-correction/find-errors-jobs/0341.err
    jobid: 467
    reason: Missing output files: 0-correction/find-errors-jobs/0341.red
    wildcards: nnnn=0341
    threads: 4
    resources: mem_mb=1000, mem_mib=954, disk_mb=1000, disk_mib=954, tmpdir=<TBD>, job_id=1, n_cpus=4, mem_gb=32, time_h=4

Submitted job 467 with external jobid '18453723'.

[Wed May  6 19:06:53 2026]
rule computeErrors:
    input: 0-correction/hifi.seqStore, 0-correction/hifi.ovlStore, 0-correction/find-errors-jobs/0397.range, 0-correction/configureFindErrors.finished
    output: 0-correction/find-errors-jobs/0397.red
    log: 0-correction/find-errors-jobs/0397.err
    jobid: 523
    reason: Missing output files: 0-correction/find-errors-jobs/0397.red
    wildcards: nnnn=0397
    threads: 4
    resources: mem_mb=1000, mem_mib=954, disk_mb=1000, disk_mib=954, tmpdir=<TBD>, job_id=1, n_cpus=4, mem_gb=32, time_h=4

Submitted job 523 with external jobid '18453724'.

[Wed May  6 19:06:57 2026]
rule computeErrors:
    input: 0-correction/hifi.seqStore, 0-correction/hifi.ovlStore, 0-correction/find-errors-jobs/0174.range, 0-correction/configureFindErrors.finished
    output: 0-correction/find-errors-jobs/0174.red
    log: 0-correction/find-errors-jobs/0174.err
    jobid: 300
    reason: Missing output files: 0-correction/find-errors-jobs/0174.red
    wildcards: nnnn=0174
    threads: 4
    resources: mem_mb=1000, mem_mib=954, disk_mb=1000, disk_mib=954, tmpdir=<TBD>, job_id=1, n_cpus=4, mem_gb=32, time_h=4

Submitted job 300 with external jobid '18453725'.

[Wed May  6 19:07:00 2026]
rule computeErrors:
    input: 0-correction/hifi.seqStore, 0-correction/hifi.ovlStore, 0-correction/find-errors-jobs/0286.range, 0-correction/configureFindErrors.finished
    output: 0-correction/find-errors-jobs/0286.red
    log: 0-correction/find-errors-jobs/0286.err
    jobid: 412
    reason: Missing output files: 0-correction/find-errors-jobs/0286.red
    wildcards: nnnn=0286
    threads: 4
    resources: mem_mb=1000, mem_mib=954, disk_mb=1000, disk_mib=954, tmpdir=<TBD>, job_id=1, n_cpus=4, mem_gb=32, time_h=4

Submitted job 412 with external jobid '18453727'.

[Wed May  6 19:07:05 2026]
rule computeErrors:
    input: 0-correction/hifi.seqStore, 0-correction/hifi.ovlStore, 0-correction/find-errors-jobs/0342.range, 0-correction/configureFindErrors.finished
    output: 0-correction/find-errors-jobs/0342.red
    log: 0-correction/find-errors-jobs/0342.err
    jobid: 468
    reason: Missing output files: 0-correction/find-errors-jobs/0342.red
    wildcards: nnnn=0342
    threads: 4
    resources: mem_mb=1000, mem_mib=954, disk_mb=1000, disk_mib=954, tmpdir=<TBD>, job_id=1, n_cpus=4, mem_gb=32, time_h=4

Submitted job 468 with external jobid '18453729'.

[Wed May  6 19:07:10 2026]
rule computeErrors:
    input: 0-correction/hifi.seqStore, 0-correction/hifi.ovlStore, 0-correction/find-errors-jobs/0398.range, 0-correction/configureFindErrors.finished
    output: 0-correction/find-errors-jobs/0398.red
    log: 0-correction/find-errors-jobs/0398.err
    jobid: 524
    reason: Missing output files: 0-correction/find-errors-jobs/0398.red
    wildcards: nnnn=0398
    threads: 4
    resources: mem_mb=1000, mem_mib=954, disk_mb=1000, disk_mib=954, tmpdir=<TBD>, job_id=1, n_cpus=4, mem_gb=32, time_h=4

Submitted job 524 with external jobid '18453756'.

[Wed May  6 19:07:13 2026]
rule computeErrors:
    input: 0-correction/hifi.seqStore, 0-correction/hifi.ovlStore, 0-correction/find-errors-jobs/0175.range, 0-correction/configureFindErrors.finished
    output: 0-correction/find-errors-jobs/0175.red
    log: 0-correction/find-errors-jobs/0175.err
    jobid: 301
    reason: Missing output files: 0-correction/find-errors-jobs/0175.red
    wildcards: nnnn=0175
    threads: 4
    resources: mem_mb=1000, mem_mib=954, disk_mb=1000, disk_mib=954, tmpdir=<TBD>, job_id=1, n_cpus=4, mem_gb=32, time_h=4

Submitted job 301 with external jobid '18453757'.

[Wed May  6 19:07:17 2026]
rule computeErrors:
    input: 0-correction/hifi.seqStore, 0-correction/hifi.ovlStore, 0-correction/find-errors-jobs/0287.range, 0-correction/configureFindErrors.finished
    output: 0-correction/find-errors-jobs/0287.red
    log: 0-correction/find-errors-jobs/0287.err
    jobid: 413
    reason: Missing output files: 0-correction/find-errors-jobs/0287.red
    wildcards: nnnn=0287
    threads: 4
    resources: mem_mb=1000, mem_mib=954, disk_mb=1000, disk_mib=954, tmpdir=<TBD>, job_id=1, n_cpus=4, mem_gb=32, time_h=4

Submitted job 413 with external jobid '18453758'.

[Wed May  6 19:07:20 2026]
rule computeErrors:
    input: 0-correction/hifi.seqStore, 0-correction/hifi.ovlStore, 0-correction/find-errors-jobs/0343.range, 0-correction/configureFindErrors.finished
    output: 0-correction/find-errors-jobs/0343.red
    log: 0-correction/find-errors-jobs/0343.err
    jobid: 469
    reason: Missing output files: 0-correction/find-errors-jobs/0343.red
    wildcards: nnnn=0343
    threads: 4
    resources: mem_mb=1000, mem_mib=954, disk_mb=1000, disk_mib=954, tmpdir=<TBD>, job_id=1, n_cpus=4, mem_gb=32, time_h=4

Submitted job 469 with external jobid '18453760'.

[Wed May  6 19:07:23 2026]
rule computeErrors:
    input: 0-correction/hifi.seqStore, 0-correction/hifi.ovlStore, 0-correction/find-errors-jobs/0399.range, 0-correction/configureFindErrors.finished
    output: 0-correction/find-errors-jobs/0399.red
    log: 0-correction/find-errors-jobs/0399.err
    jobid: 525
    reason: Missing output files: 0-correction/find-errors-jobs/0399.red
    wildcards: nnnn=0399
    threads: 4
    resources: mem_mb=1000, mem_mib=954, disk_mb=1000, disk_mib=954, tmpdir=<TBD>, job_id=1, n_cpus=4, mem_gb=32, time_h=4

Submitted job 525 with external jobid '18453762'.

[Wed May  6 19:07:26 2026]
rule computeErrors:
    input: 0-correction/hifi.seqStore, 0-correction/hifi.ovlStore, 0-correction/find-errors-jobs/0176.range, 0-correction/configureFindErrors.finished
    output: 0-correction/find-errors-jobs/0176.red
    log: 0-correction/find-errors-jobs/0176.err
    jobid: 302
    reason: Missing output files: 0-correction/find-errors-jobs/0176.red
    wildcards: nnnn=0176
    threads: 4
    resources: mem_mb=1000, mem_mib=954, disk_mb=1000, disk_mib=954, tmpdir=<TBD>, job_id=1, n_cpus=4, mem_gb=32, time_h=4

Submitted job 302 with external jobid '18453763'.

[Wed May  6 19:07:30 2026]
rule computeErrors:
    input: 0-correction/hifi.seqStore, 0-correction/hifi.ovlStore, 0-correction/find-errors-jobs/0288.range, 0-correction/configureFindErrors.finished
    output: 0-correction/find-errors-jobs/0288.red
    log: 0-correction/find-errors-jobs/0288.err
    jobid: 414
    reason: Missing output files: 0-correction/find-errors-jobs/0288.red
    wildcards: nnnn=0288
    threads: 4
    resources: mem_mb=1000, mem_mib=954, disk_mb=1000, disk_mib=954, tmpdir=<TBD>, job_id=1, n_cpus=4, mem_gb=32, time_h=4

Submitted job 414 with external jobid '18453764'.

[Wed May  6 19:07:33 2026]
rule computeErrors:
    input: 0-correction/hifi.seqStore, 0-correction/hifi.ovlStore, 0-correction/find-errors-jobs/0344.range, 0-correction/configureFindErrors.finished
    output: 0-correction/find-errors-jobs/0344.red
    log: 0-correction/find-errors-jobs/0344.err
    jobid: 470
    reason: Missing output files: 0-correction/find-errors-jobs/0344.red
    wildcards: nnnn=0344
    threads: 4
    resources: mem_mb=1000, mem_mib=954, disk_mb=1000, disk_mib=954, tmpdir=<TBD>, job_id=1, n_cpus=4, mem_gb=32, time_h=4

Submitted job 470 with external jobid '18453765'.

[Wed May  6 19:07:36 2026]
rule computeErrors:
    input: 0-correction/hifi.seqStore, 0-correction/hifi.ovlStore, 0-correction/find-errors-jobs/0400.range, 0-correction/configureFindErrors.finished
    output: 0-correction/find-errors-jobs/0400.red
    log: 0-correction/find-errors-jobs/0400.err
    jobid: 526
    reason: Missing output files: 0-correction/find-errors-jobs/0400.red
    wildcards: nnnn=0400
    threads: 4
    resources: mem_mb=1000, mem_mib=954, disk_mb=1000, disk_mib=954, tmpdir=<TBD>, job_id=1, n_cpus=4, mem_gb=32, time_h=4

Submitted job 526 with external jobid '18453767'.

[Wed May  6 19:07:39 2026]
rule computeErrors:
    input: 0-correction/hifi.seqStore, 0-correction/hifi.ovlStore, 0-correction/find-errors-jobs/0177.range, 0-correction/configureFindErrors.finished
    output: 0-correction/find-errors-jobs/0177.red
    log: 0-correction/find-errors-jobs/0177.err
    jobid: 303
    reason: Missing output files: 0-correction/find-errors-jobs/0177.red
    wildcards: nnnn=0177
    threads: 4
    resources: mem_mb=1000, mem_mib=954, disk_mb=1000, disk_mib=954, tmpdir=<TBD>, job_id=1, n_cpus=4, mem_gb=32, time_h=4

Submitted job 303 with external jobid '18453769'.

[Wed May  6 19:07:43 2026]
rule computeErrors:
    input: 0-correction/hifi.seqStore, 0-correction/hifi.ovlStore, 0-correction/find-errors-jobs/0289.range, 0-correction/configureFindErrors.finished
    output: 0-correction/find-errors-jobs/0289.red
    log: 0-correction/find-errors-jobs/0289.err
    jobid: 415
    reason: Missing output files: 0-correction/find-errors-jobs/0289.red
    wildcards: nnnn=0289
    threads: 4
    resources: mem_mb=1000, mem_mib=954, disk_mb=1000, disk_mib=954, tmpdir=<TBD>, job_id=1, n_cpus=4, mem_gb=32, time_h=4

Submitted job 415 with external jobid '18453771'.

[Wed May  6 19:07:46 2026]
rule computeErrors:
    input: 0-correction/hifi.seqStore, 0-correction/hifi.ovlStore, 0-correction/find-errors-jobs/0345.range, 0-correction/configureFindErrors.finished
    output: 0-correction/find-errors-jobs/0345.red
    log: 0-correction/find-errors-jobs/0345.err
    jobid: 471
    reason: Missing output files: 0-correction/find-errors-jobs/0345.red
    wildcards: nnnn=0345
    threads: 4
    resources: mem_mb=1000, mem_mib=954, disk_mb=1000, disk_mib=954, tmpdir=<TBD>, job_id=1, n_cpus=4, mem_gb=32, time_h=4

Submitted job 471 with external jobid '18453776'.

[Wed May  6 19:07:49 2026]
rule computeErrors:
    input: 0-correction/hifi.seqStore, 0-correction/hifi.ovlStore, 0-correction/find-errors-jobs/0401.range, 0-correction/configureFindErrors.finished
    output: 0-correction/find-errors-jobs/0401.red
    log: 0-correction/find-errors-jobs/0401.err
    jobid: 527
    reason: Missing output files: 0-correction/find-errors-jobs/0401.red
    wildcards: nnnn=0401
    threads: 4
    resources: mem_mb=1000, mem_mib=954, disk_mb=1000, disk_mib=954, tmpdir=<TBD>, job_id=1, n_cpus=4, mem_gb=32, time_h=4

Submitted job 527 with external jobid '18453777'.

[Wed May  6 19:07:52 2026]
rule computeErrors:
    input: 0-correction/hifi.seqStore, 0-correction/hifi.ovlStore, 0-correction/find-errors-jobs/0178.range, 0-correction/configureFindErrors.finished
    output: 0-correction/find-errors-jobs/0178.red
    log: 0-correction/find-errors-jobs/0178.err
    jobid: 304
    reason: Missing output files: 0-correction/find-errors-jobs/0178.red
    wildcards: nnnn=0178
    threads: 4
    resources: mem_mb=1000, mem_mib=954, disk_mb=1000, disk_mib=954, tmpdir=<TBD>, job_id=1, n_cpus=4, mem_gb=32, time_h=4

Submitted job 304 with external jobid '18453778'.

[Wed May  6 19:07:56 2026]
rule computeErrors:
    input: 0-correction/hifi.seqStore, 0-correction/hifi.ovlStore, 0-correction/find-errors-jobs/0290.range, 0-correction/configureFindErrors.finished
    output: 0-correction/find-errors-jobs/0290.red
    log: 0-correction/find-errors-jobs/0290.err
    jobid: 416
    reason: Missing output files: 0-correction/find-errors-jobs/0290.red
    wildcards: nnnn=0290
    threads: 4
    resources: mem_mb=1000, mem_mib=954, disk_mb=1000, disk_mib=954, tmpdir=<TBD>, job_id=1, n_cpus=4, mem_gb=32, time_h=4

Submitted job 416 with external jobid '18453779'.

[Wed May  6 19:07:59 2026]
rule computeErrors:
    input: 0-correction/hifi.seqStore, 0-correction/hifi.ovlStore, 0-correction/find-errors-jobs/0346.range, 0-correction/configureFindErrors.finished
    output: 0-correction/find-errors-jobs/0346.red
    log: 0-correction/find-errors-jobs/0346.err
    jobid: 472
    reason: Missing output files: 0-correction/find-errors-jobs/0346.red
    wildcards: nnnn=0346
    threads: 4
    resources: mem_mb=1000, mem_mib=954, disk_mb=1000, disk_mib=954, tmpdir=<TBD>, job_id=1, n_cpus=4, mem_gb=32, time_h=4

Submitted job 472 with external jobid '18453780'.

[Wed May  6 19:08:02 2026]
rule computeErrors:
    input: 0-correction/hifi.seqStore, 0-correction/hifi.ovlStore, 0-correction/find-errors-jobs/0402.range, 0-correction/configureFindErrors.finished
    output: 0-correction/find-errors-jobs/0402.red
    log: 0-correction/find-errors-jobs/0402.err
    jobid: 528
    reason: Missing output files: 0-correction/find-errors-jobs/0402.red
    wildcards: nnnn=0402
    threads: 4
    resources: mem_mb=1000, mem_mib=954, disk_mb=1000, disk_mib=954, tmpdir=<TBD>, job_id=1, n_cpus=4, mem_gb=32, time_h=4

Submitted job 528 with external jobid '18453781'.

[Wed May  6 19:08:05 2026]
rule computeErrors:
    input: 0-correction/hifi.seqStore, 0-correction/hifi.ovlStore, 0-correction/find-errors-jobs/0179.range, 0-correction/configureFindErrors.finished
    output: 0-correction/find-errors-jobs/0179.red
    log: 0-correction/find-errors-jobs/0179.err
    jobid: 305
    reason: Missing output files: 0-correction/find-errors-jobs/0179.red
    wildcards: nnnn=0179
    threads: 4
    resources: mem_mb=1000, mem_mib=954, disk_mb=1000, disk_mib=954, tmpdir=<TBD>, job_id=1, n_cpus=4, mem_gb=32, time_h=4

Submitted job 305 with external jobid '18453784'.

[Wed May  6 19:08:11 2026]
rule computeErrors:
    input: 0-correction/hifi.seqStore, 0-correction/hifi.ovlStore, 0-correction/find-errors-jobs/0291.range, 0-correction/configureFindErrors.finished
    output: 0-correction/find-errors-jobs/0291.red
    log: 0-correction/find-errors-jobs/0291.err
    jobid: 417
    reason: Missing output files: 0-correction/find-errors-jobs/0291.red
    wildcards: nnnn=0291
    threads: 4
    resources: mem_mb=1000, mem_mib=954, disk_mb=1000, disk_mib=954, tmpdir=<TBD>, job_id=1, n_cpus=4, mem_gb=32, time_h=4

Submitted job 417 with external jobid '18453785'.

[Wed May  6 19:08:16 2026]
rule computeErrors:
    input: 0-correction/hifi.seqStore, 0-correction/hifi.ovlStore, 0-correction/find-errors-jobs/0347.range, 0-correction/configureFindErrors.finished
    output: 0-correction/find-errors-jobs/0347.red
    log: 0-correction/find-errors-jobs/0347.err
    jobid: 473
    reason: Missing output files: 0-correction/find-errors-jobs/0347.red
    wildcards: nnnn=0347
    threads: 4
    resources: mem_mb=1000, mem_mib=954, disk_mb=1000, disk_mib=954, tmpdir=<TBD>, job_id=1, n_cpus=4, mem_gb=32, time_h=4

Submitted job 473 with external jobid '18453786'.

[Wed May  6 19:08:21 2026]
rule computeErrors:
    input: 0-correction/hifi.seqStore, 0-correction/hifi.ovlStore, 0-correction/find-errors-jobs/0403.range, 0-correction/configureFindErrors.finished
    output: 0-correction/find-errors-jobs/0403.red
    log: 0-correction/find-errors-jobs/0403.err
    jobid: 529
    reason: Missing output files: 0-correction/find-errors-jobs/0403.red
    wildcards: nnnn=0403
    threads: 4
    resources: mem_mb=1000, mem_mib=954, disk_mb=1000, disk_mib=954, tmpdir=<TBD>, job_id=1, n_cpus=4, mem_gb=32, time_h=4

Submitted job 529 with external jobid '18453795'.

[Wed May  6 19:08:24 2026]
rule computeErrors:
    input: 0-correction/hifi.seqStore, 0-correction/hifi.ovlStore, 0-correction/find-errors-jobs/0180.range, 0-correction/configureFindErrors.finished
    output: 0-correction/find-errors-jobs/0180.red
    log: 0-correction/find-errors-jobs/0180.err
    jobid: 306
    reason: Missing output files: 0-correction/find-errors-jobs/0180.red
    wildcards: nnnn=0180
    threads: 4
    resources: mem_mb=1000, mem_mib=954, disk_mb=1000, disk_mib=954, tmpdir=<TBD>, job_id=1, n_cpus=4, mem_gb=32, time_h=4

Submitted job 306 with external jobid '18453797'.

[Wed May  6 19:08:27 2026]
rule computeErrors:
    input: 0-correction/hifi.seqStore, 0-correction/hifi.ovlStore, 0-correction/find-errors-jobs/0292.range, 0-correction/configureFindErrors.finished
    output: 0-correction/find-errors-jobs/0292.red
    log: 0-correction/find-errors-jobs/0292.err
    jobid: 418
    reason: Missing output files: 0-correction/find-errors-jobs/0292.red
    wildcards: nnnn=0292
    threads: 4
    resources: mem_mb=1000, mem_mib=954, disk_mb=1000, disk_mib=954, tmpdir=<TBD>, job_id=1, n_cpus=4, mem_gb=32, time_h=4

Submitted job 418 with external jobid '18453798'.

[Wed May  6 19:08:31 2026]
rule computeErrors:
    input: 0-correction/hifi.seqStore, 0-correction/hifi.ovlStore, 0-correction/find-errors-jobs/0348.range, 0-correction/configureFindErrors.finished
    output: 0-correction/find-errors-jobs/0348.red
    log: 0-correction/find-errors-jobs/0348.err
    jobid: 474
    reason: Missing output files: 0-correction/find-errors-jobs/0348.red
    wildcards: nnnn=0348
    threads: 4
    resources: mem_mb=1000, mem_mib=954, disk_mb=1000, disk_mib=954, tmpdir=<TBD>, job_id=1, n_cpus=4, mem_gb=32, time_h=4

Submitted job 474 with external jobid '18453799'.

[Wed May  6 19:08:34 2026]
rule computeErrors:
    input: 0-correction/hifi.seqStore, 0-correction/hifi.ovlStore, 0-correction/find-errors-jobs/0404.range, 0-correction/configureFindErrors.finished
    output: 0-correction/find-errors-jobs/0404.red
    log: 0-correction/find-errors-jobs/0404.err
    jobid: 530
    reason: Missing output files: 0-correction/find-errors-jobs/0404.red
    wildcards: nnnn=0404
    threads: 4
    resources: mem_mb=1000, mem_mib=954, disk_mb=1000, disk_mib=954, tmpdir=<TBD>, job_id=1, n_cpus=4, mem_gb=32, time_h=4

Submitted job 530 with external jobid '18453803'.

[Wed May  6 19:08:37 2026]
rule computeErrors:
    input: 0-correction/hifi.seqStore, 0-correction/hifi.ovlStore, 0-correction/find-errors-jobs/0181.range, 0-correction/configureFindErrors.finished
    output: 0-correction/find-errors-jobs/0181.red
    log: 0-correction/find-errors-jobs/0181.err
    jobid: 307
    reason: Missing output files: 0-correction/find-errors-jobs/0181.red
    wildcards: nnnn=0181
    threads: 4
    resources: mem_mb=1000, mem_mib=954, disk_mb=1000, disk_mib=954, tmpdir=<TBD>, job_id=1, n_cpus=4, mem_gb=32, time_h=4

Submitted job 307 with external jobid '18453804'.

[Wed May  6 19:08:40 2026]
rule computeErrors:
    input: 0-correction/hifi.seqStore, 0-correction/hifi.ovlStore, 0-correction/find-errors-jobs/0293.range, 0-correction/configureFindErrors.finished
    output: 0-correction/find-errors-jobs/0293.red
    log: 0-correction/find-errors-jobs/0293.err
    jobid: 419
    reason: Missing output files: 0-correction/find-errors-jobs/0293.red
    wildcards: nnnn=0293
    threads: 4
    resources: mem_mb=1000, mem_mib=954, disk_mb=1000, disk_mib=954, tmpdir=<TBD>, job_id=1, n_cpus=4, mem_gb=32, time_h=4

Submitted job 419 with external jobid '18453808'.

[Wed May  6 19:08:43 2026]
rule computeErrors:
    input: 0-correction/hifi.seqStore, 0-correction/hifi.ovlStore, 0-correction/find-errors-jobs/0349.range, 0-correction/configureFindErrors.finished
    output: 0-correction/find-errors-jobs/0349.red
    log: 0-correction/find-errors-jobs/0349.err
    jobid: 475
    reason: Missing output files: 0-correction/find-errors-jobs/0349.red
    wildcards: nnnn=0349
    threads: 4
    resources: mem_mb=1000, mem_mib=954, disk_mb=1000, disk_mib=954, tmpdir=<TBD>, job_id=1, n_cpus=4, mem_gb=32, time_h=4

Submitted job 475 with external jobid '18453810'.

[Wed May  6 19:08:47 2026]
rule computeErrors:
    input: 0-correction/hifi.seqStore, 0-correction/hifi.ovlStore, 0-correction/find-errors-jobs/0405.range, 0-correction/configureFindErrors.finished
    output: 0-correction/find-errors-jobs/0405.red
    log: 0-correction/find-errors-jobs/0405.err
    jobid: 531
    reason: Missing output files: 0-correction/find-errors-jobs/0405.red
    wildcards: nnnn=0405
    threads: 4
    resources: mem_mb=1000, mem_mib=954, disk_mb=1000, disk_mib=954, tmpdir=<TBD>, job_id=1, n_cpus=4, mem_gb=32, time_h=4

Submitted job 531 with external jobid '18453815'.

[Wed May  6 19:08:50 2026]
rule computeErrors:
    input: 0-correction/hifi.seqStore, 0-correction/hifi.ovlStore, 0-correction/find-errors-jobs/0182.range, 0-correction/configureFindErrors.finished
    output: 0-correction/find-errors-jobs/0182.red
    log: 0-correction/find-errors-jobs/0182.err
    jobid: 308
    reason: Missing output files: 0-correction/find-errors-jobs/0182.red
    wildcards: nnnn=0182
    threads: 4
    resources: mem_mb=1000, mem_mib=954, disk_mb=1000, disk_mib=954, tmpdir=<TBD>, job_id=1, n_cpus=4, mem_gb=32, time_h=4

Submitted job 308 with external jobid '18453819'.

[Wed May  6 19:08:53 2026]
rule computeErrors:
    input: 0-correction/hifi.seqStore, 0-correction/hifi.ovlStore, 0-correction/find-errors-jobs/0294.range, 0-correction/configureFindErrors.finished
    output: 0-correction/find-errors-jobs/0294.red
    log: 0-correction/find-errors-jobs/0294.err
    jobid: 420
    reason: Missing output files: 0-correction/find-errors-jobs/0294.red
    wildcards: nnnn=0294
    threads: 4
    resources: mem_mb=1000, mem_mib=954, disk_mb=1000, disk_mib=954, tmpdir=<TBD>, job_id=1, n_cpus=4, mem_gb=32, time_h=4

Submitted job 420 with external jobid '18453820'.

[Wed May  6 19:08:56 2026]
rule computeErrors:
    input: 0-correction/hifi.seqStore, 0-correction/hifi.ovlStore, 0-correction/find-errors-jobs/0350.range, 0-correction/configureFindErrors.finished
    output: 0-correction/find-errors-jobs/0350.red
    log: 0-correction/find-errors-jobs/0350.err
    jobid: 476
    reason: Missing output files: 0-correction/find-errors-jobs/0350.red
    wildcards: nnnn=0350
    threads: 4
    resources: mem_mb=1000, mem_mib=954, disk_mb=1000, disk_mib=954, tmpdir=<TBD>, job_id=1, n_cpus=4, mem_gb=32, time_h=4

Submitted job 476 with external jobid '18453821'.

[Wed May  6 19:09:00 2026]
rule computeErrors:
    input: 0-correction/hifi.seqStore, 0-correction/hifi.ovlStore, 0-correction/find-errors-jobs/0406.range, 0-correction/configureFindErrors.finished
    output: 0-correction/find-errors-jobs/0406.red
    log: 0-correction/find-errors-jobs/0406.err
    jobid: 532
    reason: Missing output files: 0-correction/find-errors-jobs/0406.red
    wildcards: nnnn=0406
    threads: 4
    resources: mem_mb=1000, mem_mib=954, disk_mb=1000, disk_mib=954, tmpdir=<TBD>, job_id=1, n_cpus=4, mem_gb=32, time_h=4

Submitted job 532 with external jobid '18453822'.

[Wed May  6 19:09:03 2026]
rule computeErrors:
    input: 0-correction/hifi.seqStore, 0-correction/hifi.ovlStore, 0-correction/find-errors-jobs/0183.range, 0-correction/configureFindErrors.finished
    output: 0-correction/find-errors-jobs/0183.red
    log: 0-correction/find-errors-jobs/0183.err
    jobid: 309
    reason: Missing output files: 0-correction/find-errors-jobs/0183.red
    wildcards: nnnn=0183
    threads: 4
    resources: mem_mb=1000, mem_mib=954, disk_mb=1000, disk_mib=954, tmpdir=<TBD>, job_id=1, n_cpus=4, mem_gb=32, time_h=4

Submitted job 309 with external jobid '18453824'.

[Wed May  6 19:09:08 2026]
rule computeErrors:
    input: 0-correction/hifi.seqStore, 0-correction/hifi.ovlStore, 0-correction/find-errors-jobs/0295.range, 0-correction/configureFindErrors.finished
    output: 0-correction/find-errors-jobs/0295.red
    log: 0-correction/find-errors-jobs/0295.err
    jobid: 421
    reason: Missing output files: 0-correction/find-errors-jobs/0295.red
    wildcards: nnnn=0295
    threads: 4
    resources: mem_mb=1000, mem_mib=954, disk_mb=1000, disk_mib=954, tmpdir=<TBD>, job_id=1, n_cpus=4, mem_gb=32, time_h=4

Submitted job 421 with external jobid '18453826'.

[Wed May  6 19:09:13 2026]
rule computeErrors:
    input: 0-correction/hifi.seqStore, 0-correction/hifi.ovlStore, 0-correction/find-errors-jobs/0351.range, 0-correction/configureFindErrors.finished
    output: 0-correction/find-errors-jobs/0351.red
    log: 0-correction/find-errors-jobs/0351.err
    jobid: 477
    reason: Missing output files: 0-correction/find-errors-jobs/0351.red
    wildcards: nnnn=0351
    threads: 4
    resources: mem_mb=1000, mem_mib=954, disk_mb=1000, disk_mib=954, tmpdir=<TBD>, job_id=1, n_cpus=4, mem_gb=32, time_h=4

Submitted job 477 with external jobid '18453827'.

[Wed May  6 19:09:18 2026]
rule computeErrors:
    input: 0-correction/hifi.seqStore, 0-correction/hifi.ovlStore, 0-correction/find-errors-jobs/0407.range, 0-correction/configureFindErrors.finished
    output: 0-correction/find-errors-jobs/0407.red
    log: 0-correction/find-errors-jobs/0407.err
    jobid: 533
    reason: Missing output files: 0-correction/find-errors-jobs/0407.red
    wildcards: nnnn=0407
    threads: 4
    resources: mem_mb=1000, mem_mib=954, disk_mb=1000, disk_mib=954, tmpdir=<TBD>, job_id=1, n_cpus=4, mem_gb=32, time_h=4

Submitted job 533 with external jobid '18453832'.

[Wed May  6 19:09:21 2026]
rule computeErrors:
    input: 0-correction/hifi.seqStore, 0-correction/hifi.ovlStore, 0-correction/find-errors-jobs/0184.range, 0-correction/configureFindErrors.finished
    output: 0-correction/find-errors-jobs/0184.red
    log: 0-correction/find-errors-jobs/0184.err
    jobid: 310
    reason: Missing output files: 0-correction/find-errors-jobs/0184.red
    wildcards: nnnn=0184
    threads: 4
    resources: mem_mb=1000, mem_mib=954, disk_mb=1000, disk_mib=954, tmpdir=<TBD>, job_id=1, n_cpus=4, mem_gb=32, time_h=4

Submitted job 310 with external jobid '18453834'.

[Wed May  6 19:09:25 2026]
rule computeErrors:
    input: 0-correction/hifi.seqStore, 0-correction/hifi.ovlStore, 0-correction/find-errors-jobs/0296.range, 0-correction/configureFindErrors.finished
    output: 0-correction/find-errors-jobs/0296.red
    log: 0-correction/find-errors-jobs/0296.err
    jobid: 422
    reason: Missing output files: 0-correction/find-errors-jobs/0296.red
    wildcards: nnnn=0296
    threads: 4
    resources: mem_mb=1000, mem_mib=954, disk_mb=1000, disk_mib=954, tmpdir=<TBD>, job_id=1, n_cpus=4, mem_gb=32, time_h=4

Submitted job 422 with external jobid '18453835'.

[Wed May  6 19:09:28 2026]
rule computeErrors:
    input: 0-correction/hifi.seqStore, 0-correction/hifi.ovlStore, 0-correction/find-errors-jobs/0352.range, 0-correction/configureFindErrors.finished
    output: 0-correction/find-errors-jobs/0352.red
    log: 0-correction/find-errors-jobs/0352.err
    jobid: 478
    reason: Missing output files: 0-correction/find-errors-jobs/0352.red
    wildcards: nnnn=0352
    threads: 4
    resources: mem_mb=1000, mem_mib=954, disk_mb=1000, disk_mib=954, tmpdir=<TBD>, job_id=1, n_cpus=4, mem_gb=32, time_h=4

Submitted job 478 with external jobid '18453837'.

[Wed May  6 19:09:31 2026]
rule computeErrors:
    input: 0-correction/hifi.seqStore, 0-correction/hifi.ovlStore, 0-correction/find-errors-jobs/0408.range, 0-correction/configureFindErrors.finished
    output: 0-correction/find-errors-jobs/0408.red
    log: 0-correction/find-errors-jobs/0408.err
    jobid: 534
    reason: Missing output files: 0-correction/find-errors-jobs/0408.red
    wildcards: nnnn=0408
    threads: 4
    resources: mem_mb=1000, mem_mib=954, disk_mb=1000, disk_mib=954, tmpdir=<TBD>, job_id=1, n_cpus=4, mem_gb=32, time_h=4

Submitted job 534 with external jobid '18453839'.

[Wed May  6 19:09:35 2026]
rule computeErrors:
    input: 0-correction/hifi.seqStore, 0-correction/hifi.ovlStore, 0-correction/find-errors-jobs/0185.range, 0-correction/configureFindErrors.finished
    output: 0-correction/find-errors-jobs/0185.red
    log: 0-correction/find-errors-jobs/0185.err
    jobid: 311
    reason: Missing output files: 0-correction/find-errors-jobs/0185.red
    wildcards: nnnn=0185
    threads: 4
    resources: mem_mb=1000, mem_mib=954, disk_mb=1000, disk_mib=954, tmpdir=<TBD>, job_id=1, n_cpus=4, mem_gb=32, time_h=4

Submitted job 311 with external jobid '18453841'.

[Wed May  6 19:09:38 2026]
rule computeErrors:
    input: 0-correction/hifi.seqStore, 0-correction/hifi.ovlStore, 0-correction/find-errors-jobs/0297.range, 0-correction/configureFindErrors.finished
    output: 0-correction/find-errors-jobs/0297.red
    log: 0-correction/find-errors-jobs/0297.err
    jobid: 423
    reason: Missing output files: 0-correction/find-errors-jobs/0297.red
    wildcards: nnnn=0297
    threads: 4
    resources: mem_mb=1000, mem_mib=954, disk_mb=1000, disk_mib=954, tmpdir=<TBD>, job_id=1, n_cpus=4, mem_gb=32, time_h=4

Submitted job 423 with external jobid '18453842'.

[Wed May  6 19:09:41 2026]
rule computeErrors:
    input: 0-correction/hifi.seqStore, 0-correction/hifi.ovlStore, 0-correction/find-errors-jobs/0353.range, 0-correction/configureFindErrors.finished
    output: 0-correction/find-errors-jobs/0353.red
    log: 0-correction/find-errors-jobs/0353.err
    jobid: 479
    reason: Missing output files: 0-correction/find-errors-jobs/0353.red
    wildcards: nnnn=0353
    threads: 4
    resources: mem_mb=1000, mem_mib=954, disk_mb=1000, disk_mib=954, tmpdir=<TBD>, job_id=1, n_cpus=4, mem_gb=32, time_h=4

Submitted job 479 with external jobid '18453843'.

[Wed May  6 19:09:45 2026]
rule computeErrors:
    input: 0-correction/hifi.seqStore, 0-correction/hifi.ovlStore, 0-correction/find-errors-jobs/0409.range, 0-correction/configureFindErrors.finished
    output: 0-correction/find-errors-jobs/0409.red
    log: 0-correction/find-errors-jobs/0409.err
    jobid: 535
    reason: Missing output files: 0-correction/find-errors-jobs/0409.red
    wildcards: nnnn=0409
    threads: 4
    resources: mem_mb=1000, mem_mib=954, disk_mb=1000, disk_mib=954, tmpdir=<TBD>, job_id=1, n_cpus=4, mem_gb=32, time_h=4

Submitted job 535 with external jobid '18453844'.

[Wed May  6 19:09:48 2026]
rule computeErrors:
    input: 0-correction/hifi.seqStore, 0-correction/hifi.ovlStore, 0-correction/find-errors-jobs/0186.range, 0-correction/configureFindErrors.finished
    output: 0-correction/find-errors-jobs/0186.red
    log: 0-correction/find-errors-jobs/0186.err
    jobid: 312
    reason: Missing output files: 0-correction/find-errors-jobs/0186.red
    wildcards: nnnn=0186
    threads: 4
    resources: mem_mb=1000, mem_mib=954, disk_mb=1000, disk_mib=954, tmpdir=<TBD>, job_id=1, n_cpus=4, mem_gb=32, time_h=4

Submitted job 312 with external jobid '18453847'.

[Wed May  6 19:09:51 2026]
rule computeErrors:
    input: 0-correction/hifi.seqStore, 0-correction/hifi.ovlStore, 0-correction/find-errors-jobs/0298.range, 0-correction/configureFindErrors.finished
    output: 0-correction/find-errors-jobs/0298.red
    log: 0-correction/find-errors-jobs/0298.err
    jobid: 424
    reason: Missing output files: 0-correction/find-errors-jobs/0298.red
    wildcards: nnnn=0298
    threads: 4
    resources: mem_mb=1000, mem_mib=954, disk_mb=1000, disk_mib=954, tmpdir=<TBD>, job_id=1, n_cpus=4, mem_gb=32, time_h=4

Submitted job 424 with external jobid '18453851'.

[Wed May  6 19:09:55 2026]
rule computeErrors:
    input: 0-correction/hifi.seqStore, 0-correction/hifi.ovlStore, 0-correction/find-errors-jobs/0354.range, 0-correction/configureFindErrors.finished
    output: 0-correction/find-errors-jobs/0354.red
    log: 0-correction/find-errors-jobs/0354.err
    jobid: 480
    reason: Missing output files: 0-correction/find-errors-jobs/0354.red
    wildcards: nnnn=0354
    threads: 4
    resources: mem_mb=1000, mem_mib=954, disk_mb=1000, disk_mib=954, tmpdir=<TBD>, job_id=1, n_cpus=4, mem_gb=32, time_h=4

Submitted job 480 with external jobid '18453852'.

[Wed May  6 19:09:58 2026]
rule computeErrors:
    input: 0-correction/hifi.seqStore, 0-correction/hifi.ovlStore, 0-correction/find-errors-jobs/0410.range, 0-correction/configureFindErrors.finished
    output: 0-correction/find-errors-jobs/0410.red
    log: 0-correction/find-errors-jobs/0410.err
    jobid: 536
    reason: Missing output files: 0-correction/find-errors-jobs/0410.red
    wildcards: nnnn=0410
    threads: 4
    resources: mem_mb=1000, mem_mib=954, disk_mb=1000, disk_mib=954, tmpdir=<TBD>, job_id=1, n_cpus=4, mem_gb=32, time_h=4

Submitted job 536 with external jobid '18453853'.

[Wed May  6 19:10:03 2026]
rule computeErrors:
    input: 0-correction/hifi.seqStore, 0-correction/hifi.ovlStore, 0-correction/find-errors-jobs/0187.range, 0-correction/configureFindErrors.finished
    output: 0-correction/find-errors-jobs/0187.red
    log: 0-correction/find-errors-jobs/0187.err
    jobid: 313
    reason: Missing output files: 0-correction/find-errors-jobs/0187.red
    wildcards: nnnn=0187
    threads: 4
    resources: mem_mb=1000, mem_mib=954, disk_mb=1000, disk_mib=954, tmpdir=<TBD>, job_id=1, n_cpus=4, mem_gb=32, time_h=4

Submitted job 313 with external jobid '18453854'.

[Wed May  6 19:10:08 2026]
rule computeErrors:
    input: 0-correction/hifi.seqStore, 0-correction/hifi.ovlStore, 0-correction/find-errors-jobs/0299.range, 0-correction/configureFindErrors.finished
    output: 0-correction/find-errors-jobs/0299.red
    log: 0-correction/find-errors-jobs/0299.err
    jobid: 425
    reason: Missing output files: 0-correction/find-errors-jobs/0299.red
    wildcards: nnnn=0299
    threads: 4
    resources: mem_mb=1000, mem_mib=954, disk_mb=1000, disk_mib=954, tmpdir=<TBD>, job_id=1, n_cpus=4, mem_gb=32, time_h=4

Submitted job 425 with external jobid '18453856'.

[Wed May  6 19:10:13 2026]
rule computeErrors:
    input: 0-correction/hifi.seqStore, 0-correction/hifi.ovlStore, 0-correction/find-errors-jobs/0355.range, 0-correction/configureFindErrors.finished
    output: 0-correction/find-errors-jobs/0355.red
    log: 0-correction/find-errors-jobs/0355.err
    jobid: 481
    reason: Missing output files: 0-correction/find-errors-jobs/0355.red
    wildcards: nnnn=0355
    threads: 4
    resources: mem_mb=1000, mem_mib=954, disk_mb=1000, disk_mib=954, tmpdir=<TBD>, job_id=1, n_cpus=4, mem_gb=32, time_h=4

Submitted job 481 with external jobid '18453865'.

[Wed May  6 19:10:16 2026]
rule computeErrors:
    input: 0-correction/hifi.seqStore, 0-correction/hifi.ovlStore, 0-correction/find-errors-jobs/0411.range, 0-correction/configureFindErrors.finished
    output: 0-correction/find-errors-jobs/0411.red
    log: 0-correction/find-errors-jobs/0411.err
    jobid: 537
    reason: Missing output files: 0-correction/find-errors-jobs/0411.red
    wildcards: nnnn=0411
    threads: 4
    resources: mem_mb=1000, mem_mib=954, disk_mb=1000, disk_mib=954, tmpdir=<TBD>, job_id=1, n_cpus=4, mem_gb=32, time_h=4

Submitted job 537 with external jobid '18453866'.

[Wed May  6 19:10:19 2026]
rule computeErrors:
    input: 0-correction/hifi.seqStore, 0-correction/hifi.ovlStore, 0-correction/find-errors-jobs/0188.range, 0-correction/configureFindErrors.finished
    output: 0-correction/find-errors-jobs/0188.red
    log: 0-correction/find-errors-jobs/0188.err
    jobid: 314
    reason: Missing output files: 0-correction/find-errors-jobs/0188.red
    wildcards: nnnn=0188
    threads: 4
    resources: mem_mb=1000, mem_mib=954, disk_mb=1000, disk_mib=954, tmpdir=<TBD>, job_id=1, n_cpus=4, mem_gb=32, time_h=4

Submitted job 314 with external jobid '18453868'.

[Wed May  6 19:10:22 2026]
rule computeErrors:
    input: 0-correction/hifi.seqStore, 0-correction/hifi.ovlStore, 0-correction/find-errors-jobs/0300.range, 0-correction/configureFindErrors.finished
    output: 0-correction/find-errors-jobs/0300.red
    log: 0-correction/find-errors-jobs/0300.err
    jobid: 426
    reason: Missing output files: 0-correction/find-errors-jobs/0300.red
    wildcards: nnnn=0300
    threads: 4
    resources: mem_mb=1000, mem_mib=954, disk_mb=1000, disk_mib=954, tmpdir=<TBD>, job_id=1, n_cpus=4, mem_gb=32, time_h=4

Submitted job 426 with external jobid '18453870'.

[Wed May  6 19:10:25 2026]
rule computeErrors:
    input: 0-correction/hifi.seqStore, 0-correction/hifi.ovlStore, 0-correction/find-errors-jobs/0356.range, 0-correction/configureFindErrors.finished
    output: 0-correction/find-errors-jobs/0356.red
    log: 0-correction/find-errors-jobs/0356.err
    jobid: 482
    reason: Missing output files: 0-correction/find-errors-jobs/0356.red
    wildcards: nnnn=0356
    threads: 4
    resources: mem_mb=1000, mem_mib=954, disk_mb=1000, disk_mib=954, tmpdir=<TBD>, job_id=1, n_cpus=4, mem_gb=32, time_h=4

Submitted job 482 with external jobid '18453872'.

[Wed May  6 19:10:29 2026]
rule computeErrors:
    input: 0-correction/hifi.seqStore, 0-correction/hifi.ovlStore, 0-correction/find-errors-jobs/0412.range, 0-correction/configureFindErrors.finished
    output: 0-correction/find-errors-jobs/0412.red
    log: 0-correction/find-errors-jobs/0412.err
    jobid: 538
    reason: Missing output files: 0-correction/find-errors-jobs/0412.red
    wildcards: nnnn=0412
    threads: 4
    resources: mem_mb=1000, mem_mib=954, disk_mb=1000, disk_mib=954, tmpdir=<TBD>, job_id=1, n_cpus=4, mem_gb=32, time_h=4

Submitted job 538 with external jobid '18453873'.

[Wed May  6 19:10:32 2026]
rule computeErrors:
    input: 0-correction/hifi.seqStore, 0-correction/hifi.ovlStore, 0-correction/find-errors-jobs/0189.range, 0-correction/configureFindErrors.finished
    output: 0-correction/find-errors-jobs/0189.red
    log: 0-correction/find-errors-jobs/0189.err
    jobid: 315
    reason: Missing output files: 0-correction/find-errors-jobs/0189.red
    wildcards: nnnn=0189
    threads: 4
    resources: mem_mb=1000, mem_mib=954, disk_mb=1000, disk_mib=954, tmpdir=<TBD>, job_id=1, n_cpus=4, mem_gb=32, time_h=4

Submitted job 315 with external jobid '18453875'.

[Wed May  6 19:10:35 2026]
rule computeErrors:
    input: 0-correction/hifi.seqStore, 0-correction/hifi.ovlStore, 0-correction/find-errors-jobs/0301.range, 0-correction/configureFindErrors.finished
    output: 0-correction/find-errors-jobs/0301.red
    log: 0-correction/find-errors-jobs/0301.err
    jobid: 427
    reason: Missing output files: 0-correction/find-errors-jobs/0301.red
    wildcards: nnnn=0301
    threads: 4
    resources: mem_mb=1000, mem_mib=954, disk_mb=1000, disk_mib=954, tmpdir=<TBD>, job_id=1, n_cpus=4, mem_gb=32, time_h=4

Submitted job 427 with external jobid '18453876'.

[Wed May  6 19:10:38 2026]
rule computeErrors:
    input: 0-correction/hifi.seqStore, 0-correction/hifi.ovlStore, 0-correction/find-errors-jobs/0357.range, 0-correction/configureFindErrors.finished
    output: 0-correction/find-errors-jobs/0357.red
    log: 0-correction/find-errors-jobs/0357.err
    jobid: 483
    reason: Missing output files: 0-correction/find-errors-jobs/0357.red
    wildcards: nnnn=0357
    threads: 4
    resources: mem_mb=1000, mem_mib=954, disk_mb=1000, disk_mib=954, tmpdir=<TBD>, job_id=1, n_cpus=4, mem_gb=32, time_h=4

Submitted job 483 with external jobid '18453879'.

[Wed May  6 19:10:42 2026]
rule computeErrors:
    input: 0-correction/hifi.seqStore, 0-correction/hifi.ovlStore, 0-correction/find-errors-jobs/0413.range, 0-correction/configureFindErrors.finished
    output: 0-correction/find-errors-jobs/0413.red
    log: 0-correction/find-errors-jobs/0413.err
    jobid: 539
    reason: Missing output files: 0-correction/find-errors-jobs/0413.red
    wildcards: nnnn=0413
    threads: 4
    resources: mem_mb=1000, mem_mib=954, disk_mb=1000, disk_mib=954, tmpdir=<TBD>, job_id=1, n_cpus=4, mem_gb=32, time_h=4

Submitted job 539 with external jobid '18453881'.

[Wed May  6 19:10:45 2026]
rule computeErrors:
    input: 0-correction/hifi.seqStore, 0-correction/hifi.ovlStore, 0-correction/find-errors-jobs/0190.range, 0-correction/configureFindErrors.finished
    output: 0-correction/find-errors-jobs/0190.red
    log: 0-correction/find-errors-jobs/0190.err
    jobid: 316
    reason: Missing output files: 0-correction/find-errors-jobs/0190.red
    wildcards: nnnn=0190
    threads: 4
    resources: mem_mb=1000, mem_mib=954, disk_mb=1000, disk_mib=954, tmpdir=<TBD>, job_id=1, n_cpus=4, mem_gb=32, time_h=4

Submitted job 316 with external jobid '18453885'.

[Wed May  6 19:10:48 2026]
rule computeErrors:
    input: 0-correction/hifi.seqStore, 0-correction/hifi.ovlStore, 0-correction/find-errors-jobs/0302.range, 0-correction/configureFindErrors.finished
    output: 0-correction/find-errors-jobs/0302.red
    log: 0-correction/find-errors-jobs/0302.err
    jobid: 428
    reason: Missing output files: 0-correction/find-errors-jobs/0302.red
    wildcards: nnnn=0302
    threads: 4
    resources: mem_mb=1000, mem_mib=954, disk_mb=1000, disk_mib=954, tmpdir=<TBD>, job_id=1, n_cpus=4, mem_gb=32, time_h=4

Submitted job 428 with external jobid '18453887'.

[Wed May  6 19:10:51 2026]
rule computeErrors:
    input: 0-correction/hifi.seqStore, 0-correction/hifi.ovlStore, 0-correction/find-errors-jobs/0358.range, 0-correction/configureFindErrors.finished
    output: 0-correction/find-errors-jobs/0358.red
    log: 0-correction/find-errors-jobs/0358.err
    jobid: 484
    reason: Missing output files: 0-correction/find-errors-jobs/0358.red
    wildcards: nnnn=0358
    threads: 4
    resources: mem_mb=1000, mem_mib=954, disk_mb=1000, disk_mib=954, tmpdir=<TBD>, job_id=1, n_cpus=4, mem_gb=32, time_h=4

Submitted job 484 with external jobid '18453889'.

[Wed May  6 19:10:54 2026]
rule computeErrors:
    input: 0-correction/hifi.seqStore, 0-correction/hifi.ovlStore, 0-correction/find-errors-jobs/0414.range, 0-correction/configureFindErrors.finished
    output: 0-correction/find-errors-jobs/0414.red
    log: 0-correction/find-errors-jobs/0414.err
    jobid: 540
    reason: Missing output files: 0-correction/find-errors-jobs/0414.red
    wildcards: nnnn=0414
    threads: 4
    resources: mem_mb=1000, mem_mib=954, disk_mb=1000, disk_mib=954, tmpdir=<TBD>, job_id=1, n_cpus=4, mem_gb=32, time_h=4

Submitted job 540 with external jobid '18453890'.

[Wed May  6 19:10:58 2026]
rule computeErrors:
    input: 0-correction/hifi.seqStore, 0-correction/hifi.ovlStore, 0-correction/find-errors-jobs/0191.range, 0-correction/configureFindErrors.finished
    output: 0-correction/find-errors-jobs/0191.red
    log: 0-correction/find-errors-jobs/0191.err
    jobid: 317
    reason: Missing output files: 0-correction/find-errors-jobs/0191.red
    wildcards: nnnn=0191
    threads: 4
    resources: mem_mb=1000, mem_mib=954, disk_mb=1000, disk_mib=954, tmpdir=<TBD>, job_id=1, n_cpus=4, mem_gb=32, time_h=4

Submitted job 317 with external jobid '18453892'.

[Wed May  6 19:11:01 2026]
rule computeErrors:
    input: 0-correction/hifi.seqStore, 0-correction/hifi.ovlStore, 0-correction/find-errors-jobs/0303.range, 0-correction/configureFindErrors.finished
    output: 0-correction/find-errors-jobs/0303.red
    log: 0-correction/find-errors-jobs/0303.err
    jobid: 429
    reason: Missing output files: 0-correction/find-errors-jobs/0303.red
    wildcards: nnnn=0303
    threads: 4
    resources: mem_mb=1000, mem_mib=954, disk_mb=1000, disk_mib=954, tmpdir=<TBD>, job_id=1, n_cpus=4, mem_gb=32, time_h=4

Submitted job 429 with external jobid '18453893'.

[Wed May  6 19:11:04 2026]
rule computeErrors:
    input: 0-correction/hifi.seqStore, 0-correction/hifi.ovlStore, 0-correction/find-errors-jobs/0359.range, 0-correction/configureFindErrors.finished
    output: 0-correction/find-errors-jobs/0359.red
    log: 0-correction/find-errors-jobs/0359.err
    jobid: 485
    reason: Missing output files: 0-correction/find-errors-jobs/0359.red
    wildcards: nnnn=0359
    threads: 4
    resources: mem_mb=1000, mem_mib=954, disk_mb=1000, disk_mib=954, tmpdir=<TBD>, job_id=1, n_cpus=4, mem_gb=32, time_h=4

Submitted job 485 with external jobid '18453902'.

[Wed May  6 19:11:09 2026]
rule computeErrors:
    input: 0-correction/hifi.seqStore, 0-correction/hifi.ovlStore, 0-correction/find-errors-jobs/0415.range, 0-correction/configureFindErrors.finished
    output: 0-correction/find-errors-jobs/0415.red
    log: 0-correction/find-errors-jobs/0415.err
    jobid: 541
    reason: Missing output files: 0-correction/find-errors-jobs/0415.red
    wildcards: nnnn=0415
    threads: 4
    resources: mem_mb=1000, mem_mib=954, disk_mb=1000, disk_mib=954, tmpdir=<TBD>, job_id=1, n_cpus=4, mem_gb=32, time_h=4

Submitted job 541 with external jobid '18453903'.

[Wed May  6 19:11:14 2026]
rule computeErrors:
    input: 0-correction/hifi.seqStore, 0-correction/hifi.ovlStore, 0-correction/find-errors-jobs/0192.range, 0-correction/configureFindErrors.finished
    output: 0-correction/find-errors-jobs/0192.red
    log: 0-correction/find-errors-jobs/0192.err
    jobid: 318
    reason: Missing output files: 0-correction/find-errors-jobs/0192.red
    wildcards: nnnn=0192
    threads: 4
    resources: mem_mb=1000, mem_mib=954, disk_mb=1000, disk_mib=954, tmpdir=<TBD>, job_id=1, n_cpus=4, mem_gb=32, time_h=4

Submitted job 318 with external jobid '18453905'.

[Wed May  6 19:11:19 2026]
rule computeErrors:
    input: 0-correction/hifi.seqStore, 0-correction/hifi.ovlStore, 0-correction/find-errors-jobs/0304.range, 0-correction/configureFindErrors.finished
    output: 0-correction/find-errors-jobs/0304.red
    log: 0-correction/find-errors-jobs/0304.err
    jobid: 430
    reason: Missing output files: 0-correction/find-errors-jobs/0304.red
    wildcards: nnnn=0304
    threads: 4
    resources: mem_mb=1000, mem_mib=954, disk_mb=1000, disk_mib=954, tmpdir=<TBD>, job_id=1, n_cpus=4, mem_gb=32, time_h=4

Submitted job 430 with external jobid '18453922'.

[Wed May  6 19:11:22 2026]
rule computeErrors:
    input: 0-correction/hifi.seqStore, 0-correction/hifi.ovlStore, 0-correction/find-errors-jobs/0360.range, 0-correction/configureFindErrors.finished
    output: 0-correction/find-errors-jobs/0360.red
    log: 0-correction/find-errors-jobs/0360.err
    jobid: 486
    reason: Missing output files: 0-correction/find-errors-jobs/0360.red
    wildcards: nnnn=0360
    threads: 4
    resources: mem_mb=1000, mem_mib=954, disk_mb=1000, disk_mib=954, tmpdir=<TBD>, job_id=1, n_cpus=4, mem_gb=32, time_h=4

Submitted job 486 with external jobid '18453923'.

[Wed May  6 19:11:25 2026]
rule computeErrors:
    input: 0-correction/hifi.seqStore, 0-correction/hifi.ovlStore, 0-correction/find-errors-jobs/0416.range, 0-correction/configureFindErrors.finished
    output: 0-correction/find-errors-jobs/0416.red
    log: 0-correction/find-errors-jobs/0416.err
    jobid: 542
    reason: Missing output files: 0-correction/find-errors-jobs/0416.red
    wildcards: nnnn=0416
    threads: 4
    resources: mem_mb=1000, mem_mib=954, disk_mb=1000, disk_mib=954, tmpdir=<TBD>, job_id=1, n_cpus=4, mem_gb=32, time_h=4

Submitted job 542 with external jobid '18453924'.

[Wed May  6 19:11:28 2026]
rule computeErrors:
    input: 0-correction/hifi.seqStore, 0-correction/hifi.ovlStore, 0-correction/find-errors-jobs/0193.range, 0-correction/configureFindErrors.finished
    output: 0-correction/find-errors-jobs/0193.red
    log: 0-correction/find-errors-jobs/0193.err
    jobid: 319
    reason: Missing output files: 0-correction/find-errors-jobs/0193.red
    wildcards: nnnn=0193
    threads: 4
    resources: mem_mb=1000, mem_mib=954, disk_mb=1000, disk_mib=954, tmpdir=<TBD>, job_id=1, n_cpus=4, mem_gb=32, time_h=4

Submitted job 319 with external jobid '18453926'.

[Wed May  6 19:11:31 2026]
rule computeErrors:
    input: 0-correction/hifi.seqStore, 0-correction/hifi.ovlStore, 0-correction/find-errors-jobs/0305.range, 0-correction/configureFindErrors.finished
    output: 0-correction/find-errors-jobs/0305.red
    log: 0-correction/find-errors-jobs/0305.err
    jobid: 431
    reason: Missing output files: 0-correction/find-errors-jobs/0305.red
    wildcards: nnnn=0305
    threads: 4
    resources: mem_mb=1000, mem_mib=954, disk_mb=1000, disk_mib=954, tmpdir=<TBD>, job_id=1, n_cpus=4, mem_gb=32, time_h=4

Submitted job 431 with external jobid '18453927'.

[Wed May  6 19:11:35 2026]
rule computeErrors:
    input: 0-correction/hifi.seqStore, 0-correction/hifi.ovlStore, 0-correction/find-errors-jobs/0361.range, 0-correction/configureFindErrors.finished
    output: 0-correction/find-errors-jobs/0361.red
    log: 0-correction/find-errors-jobs/0361.err
    jobid: 487
    reason: Missing output files: 0-correction/find-errors-jobs/0361.red
    wildcards: nnnn=0361
    threads: 4
    resources: mem_mb=1000, mem_mib=954, disk_mb=1000, disk_mib=954, tmpdir=<TBD>, job_id=1, n_cpus=4, mem_gb=32, time_h=4

Submitted job 487 with external jobid '18453928'.

[Wed May  6 19:11:38 2026]
rule computeErrors:
    input: 0-correction/hifi.seqStore, 0-correction/hifi.ovlStore, 0-correction/find-errors-jobs/0417.range, 0-correction/configureFindErrors.finished
    output: 0-correction/find-errors-jobs/0417.red
    log: 0-correction/find-errors-jobs/0417.err
    jobid: 543
    reason: Missing output files: 0-correction/find-errors-jobs/0417.red
    wildcards: nnnn=0417
    threads: 4
    resources: mem_mb=1000, mem_mib=954, disk_mb=1000, disk_mib=954, tmpdir=<TBD>, job_id=1, n_cpus=4, mem_gb=32, time_h=4

Submitted job 543 with external jobid '18453931'.

[Wed May  6 19:11:42 2026]
rule computeErrors:
    input: 0-correction/hifi.seqStore, 0-correction/hifi.ovlStore, 0-correction/find-errors-jobs/0194.range, 0-correction/configureFindErrors.finished
    output: 0-correction/find-errors-jobs/0194.red
    log: 0-correction/find-errors-jobs/0194.err
    jobid: 320
    reason: Missing output files: 0-correction/find-errors-jobs/0194.red
    wildcards: nnnn=0194
    threads: 4
    resources: mem_mb=1000, mem_mib=954, disk_mb=1000, disk_mib=954, tmpdir=<TBD>, job_id=1, n_cpus=4, mem_gb=32, time_h=4

Submitted job 320 with external jobid '18453935'.

[Wed May  6 19:11:45 2026]
rule computeErrors:
    input: 0-correction/hifi.seqStore, 0-correction/hifi.ovlStore, 0-correction/find-errors-jobs/0306.range, 0-correction/configureFindErrors.finished
    output: 0-correction/find-errors-jobs/0306.red
    log: 0-correction/find-errors-jobs/0306.err
    jobid: 432
    reason: Missing output files: 0-correction/find-errors-jobs/0306.red
    wildcards: nnnn=0306
    threads: 4
    resources: mem_mb=1000, mem_mib=954, disk_mb=1000, disk_mib=954, tmpdir=<TBD>, job_id=1, n_cpus=4, mem_gb=32, time_h=4

Submitted job 432 with external jobid '18453938'.

[Wed May  6 19:11:48 2026]
rule computeErrors:
    input: 0-correction/hifi.seqStore, 0-correction/hifi.ovlStore, 0-correction/find-errors-jobs/0362.range, 0-correction/configureFindErrors.finished
    output: 0-correction/find-errors-jobs/0362.red
    log: 0-correction/find-errors-jobs/0362.err
    jobid: 488
    reason: Missing output files: 0-correction/find-errors-jobs/0362.red
    wildcards: nnnn=0362
    threads: 4
    resources: mem_mb=1000, mem_mib=954, disk_mb=1000, disk_mib=954, tmpdir=<TBD>, job_id=1, n_cpus=4, mem_gb=32, time_h=4

Submitted job 488 with external jobid '18453942'.

[Wed May  6 19:11:51 2026]
rule computeErrors:
    input: 0-correction/hifi.seqStore, 0-correction/hifi.ovlStore, 0-correction/find-errors-jobs/0418.range, 0-correction/configureFindErrors.finished
    output: 0-correction/find-errors-jobs/0418.red
    log: 0-correction/find-errors-jobs/0418.err
    jobid: 544
    reason: Missing output files: 0-correction/find-errors-jobs/0418.red
    wildcards: nnnn=0418
    threads: 4
    resources: mem_mb=1000, mem_mib=954, disk_mb=1000, disk_mib=954, tmpdir=<TBD>, job_id=1, n_cpus=4, mem_gb=32, time_h=4

Submitted job 544 with external jobid '18453944'.

[Wed May  6 19:11:54 2026]
rule computeErrors:
    input: 0-correction/hifi.seqStore, 0-correction/hifi.ovlStore, 0-correction/find-errors-jobs/0195.range, 0-correction/configureFindErrors.finished
    output: 0-correction/find-errors-jobs/0195.red
    log: 0-correction/find-errors-jobs/0195.err
    jobid: 321
    reason: Missing output files: 0-correction/find-errors-jobs/0195.red
    wildcards: nnnn=0195
    threads: 4
    resources: mem_mb=1000, mem_mib=954, disk_mb=1000, disk_mib=954, tmpdir=<TBD>, job_id=1, n_cpus=4, mem_gb=32, time_h=4

Submitted job 321 with external jobid '18453946'.

[Wed May  6 19:11:58 2026]
rule computeErrors:
    input: 0-correction/hifi.seqStore, 0-correction/hifi.ovlStore, 0-correction/find-errors-jobs/0307.range, 0-correction/configureFindErrors.finished
    output: 0-correction/find-errors-jobs/0307.red
    log: 0-correction/find-errors-jobs/0307.err
    jobid: 433
    reason: Missing output files: 0-correction/find-errors-jobs/0307.red
    wildcards: nnnn=0307
    threads: 4
    resources: mem_mb=1000, mem_mib=954, disk_mb=1000, disk_mib=954, tmpdir=<TBD>, job_id=1, n_cpus=4, mem_gb=32, time_h=4

Submitted job 433 with external jobid '18453950'.

[Wed May  6 19:12:01 2026]
rule computeErrors:
    input: 0-correction/hifi.seqStore, 0-correction/hifi.ovlStore, 0-correction/find-errors-jobs/0363.range, 0-correction/configureFindErrors.finished
    output: 0-correction/find-errors-jobs/0363.red
    log: 0-correction/find-errors-jobs/0363.err
    jobid: 489
    reason: Missing output files: 0-correction/find-errors-jobs/0363.red
    wildcards: nnnn=0363
    threads: 4
    resources: mem_mb=1000, mem_mib=954, disk_mb=1000, disk_mib=954, tmpdir=<TBD>, job_id=1, n_cpus=4, mem_gb=32, time_h=4

Submitted job 489 with external jobid '18453952'.

[Wed May  6 19:12:04 2026]
rule computeErrors:
    input: 0-correction/hifi.seqStore, 0-correction/hifi.ovlStore, 0-correction/find-errors-jobs/0419.range, 0-correction/configureFindErrors.finished
    output: 0-correction/find-errors-jobs/0419.red
    log: 0-correction/find-errors-jobs/0419.err
    jobid: 545
    reason: Missing output files: 0-correction/find-errors-jobs/0419.red
    wildcards: nnnn=0419
    threads: 4
    resources: mem_mb=1000, mem_mib=954, disk_mb=1000, disk_mib=954, tmpdir=<TBD>, job_id=1, n_cpus=4, mem_gb=32, time_h=4

Submitted job 545 with external jobid '18453962'.

[Wed May  6 19:12:09 2026]
rule computeErrors:
    input: 0-correction/hifi.seqStore, 0-correction/hifi.ovlStore, 0-correction/find-errors-jobs/0196.range, 0-correction/configureFindErrors.finished
    output: 0-correction/find-errors-jobs/0196.red
    log: 0-correction/find-errors-jobs/0196.err
    jobid: 322
    reason: Missing output files: 0-correction/find-errors-jobs/0196.red
    wildcards: nnnn=0196
    threads: 4
    resources: mem_mb=1000, mem_mib=954, disk_mb=1000, disk_mib=954, tmpdir=<TBD>, job_id=1, n_cpus=4, mem_gb=32, time_h=4

Submitted job 322 with external jobid '18453964'.

[Wed May  6 19:12:14 2026]
rule computeErrors:
    input: 0-correction/hifi.seqStore, 0-correction/hifi.ovlStore, 0-correction/find-errors-jobs/0308.range, 0-correction/configureFindErrors.finished
    output: 0-correction/find-errors-jobs/0308.red
    log: 0-correction/find-errors-jobs/0308.err
    jobid: 434
    reason: Missing output files: 0-correction/find-errors-jobs/0308.red
    wildcards: nnnn=0308
    threads: 4
    resources: mem_mb=1000, mem_mib=954, disk_mb=1000, disk_mib=954, tmpdir=<TBD>, job_id=1, n_cpus=4, mem_gb=32, time_h=4

Submitted job 434 with external jobid '18453965'.

[Wed May  6 19:12:17 2026]
rule computeErrors:
    input: 0-correction/hifi.seqStore, 0-correction/hifi.ovlStore, 0-correction/find-errors-jobs/0364.range, 0-correction/configureFindErrors.finished
    output: 0-correction/find-errors-jobs/0364.red
    log: 0-correction/find-errors-jobs/0364.err
    jobid: 490
    reason: Missing output files: 0-correction/find-errors-jobs/0364.red
    wildcards: nnnn=0364
    threads: 4
    resources: mem_mb=1000, mem_mib=954, disk_mb=1000, disk_mib=954, tmpdir=<TBD>, job_id=1, n_cpus=4, mem_gb=32, time_h=4

Submitted job 490 with external jobid '18453973'.

[Wed May  6 19:12:21 2026]
rule computeErrors:
    input: 0-correction/hifi.seqStore, 0-correction/hifi.ovlStore, 0-correction/find-errors-jobs/0420.range, 0-correction/configureFindErrors.finished
    output: 0-correction/find-errors-jobs/0420.red
    log: 0-correction/find-errors-jobs/0420.err
    jobid: 546
    reason: Missing output files: 0-correction/find-errors-jobs/0420.red
    wildcards: nnnn=0420
    threads: 4
    resources: mem_mb=1000, mem_mib=954, disk_mb=1000, disk_mib=954, tmpdir=<TBD>, job_id=1, n_cpus=4, mem_gb=32, time_h=4

Submitted job 546 with external jobid '18453975'.

[Wed May  6 19:12:24 2026]
rule computeErrors:
    input: 0-correction/hifi.seqStore, 0-correction/hifi.ovlStore, 0-correction/find-errors-jobs/0197.range, 0-correction/configureFindErrors.finished
    output: 0-correction/find-errors-jobs/0197.red
    log: 0-correction/find-errors-jobs/0197.err
    jobid: 323
    reason: Missing output files: 0-correction/find-errors-jobs/0197.red
    wildcards: nnnn=0197
    threads: 4
    resources: mem_mb=1000, mem_mib=954, disk_mb=1000, disk_mib=954, tmpdir=<TBD>, job_id=1, n_cpus=4, mem_gb=32, time_h=4

Submitted job 323 with external jobid '18453976'.

[Wed May  6 19:12:27 2026]
rule computeErrors:
    input: 0-correction/hifi.seqStore, 0-correction/hifi.ovlStore, 0-correction/find-errors-jobs/0309.range, 0-correction/configureFindErrors.finished
    output: 0-correction/find-errors-jobs/0309.red
    log: 0-correction/find-errors-jobs/0309.err
    jobid: 435
    reason: Missing output files: 0-correction/find-errors-jobs/0309.red
    wildcards: nnnn=0309
    threads: 4
    resources: mem_mb=1000, mem_mib=954, disk_mb=1000, disk_mib=954, tmpdir=<TBD>, job_id=1, n_cpus=4, mem_gb=32, time_h=4

Submitted job 435 with external jobid '18453977'.

[Wed May  6 19:12:30 2026]
rule computeErrors:
    input: 0-correction/hifi.seqStore, 0-correction/hifi.ovlStore, 0-correction/find-errors-jobs/0365.range, 0-correction/configureFindErrors.finished
    output: 0-correction/find-errors-jobs/0365.red
    log: 0-correction/find-errors-jobs/0365.err
    jobid: 491
    reason: Missing output files: 0-correction/find-errors-jobs/0365.red
    wildcards: nnnn=0365
    threads: 4
    resources: mem_mb=1000, mem_mib=954, disk_mb=1000, disk_mib=954, tmpdir=<TBD>, job_id=1, n_cpus=4, mem_gb=32, time_h=4

Submitted job 491 with external jobid '18453978'.

[Wed May  6 19:12:33 2026]
rule computeErrors:
    input: 0-correction/hifi.seqStore, 0-correction/hifi.ovlStore, 0-correction/find-errors-jobs/0421.range, 0-correction/configureFindErrors.finished
    output: 0-correction/find-errors-jobs/0421.red
    log: 0-correction/find-errors-jobs/0421.err
    jobid: 547
    reason: Missing output files: 0-correction/find-errors-jobs/0421.red
    wildcards: nnnn=0421
    threads: 4
    resources: mem_mb=1000, mem_mib=954, disk_mb=1000, disk_mib=954, tmpdir=<TBD>, job_id=1, n_cpus=4, mem_gb=32, time_h=4

Submitted job 547 with external jobid '18453980'.

[Wed May  6 19:12:37 2026]
rule computeErrors:
    input: 0-correction/hifi.seqStore, 0-correction/hifi.ovlStore, 0-correction/find-errors-jobs/0198.range, 0-correction/configureFindErrors.finished
    output: 0-correction/find-errors-jobs/0198.red
    log: 0-correction/find-errors-jobs/0198.err
    jobid: 324
    reason: Missing output files: 0-correction/find-errors-jobs/0198.red
    wildcards: nnnn=0198
    threads: 4
    resources: mem_mb=1000, mem_mib=954, disk_mb=1000, disk_mib=954, tmpdir=<TBD>, job_id=1, n_cpus=4, mem_gb=32, time_h=4

Submitted job 324 with external jobid '18453981'.

[Wed May  6 19:12:40 2026]
rule computeErrors:
    input: 0-correction/hifi.seqStore, 0-correction/hifi.ovlStore, 0-correction/find-errors-jobs/0310.range, 0-correction/configureFindErrors.finished
    output: 0-correction/find-errors-jobs/0310.red
    log: 0-correction/find-errors-jobs/0310.err
    jobid: 436
    reason: Missing output files: 0-correction/find-errors-jobs/0310.red
    wildcards: nnnn=0310
    threads: 4
    resources: mem_mb=1000, mem_mib=954, disk_mb=1000, disk_mib=954, tmpdir=<TBD>, job_id=1, n_cpus=4, mem_gb=32, time_h=4

Submitted job 436 with external jobid '18453982'.

[Wed May  6 19:12:43 2026]
rule computeErrors:
    input: 0-correction/hifi.seqStore, 0-correction/hifi.ovlStore, 0-correction/find-errors-jobs/0366.range, 0-correction/configureFindErrors.finished
    output: 0-correction/find-errors-jobs/0366.red
    log: 0-correction/find-errors-jobs/0366.err
    jobid: 492
    reason: Missing output files: 0-correction/find-errors-jobs/0366.red
    wildcards: nnnn=0366
    threads: 4
    resources: mem_mb=1000, mem_mib=954, disk_mb=1000, disk_mib=954, tmpdir=<TBD>, job_id=1, n_cpus=4, mem_gb=32, time_h=4

Submitted job 492 with external jobid '18453983'.

[Wed May  6 19:12:46 2026]
rule computeErrors:
    input: 0-correction/hifi.seqStore, 0-correction/hifi.ovlStore, 0-correction/find-errors-jobs/0422.range, 0-correction/configureFindErrors.finished
    output: 0-correction/find-errors-jobs/0422.red
    log: 0-correction/find-errors-jobs/0422.err
    jobid: 548
    reason: Missing output files: 0-correction/find-errors-jobs/0422.red
    wildcards: nnnn=0422
    threads: 4
    resources: mem_mb=1000, mem_mib=954, disk_mb=1000, disk_mib=954, tmpdir=<TBD>, job_id=1, n_cpus=4, mem_gb=32, time_h=4

Submitted job 548 with external jobid '18453985'.

[Wed May  6 19:12:50 2026]
rule computeErrors:
    input: 0-correction/hifi.seqStore, 0-correction/hifi.ovlStore, 0-correction/find-errors-jobs/0199.range, 0-correction/configureFindErrors.finished
    output: 0-correction/find-errors-jobs/0199.red
    log: 0-correction/find-errors-jobs/0199.err
    jobid: 325
    reason: Missing output files: 0-correction/find-errors-jobs/0199.red
    wildcards: nnnn=0199
    threads: 4
    resources: mem_mb=1000, mem_mib=954, disk_mb=1000, disk_mib=954, tmpdir=<TBD>, job_id=1, n_cpus=4, mem_gb=32, time_h=4

Submitted job 325 with external jobid '18453987'.

[Wed May  6 19:12:53 2026]
rule computeErrors:
    input: 0-correction/hifi.seqStore, 0-correction/hifi.ovlStore, 0-correction/find-errors-jobs/0311.range, 0-correction/configureFindErrors.finished
    output: 0-correction/find-errors-jobs/0311.red
    log: 0-correction/find-errors-jobs/0311.err
    jobid: 437
    reason: Missing output files: 0-correction/find-errors-jobs/0311.red
    wildcards: nnnn=0311
    threads: 4
    resources: mem_mb=1000, mem_mib=954, disk_mb=1000, disk_mib=954, tmpdir=<TBD>, job_id=1, n_cpus=4, mem_gb=32, time_h=4

Submitted job 437 with external jobid '18453988'.

[Wed May  6 19:12:56 2026]
rule computeErrors:
    input: 0-correction/hifi.seqStore, 0-correction/hifi.ovlStore, 0-correction/find-errors-jobs/0367.range, 0-correction/configureFindErrors.finished
    output: 0-correction/find-errors-jobs/0367.red
    log: 0-correction/find-errors-jobs/0367.err
    jobid: 493
    reason: Missing output files: 0-correction/find-errors-jobs/0367.red
    wildcards: nnnn=0367
    threads: 4
    resources: mem_mb=1000, mem_mib=954, disk_mb=1000, disk_mib=954, tmpdir=<TBD>, job_id=1, n_cpus=4, mem_gb=32, time_h=4

Submitted job 493 with external jobid '18453989'.

[Wed May  6 19:12:59 2026]
rule computeErrors:
    input: 0-correction/hifi.seqStore, 0-correction/hifi.ovlStore, 0-correction/find-errors-jobs/0423.range, 0-correction/configureFindErrors.finished
    output: 0-correction/find-errors-jobs/0423.red
    log: 0-correction/find-errors-jobs/0423.err
    jobid: 549
    reason: Missing output files: 0-correction/find-errors-jobs/0423.red
    wildcards: nnnn=0423
    threads: 4
    resources: mem_mb=1000, mem_mib=954, disk_mb=1000, disk_mib=954, tmpdir=<TBD>, job_id=1, n_cpus=4, mem_gb=32, time_h=4

Submitted job 549 with external jobid '18453990'.

[Wed May  6 19:13:02 2026]
rule computeErrors:
    input: 0-correction/hifi.seqStore, 0-correction/hifi.ovlStore, 0-correction/find-errors-jobs/0200.range, 0-correction/configureFindErrors.finished
    output: 0-correction/find-errors-jobs/0200.red
    log: 0-correction/find-errors-jobs/0200.err
    jobid: 326
    reason: Missing output files: 0-correction/find-errors-jobs/0200.red
    wildcards: nnnn=0200
    threads: 4
    resources: mem_mb=1000, mem_mib=954, disk_mb=1000, disk_mib=954, tmpdir=<TBD>, job_id=1, n_cpus=4, mem_gb=32, time_h=4

Submitted job 326 with external jobid '18453991'.

[Wed May  6 19:13:06 2026]
rule computeErrors:
    input: 0-correction/hifi.seqStore, 0-correction/hifi.ovlStore, 0-correction/find-errors-jobs/0312.range, 0-correction/configureFindErrors.finished
    output: 0-correction/find-errors-jobs/0312.red
    log: 0-correction/find-errors-jobs/0312.err
    jobid: 438
    reason: Missing output files: 0-correction/find-errors-jobs/0312.red
    wildcards: nnnn=0312
    threads: 4
    resources: mem_mb=1000, mem_mib=954, disk_mb=1000, disk_mib=954, tmpdir=<TBD>, job_id=1, n_cpus=4, mem_gb=32, time_h=4

Submitted job 438 with external jobid '18453993'.

[Wed May  6 19:13:09 2026]
rule computeErrors:
    input: 0-correction/hifi.seqStore, 0-correction/hifi.ovlStore, 0-correction/find-errors-jobs/0368.range, 0-correction/configureFindErrors.finished
    output: 0-correction/find-errors-jobs/0368.red
    log: 0-correction/find-errors-jobs/0368.err
    jobid: 494
    reason: Missing output files: 0-correction/find-errors-jobs/0368.red
    wildcards: nnnn=0368
    threads: 4
    resources: mem_mb=1000, mem_mib=954, disk_mb=1000, disk_mib=954, tmpdir=<TBD>, job_id=1, n_cpus=4, mem_gb=32, time_h=4

Submitted job 494 with external jobid '18454001'.

[Wed May  6 19:13:14 2026]
rule computeErrors:
    input: 0-correction/hifi.seqStore, 0-correction/hifi.ovlStore, 0-correction/find-errors-jobs/0424.range, 0-correction/configureFindErrors.finished
    output: 0-correction/find-errors-jobs/0424.red
    log: 0-correction/find-errors-jobs/0424.err
    jobid: 550
    reason: Missing output files: 0-correction/find-errors-jobs/0424.red
    wildcards: nnnn=0424
    threads: 4
    resources: mem_mb=1000, mem_mib=954, disk_mb=1000, disk_mib=954, tmpdir=<TBD>, job_id=1, n_cpus=4, mem_gb=32, time_h=4

Submitted job 550 with external jobid '18454003'.

[Wed May  6 19:13:19 2026]
rule computeErrors:
    input: 0-correction/hifi.seqStore, 0-correction/hifi.ovlStore, 0-correction/find-errors-jobs/0201.range, 0-correction/configureFindErrors.finished
    output: 0-correction/find-errors-jobs/0201.red
    log: 0-correction/find-errors-jobs/0201.err
    jobid: 327
    reason: Missing output files: 0-correction/find-errors-jobs/0201.red
    wildcards: nnnn=0201
    threads: 4
    resources: mem_mb=1000, mem_mib=954, disk_mb=1000, disk_mib=954, tmpdir=<TBD>, job_id=1, n_cpus=4, mem_gb=32, time_h=4

Submitted job 327 with external jobid '18454014'.

[Wed May  6 19:13:22 2026]
rule computeErrors:
    input: 0-correction/hifi.seqStore, 0-correction/hifi.ovlStore, 0-correction/find-errors-jobs/0313.range, 0-correction/configureFindErrors.finished
    output: 0-correction/find-errors-jobs/0313.red
    log: 0-correction/find-errors-jobs/0313.err
    jobid: 439
    reason: Missing output files: 0-correction/find-errors-jobs/0313.red
    wildcards: nnnn=0313
    threads: 4
    resources: mem_mb=1000, mem_mib=954, disk_mb=1000, disk_mib=954, tmpdir=<TBD>, job_id=1, n_cpus=4, mem_gb=32, time_h=4

Submitted job 439 with external jobid '18454016'.

[Wed May  6 19:13:25 2026]
rule computeErrors:
    input: 0-correction/hifi.seqStore, 0-correction/hifi.ovlStore, 0-correction/find-errors-jobs/0369.range, 0-correction/configureFindErrors.finished
    output: 0-correction/find-errors-jobs/0369.red
    log: 0-correction/find-errors-jobs/0369.err
    jobid: 495
    reason: Missing output files: 0-correction/find-errors-jobs/0369.red
    wildcards: nnnn=0369
    threads: 4
    resources: mem_mb=1000, mem_mib=954, disk_mb=1000, disk_mib=954, tmpdir=<TBD>, job_id=1, n_cpus=4, mem_gb=32, time_h=4

Submitted job 495 with external jobid '18454020'.

[Wed May  6 19:13:28 2026]
rule computeErrors:
    input: 0-correction/hifi.seqStore, 0-correction/hifi.ovlStore, 0-correction/find-errors-jobs/0425.range, 0-correction/configureFindErrors.finished
    output: 0-correction/find-errors-jobs/0425.red
    log: 0-correction/find-errors-jobs/0425.err
    jobid: 551
    reason: Missing output files: 0-correction/find-errors-jobs/0425.red
    wildcards: nnnn=0425
    threads: 4
    resources: mem_mb=1000, mem_mib=954, disk_mb=1000, disk_mib=954, tmpdir=<TBD>, job_id=1, n_cpus=4, mem_gb=32, time_h=4

Submitted job 551 with external jobid '18454022'.
[Wed May  6 19:13:32 2026]
Finished job 225.
39 of 557 steps (7%) done
[Wed May  6 19:13:32 2026]
Finished job 170.
40 of 557 steps (7%) done
[Wed May  6 19:13:32 2026]
Finished job 226.
41 of 557 steps (7%) done
[Wed May  6 19:13:32 2026]
Finished job 171.
42 of 557 steps (8%) done
[Wed May  6 19:13:32 2026]
Finished job 227.
43 of 557 steps (8%) done
[Wed May  6 19:13:32 2026]
Finished job 228.
44 of 557 steps (8%) done
[Wed May  6 19:13:32 2026]
Finished job 173.
45 of 557 steps (8%) done
[Wed May  6 19:13:32 2026]
Finished job 229.
46 of 557 steps (8%) done
[Wed May  6 19:13:32 2026]
Finished job 230.
47 of 557 steps (8%) done
[Wed May  6 19:13:32 2026]
Finished job 175.
48 of 557 steps (9%) done
[Wed May  6 19:13:32 2026]
Finished job 333.
49 of 557 steps (9%) done
[Wed May  6 19:13:32 2026]
Finished job 221.
50 of 557 steps (9%) done
[Wed May  6 19:13:32 2026]
Finished job 165.
51 of 557 steps (9%) done
[Wed May  6 19:13:32 2026]
Finished job 166.
52 of 557 steps (9%) done
[Wed May  6 19:13:32 2026]
Finished job 222.
53 of 557 steps (10%) done
[Wed May  6 19:13:32 2026]
Finished job 334.
54 of 557 steps (10%) done
[Wed May  6 19:13:32 2026]
Finished job 167.
55 of 557 steps (10%) done
[Wed May  6 19:13:32 2026]
Finished job 223.
56 of 557 steps (10%) done
[Wed May  6 19:13:32 2026]
Finished job 335.
57 of 557 steps (10%) done
[Wed May  6 19:13:32 2026]
Finished job 168.
58 of 557 steps (10%) done
[Wed May  6 19:13:32 2026]
Finished job 224.
59 of 557 steps (11%) done
[Wed May  6 19:13:32 2026]
Finished job 218.
60 of 557 steps (11%) done
[Wed May  6 19:13:32 2026]
Finished job 330.
61 of 557 steps (11%) done
[Wed May  6 19:13:32 2026]
Finished job 163.
62 of 557 steps (11%) done
[Wed May  6 19:13:32 2026]
Finished job 219.
63 of 557 steps (11%) done
[Wed May  6 19:13:32 2026]
Finished job 331.
64 of 557 steps (11%) done
[Wed May  6 19:13:32 2026]
Finished job 160.
65 of 557 steps (12%) done
[Wed May  6 19:13:32 2026]
Finished job 161.
66 of 557 steps (12%) done
[Wed May  6 19:13:32 2026]
Finished job 328.
67 of 557 steps (12%) done
[Wed May  6 19:13:32 2026]
Finished job 216.
68 of 557 steps (12%) done
[Wed May  6 19:13:32 2026]
Finished job 329.
69 of 557 steps (12%) done
[Wed May  6 19:13:32 2026]
Finished job 217.
70 of 557 steps (13%) done
[Wed May  6 19:13:32 2026]
Finished job 162.
71 of 557 steps (13%) done
[Wed May  6 19:13:32 2026]
Finished job 164.
72 of 557 steps (13%) done
[Wed May  6 19:13:32 2026]
Finished job 220.
73 of 557 steps (13%) done
[Wed May  6 19:13:32 2026]
Finished job 332.
74 of 557 steps (13%) done
[Wed May  6 19:13:32 2026]
Finished job 336.
75 of 557 steps (13%) done
[Wed May  6 19:13:32 2026]
Finished job 169.
76 of 557 steps (14%) done
[Wed May  6 19:13:33 2026]
Finished job 231.
77 of 557 steps (14%) done
[Wed May  6 19:13:33 2026]
Finished job 343.
78 of 557 steps (14%) done
[Wed May  6 19:13:33 2026]
Finished job 176.
79 of 557 steps (14%) done
[Wed May  6 19:13:33 2026]
Finished job 186.
80 of 557 steps (14%) done
[Wed May  6 19:13:33 2026]
Finished job 242.
81 of 557 steps (15%) done
[Wed May  6 19:13:33 2026]
Finished job 354.
82 of 557 steps (15%) done
[Wed May  6 19:13:33 2026]
Finished job 137.
83 of 557 steps (15%) done
[Wed May  6 19:13:33 2026]
Finished job 188.
84 of 557 steps (15%) done
[Wed May  6 19:13:33 2026]
Finished job 356.
85 of 557 steps (15%) done
[Wed May  6 19:13:33 2026]
Finished job 189.
86 of 557 steps (15%) done
[Wed May  6 19:13:33 2026]
Finished job 245.
87 of 557 steps (16%) done
[Wed May  6 19:13:33 2026]
Finished job 357.
88 of 557 steps (16%) done
[Wed May  6 19:13:33 2026]
Finished job 136.
89 of 557 steps (16%) done
[Wed May  6 19:13:33 2026]
Finished job 190.
90 of 557 steps (16%) done
[Wed May  6 19:13:33 2026]
Finished job 246.
91 of 557 steps (16%) done
[Wed May  6 19:13:33 2026]
Finished job 358.
92 of 557 steps (17%) done
[Wed May  6 19:13:33 2026]
Finished job 360.
93 of 557 steps (17%) done
[Wed May  6 19:13:33 2026]
Finished job 133.
94 of 557 steps (17%) done
[Wed May  6 19:13:33 2026]
Finished job 193.
95 of 557 steps (17%) done
[Wed May  6 19:13:33 2026]
Finished job 249.
96 of 557 steps (17%) done
[Wed May  6 19:13:33 2026]
Finished job 361.
97 of 557 steps (17%) done
[Wed May  6 19:13:33 2026]
Finished job 134.
98 of 557 steps (18%) done
[Wed May  6 19:13:33 2026]
Finished job 194.
99 of 557 steps (18%) done
[Wed May  6 19:13:33 2026]
Finished job 250.
100 of 557 steps (18%) done
[Wed May  6 19:13:33 2026]
Finished job 362.
101 of 557 steps (18%) done
[Wed May  6 19:13:33 2026]
Finished job 195.
102 of 557 steps (18%) done
[Wed May  6 19:13:33 2026]
Finished job 141.
103 of 557 steps (18%) done
[Wed May  6 19:13:33 2026]
Finished job 197.
104 of 557 steps (19%) done
[Wed May  6 19:13:33 2026]
Finished job 253.
105 of 557 steps (19%) done
[Wed May  6 19:13:33 2026]
Finished job 365.
106 of 557 steps (19%) done
[Wed May  6 19:13:33 2026]
Finished job 142.
107 of 557 steps (19%) done
[Wed May  6 19:13:33 2026]
Finished job 198.
108 of 557 steps (19%) done
[Wed May  6 19:13:33 2026]
Finished job 366.
109 of 557 steps (20%) done
[Wed May  6 19:13:33 2026]
Finished job 199.
110 of 557 steps (20%) done
[Wed May  6 19:13:33 2026]
Finished job 255.
111 of 557 steps (20%) done
[Wed May  6 19:13:33 2026]
Finished job 367.
112 of 557 steps (20%) done
[Wed May  6 19:13:33 2026]
Finished job 232.
113 of 557 steps (20%) done
[Wed May  6 19:13:33 2026]
Finished job 344.
114 of 557 steps (20%) done
[Wed May  6 19:13:33 2026]
Finished job 177.
115 of 557 steps (21%) done
[Wed May  6 19:13:33 2026]
Finished job 233.
116 of 557 steps (21%) done
[Wed May  6 19:13:33 2026]
Finished job 345.
117 of 557 steps (21%) done
[Wed May  6 19:13:33 2026]
Finished job 178.
118 of 557 steps (21%) done
[Wed May  6 19:13:33 2026]
Finished job 234.
119 of 557 steps (21%) done
[Wed May  6 19:13:33 2026]
Finished job 346.
120 of 557 steps (22%) done
[Wed May  6 19:13:33 2026]
Finished job 179.
121 of 557 steps (22%) done
[Wed May  6 19:13:33 2026]
Finished job 235.
122 of 557 steps (22%) done
[Wed May  6 19:13:33 2026]
Finished job 347.
123 of 557 steps (22%) done
[Wed May  6 19:13:33 2026]
Finished job 128.
124 of 557 steps (22%) done
[Wed May  6 19:13:34 2026]
Finished job 180.
125 of 557 steps (22%) done
[Wed May  6 19:13:34 2026]
Finished job 236.
126 of 557 steps (23%) done
[Wed May  6 19:13:34 2026]
Finished job 348.
127 of 557 steps (23%) done
[Wed May  6 19:13:34 2026]
Finished job 237.
128 of 557 steps (23%) done
[Wed May  6 19:13:34 2026]
Finished job 181.
129 of 557 steps (23%) done
[Wed May  6 19:13:34 2026]
Finished job 183.
130 of 557 steps (23%) done
[Wed May  6 19:13:34 2026]
Finished job 239.
131 of 557 steps (24%) done
[Wed May  6 19:13:34 2026]
Finished job 351.
132 of 557 steps (24%) done
[Wed May  6 19:13:34 2026]
Finished job 240.
133 of 557 steps (24%) done
[Wed May  6 19:13:34 2026]
Finished job 127.
134 of 557 steps (24%) done
[Wed May  6 19:13:34 2026]
Finished job 184.
135 of 557 steps (24%) done
[Wed May  6 19:13:34 2026]
Finished job 352.
136 of 557 steps (24%) done
[Wed May  6 19:13:34 2026]
Finished job 129.
137 of 557 steps (25%) done
[Wed May  6 19:13:34 2026]
Finished job 337.
138 of 557 steps (25%) done
[Wed May  6 19:13:34 2026]
Finished job 338.
139 of 557 steps (25%) done
[Wed May  6 19:13:34 2026]
Finished job 339.
140 of 557 steps (25%) done
[Wed May  6 19:13:34 2026]
Finished job 172.
141 of 557 steps (25%) done
[Wed May  6 19:13:34 2026]
Finished job 340.
142 of 557 steps (25%) done
[Wed May  6 19:13:34 2026]
Finished job 341.
143 of 557 steps (26%) done
[Wed May  6 19:13:34 2026]
Finished job 174.
144 of 557 steps (26%) done
[Wed May  6 19:13:34 2026]
Finished job 342.
145 of 557 steps (26%) done
[Wed May  6 19:13:34 2026]
Finished job 185.
146 of 557 steps (26%) done
[Wed May  6 19:13:34 2026]
Finished job 241.
147 of 557 steps (26%) done
[Wed May  6 19:13:34 2026]
Finished job 353.
148 of 557 steps (27%) done
[Wed May  6 19:13:34 2026]
Finished job 130.
149 of 557 steps (27%) done
[Wed May  6 19:13:34 2026]
Finished job 200.
150 of 557 steps (27%) done
[Wed May  6 19:13:34 2026]
Finished job 561.
151 of 557 steps (27%) done
[Wed May  6 19:13:39 2026]
Finished job 368.
152 of 557 steps (27%) done
[Wed May  6 19:13:41 2026]
Finished job 145.
153 of 557 steps (27%) done
[Wed May  6 19:13:43 2026]
Finished job 201.
154 of 557 steps (28%) done
[Wed May  6 19:13:45 2026]
Finished job 257.
155 of 557 steps (28%) done
[Wed May  6 19:13:48 2026]
Finished job 369.
156 of 557 steps (28%) done
[Wed May  6 19:13:50 2026]
Finished job 146.
157 of 557 steps (28%) done
[Wed May  6 19:13:52 2026]
Finished job 202.
158 of 557 steps (28%) done
[Wed May  6 19:13:54 2026]
Finished job 258.
159 of 557 steps (29%) done
[Wed May  6 19:13:56 2026]
Finished job 370.
160 of 557 steps (29%) done
[Wed May  6 19:13:58 2026]
Finished job 147.
161 of 557 steps (29%) done
[Wed May  6 19:14:01 2026]
Finished job 203.
162 of 557 steps (29%) done
[Wed May  6 19:14:03 2026]
Finished job 259.
163 of 557 steps (29%) done
[Wed May  6 19:14:05 2026]
Finished job 371.
164 of 557 steps (29%) done
[Wed May  6 19:14:07 2026]
Finished job 148.
165 of 557 steps (30%) done
[Wed May  6 19:14:09 2026]
Finished job 204.
166 of 557 steps (30%) done
[Wed May  6 19:14:11 2026]
Finished job 260.
167 of 557 steps (30%) done
[Wed May  6 19:14:14 2026]
Finished job 372.
168 of 557 steps (30%) done
[Wed May  6 19:14:16 2026]
Finished job 149.
169 of 557 steps (30%) done
[Wed May  6 19:14:18 2026]
Finished job 205.
170 of 557 steps (31%) done
[Wed May  6 19:14:20 2026]
Finished job 261.
171 of 557 steps (31%) done
[Wed May  6 19:14:22 2026]
Finished job 373.
172 of 557 steps (31%) done
[Wed May  6 19:14:24 2026]
Finished job 150.
173 of 557 steps (31%) done
[Wed May  6 19:14:27 2026]
Finished job 206.
174 of 557 steps (31%) done
[Wed May  6 19:14:29 2026]
Finished job 262.
175 of 557 steps (31%) done
[Wed May  6 19:14:31 2026]
Finished job 374.
176 of 557 steps (32%) done
[Wed May  6 19:14:33 2026]
Finished job 151.
177 of 557 steps (32%) done
[Wed May  6 19:14:35 2026]
Finished job 207.
178 of 557 steps (32%) done
[Wed May  6 19:14:37 2026]
Finished job 263.
179 of 557 steps (32%) done
[Wed May  6 19:14:40 2026]
Finished job 375.
180 of 557 steps (32%) done
[Wed May  6 19:14:42 2026]
Finished job 152.
181 of 557 steps (32%) done
[Wed May  6 19:14:44 2026]
Finished job 208.
182 of 557 steps (33%) done
[Wed May  6 19:14:46 2026]
Finished job 264.
183 of 557 steps (33%) done
[Wed May  6 19:14:48 2026]
Finished job 376.
184 of 557 steps (33%) done
[Wed May  6 19:14:50 2026]
Finished job 153.
185 of 557 steps (33%) done
[Wed May  6 19:14:53 2026]
Finished job 209.
186 of 557 steps (33%) done
[Wed May  6 19:14:55 2026]
Finished job 265.
187 of 557 steps (34%) done
[Wed May  6 19:14:57 2026]
Finished job 377.
188 of 557 steps (34%) done
[Wed May  6 19:14:59 2026]
Finished job 154.
189 of 557 steps (34%) done
[Wed May  6 19:15:01 2026]
Finished job 210.
190 of 557 steps (34%) done
[Wed May  6 19:15:04 2026]
Finished job 266.
191 of 557 steps (34%) done
[Wed May  6 19:15:06 2026]
Finished job 378.
192 of 557 steps (34%) done
[Wed May  6 19:15:08 2026]
Finished job 155.
193 of 557 steps (35%) done
[Wed May  6 19:15:10 2026]
Finished job 211.
194 of 557 steps (35%) done
[Wed May  6 19:15:12 2026]
Finished job 267.
195 of 557 steps (35%) done
[Wed May  6 19:15:14 2026]
Finished job 379.
196 of 557 steps (35%) done
[Wed May  6 19:15:17 2026]
Finished job 156.
197 of 557 steps (35%) done
[Wed May  6 19:15:19 2026]
Finished job 212.
198 of 557 steps (36%) done
[Wed May  6 19:15:21 2026]
Finished job 268.
199 of 557 steps (36%) done
[Wed May  6 19:15:23 2026]
Finished job 380.
200 of 557 steps (36%) done
[Wed May  6 19:15:25 2026]
Finished job 157.
201 of 557 steps (36%) done
[Wed May  6 19:15:27 2026]
Finished job 213.
202 of 557 steps (36%) done
[Wed May  6 19:15:30 2026]
Finished job 269.
203 of 557 steps (36%) done
[Wed May  6 19:15:32 2026]
Finished job 381.
204 of 557 steps (37%) done
[Wed May  6 19:15:34 2026]
Finished job 158.
205 of 557 steps (37%) done
[Wed May  6 19:15:36 2026]
Finished job 214.
206 of 557 steps (37%) done
[Wed May  6 19:15:38 2026]
Finished job 270.
207 of 557 steps (37%) done
[Wed May  6 19:15:40 2026]
Finished job 382.
208 of 557 steps (37%) done
[Wed May  6 19:15:43 2026]
Finished job 159.
209 of 557 steps (38%) done
[Wed May  6 19:15:45 2026]
Finished job 215.
210 of 557 steps (38%) done
[Wed May  6 19:15:47 2026]
Finished job 271.
211 of 557 steps (38%) done
[Wed May  6 19:15:49 2026]
Finished job 383.
212 of 557 steps (38%) done
[Wed May  6 19:15:51 2026]
Finished job 272.
213 of 557 steps (38%) done
[Wed May  6 19:15:53 2026]
Finished job 384.
214 of 557 steps (38%) done
[Wed May  6 19:15:56 2026]
Finished job 440.
215 of 557 steps (39%) done
[Wed May  6 19:15:58 2026]
Finished job 496.
216 of 557 steps (39%) done
[Wed May  6 19:16:00 2026]
Finished job 552.
217 of 557 steps (39%) done
[Wed May  6 19:16:02 2026]
Finished job 273.
218 of 557 steps (39%) done
[Wed May  6 19:16:04 2026]
Finished job 385.
219 of 557 steps (39%) done
[Wed May  6 19:16:06 2026]
Finished job 441.
220 of 557 steps (39%) done
[Wed May  6 19:16:09 2026]
Finished job 497.
221 of 557 steps (40%) done
[Wed May  6 19:16:11 2026]
Finished job 553.
222 of 557 steps (40%) done
[Wed May  6 19:16:13 2026]
Finished job 274.
223 of 557 steps (40%) done
[Wed May  6 19:16:15 2026]
Finished job 386.
224 of 557 steps (40%) done
[Wed May  6 19:16:17 2026]
Finished job 442.
225 of 557 steps (40%) done
[Wed May  6 19:16:19 2026]
Finished job 498.
226 of 557 steps (41%) done
[Wed May  6 19:16:22 2026]
Finished job 554.
227 of 557 steps (41%) done
[Wed May  6 19:16:24 2026]
Finished job 275.
228 of 557 steps (41%) done
[Wed May  6 19:16:26 2026]
Finished job 387.
229 of 557 steps (41%) done
[Wed May  6 19:16:28 2026]
Finished job 443.
230 of 557 steps (41%) done
[Wed May  6 19:16:30 2026]
Finished job 499.
231 of 557 steps (41%) done
[Wed May  6 19:16:33 2026]
Finished job 555.
232 of 557 steps (42%) done
[Wed May  6 19:16:35 2026]
Finished job 276.
233 of 557 steps (42%) done
[Wed May  6 19:16:37 2026]
Finished job 388.
234 of 557 steps (42%) done
[Wed May  6 19:16:39 2026]
Finished job 444.
235 of 557 steps (42%) done
[Wed May  6 19:16:41 2026]
Finished job 500.
236 of 557 steps (42%) done
[Wed May  6 19:16:43 2026]
Finished job 556.
237 of 557 steps (43%) done
[Wed May  6 19:16:46 2026]
Finished job 277.
238 of 557 steps (43%) done
[Wed May  6 19:16:48 2026]
Finished job 389.
239 of 557 steps (43%) done
[Wed May  6 19:16:50 2026]
Finished job 445.
240 of 557 steps (43%) done
[Wed May  6 19:16:52 2026]
Finished job 501.
241 of 557 steps (43%) done
[Wed May  6 19:16:54 2026]
Finished job 557.
242 of 557 steps (43%) done
[Wed May  6 19:16:56 2026]
Finished job 187.
243 of 557 steps (44%) done
[Wed May  6 19:16:59 2026]
Finished job 243.
244 of 557 steps (44%) done
[Wed May  6 19:17:01 2026]
Finished job 355.
245 of 557 steps (44%) done
[Wed May  6 19:17:03 2026]
Finished job 244.
246 of 557 steps (44%) done
[Wed May  6 19:17:05 2026]
Finished job 131.
247 of 557 steps (44%) done
[Wed May  6 19:17:07 2026]
Finished job 132.
248 of 557 steps (45%) done
[Wed May  6 19:17:09 2026]
Finished job 191.
249 of 557 steps (45%) done
[Wed May  6 19:17:12 2026]
Finished job 247.
250 of 557 steps (45%) done
[Wed May  6 19:17:14 2026]
Finished job 359.
251 of 557 steps (45%) done
[Wed May  6 19:17:16 2026]
Finished job 139.
252 of 557 steps (45%) done
[Wed May  6 19:17:18 2026]
Finished job 192.
253 of 557 steps (45%) done
[Wed May  6 19:17:20 2026]
Finished job 248.
254 of 557 steps (46%) done
[Wed May  6 19:17:22 2026]
Finished job 135.
255 of 557 steps (46%) done
[Wed May  6 19:17:25 2026]
Finished job 251.
256 of 557 steps (46%) done
[Wed May  6 19:17:27 2026]
Finished job 363.
257 of 557 steps (46%) done
[Wed May  6 19:17:29 2026]
Finished job 140.
258 of 557 steps (46%) done
[Wed May  6 19:17:31 2026]
Finished job 196.
259 of 557 steps (46%) done
[Wed May  6 19:17:33 2026]
Finished job 252.
260 of 557 steps (47%) done
[Wed May  6 19:17:35 2026]
Finished job 364.
261 of 557 steps (47%) done
[Wed May  6 19:17:38 2026]
Finished job 254.
262 of 557 steps (47%) done
[Wed May  6 19:17:40 2026]
Finished job 143.
263 of 557 steps (47%) done
[Wed May  6 19:17:42 2026]
Finished job 349.
264 of 557 steps (47%) done
[Wed May  6 19:17:44 2026]
Finished job 182.
265 of 557 steps (48%) done
[Wed May  6 19:17:46 2026]
Finished job 238.
266 of 557 steps (48%) done
[Wed May  6 19:17:49 2026]
Finished job 350.
267 of 557 steps (48%) done
[Wed May  6 19:17:51 2026]
Finished job 138.
268 of 557 steps (48%) done
[Wed May  6 19:17:53 2026]
Finished job 144.
269 of 557 steps (48%) done
[Wed May  6 19:17:55 2026]
Finished job 256.
270 of 557 steps (48%) done
[Wed May  6 19:17:57 2026]
Finished job 278.
271 of 557 steps (49%) done
[Wed May  6 19:17:59 2026]
Finished job 390.
272 of 557 steps (49%) done
[Wed May  6 19:18:02 2026]
Finished job 446.
273 of 557 steps (49%) done
[Wed May  6 19:18:04 2026]
Finished job 476.
274 of 557 steps (49%) done
[Wed May  6 19:18:06 2026]
Finished job 532.
275 of 557 steps (49%) done
[Wed May  6 19:18:18 2026]
Finished job 309.
276 of 557 steps (50%) done
[Wed May  6 19:18:20 2026]
Finished job 421.
277 of 557 steps (50%) done
[Wed May  6 19:18:22 2026]
Finished job 477.
278 of 557 steps (50%) done
[Wed May  6 19:18:31 2026]
Finished job 478.
279 of 557 steps (50%) done
[Wed May  6 19:18:33 2026]
Finished job 534.
280 of 557 steps (50%) done
[Wed May  6 19:18:35 2026]
Finished job 311.
281 of 557 steps (50%) done
[Wed May  6 19:18:42 2026]
Finished job 535.
282 of 557 steps (51%) done
[Wed May  6 19:19:20 2026]
Finished job 483.
283 of 557 steps (51%) done
[Wed May  6 19:19:46 2026]
Finished job 486.
284 of 557 steps (51%) done
[Wed May  6 19:19:57 2026]
Finished job 543.
285 of 557 steps (51%) done
[Wed May  6 19:21:09 2026]
Finished job 502.
286 of 557 steps (51%) done
[Wed May  6 19:21:11 2026]
Finished job 558.
287 of 557 steps (52%) done
[Wed May  6 19:21:13 2026]
Finished job 279.
288 of 557 steps (52%) done
[Wed May  6 19:21:15 2026]
Finished job 391.
289 of 557 steps (52%) done
[Wed May  6 19:21:17 2026]
Finished job 447.
290 of 557 steps (52%) done
[Wed May  6 19:21:19 2026]
Finished job 503.
291 of 557 steps (52%) done
[Wed May  6 19:21:22 2026]
Finished job 559.
292 of 557 steps (52%) done
[Wed May  6 19:21:24 2026]
Finished job 280.
293 of 557 steps (53%) done
[Wed May  6 19:21:26 2026]
Finished job 392.
294 of 557 steps (53%) done
[Wed May  6 19:21:28 2026]
Finished job 448.
295 of 557 steps (53%) done
[Wed May  6 19:21:30 2026]
Finished job 504.
296 of 557 steps (53%) done
[Wed May  6 19:21:32 2026]
Finished job 560.
297 of 557 steps (53%) done
[Wed May  6 19:21:35 2026]
Finished job 281.
298 of 557 steps (54%) done
[Wed May  6 19:21:37 2026]
Finished job 393.
299 of 557 steps (54%) done
[Wed May  6 19:21:39 2026]
Finished job 449.
300 of 557 steps (54%) done
[Wed May  6 19:21:41 2026]
Finished job 505.
301 of 557 steps (54%) done
[Wed May  6 19:21:43 2026]
Finished job 282.
302 of 557 steps (54%) done
[Wed May  6 19:21:46 2026]
Finished job 394.
303 of 557 steps (54%) done
[Wed May  6 19:21:48 2026]
Finished job 450.
304 of 557 steps (55%) done
[Wed May  6 19:21:50 2026]
Finished job 506.
305 of 557 steps (55%) done
[Wed May  6 19:21:52 2026]
Finished job 283.
306 of 557 steps (55%) done
[Wed May  6 19:21:54 2026]
Finished job 395.
307 of 557 steps (55%) done
[Wed May  6 19:21:56 2026]
Finished job 451.
308 of 557 steps (55%) done
[Wed May  6 19:21:59 2026]
Finished job 507.
309 of 557 steps (55%) done
[Wed May  6 19:22:01 2026]
Finished job 284.
310 of 557 steps (56%) done
[Wed May  6 19:22:03 2026]
Finished job 396.
311 of 557 steps (56%) done
[Wed May  6 19:22:05 2026]
Finished job 452.
312 of 557 steps (56%) done
[Wed May  6 19:22:07 2026]
Finished job 508.
313 of 557 steps (56%) done
[Wed May  6 19:22:09 2026]
Finished job 285.
314 of 557 steps (56%) done
[Wed May  6 19:22:12 2026]
Finished job 397.
315 of 557 steps (57%) done
[Wed May  6 19:22:14 2026]
Finished job 453.
316 of 557 steps (57%) done
[Wed May  6 19:22:16 2026]
Finished job 509.
317 of 557 steps (57%) done
[Wed May  6 19:22:18 2026]
Finished job 286.
318 of 557 steps (57%) done
[Wed May  6 19:22:20 2026]
Finished job 398.
319 of 557 steps (57%) done
[Wed May  6 19:22:22 2026]
Finished job 454.
320 of 557 steps (57%) done
[Wed May  6 19:22:25 2026]
Finished job 510.
321 of 557 steps (58%) done
[Wed May  6 19:22:27 2026]
Finished job 287.
322 of 557 steps (58%) done
[Wed May  6 19:22:29 2026]
Finished job 399.
323 of 557 steps (58%) done
[Wed May  6 19:22:31 2026]
Finished job 455.
324 of 557 steps (58%) done
[Wed May  6 19:22:33 2026]
Finished job 511.
325 of 557 steps (58%) done
[Wed May  6 19:22:35 2026]
Finished job 288.
326 of 557 steps (59%) done
[Wed May  6 19:22:38 2026]
Finished job 400.
327 of 557 steps (59%) done
[Wed May  6 19:22:40 2026]
Finished job 456.
328 of 557 steps (59%) done
[Wed May  6 19:22:42 2026]
Finished job 512.
329 of 557 steps (59%) done
[Wed May  6 19:22:44 2026]
Finished job 289.
330 of 557 steps (59%) done
[Wed May  6 19:22:46 2026]
Finished job 401.
331 of 557 steps (59%) done
[Wed May  6 19:22:48 2026]
Finished job 457.
332 of 557 steps (60%) done
[Wed May  6 19:22:51 2026]
Finished job 513.
333 of 557 steps (60%) done
[Wed May  6 19:22:53 2026]
Finished job 290.
334 of 557 steps (60%) done
[Wed May  6 19:22:55 2026]
Finished job 402.
335 of 557 steps (60%) done
[Wed May  6 19:22:57 2026]
Finished job 458.
336 of 557 steps (60%) done
[Wed May  6 19:22:59 2026]
Finished job 514.
337 of 557 steps (61%) done
[Wed May  6 19:23:02 2026]
Finished job 291.
338 of 557 steps (61%) done
[Wed May  6 19:23:04 2026]
Finished job 403.
339 of 557 steps (61%) done
[Wed May  6 19:23:06 2026]
Finished job 459.
340 of 557 steps (61%) done
[Wed May  6 19:23:08 2026]
Finished job 515.
341 of 557 steps (61%) done
[Wed May  6 19:23:10 2026]
Finished job 292.
342 of 557 steps (61%) done
[Wed May  6 19:23:12 2026]
Finished job 404.
343 of 557 steps (62%) done
[Wed May  6 19:23:15 2026]
Finished job 460.
344 of 557 steps (62%) done
[Wed May  6 19:23:17 2026]
Finished job 516.
345 of 557 steps (62%) done
[Wed May  6 19:23:49 2026]
Finished job 464.
346 of 557 steps (62%) done
[Wed May  6 19:23:51 2026]
Finished job 520.
347 of 557 steps (62%) done
[Wed May  6 19:23:56 2026]
Finished job 409.
348 of 557 steps (62%) done
[Wed May  6 19:23:58 2026]
Finished job 465.
349 of 557 steps (63%) done
[Wed May  6 19:24:00 2026]
Finished job 521.
350 of 557 steps (63%) done
[Wed May  6 19:24:02 2026]
Finished job 298.
351 of 557 steps (63%) done
[Wed May  6 19:24:04 2026]
Finished job 410.
352 of 557 steps (63%) done
[Wed May  6 19:24:07 2026]
Finished job 466.
353 of 557 steps (63%) done
[Wed May  6 19:24:15 2026]
Finished job 522.
354 of 557 steps (64%) done
[Wed May  6 19:24:17 2026]
Finished job 299.
355 of 557 steps (64%) done
[Wed May  6 19:24:19 2026]
Finished job 411.
356 of 557 steps (64%) done
[Wed May  6 19:24:21 2026]
Finished job 467.
357 of 557 steps (64%) done
[Wed May  6 19:24:23 2026]
Finished job 523.
358 of 557 steps (64%) done
[Wed May  6 19:24:25 2026]
Finished job 300.
359 of 557 steps (64%) done
[Wed May  6 19:24:28 2026]
Finished job 412.
360 of 557 steps (65%) done
[Wed May  6 19:24:30 2026]
Finished job 468.
361 of 557 steps (65%) done
[Wed May  6 19:24:32 2026]
Finished job 524.
362 of 557 steps (65%) done
[Wed May  6 19:24:47 2026]
Finished job 470.
363 of 557 steps (65%) done
[Wed May  6 19:24:56 2026]
Finished job 471.
364 of 557 steps (65%) done
[Wed May  6 19:24:58 2026]
Finished job 527.
365 of 557 steps (66%) done
[Wed May  6 19:25:00 2026]
Finished job 304.
366 of 557 steps (66%) done
[Wed May  6 19:25:02 2026]
Finished job 416.
367 of 557 steps (66%) done
[Wed May  6 19:25:04 2026]
Finished job 472.
368 of 557 steps (66%) done
[Wed May  6 19:25:07 2026]
Finished job 528.
369 of 557 steps (66%) done
[Wed May  6 19:25:09 2026]
Finished job 305.
370 of 557 steps (66%) done
[Wed May  6 19:25:11 2026]
Finished job 417.
371 of 557 steps (67%) done
[Wed May  6 19:25:13 2026]
Finished job 473.
372 of 557 steps (67%) done
[Wed May  6 19:25:17 2026]
Finished job 306.
373 of 557 steps (67%) done
[Wed May  6 19:25:20 2026]
Finished job 418.
374 of 557 steps (67%) done
[Wed May  6 19:25:22 2026]
Finished job 474.
375 of 557 steps (67%) done
[Wed May  6 19:25:24 2026]
Finished job 530.
376 of 557 steps (68%) done
[Wed May  6 19:25:26 2026]
Finished job 307.
377 of 557 steps (68%) done
[Wed May  6 19:25:28 2026]
Finished job 419.
378 of 557 steps (68%) done
[Wed May  6 19:25:30 2026]
Finished job 475.
379 of 557 steps (68%) done
[Wed May  6 19:25:33 2026]
Finished job 531.
380 of 557 steps (68%) done
[Wed May  6 19:25:35 2026]
Finished job 308.
381 of 557 steps (68%) done
[Wed May  6 19:25:37 2026]
Finished job 420.
382 of 557 steps (69%) done
[Wed May  6 19:25:54 2026]
Finished job 422.
383 of 557 steps (69%) done
[Wed May  6 19:25:56 2026]
Finished job 423.
384 of 557 steps (69%) done
[Wed May  6 19:25:58 2026]
Finished job 479.
385 of 557 steps (69%) done
[Wed May  6 19:26:00 2026]
Finished job 312.
386 of 557 steps (69%) done
[Wed May  6 19:26:02 2026]
Finished job 424.
387 of 557 steps (69%) done
[Wed May  6 19:26:04 2026]
Finished job 480.
388 of 557 steps (70%) done
[Wed May  6 19:26:07 2026]
Finished job 536.
389 of 557 steps (70%) done
[Wed May  6 19:26:09 2026]
Finished job 313.
390 of 557 steps (70%) done
[Wed May  6 19:26:11 2026]
Finished job 425.
391 of 557 steps (70%) done
[Wed May  6 19:26:13 2026]
Finished job 481.
392 of 557 steps (70%) done
[Wed May  6 19:26:15 2026]
Finished job 537.
393 of 557 steps (71%) done
[Wed May  6 19:26:17 2026]
Finished job 314.
394 of 557 steps (71%) done
[Wed May  6 19:26:20 2026]
Finished job 426.
395 of 557 steps (71%) done
[Wed May  6 19:26:22 2026]
Finished job 482.
396 of 557 steps (71%) done
[Wed May  6 19:26:24 2026]
Finished job 538.
397 of 557 steps (71%) done
[Wed May  6 19:26:26 2026]
Finished job 315.
398 of 557 steps (71%) done
[Wed May  6 19:26:28 2026]
Finished job 427.
399 of 557 steps (72%) done
[Wed May  6 19:26:46 2026]
Finished job 485.
400 of 557 steps (72%) done
[Wed May  6 19:26:48 2026]
Finished job 541.
401 of 557 steps (72%) done
[Wed May  6 19:26:50 2026]
Finished job 318.
402 of 557 steps (72%) done
[Wed May  6 19:26:52 2026]
Finished job 430.
403 of 557 steps (72%) done
[Wed May  6 19:26:54 2026]
Finished job 542.
404 of 557 steps (73%) done
[Wed May  6 19:26:56 2026]
Finished job 319.
405 of 557 steps (73%) done
[Wed May  6 19:26:59 2026]
Finished job 431.
406 of 557 steps (73%) done
[Wed May  6 19:27:01 2026]
Finished job 487.
407 of 557 steps (73%) done
[Wed May  6 19:27:03 2026]
Finished job 320.
408 of 557 steps (73%) done
[Wed May  6 19:27:05 2026]
Finished job 432.
409 of 557 steps (73%) done
[Wed May  6 19:27:07 2026]
Finished job 488.
410 of 557 steps (74%) done
[Wed May  6 19:27:10 2026]
Finished job 544.
411 of 557 steps (74%) done
[Wed May  6 19:27:12 2026]
Finished job 321.
412 of 557 steps (74%) done
[Wed May  6 19:27:14 2026]
Finished job 433.
413 of 557 steps (74%) done
[Wed May  6 19:27:16 2026]
Finished job 489.
414 of 557 steps (74%) done
[Wed May  6 19:27:18 2026]
Finished job 545.
415 of 557 steps (75%) done
[Wed May  6 19:27:20 2026]
Finished job 322.
416 of 557 steps (75%) done
[Wed May  6 19:27:23 2026]
Finished job 434.
417 of 557 steps (75%) done
[Wed May  6 19:27:25 2026]
Finished job 490.
418 of 557 steps (75%) done
[Wed May  6 19:27:27 2026]
Finished job 546.
419 of 557 steps (75%) done
[Wed May  6 19:27:29 2026]
Finished job 323.
420 of 557 steps (75%) done
[Wed May  6 19:27:31 2026]
Finished job 435.
421 of 557 steps (76%) done
[Wed May  6 19:27:33 2026]
Finished job 491.
422 of 557 steps (76%) done
[Wed May  6 19:27:36 2026]
Finished job 547.
423 of 557 steps (76%) done
[Wed May  6 19:27:38 2026]
Finished job 324.
424 of 557 steps (76%) done
[Wed May  6 19:27:40 2026]
Finished job 436.
425 of 557 steps (76%) done
[Wed May  6 19:27:42 2026]
Finished job 492.
426 of 557 steps (76%) done
[Wed May  6 19:27:44 2026]
Finished job 548.
427 of 557 steps (77%) done
[Wed May  6 19:27:46 2026]
Finished job 325.
428 of 557 steps (77%) done
[Wed May  6 19:28:00 2026]
Finished job 494.
429 of 557 steps (77%) done
[Wed May  6 19:28:02 2026]
Finished job 550.
430 of 557 steps (77%) done
[Wed May  6 19:28:04 2026]
Finished job 327.
431 of 557 steps (77%) done
[Wed May  6 19:28:06 2026]
Finished job 439.
432 of 557 steps (78%) done
[Wed May  6 19:28:08 2026]
Finished job 495.
433 of 557 steps (78%) done
[Wed May  6 19:28:10 2026]
Finished job 551.
434 of 557 steps (78%) done
[Wed May  6 19:28:13 2026]
Finished job 293.
435 of 557 steps (78%) done
[Wed May  6 19:28:15 2026]
Finished job 405.
436 of 557 steps (78%) done
[Wed May  6 19:28:17 2026]
Finished job 461.
437 of 557 steps (78%) done
[Wed May  6 19:28:19 2026]
Finished job 517.
438 of 557 steps (79%) done
[Wed May  6 19:28:21 2026]
Finished job 294.
439 of 557 steps (79%) done
[Wed May  6 19:28:23 2026]
Finished job 406.
440 of 557 steps (79%) done
[Wed May  6 19:28:26 2026]
Finished job 462.
441 of 557 steps (79%) done
[Wed May  6 19:28:28 2026]
Finished job 518.
442 of 557 steps (79%) done
[Wed May  6 19:28:30 2026]
Finished job 295.
443 of 557 steps (80%) done
[Wed May  6 19:28:32 2026]
Finished job 407.
444 of 557 steps (80%) done
[Wed May  6 19:28:34 2026]
Finished job 463.
445 of 557 steps (80%) done
[Wed May  6 19:28:36 2026]
Finished job 519.
446 of 557 steps (80%) done
[Wed May  6 19:28:41 2026]
Finished job 408.
447 of 557 steps (80%) done
[Wed May  6 19:28:45 2026]
Finished job 301.
448 of 557 steps (80%) done
[Wed May  6 19:28:47 2026]
Finished job 413.
449 of 557 steps (81%) done
[Wed May  6 19:28:49 2026]
Finished job 469.
450 of 557 steps (81%) done
[Wed May  6 19:28:52 2026]
Finished job 525.
451 of 557 steps (81%) done
[Wed May  6 19:28:54 2026]
Finished job 302.
452 of 557 steps (81%) done
[Wed May  6 19:28:56 2026]
Finished job 414.
453 of 557 steps (81%) done
[Wed May  6 19:28:58 2026]
Finished job 526.
454 of 557 steps (82%) done
[Wed May  6 19:29:00 2026]
Finished job 303.
455 of 557 steps (82%) done
[Wed May  6 19:29:03 2026]
Finished job 415.
456 of 557 steps (82%) done
[Wed May  6 19:29:05 2026]
Finished job 529.
457 of 557 steps (82%) done
[Wed May  6 19:29:17 2026]
Finished job 533.
458 of 557 steps (82%) done
[Wed May  6 19:29:25 2026]
Finished job 539.
459 of 557 steps (82%) done
[Wed May  6 19:29:31 2026]
Finished job 484.
460 of 557 steps (83%) done
[Wed May  6 19:29:33 2026]
Finished job 540.
461 of 557 steps (83%) done
[Wed May  6 19:29:51 2026]
Finished job 296.
462 of 557 steps (83%) done
[Wed May  6 19:29:53 2026]
Finished job 297.
463 of 557 steps (83%) done
[Wed May  6 19:30:05 2026]
Finished job 310.
464 of 557 steps (83%) done
[Wed May  6 19:30:18 2026]
Finished job 493.
465 of 557 steps (83%) done
[Wed May  6 19:30:20 2026]
Finished job 549.
466 of 557 steps (84%) done
[Wed May  6 19:30:39 2026]
Finished job 428.
467 of 557 steps (84%) done
[Wed May  6 19:30:43 2026]
Finished job 429.
468 of 557 steps (84%) done
[Wed May  6 19:31:02 2026]
Finished job 316.
469 of 557 steps (84%) done
[Wed May  6 19:31:04 2026]
Finished job 317.
470 of 557 steps (84%) done
[Wed May  6 19:32:50 2026]
Finished job 438.
471 of 557 steps (85%) done
[Wed May  6 19:33:02 2026]
Finished job 437.
472 of 557 steps (85%) done
[Wed May  6 19:33:29 2026]
Finished job 326.
473 of 557 steps (85%) done
Select jobs to execute...

[Wed May  6 19:33:29 2026]
rule fixErrors:
    input: 0-correction/hifi.seqStore, 0-correction/hifi.ovlStore, 0-correction/find-errors-jobs/0001.red, 0-correction/find-errors-jobs/0002.red, 0-correction/find-errors-jobs/0003.red, 0-correction/find-errors-jobs/0004.red, 0-correction/find-errors-jobs/0005.red, 0-correction/find-errors-jobs/0006.red, 0-correction/find-errors-jobs/0007.red, 0-correction/find-errors-jobs/0008.red, 0-correction/find-errors-jobs/0009.red, 0-correction/find-errors-jobs/0010.red, 0-correction/find-errors-jobs/0011.red, 0-correction/find-errors-jobs/0012.red, 0-correction/find-errors-jobs/0013.red, 0-correction/find-errors-jobs/0014.red, 0-correction/find-errors-jobs/0015.red, 0-correction/find-errors-jobs/0016.red, 0-correction/find-errors-jobs/0017.red, 0-correction/find-errors-jobs/0018.red, 0-correction/find-errors-jobs/0019.red, 0-correction/find-errors-jobs/0020.red, 0-correction/find-errors-jobs/0021.red, 0-correction/find-errors-jobs/0022.red, 0-correction/find-errors-jobs/0023.red, 0-correction/find-errors-jobs/0024.red, 0-correction/find-errors-jobs/0025.red, 0-correction/find-errors-jobs/0026.red, 0-correction/find-errors-jobs/0027.red, 0-correction/find-errors-jobs/0028.red, 0-correction/find-errors-jobs/0029.red, 0-correction/find-errors-jobs/0030.red, 0-correction/find-errors-jobs/0031.red, 0-correction/find-errors-jobs/0032.red, 0-correction/find-errors-jobs/0033.red, 0-correction/find-errors-jobs/0034.red, 0-correction/find-errors-jobs/0035.red, 0-correction/find-errors-jobs/0036.red, 0-correction/find-errors-jobs/0037.red, 0-correction/find-errors-jobs/0038.red, 0-correction/find-errors-jobs/0039.red, 0-correction/find-errors-jobs/0040.red, 0-correction/find-errors-jobs/0041.red, 0-correction/find-errors-jobs/0042.red, 0-correction/find-errors-jobs/0043.red, 0-correction/find-errors-jobs/0044.red, 0-correction/find-errors-jobs/0045.red, 0-correction/find-errors-jobs/0046.red, 0-correction/find-errors-jobs/0047.red, 0-correction/find-errors-jobs/0048.red, 0-correction/find-errors-jobs/0049.red, 0-correction/find-errors-jobs/0050.red, 0-correction/find-errors-jobs/0051.red, 0-correction/find-errors-jobs/0052.red, 0-correction/find-errors-jobs/0053.red, 0-correction/find-errors-jobs/0054.red, 0-correction/find-errors-jobs/0055.red, 0-correction/find-errors-jobs/0056.red, 0-correction/find-errors-jobs/0057.red, 0-correction/find-errors-jobs/0058.red, 0-correction/find-errors-jobs/0059.red, 0-correction/find-errors-jobs/0060.red, 0-correction/find-errors-jobs/0061.red, 0-correction/find-errors-jobs/0062.red, 0-correction/find-errors-jobs/0063.red, 0-correction/find-errors-jobs/0064.red, 0-correction/find-errors-jobs/0065.red, 0-correction/find-errors-jobs/0066.red, 0-correction/find-errors-jobs/0067.red, 0-correction/find-errors-jobs/0068.red, 0-correction/find-errors-jobs/0069.red, 0-correction/find-errors-jobs/0070.red, 0-correction/find-errors-jobs/0071.red, 0-correction/find-errors-jobs/0072.red, 0-correction/find-errors-jobs/0073.red, 0-correction/find-errors-jobs/0074.red, 0-correction/find-errors-jobs/0075.red, 0-correction/find-errors-jobs/0076.red, 0-correction/find-errors-jobs/0077.red, 0-correction/find-errors-jobs/0078.red, 0-correction/find-errors-jobs/0079.red, 0-correction/find-errors-jobs/0080.red, 0-correction/find-errors-jobs/0081.red, 0-correction/find-errors-jobs/0082.red, 0-correction/find-errors-jobs/0083.red, 0-correction/find-errors-jobs/0084.red, 0-correction/find-errors-jobs/0085.red, 0-correction/find-errors-jobs/0086.red, 0-correction/find-errors-jobs/0087.red, 0-correction/find-errors-jobs/0088.red, 0-correction/find-errors-jobs/0089.red, 0-correction/find-errors-jobs/0090.red, 0-correction/find-errors-jobs/0091.red, 0-correction/find-errors-jobs/0092.red, 0-correction/find-errors-jobs/0093.red, 0-correction/find-errors-jobs/0094.red, 0-correction/find-errors-jobs/0095.red, 0-correction/find-errors-jobs/0096.red, 0-correction/find-errors-jobs/0097.red, 0-correction/find-errors-jobs/0098.red, 0-correction/find-errors-jobs/0099.red, 0-correction/find-errors-jobs/0100.red, 0-correction/find-errors-jobs/0101.red, 0-correction/find-errors-jobs/0102.red, 0-correction/find-errors-jobs/0103.red, 0-correction/find-errors-jobs/0104.red, 0-correction/find-errors-jobs/0105.red, 0-correction/find-errors-jobs/0106.red, 0-correction/find-errors-jobs/0107.red, 0-correction/find-errors-jobs/0108.red, 0-correction/find-errors-jobs/0109.red, 0-correction/find-errors-jobs/0110.red, 0-correction/find-errors-jobs/0111.red, 0-correction/find-errors-jobs/0112.red, 0-correction/find-errors-jobs/0113.red, 0-correction/find-errors-jobs/0114.red, 0-correction/find-errors-jobs/0115.red, 0-correction/find-errors-jobs/0116.red, 0-correction/find-errors-jobs/0117.red, 0-correction/find-errors-jobs/0118.red, 0-correction/find-errors-jobs/0119.red, 0-correction/find-errors-jobs/0120.red, 0-correction/find-errors-jobs/0121.red, 0-correction/find-errors-jobs/0122.red, 0-correction/find-errors-jobs/0123.red, 0-correction/find-errors-jobs/0124.red, 0-correction/find-errors-jobs/0125.red, 0-correction/find-errors-jobs/0126.red, 0-correction/find-errors-jobs/0127.red, 0-correction/find-errors-jobs/0128.red, 0-correction/find-errors-jobs/0129.red, 0-correction/find-errors-jobs/0130.red, 0-correction/find-errors-jobs/0131.red, 0-correction/find-errors-jobs/0132.red, 0-correction/find-errors-jobs/0133.red, 0-correction/find-errors-jobs/0134.red, 0-correction/find-errors-jobs/0135.red, 0-correction/find-errors-jobs/0136.red, 0-correction/find-errors-jobs/0137.red, 0-correction/find-errors-jobs/0138.red, 0-correction/find-errors-jobs/0139.red, 0-correction/find-errors-jobs/0140.red, 0-correction/find-errors-jobs/0141.red, 0-correction/find-errors-jobs/0142.red, 0-correction/find-errors-jobs/0143.red, 0-correction/find-errors-jobs/0144.red, 0-correction/find-errors-jobs/0145.red, 0-correction/find-errors-jobs/0146.red, 0-correction/find-errors-jobs/0147.red, 0-correction/find-errors-jobs/0148.red, 0-correction/find-errors-jobs/0149.red, 0-correction/find-errors-jobs/0150.red, 0-correction/find-errors-jobs/0151.red, 0-correction/find-errors-jobs/0152.red, 0-correction/find-errors-jobs/0153.red, 0-correction/find-errors-jobs/0154.red, 0-correction/find-errors-jobs/0155.red, 0-correction/find-errors-jobs/0156.red, 0-correction/find-errors-jobs/0157.red, 0-correction/find-errors-jobs/0158.red, 0-correction/find-errors-jobs/0159.red, 0-correction/find-errors-jobs/0160.red, 0-correction/find-errors-jobs/0161.red, 0-correction/find-errors-jobs/0162.red, 0-correction/find-errors-jobs/0163.red, 0-correction/find-errors-jobs/0164.red, 0-correction/find-errors-jobs/0165.red, 0-correction/find-errors-jobs/0166.red, 0-correction/find-errors-jobs/0167.red, 0-correction/find-errors-jobs/0168.red, 0-correction/find-errors-jobs/0169.red, 0-correction/find-errors-jobs/0170.red, 0-correction/find-errors-jobs/0171.red, 0-correction/find-errors-jobs/0172.red, 0-correction/find-errors-jobs/0173.red, 0-correction/find-errors-jobs/0174.red, 0-correction/find-errors-jobs/0175.red, 0-correction/find-errors-jobs/0176.red, 0-correction/find-errors-jobs/0177.red, 0-correction/find-errors-jobs/0178.red, 0-correction/find-errors-jobs/0179.red, 0-correction/find-errors-jobs/0180.red, 0-correction/find-errors-jobs/0181.red, 0-correction/find-errors-jobs/0182.red, 0-correction/find-errors-jobs/0183.red, 0-correction/find-errors-jobs/0184.red, 0-correction/find-errors-jobs/0185.red, 0-correction/find-errors-jobs/0186.red, 0-correction/find-errors-jobs/0187.red, 0-correction/find-errors-jobs/0188.red, 0-correction/find-errors-jobs/0189.red, 0-correction/find-errors-jobs/0190.red, 0-correction/find-errors-jobs/0191.red, 0-correction/find-errors-jobs/0192.red, 0-correction/find-errors-jobs/0193.red, 0-correction/find-errors-jobs/0194.red, 0-correction/find-errors-jobs/0195.red, 0-correction/find-errors-jobs/0196.red, 0-correction/find-errors-jobs/0197.red, 0-correction/find-errors-jobs/0198.red, 0-correction/find-errors-jobs/0199.red, 0-correction/find-errors-jobs/0200.red, 0-correction/find-errors-jobs/0201.red, 0-correction/find-errors-jobs/0202.red, 0-correction/find-errors-jobs/0203.red, 0-correction/find-errors-jobs/0204.red, 0-correction/find-errors-jobs/0205.red, 0-correction/find-errors-jobs/0206.red, 0-correction/find-errors-jobs/0207.red, 0-correction/find-errors-jobs/0208.red, 0-correction/find-errors-jobs/0209.red, 0-correction/find-errors-jobs/0210.red, 0-correction/find-errors-jobs/0211.red, 0-correction/find-errors-jobs/0212.red, 0-correction/find-errors-jobs/0213.red, 0-correction/find-errors-jobs/0214.red, 0-correction/find-errors-jobs/0215.red, 0-correction/find-errors-jobs/0216.red, 0-correction/find-errors-jobs/0217.red, 0-correction/find-errors-jobs/0218.red, 0-correction/find-errors-jobs/0219.red, 0-correction/find-errors-jobs/0220.red, 0-correction/find-errors-jobs/0221.red, 0-correction/find-errors-jobs/0222.red, 0-correction/find-errors-jobs/0223.red, 0-correction/find-errors-jobs/0224.red, 0-correction/find-errors-jobs/0225.red, 0-correction/find-errors-jobs/0226.red, 0-correction/find-errors-jobs/0227.red, 0-correction/find-errors-jobs/0228.red, 0-correction/find-errors-jobs/0229.red, 0-correction/find-errors-jobs/0230.red, 0-correction/find-errors-jobs/0231.red, 0-correction/find-errors-jobs/0232.red, 0-correction/find-errors-jobs/0233.red, 0-correction/find-errors-jobs/0234.red, 0-correction/find-errors-jobs/0235.red, 0-correction/find-errors-jobs/0236.red, 0-correction/find-errors-jobs/0237.red, 0-correction/find-errors-jobs/0238.red, 0-correction/find-errors-jobs/0239.red, 0-correction/find-errors-jobs/0240.red, 0-correction/find-errors-jobs/0241.red, 0-correction/find-errors-jobs/0242.red, 0-correction/find-errors-jobs/0243.red, 0-correction/find-errors-jobs/0244.red, 0-correction/find-errors-jobs/0245.red, 0-correction/find-errors-jobs/0246.red, 0-correction/find-errors-jobs/0247.red, 0-correction/find-errors-jobs/0248.red, 0-correction/find-errors-jobs/0249.red, 0-correction/find-errors-jobs/0250.red, 0-correction/find-errors-jobs/0251.red, 0-correction/find-errors-jobs/0252.red, 0-correction/find-errors-jobs/0253.red, 0-correction/find-errors-jobs/0254.red, 0-correction/find-errors-jobs/0255.red, 0-correction/find-errors-jobs/0256.red, 0-correction/find-errors-jobs/0257.red, 0-correction/find-errors-jobs/0258.red, 0-correction/find-errors-jobs/0259.red, 0-correction/find-errors-jobs/0260.red, 0-correction/find-errors-jobs/0261.red, 0-correction/find-errors-jobs/0262.red, 0-correction/find-errors-jobs/0263.red, 0-correction/find-errors-jobs/0264.red, 0-correction/find-errors-jobs/0265.red, 0-correction/find-errors-jobs/0266.red, 0-correction/find-errors-jobs/0267.red, 0-correction/find-errors-jobs/0268.red, 0-correction/find-errors-jobs/0269.red, 0-correction/find-errors-jobs/0270.red, 0-correction/find-errors-jobs/0271.red, 0-correction/find-errors-jobs/0272.red, 0-correction/find-errors-jobs/0273.red, 0-correction/find-errors-jobs/0274.red, 0-correction/find-errors-jobs/0275.red, 0-correction/find-errors-jobs/0276.red, 0-correction/find-errors-jobs/0277.red, 0-correction/find-errors-jobs/0278.red, 0-correction/find-errors-jobs/0279.red, 0-correction/find-errors-jobs/0280.red, 0-correction/find-errors-jobs/0281.red, 0-correction/find-errors-jobs/0282.red, 0-correction/find-errors-jobs/0283.red, 0-correction/find-errors-jobs/0284.red, 0-correction/find-errors-jobs/0285.red, 0-correction/find-errors-jobs/0286.red, 0-correction/find-errors-jobs/0287.red, 0-correction/find-errors-jobs/0288.red, 0-correction/find-errors-jobs/0289.red, 0-correction/find-errors-jobs/0290.red, 0-correction/find-errors-jobs/0291.red, 0-correction/find-errors-jobs/0292.red, 0-correction/find-errors-jobs/0293.red, 0-correction/find-errors-jobs/0294.red, 0-correction/find-errors-jobs/0295.red, 0-correction/find-errors-jobs/0296.red, 0-correction/find-errors-jobs/0297.red, 0-correction/find-errors-jobs/0298.red, 0-correction/find-errors-jobs/0299.red, 0-correction/find-errors-jobs/0300.red, 0-correction/find-errors-jobs/0301.red, 0-correction/find-errors-jobs/0302.red, 0-correction/find-errors-jobs/0303.red, 0-correction/find-errors-jobs/0304.red, 0-correction/find-errors-jobs/0305.red, 0-correction/find-errors-jobs/0306.red, 0-correction/find-errors-jobs/0307.red, 0-correction/find-errors-jobs/0308.red, 0-correction/find-errors-jobs/0309.red, 0-correction/find-errors-jobs/0310.red, 0-correction/find-errors-jobs/0311.red, 0-correction/find-errors-jobs/0312.red, 0-correction/find-errors-jobs/0313.red, 0-correction/find-errors-jobs/0314.red, 0-correction/find-errors-jobs/0315.red, 0-correction/find-errors-jobs/0316.red, 0-correction/find-errors-jobs/0317.red, 0-correction/find-errors-jobs/0318.red, 0-correction/find-errors-jobs/0319.red, 0-correction/find-errors-jobs/0320.red, 0-correction/find-errors-jobs/0321.red, 0-correction/find-errors-jobs/0322.red, 0-correction/find-errors-jobs/0323.red, 0-correction/find-errors-jobs/0324.red, 0-correction/find-errors-jobs/0325.red, 0-correction/find-errors-jobs/0326.red, 0-correction/find-errors-jobs/0327.red, 0-correction/find-errors-jobs/0328.red, 0-correction/find-errors-jobs/0329.red, 0-correction/find-errors-jobs/0330.red, 0-correction/find-errors-jobs/0331.red, 0-correction/find-errors-jobs/0332.red, 0-correction/find-errors-jobs/0333.red, 0-correction/find-errors-jobs/0334.red, 0-correction/find-errors-jobs/0335.red, 0-correction/find-errors-jobs/0336.red, 0-correction/find-errors-jobs/0337.red, 0-correction/find-errors-jobs/0338.red, 0-correction/find-errors-jobs/0339.red, 0-correction/find-errors-jobs/0340.red, 0-correction/find-errors-jobs/0341.red, 0-correction/find-errors-jobs/0342.red, 0-correction/find-errors-jobs/0343.red, 0-correction/find-errors-jobs/0344.red, 0-correction/find-errors-jobs/0345.red, 0-correction/find-errors-jobs/0346.red, 0-correction/find-errors-jobs/0347.red, 0-correction/find-errors-jobs/0348.red, 0-correction/find-errors-jobs/0349.red, 0-correction/find-errors-jobs/0350.red, 0-correction/find-errors-jobs/0351.red, 0-correction/find-errors-jobs/0352.red, 0-correction/find-errors-jobs/0353.red, 0-correction/find-errors-jobs/0354.red, 0-correction/find-errors-jobs/0355.red, 0-correction/find-errors-jobs/0356.red, 0-correction/find-errors-jobs/0357.red, 0-correction/find-errors-jobs/0358.red, 0-correction/find-errors-jobs/0359.red, 0-correction/find-errors-jobs/0360.red, 0-correction/find-errors-jobs/0361.red, 0-correction/find-errors-jobs/0362.red, 0-correction/find-errors-jobs/0363.red, 0-correction/find-errors-jobs/0364.red, 0-correction/find-errors-jobs/0365.red, 0-correction/find-errors-jobs/0366.red, 0-correction/find-errors-jobs/0367.red, 0-correction/find-errors-jobs/0368.red, 0-correction/find-errors-jobs/0369.red, 0-correction/find-errors-jobs/0370.red, 0-correction/find-errors-jobs/0371.red, 0-correction/find-errors-jobs/0372.red, 0-correction/find-errors-jobs/0373.red, 0-correction/find-errors-jobs/0374.red, 0-correction/find-errors-jobs/0375.red, 0-correction/find-errors-jobs/0376.red, 0-correction/find-errors-jobs/0377.red, 0-correction/find-errors-jobs/0378.red, 0-correction/find-errors-jobs/0379.red, 0-correction/find-errors-jobs/0380.red, 0-correction/find-errors-jobs/0381.red, 0-correction/find-errors-jobs/0382.red, 0-correction/find-errors-jobs/0383.red, 0-correction/find-errors-jobs/0384.red, 0-correction/find-errors-jobs/0385.red, 0-correction/find-errors-jobs/0386.red, 0-correction/find-errors-jobs/0387.red, 0-correction/find-errors-jobs/0388.red, 0-correction/find-errors-jobs/0389.red, 0-correction/find-errors-jobs/0390.red, 0-correction/find-errors-jobs/0391.red, 0-correction/find-errors-jobs/0392.red, 0-correction/find-errors-jobs/0393.red, 0-correction/find-errors-jobs/0394.red, 0-correction/find-errors-jobs/0395.red, 0-correction/find-errors-jobs/0396.red, 0-correction/find-errors-jobs/0397.red, 0-correction/find-errors-jobs/0398.red, 0-correction/find-errors-jobs/0399.red, 0-correction/find-errors-jobs/0400.red, 0-correction/find-errors-jobs/0401.red, 0-correction/find-errors-jobs/0402.red, 0-correction/find-errors-jobs/0403.red, 0-correction/find-errors-jobs/0404.red, 0-correction/find-errors-jobs/0405.red, 0-correction/find-errors-jobs/0406.red, 0-correction/find-errors-jobs/0407.red, 0-correction/find-errors-jobs/0408.red, 0-correction/find-errors-jobs/0409.red, 0-correction/find-errors-jobs/0410.red, 0-correction/find-errors-jobs/0411.red, 0-correction/find-errors-jobs/0412.red, 0-correction/find-errors-jobs/0413.red, 0-correction/find-errors-jobs/0414.red, 0-correction/find-errors-jobs/0415.red, 0-correction/find-errors-jobs/0416.red, 0-correction/find-errors-jobs/0417.red, 0-correction/find-errors-jobs/0418.red, 0-correction/find-errors-jobs/0419.red, 0-correction/find-errors-jobs/0420.red, 0-correction/find-errors-jobs/0421.red, 0-correction/find-errors-jobs/0422.red, 0-correction/find-errors-jobs/0423.red, 0-correction/find-errors-jobs/0424.red, 0-correction/find-errors-jobs/0425.red, 0-correction/find-errors-jobs/0426.red, 0-correction/find-errors-jobs/0427.red, 0-correction/find-errors-jobs/0428.red, 0-correction/find-errors-jobs/0429.red, 0-correction/find-errors-jobs/0430.red, 0-correction/find-errors-jobs/0431.red, 0-correction/find-errors-jobs/0432.red, 0-correction/find-errors-jobs/0433.red, 0-correction/find-errors-jobs/0434.red, 0-correction/find-errors-jobs/0435.red, 0-correction/configureFindErrors.finished
    output: 0-correction/red.red, 0-correction/hifi-corrected.fasta.gz
    log: 0-correction/fixErrors.err
    jobid: 6
    reason: Missing output files: 0-correction/hifi-corrected.fasta.gz; Input files updated by another job: 0-correction/find-errors-jobs/0125.red, 0-correction/find-errors-jobs/0322.red, 0-correction/find-errors-jobs/0236.red, 0-correction/find-errors-jobs/0073.red, 0-correction/find-errors-jobs/0329.red, 0-correction/find-errors-jobs/0061.red, 0-correction/find-errors-jobs/0307.red, 0-correction/find-errors-jobs/0300.red, 0-correction/find-errors-jobs/0033.red, 0-correction/find-errors-jobs/0330.red, 0-correction/find-errors-jobs/0200.red, 0-correction/find-errors-jobs/0198.red, 0-correction/find-errors-jobs/0288.red, 0-correction/find-errors-jobs/0114.red, 0-correction/find-errors-jobs/0066.red, 0-correction/find-errors-jobs/0367.red, 0-correction/find-errors-jobs/0162.red, 0-correction/find-errors-jobs/0248.red, 0-correction/find-errors-jobs/0306.red, 0-correction/find-errors-jobs/0397.red, 0-correction/find-errors-jobs/0419.red, 0-correction/find-errors-jobs/0426.red, 0-correction/find-errors-jobs/0094.red, 0-correction/find-errors-jobs/0041.red, 0-correction/find-errors-jobs/0034.red, 0-correction/find-errors-jobs/0172.red, 0-correction/find-errors-jobs/0417.red, 0-correction/find-errors-jobs/0158.red, 0-correction/find-errors-jobs/0308.red, 0-correction/find-errors-jobs/0199.red, 0-correction/find-errors-jobs/0005.red, 0-correction/find-errors-jobs/0432.red, 0-correction/find-errors-jobs/0263.red, 0-correction/find-errors-jobs/0076.red, 0-correction/find-errors-jobs/0425.red, 0-correction/find-errors-jobs/0058.red, 0-correction/find-errors-jobs/0361.red, 0-correction/find-errors-jobs/0359.red, 0-correction/find-errors-jobs/0079.red, 0-correction/find-errors-jobs/0047.red, 0-correction/find-errors-jobs/0232.red, 0-correction/find-errors-jobs/0039.red, 0-correction/find-errors-jobs/0051.red, 0-correction/find-errors-jobs/0064.red, 0-correction/find-errors-jobs/0276.red, 0-correction/find-errors-jobs/0165.red, 0-correction/find-errors-jobs/0081.red, 0-correction/find-errors-jobs/0044.red, 0-correction/find-errors-jobs/0024.red, 0-correction/find-errors-jobs/0135.red, 0-correction/find-errors-jobs/0287.red, 0-correction/find-errors-jobs/0393.red, 0-correction/find-errors-jobs/0421.red, 0-correction/find-errors-jobs/0110.red, 0-correction/find-errors-jobs/0225.red, 0-correction/find-errors-jobs/0095.red, 0-correction/find-errors-jobs/0164.red, 0-correction/find-errors-jobs/0368.red, 0-correction/find-errors-jobs/0434.red, 0-correction/find-errors-jobs/0259.red, 0-correction/find-errors-jobs/0265.red, 0-correction/find-errors-jobs/0293.red, 0-correction/find-errors-jobs/0092.red, 0-correction/find-errors-jobs/0353.red, 0-correction/find-errors-jobs/0216.red, 0-correction/find-errors-jobs/0380.red, 0-correction/find-errors-jobs/0390.red, 0-correction/find-errors-jobs/0030.red, 0-correction/find-errors-jobs/0059.red, 0-correction/find-errors-jobs/0070.red, 0-correction/find-errors-jobs/0205.red, 0-correction/find-errors-jobs/0331.red, 0-correction/find-errors-jobs/0177.red, 0-correction/find-errors-jobs/0080.red, 0-correction/find-errors-jobs/0346.red, 0-correction/find-errors-jobs/0402.red, 0-correction/find-errors-jobs/0174.red, 0-correction/find-errors-jobs/0406.red, 0-correction/find-errors-jobs/0122.red, 0-correction/find-errors-jobs/0176.red, 0-correction/find-errors-jobs/0143.red, 0-correction/find-errors-jobs/0099.red, 0-correction/find-errors-jobs/0424.red, 0-correction/find-errors-jobs/0084.red, 0-correction/find-errors-jobs/0224.red, 0-correction/find-errors-jobs/0001.red, 0-correction/find-errors-jobs/0356.red, 0-correction/find-errors-jobs/0376.red, 0-correction/find-errors-jobs/0028.red, 0-correction/find-errors-jobs/0115.red, 0-correction/find-errors-jobs/0352.red, 0-correction/find-errors-jobs/0241.red, 0-correction/find-errors-jobs/0231.red, 0-correction/find-errors-jobs/0370.red, 0-correction/find-errors-jobs/0394.red, 0-correction/find-errors-jobs/0325.red, 0-correction/find-errors-jobs/0408.red, 0-correction/find-errors-jobs/0006.red, 0-correction/find-errors-jobs/0271.red, 0-correction/find-errors-jobs/0360.red, 0-correction/find-errors-jobs/0349.red, 0-correction/find-errors-jobs/0266.red, 0-correction/find-errors-jobs/0150.red, 0-correction/find-errors-jobs/0065.red, 0-correction/find-errors-jobs/0133.red, 0-correction/find-errors-jobs/0031.red, 0-correction/find-errors-jobs/0096.red, 0-correction/find-errors-jobs/0302.red, 0-correction/find-errors-jobs/0365.red, 0-correction/find-errors-jobs/0187.red, 0-correction/find-errors-jobs/0191.red, 0-correction/find-errors-jobs/0037.red, 0-correction/find-errors-jobs/0062.red, 0-correction/find-errors-jobs/0016.red, 0-correction/find-errors-jobs/0375.red, 0-correction/find-errors-jobs/0324.red, 0-correction/find-errors-jobs/0283.red, 0-correction/find-errors-jobs/0169.red, 0-correction/find-errors-jobs/0317.red, 0-correction/find-errors-jobs/0338.red, 0-correction/find-errors-jobs/0178.red, 0-correction/find-errors-jobs/0130.red, 0-correction/find-errors-jobs/0136.red, 0-correction/find-errors-jobs/0209.red, 0-correction/find-errors-jobs/0262.red, 0-correction/find-errors-jobs/0332.red, 0-correction/find-errors-jobs/0384.red, 0-correction/find-errors-jobs/0229.red, 0-correction/find-errors-jobs/0021.red, 0-correction/find-errors-jobs/0023.red, 0-correction/find-errors-jobs/0398.red, 0-correction/find-errors-jobs/0411.red, 0-correction/find-errors-jobs/0119.red, 0-correction/find-errors-jobs/0083.red, 0-correction/find-errors-jobs/0148.red, 0-correction/find-errors-jobs/0412.red, 0-correction/find-errors-jobs/0009.red, 0-correction/find-errors-jobs/0141.red, 0-correction/find-errors-jobs/0071.red, 0-correction/find-errors-jobs/0280.red, 0-correction/find-errors-jobs/0204.red, 0-correction/find-errors-jobs/0068.red, 0-correction/find-errors-jobs/0301.red, 0-correction/find-errors-jobs/0401.red, 0-correction/find-errors-jobs/0268.red, 0-correction/find-errors-jobs/0309.red, 0-correction/find-errors-jobs/0420.red, 0-correction/find-errors-jobs/0298.red, 0-correction/find-errors-jobs/0373.red, 0-correction/find-errors-jobs/0257.red, 0-correction/find-errors-jobs/0247.red, 0-correction/find-errors-jobs/0093.red, 0-correction/find-errors-jobs/0140.red, 0-correction/find-errors-jobs/0129.red, 0-correction/find-errors-jobs/0326.red, 0-correction/find-errors-jobs/0355.red, 0-correction/find-errors-jobs/0409.red, 0-correction/find-errors-jobs/0277.red, 0-correction/find-errors-jobs/0218.red, 0-correction/find-errors-jobs/0336.red, 0-correction/find-errors-jobs/0281.red, 0-correction/find-errors-jobs/0320.red, 0-correction/find-errors-jobs/0321.red, 0-correction/find-errors-jobs/0056.red, 0-correction/find-errors-jobs/0100.red, 0-correction/find-errors-jobs/0213.red, 0-correction/find-errors-jobs/0310.red, 0-correction/find-errors-jobs/0246.red, 0-correction/find-errors-jobs/0054.red, 0-correction/find-errors-jobs/0377.red, 0-correction/find-errors-jobs/0055.red, 0-correction/find-errors-jobs/0182.red, 0-correction/find-errors-jobs/0391.red, 0-correction/find-errors-jobs/0167.red, 0-correction/find-errors-jobs/0014.red, 0-correction/find-errors-jobs/0230.red, 0-correction/find-errors-jobs/0106.red, 0-correction/find-errors-jobs/0212.red, 0-correction/find-errors-jobs/0220.red, 0-correction/find-errors-jobs/0163.red, 0-correction/find-errors-jobs/0194.red, 0-correction/find-errors-jobs/0013.red, 0-correction/find-errors-jobs/0040.red, 0-correction/find-errors-jobs/0339.red, 0-correction/find-errors-jobs/0208.red, 0-correction/find-errors-jobs/0157.red, 0-correction/find-errors-jobs/0105.red, 0-correction/find-errors-jobs/0279.red, 0-correction/find-errors-jobs/0202.red, 0-correction/find-errors-jobs/0389.red, 0-correction/find-errors-jobs/0201.red, 0-correction/find-errors-jobs/0069.red, 0-correction/find-errors-jobs/0104.red, 0-correction/find-errors-jobs/0185.red, 0-correction/find-errors-jobs/0082.red, 0-correction/find-errors-jobs/0203.red, 0-correction/find-errors-jobs/0227.red, 0-correction/find-errors-jobs/0043.red, 0-correction/find-errors-jobs/0128.red, 0-correction/find-errors-jobs/0170.red, 0-correction/find-errors-jobs/0211.red, 0-correction/find-errors-jobs/0242.red, 0-correction/find-errors-jobs/0254.red, 0-correction/find-errors-jobs/0235.red, 0-correction/find-errors-jobs/0109.red, 0-correction/find-errors-jobs/0214.red, 0-correction/find-errors-jobs/0193.red, 0-correction/find-errors-jobs/0344.red, 0-correction/find-errors-jobs/0335.red, 0-correction/find-errors-jobs/0334.red, 0-correction/find-errors-jobs/0074.red, 0-correction/find-errors-jobs/0381.red, 0-correction/find-errors-jobs/0314.red, 0-correction/find-errors-jobs/0113.red, 0-correction/find-errors-jobs/0303.red, 0-correction/find-errors-jobs/0154.red, 0-correction/find-errors-jobs/0196.red, 0-correction/find-errors-jobs/0272.red, 0-correction/find-errors-jobs/0052.red, 0-correction/find-errors-jobs/0060.red, 0-correction/find-errors-jobs/0273.red, 0-correction/find-errors-jobs/0282.red, 0-correction/find-errors-jobs/0087.red, 0-correction/find-errors-jobs/0002.red, 0-correction/find-errors-jobs/0146.red, 0-correction/find-errors-jobs/0091.red, 0-correction/find-errors-jobs/0252.red, 0-correction/find-errors-jobs/0029.red, 0-correction/find-errors-jobs/0429.red, 0-correction/find-errors-jobs/0221.red, 0-correction/find-errors-jobs/0258.red, 0-correction/find-errors-jobs/0090.red, 0-correction/find-errors-jobs/0350.red, 0-correction/find-errors-jobs/0403.red, 0-correction/find-errors-jobs/0345.red, 0-correction/find-errors-jobs/0343.red, 0-correction/find-errors-jobs/0256.red, 0-correction/find-errors-jobs/0427.red, 0-correction/find-errors-jobs/0284.red, 0-correction/find-errors-jobs/0253.red, 0-correction/find-errors-jobs/0316.red, 0-correction/find-errors-jobs/0155.red, 0-correction/find-errors-jobs/0045.red, 0-correction/find-errors-jobs/0362.red, 0-correction/find-errors-jobs/0399.red, 0-correction/find-errors-jobs/0027.red, 0-correction/find-errors-jobs/0269.red, 0-correction/find-errors-jobs/0383.red, 0-correction/find-errors-jobs/0067.red, 0-correction/find-errors-jobs/0057.red, 0-correction/find-errors-jobs/0327.red, 0-correction/find-errors-jobs/0233.red, 0-correction/find-errors-jobs/0120.red, 0-correction/find-errors-jobs/0357.red, 0-correction/find-errors-jobs/0139.red, 0-correction/find-errors-jobs/0278.red, 0-correction/find-errors-jobs/0379.red, 0-correction/find-errors-jobs/0008.red, 0-correction/find-errors-jobs/0018.red, 0-correction/find-errors-jobs/0118.red, 0-correction/find-errors-jobs/0396.red, 0-correction/find-errors-jobs/0245.red, 0-correction/find-errors-jobs/0050.red, 0-correction/find-errors-jobs/0395.red, 0-correction/find-errors-jobs/0086.red, 0-correction/find-errors-jobs/0145.red, 0-correction/find-errors-jobs/0286.red, 0-correction/find-errors-jobs/0189.red, 0-correction/find-errors-jobs/0388.red, 0-correction/find-errors-jobs/0275.red, 0-correction/find-errors-jobs/0400.red, 0-correction/find-errors-jobs/0313.red, 0-correction/find-errors-jobs/0121.red, 0-correction/find-errors-jobs/0206.red, 0-correction/find-errors-jobs/0296.red, 0-correction/find-errors-jobs/0319.red, 0-correction/find-errors-jobs/0012.red, 0-correction/find-errors-jobs/0267.red, 0-correction/find-errors-jobs/0294.red, 0-correction/find-errors-jobs/0404.red, 0-correction/find-errors-jobs/0078.red, 0-correction/find-errors-jobs/0103.red, 0-correction/find-errors-jobs/0152.red, 0-correction/find-errors-jobs/0112.red, 0-correction/find-errors-jobs/0392.red, 0-correction/find-errors-jobs/0077.red, 0-correction/find-errors-jobs/0124.red, 0-correction/find-errors-jobs/0311.red, 0-correction/find-errors-jobs/0123.red, 0-correction/find-errors-jobs/0085.red, 0-correction/find-errors-jobs/0035.red, 0-correction/find-errors-jobs/0274.red, 0-correction/find-errors-jobs/0237.red, 0-correction/find-errors-jobs/0166.red, 0-correction/find-errors-jobs/0366.red, 0-correction/find-errors-jobs/0007.red, 0-correction/find-errors-jobs/0022.red, 0-correction/find-errors-jobs/0249.red, 0-correction/find-errors-jobs/0197.red, 0-correction/find-errors-jobs/0323.red, 0-correction/find-errors-jobs/0075.red, 0-correction/find-errors-jobs/0173.red, 0-correction/find-errors-jobs/0337.red, 0-correction/find-errors-jobs/0341.red, 0-correction/find-errors-jobs/0290.red, 0-correction/find-errors-jobs/0385.red, 0-correction/find-errors-jobs/0304.red, 0-correction/find-errors-jobs/0207.red, 0-correction/find-errors-jobs/0107.red, 0-correction/find-errors-jobs/0010.red, 0-correction/find-errors-jobs/0261.red, 0-correction/find-errors-jobs/0423.red, 0-correction/find-errors-jobs/0215.red, 0-correction/find-errors-jobs/0151.red, 0-correction/find-errors-jobs/0004.red, 0-correction/find-errors-jobs/0179.red, 0-correction/find-errors-jobs/0180.red, 0-correction/find-errors-jobs/0364.red, 0-correction/find-errors-jobs/0142.red, 0-correction/find-errors-jobs/0413.red, 0-correction/find-errors-jobs/0088.red, 0-correction/find-errors-jobs/0318.red, 0-correction/find-errors-jobs/0371.red, 0-correction/find-errors-jobs/0188.red, 0-correction/find-errors-jobs/0192.red, 0-correction/find-errors-jobs/0117.red, 0-correction/find-errors-jobs/0038.red, 0-correction/find-errors-jobs/0063.red, 0-correction/find-errors-jobs/0072.red, 0-correction/find-errors-jobs/0098.red, 0-correction/find-errors-jobs/0414.red, 0-correction/find-errors-jobs/0312.red, 0-correction/find-errors-jobs/0291.red, 0-correction/find-errors-jobs/0415.red, 0-correction/find-errors-jobs/0328.red, 0-correction/find-errors-jobs/0026.red, 0-correction/find-errors-jobs/0053.red, 0-correction/find-errors-jobs/0020.red, 0-correction/find-errors-jobs/0250.red, 0-correction/find-errors-jobs/0126.red, 0-correction/find-errors-jobs/0156.red, 0-correction/find-errors-jobs/0264.red, 0-correction/find-errors-jobs/0407.red, 0-correction/find-errors-jobs/0354.red, 0-correction/find-errors-jobs/0431.red, 0-correction/find-errors-jobs/0217.red, 0-correction/find-errors-jobs/0046.red, 0-correction/find-errors-jobs/0111.red, 0-correction/find-errors-jobs/0011.red, 0-correction/find-errors-jobs/0292.red, 0-correction/find-errors-jobs/0333.red, 0-correction/find-errors-jobs/0132.red, 0-correction/find-errors-jobs/0108.red, 0-correction/find-errors-jobs/0410.red, 0-correction/find-errors-jobs/0418.red, 0-correction/find-errors-jobs/0347.red, 0-correction/find-errors-jobs/0340.red, 0-correction/find-errors-jobs/0240.red, 0-correction/find-errors-jobs/0422.red, 0-correction/find-errors-jobs/0223.red, 0-correction/find-errors-jobs/0351.red, 0-correction/find-errors-jobs/0183.red, 0-correction/find-errors-jobs/0049.red, 0-correction/find-errors-jobs/0144.red, 0-correction/find-errors-jobs/0003.red, 0-correction/find-errors-jobs/0382.red, 0-correction/find-errors-jobs/0019.red, 0-correction/find-errors-jobs/0036.red, 0-correction/find-errors-jobs/0181.red, 0-correction/find-errors-jobs/0101.red, 0-correction/find-errors-jobs/0428.red, 0-correction/find-errors-jobs/0175.red, 0-correction/find-errors-jobs/0025.red, 0-correction/find-errors-jobs/0017.red, 0-correction/find-errors-jobs/0219.red, 0-correction/find-errors-jobs/0138.red, 0-correction/find-errors-jobs/0149.red, 0-correction/find-errors-jobs/0168.red, 0-correction/find-errors-jobs/0226.red, 0-correction/find-errors-jobs/0270.red, 0-correction/find-errors-jobs/0289.red, 0-correction/find-errors-jobs/0433.red, 0-correction/find-errors-jobs/0255.red, 0-correction/find-errors-jobs/0161.red, 0-correction/find-errors-jobs/0190.red, 0-correction/find-errors-jobs/0228.red, 0-correction/find-errors-jobs/0015.red, 0-correction/find-errors-jobs/0386.red, 0-correction/find-errors-jobs/0251.red, 0-correction/find-errors-jobs/0369.red, 0-correction/find-errors-jobs/0295.red, 0-correction/find-errors-jobs/0186.red, 0-correction/find-errors-jobs/0405.red, 0-correction/find-errors-jobs/0147.red, 0-correction/find-errors-jobs/0374.red, 0-correction/find-errors-jobs/0127.red, 0-correction/find-errors-jobs/0243.red, 0-correction/find-errors-jobs/0430.red, 0-correction/find-errors-jobs/0210.red, 0-correction/find-errors-jobs/0102.red, 0-correction/find-errors-jobs/0116.red, 0-correction/find-errors-jobs/0153.red, 0-correction/find-errors-jobs/0358.red, 0-correction/find-errors-jobs/0244.red, 0-correction/find-errors-jobs/0363.red, 0-correction/find-errors-jobs/0238.red, 0-correction/find-errors-jobs/0297.red, 0-correction/find-errors-jobs/0387.red, 0-correction/find-errors-jobs/0048.red, 0-correction/find-errors-jobs/0378.red, 0-correction/find-errors-jobs/0134.red, 0-correction/find-errors-jobs/0260.red, 0-correction/find-errors-jobs/0159.red, 0-correction/find-errors-jobs/0299.red, 0-correction/find-errors-jobs/0372.red, 0-correction/find-errors-jobs/0089.red, 0-correction/find-errors-jobs/0234.red, 0-correction/find-errors-jobs/0305.red, 0-correction/find-errors-jobs/0342.red, 0-correction/find-errors-jobs/0348.red, 0-correction/find-errors-jobs/0171.red, 0-correction/find-errors-jobs/0435.red, 0-correction/find-errors-jobs/0042.red, 0-correction/find-errors-jobs/0137.red, 0-correction/find-errors-jobs/0184.red, 0-correction/find-errors-jobs/0285.red, 0-correction/find-errors-jobs/0239.red, 0-correction/find-errors-jobs/0195.red, 0-correction/find-errors-jobs/0131.red, 0-correction/find-errors-jobs/0160.red, 0-correction/find-errors-jobs/0315.red, 0-correction/find-errors-jobs/0222.red, 0-correction/find-errors-jobs/0416.red, 0-correction/find-errors-jobs/0097.red, 0-correction/find-errors-jobs/0032.red
    resources: mem_mb=1386, mem_mib=1322, disk_mb=1386, disk_mib=1322, tmpdir=<TBD>, job_id=1, n_cpus=1, mem_gb=16, time_h=4

Submitted job 6 with external jobid '18455887'.
No jobs available for user okendojo and/or filters used
Job 18455887 not known (yet) by slurm; will return 'running' by default.
[Wed May  6 20:08:47 2026]
Finished job 6.
474 of 557 steps (85%) done
Select jobs to execute...

[Wed May  6 20:08:47 2026]
localrule correctHiFi:
    input: 0-correction/hifi-corrected.fasta.gz
    output: hifi-corrected.fasta.gz
    jobid: 5
    reason: Missing output files: hifi-corrected.fasta.gz; Input files updated by another job: 0-correction/hifi-corrected.fasta.gz
    resources: mem_mb=75264, mem_mib=71778, disk_mb=75264, disk_mib=71778, tmpdir=/tmp, n_cpus=1, mem_gb=1, time_h=1

[Wed May  6 20:08:47 2026]
Finished job 5.
475 of 557 steps (85%) done
Select jobs to execute...

[Wed May  6 20:08:47 2026]
rule buildGraph:
    input: hifi-corrected.fasta.gz
    output: 1-buildGraph/hifi-resolved.gfa, 1-buildGraph/hifi_nodecov.csv, 1-buildGraph/paths.gaf
    log: 1-buildGraph/buildGraph.err
    jobid: 4
    reason: Missing output files: 1-buildGraph/hifi_nodecov.csv, 1-buildGraph/paths.gaf, 1-buildGraph/hifi-resolved.gfa; Input files updated by another job: hifi-corrected.fasta.gz
    threads: 4
    resources: mem_mb=75264, mem_mib=71778, disk_mb=75264, disk_mib=71778, tmpdir=<TBD>, job_id=1, n_cpus=4, mem_gb=88, time_h=72

Submitted job 4 with external jobid '18457570'.
No jobs available for user okendojo and/or filters used
Job 18457570 not known (yet) by slurm; will return 'running' by default.
No jobs available for user okendojo and/or filters used
Job 18457570 not known (yet) by slurm; will return 'running' by default.
[Thu May  7 01:35:18 2026]
Finished job 4.
476 of 557 steps (85%) done
Select jobs to execute...

[Thu May  7 01:35:18 2026]
rule processGraph:
    input: 1-buildGraph/hifi-resolved.gfa, 1-buildGraph/paths.gaf, 1-buildGraph/hifi_nodecov.csv
    output: 2-processGraph/unitig-unrolled-hifi-resolved.gfa, 2-processGraph/unitig-mapping-1.txt
    log: 2-processGraph/process.err
    jobid: 3
    reason: Missing output files: 2-processGraph/unitig-unrolled-hifi-resolved.gfa; Input files updated by another job: 1-buildGraph/paths.gaf, 1-buildGraph/hifi_nodecov.csv, 1-buildGraph/hifi-resolved.gfa
    resources: mem_mb=6732, mem_mib=6421, disk_mb=6732, disk_mib=6421, tmpdir=<TBD>, job_id=1, n_cpus=1, mem_gb=64, time_h=24

Submitted job 3 with external jobid '18470432'.
No jobs available for user okendojo and/or filters used
Job 18470432 not known (yet) by slurm; will return 'running' by default.
No jobs available for user okendojo and/or filters used
Job 18470432 not known (yet) by slurm; will return 'running' by default.
[Thu May  7 01:40:27 2026]
Finished job 3.
477 of 557 steps (86%) done
Select jobs to execute...

[Thu May  7 01:40:27 2026]
rule indexGraph:
    input: 2-processGraph/unitig-unrolled-hifi-resolved.gfa
    output: 3-align/graph.index, 3-align/diploid.index
    log: 3-align/index.err
    jobid: 26
    reason: Missing output files: 3-align/graph.index, 3-align/diploid.index; Input files updated by another job: 2-processGraph/unitig-unrolled-hifi-resolved.gfa
    resources: mem_mb=4930, mem_mib=4702, disk_mb=4930, disk_mib=4702, tmpdir=<TBD>, job_id=1, n_cpus=1, mem_gb=37, time_h=24

Submitted job 26 with external jobid '18470526'.
No jobs available for user okendojo and/or filters used
Job 18470526 not known (yet) by slurm; will return 'running' by default.
[Thu May  7 02:32:19 2026]
Finished job 26.
478 of 557 steps (86%) done
Select jobs to execute...

[Thu May  7 02:32:19 2026]
rule alignONT:
    input: 3-align/split/ont042.fasta.gz, 3-align/graph.index, 3-align/diploid.index, 2-processGraph/unitig-unrolled-hifi-resolved.gfa
    output: 3-align/aligned042.gaf
    log: 3-align/aligned042.err
    jobid: 67
    reason: Missing output files: 3-align/aligned042.gaf; Input files updated by another job: 3-align/diploid.index, 3-align/graph.index, 2-processGraph/unitig-unrolled-hifi-resolved.gfa
    wildcards: nnnn=042
    threads: 24
    resources: mem_mb=14771, mem_mib=14087, disk_mb=14771, disk_mib=14087, tmpdir=<TBD>, job_id=42, n_cpus=24, mem_gb=17, time_h=24

Submitted job 67 with external jobid '18471612'.

[Thu May  7 02:32:22 2026]
rule alignONT:
    input: 3-align/split/ont035.fasta.gz, 3-align/graph.index, 3-align/diploid.index, 2-processGraph/unitig-unrolled-hifi-resolved.gfa
    output: 3-align/aligned035.gaf
    log: 3-align/aligned035.err
    jobid: 60
    reason: Missing output files: 3-align/aligned035.gaf; Input files updated by another job: 3-align/diploid.index, 3-align/graph.index, 2-processGraph/unitig-unrolled-hifi-resolved.gfa
    wildcards: nnnn=035
    threads: 24
    resources: mem_mb=14926, mem_mib=14235, disk_mb=14926, disk_mib=14235, tmpdir=<TBD>, job_id=35, n_cpus=24, mem_gb=17, time_h=24

Submitted job 60 with external jobid '18471613'.

[Thu May  7 02:32:25 2026]
rule alignONT:
    input: 3-align/split/ont028.fasta.gz, 3-align/graph.index, 3-align/diploid.index, 2-processGraph/unitig-unrolled-hifi-resolved.gfa
    output: 3-align/aligned028.gaf
    log: 3-align/aligned028.err
    jobid: 53
    reason: Missing output files: 3-align/aligned028.gaf; Input files updated by another job: 3-align/diploid.index, 3-align/graph.index, 2-processGraph/unitig-unrolled-hifi-resolved.gfa
    wildcards: nnnn=028
    threads: 24
    resources: mem_mb=15306, mem_mib=14597, disk_mb=15306, disk_mib=14597, tmpdir=<TBD>, job_id=28, n_cpus=24, mem_gb=17, time_h=24

Submitted job 53 with external jobid '18471616'.

[Thu May  7 02:32:29 2026]
rule alignONT:
    input: 3-align/split/ont022.fasta.gz, 3-align/graph.index, 3-align/diploid.index, 2-processGraph/unitig-unrolled-hifi-resolved.gfa
    output: 3-align/aligned022.gaf
    log: 3-align/aligned022.err
    jobid: 47
    reason: Missing output files: 3-align/aligned022.gaf; Input files updated by another job: 3-align/diploid.index, 3-align/graph.index, 2-processGraph/unitig-unrolled-hifi-resolved.gfa
    wildcards: nnnn=022
    threads: 24
    resources: mem_mb=15135, mem_mib=14434, disk_mb=15135, disk_mib=14434, tmpdir=<TBD>, job_id=22, n_cpus=24, mem_gb=17, time_h=24

No jobs available for user okendojo and/or filters used
Submitted job 47 with external jobid '18471618'.

[Thu May  7 02:32:32 2026]
rule alignONT:
    input: 3-align/split/ont015.fasta.gz, 3-align/graph.index, 3-align/diploid.index, 2-processGraph/unitig-unrolled-hifi-resolved.gfa
    output: 3-align/aligned015.gaf
    log: 3-align/aligned015.err
    jobid: 40
    reason: Missing output files: 3-align/aligned015.gaf; Input files updated by another job: 3-align/diploid.index, 3-align/graph.index, 2-processGraph/unitig-unrolled-hifi-resolved.gfa
    wildcards: nnnn=015
    threads: 24
    resources: mem_mb=14666, mem_mib=13987, disk_mb=14666, disk_mib=13987, tmpdir=<TBD>, job_id=15, n_cpus=24, mem_gb=17, time_h=24

Job 18471612 not known (yet) by slurm; will return 'running' by default.
Submitted job 40 with external jobid '18471621'.

[Thu May  7 02:32:35 2026]
rule alignONT:
    input: 3-align/split/ont064.fasta.gz, 3-align/graph.index, 3-align/diploid.index, 2-processGraph/unitig-unrolled-hifi-resolved.gfa
    output: 3-align/aligned064.gaf
    log: 3-align/aligned064.err
    jobid: 89
    reason: Missing output files: 3-align/aligned064.gaf; Input files updated by another job: 3-align/diploid.index, 3-align/graph.index, 2-processGraph/unitig-unrolled-hifi-resolved.gfa
    wildcards: nnnn=064
    threads: 24
    resources: mem_mb=14761, mem_mib=14078, disk_mb=14761, disk_mib=14078, tmpdir=<TBD>, job_id=64, n_cpus=24, mem_gb=17, time_h=24

No jobs available for user okendojo and/or filters used
Job 18471613 not known (yet) by slurm; will return 'running' by default.
Submitted job 89 with external jobid '18471624'.

[Thu May  7 02:32:38 2026]
rule alignONT:
    input: 3-align/split/ont006.fasta.gz, 3-align/graph.index, 3-align/diploid.index, 2-processGraph/unitig-unrolled-hifi-resolved.gfa
    output: 3-align/aligned006.gaf
    log: 3-align/aligned006.err
    jobid: 31
    reason: Missing output files: 3-align/aligned006.gaf; Input files updated by another job: 3-align/diploid.index, 3-align/graph.index, 2-processGraph/unitig-unrolled-hifi-resolved.gfa
    wildcards: nnnn=006
    threads: 24
    resources: mem_mb=15255, mem_mib=14549, disk_mb=15255, disk_mib=14549, tmpdir=<TBD>, job_id=6, n_cpus=24, mem_gb=17, time_h=24

No jobs available for user okendojo and/or filters used
Job 18471616 not known (yet) by slurm; will return 'running' by default.
Submitted job 31 with external jobid '18471626'.

[Thu May  7 02:32:42 2026]
rule alignONT:
    input: 3-align/split/ont057.fasta.gz, 3-align/graph.index, 3-align/diploid.index, 2-processGraph/unitig-unrolled-hifi-resolved.gfa
    output: 3-align/aligned057.gaf
    log: 3-align/aligned057.err
    jobid: 82
    reason: Missing output files: 3-align/aligned057.gaf; Input files updated by another job: 3-align/diploid.index, 3-align/graph.index, 2-processGraph/unitig-unrolled-hifi-resolved.gfa
    wildcards: nnnn=057
    threads: 24
    resources: mem_mb=15030, mem_mib=14334, disk_mb=15030, disk_mib=14334, tmpdir=<TBD>, job_id=57, n_cpus=24, mem_gb=17, time_h=24

Submitted job 82 with external jobid '18471629'.

[Thu May  7 02:32:45 2026]
rule alignONT:
    input: 3-align/split/ont011.fasta.gz, 3-align/graph.index, 3-align/diploid.index, 2-processGraph/unitig-unrolled-hifi-resolved.gfa
    output: 3-align/aligned011.gaf
    log: 3-align/aligned011.err
    jobid: 36
    reason: Missing output files: 3-align/aligned011.gaf; Input files updated by another job: 3-align/diploid.index, 3-align/graph.index, 2-processGraph/unitig-unrolled-hifi-resolved.gfa
    wildcards: nnnn=011
    threads: 24
    resources: mem_mb=14369, mem_mib=13704, disk_mb=14369, disk_mib=13704, tmpdir=<TBD>, job_id=11, n_cpus=24, mem_gb=17, time_h=24

Submitted job 36 with external jobid '18471633'.

[Thu May  7 02:32:48 2026]
rule alignONT:
    input: 3-align/split/ont050.fasta.gz, 3-align/graph.index, 3-align/diploid.index, 2-processGraph/unitig-unrolled-hifi-resolved.gfa
    output: 3-align/aligned050.gaf
    log: 3-align/aligned050.err
    jobid: 75
    reason: Missing output files: 3-align/aligned050.gaf; Input files updated by another job: 3-align/diploid.index, 3-align/graph.index, 2-processGraph/unitig-unrolled-hifi-resolved.gfa
    wildcards: nnnn=050
    threads: 24
    resources: mem_mb=14769, mem_mib=14085, disk_mb=14769, disk_mib=14085, tmpdir=<TBD>, job_id=50, n_cpus=24, mem_gb=17, time_h=24

Submitted job 75 with external jobid '18471635'.

[Thu May  7 02:32:51 2026]
rule alignONT:
    input: 3-align/split/ont043.fasta.gz, 3-align/graph.index, 3-align/diploid.index, 2-processGraph/unitig-unrolled-hifi-resolved.gfa
    output: 3-align/aligned043.gaf
    log: 3-align/aligned043.err
    jobid: 68
    reason: Missing output files: 3-align/aligned043.gaf; Input files updated by another job: 3-align/diploid.index, 3-align/graph.index, 2-processGraph/unitig-unrolled-hifi-resolved.gfa
    wildcards: nnnn=043
    threads: 24
    resources: mem_mb=14784, mem_mib=14100, disk_mb=14784, disk_mib=14100, tmpdir=<TBD>, job_id=43, n_cpus=24, mem_gb=17, time_h=24

Submitted job 68 with external jobid '18471638'.

[Thu May  7 02:32:54 2026]
rule alignONT:
    input: 3-align/split/ont036.fasta.gz, 3-align/graph.index, 3-align/diploid.index, 2-processGraph/unitig-unrolled-hifi-resolved.gfa
    output: 3-align/aligned036.gaf
    log: 3-align/aligned036.err
    jobid: 61
    reason: Missing output files: 3-align/aligned036.gaf; Input files updated by another job: 3-align/diploid.index, 3-align/graph.index, 2-processGraph/unitig-unrolled-hifi-resolved.gfa
    wildcards: nnnn=036
    threads: 24
    resources: mem_mb=14812, mem_mib=14126, disk_mb=14812, disk_mib=14126, tmpdir=<TBD>, job_id=36, n_cpus=24, mem_gb=17, time_h=24

Submitted job 61 with external jobid '18471640'.

[Thu May  7 02:32:58 2026]
rule alignONT:
    input: 3-align/split/ont029.fasta.gz, 3-align/graph.index, 3-align/diploid.index, 2-processGraph/unitig-unrolled-hifi-resolved.gfa
    output: 3-align/aligned029.gaf
    log: 3-align/aligned029.err
    jobid: 54
    reason: Missing output files: 3-align/aligned029.gaf; Input files updated by another job: 3-align/diploid.index, 3-align/graph.index, 2-processGraph/unitig-unrolled-hifi-resolved.gfa
    wildcards: nnnn=029
    threads: 24
    resources: mem_mb=14843, mem_mib=14156, disk_mb=14843, disk_mib=14156, tmpdir=<TBD>, job_id=29, n_cpus=24, mem_gb=17, time_h=24

Submitted job 54 with external jobid '18471641'.

[Thu May  7 02:33:01 2026]
rule alignONT:
    input: 3-align/split/ont023.fasta.gz, 3-align/graph.index, 3-align/diploid.index, 2-processGraph/unitig-unrolled-hifi-resolved.gfa
    output: 3-align/aligned023.gaf
    log: 3-align/aligned023.err
    jobid: 48
    reason: Missing output files: 3-align/aligned023.gaf; Input files updated by another job: 3-align/diploid.index, 3-align/graph.index, 2-processGraph/unitig-unrolled-hifi-resolved.gfa
    wildcards: nnnn=023
    threads: 24
    resources: mem_mb=15069, mem_mib=14371, disk_mb=15069, disk_mib=14371, tmpdir=<TBD>, job_id=23, n_cpus=24, mem_gb=17, time_h=24

Submitted job 48 with external jobid '18471643'.

[Thu May  7 02:33:04 2026]
rule alignONT:
    input: 3-align/split/ont016.fasta.gz, 3-align/graph.index, 3-align/diploid.index, 2-processGraph/unitig-unrolled-hifi-resolved.gfa
    output: 3-align/aligned016.gaf
    log: 3-align/aligned016.err
    jobid: 41
    reason: Missing output files: 3-align/aligned016.gaf; Input files updated by another job: 3-align/diploid.index, 3-align/graph.index, 2-processGraph/unitig-unrolled-hifi-resolved.gfa
    wildcards: nnnn=016
    threads: 24
    resources: mem_mb=14678, mem_mib=13999, disk_mb=14678, disk_mib=13999, tmpdir=<TBD>, job_id=16, n_cpus=24, mem_gb=17, time_h=24

Submitted job 41 with external jobid '18471645'.

[Thu May  7 02:33:07 2026]
rule alignONT:
    input: 3-align/split/ont013.fasta.gz, 3-align/graph.index, 3-align/diploid.index, 2-processGraph/unitig-unrolled-hifi-resolved.gfa
    output: 3-align/aligned013.gaf
    log: 3-align/aligned013.err
    jobid: 38
    reason: Missing output files: 3-align/aligned013.gaf; Input files updated by another job: 3-align/diploid.index, 3-align/graph.index, 2-processGraph/unitig-unrolled-hifi-resolved.gfa
    wildcards: nnnn=013
    threads: 24
    resources: mem_mb=14439, mem_mib=13771, disk_mb=14439, disk_mib=13771, tmpdir=<TBD>, job_id=13, n_cpus=24, mem_gb=17, time_h=24

Submitted job 38 with external jobid '18471650'.

[Thu May  7 02:33:10 2026]
rule alignONT:
    input: 3-align/split/ont065.fasta.gz, 3-align/graph.index, 3-align/diploid.index, 2-processGraph/unitig-unrolled-hifi-resolved.gfa
    output: 3-align/aligned065.gaf
    log: 3-align/aligned065.err
    jobid: 90
    reason: Missing output files: 3-align/aligned065.gaf; Input files updated by another job: 3-align/diploid.index, 3-align/graph.index, 2-processGraph/unitig-unrolled-hifi-resolved.gfa
    wildcards: nnnn=065
    threads: 24
    resources: mem_mb=14746, mem_mib=14063, disk_mb=14746, disk_mib=14063, tmpdir=<TBD>, job_id=65, n_cpus=24, mem_gb=17, time_h=24

No jobs available for user okendojo and/or filters used
Job 18471633 not known (yet) by slurm; will return 'running' by default.
Submitted job 90 with external jobid '18471654'.

[Thu May  7 02:33:14 2026]
rule alignONT:
    input: 3-align/split/ont058.fasta.gz, 3-align/graph.index, 3-align/diploid.index, 2-processGraph/unitig-unrolled-hifi-resolved.gfa
    output: 3-align/aligned058.gaf
    log: 3-align/aligned058.err
    jobid: 83
    reason: Missing output files: 3-align/aligned058.gaf; Input files updated by another job: 3-align/diploid.index, 3-align/graph.index, 2-processGraph/unitig-unrolled-hifi-resolved.gfa
    wildcards: nnnn=058
    threads: 24
    resources: mem_mb=15004, mem_mib=14309, disk_mb=15004, disk_mib=14309, tmpdir=<TBD>, job_id=58, n_cpus=24, mem_gb=17, time_h=24

No jobs available for user okendojo and/or filters used
Submitted job 83 with external jobid '18471656'.

[Thu May  7 02:33:17 2026]
rule alignONT:
    input: 3-align/split/ont002.fasta.gz, 3-align/graph.index, 3-align/diploid.index, 2-processGraph/unitig-unrolled-hifi-resolved.gfa
    output: 3-align/aligned002.gaf
    log: 3-align/aligned002.err
    jobid: 27
    reason: Missing output files: 3-align/aligned002.gaf; Input files updated by another job: 3-align/diploid.index, 3-align/graph.index, 2-processGraph/unitig-unrolled-hifi-resolved.gfa
    wildcards: nnnn=002
    threads: 24
    resources: mem_mb=15279, mem_mib=14572, disk_mb=15279, disk_mib=14572, tmpdir=<TBD>, job_id=2, n_cpus=24, mem_gb=17, time_h=24

Job 18471635 not known (yet) by slurm; will return 'running' by default.
Submitted job 27 with external jobid '18471657'.

[Thu May  7 02:33:20 2026]
rule alignONT:
    input: 3-align/split/ont051.fasta.gz, 3-align/graph.index, 3-align/diploid.index, 2-processGraph/unitig-unrolled-hifi-resolved.gfa
    output: 3-align/aligned051.gaf
    log: 3-align/aligned051.err
    jobid: 76
    reason: Missing output files: 3-align/aligned051.gaf; Input files updated by another job: 3-align/diploid.index, 3-align/graph.index, 2-processGraph/unitig-unrolled-hifi-resolved.gfa
    wildcards: nnnn=051
    threads: 24
    resources: mem_mb=14791, mem_mib=14106, disk_mb=14791, disk_mib=14106, tmpdir=<TBD>, job_id=51, n_cpus=24, mem_gb=17, time_h=24

Submitted job 76 with external jobid '18471659'.

[Thu May  7 02:33:23 2026]
rule alignONT:
    input: 3-align/split/ont056.fasta.gz, 3-align/graph.index, 3-align/diploid.index, 2-processGraph/unitig-unrolled-hifi-resolved.gfa
    output: 3-align/aligned056.gaf
    log: 3-align/aligned056.err
    jobid: 81
    reason: Missing output files: 3-align/aligned056.gaf; Input files updated by another job: 3-align/diploid.index, 3-align/graph.index, 2-processGraph/unitig-unrolled-hifi-resolved.gfa
    wildcards: nnnn=056
    threads: 24
    resources: mem_mb=15085, mem_mib=14387, disk_mb=15085, disk_mib=14387, tmpdir=<TBD>, job_id=56, n_cpus=24, mem_gb=17, time_h=24

Submitted job 81 with external jobid '18471663'.

[Thu May  7 02:33:26 2026]
rule alignONT:
    input: 3-align/split/ont044.fasta.gz, 3-align/graph.index, 3-align/diploid.index, 2-processGraph/unitig-unrolled-hifi-resolved.gfa
    output: 3-align/aligned044.gaf
    log: 3-align/aligned044.err
    jobid: 69
    reason: Missing output files: 3-align/aligned044.gaf; Input files updated by another job: 3-align/diploid.index, 3-align/graph.index, 2-processGraph/unitig-unrolled-hifi-resolved.gfa
    wildcards: nnnn=044
    threads: 24
    resources: mem_mb=14829, mem_mib=14143, disk_mb=14829, disk_mib=14143, tmpdir=<TBD>, job_id=44, n_cpus=24, mem_gb=17, time_h=24

Submitted job 69 with external jobid '18471666'.

[Thu May  7 02:33:30 2026]
rule alignONT:
    input: 3-align/split/ont037.fasta.gz, 3-align/graph.index, 3-align/diploid.index, 2-processGraph/unitig-unrolled-hifi-resolved.gfa
    output: 3-align/aligned037.gaf
    log: 3-align/aligned037.err
    jobid: 62
    reason: Missing output files: 3-align/aligned037.gaf; Input files updated by another job: 3-align/diploid.index, 3-align/graph.index, 2-processGraph/unitig-unrolled-hifi-resolved.gfa
    wildcards: nnnn=037
    threads: 24
    resources: mem_mb=14720, mem_mib=14039, disk_mb=14720, disk_mib=14039, tmpdir=<TBD>, job_id=37, n_cpus=24, mem_gb=17, time_h=24

Submitted job 62 with external jobid '18471667'.

[Thu May  7 02:33:33 2026]
rule alignONT:
    input: 3-align/split/ont030.fasta.gz, 3-align/graph.index, 3-align/diploid.index, 2-processGraph/unitig-unrolled-hifi-resolved.gfa
    output: 3-align/aligned030.gaf
    log: 3-align/aligned030.err
    jobid: 55
    reason: Missing output files: 3-align/aligned030.gaf; Input files updated by another job: 3-align/diploid.index, 3-align/graph.index, 2-processGraph/unitig-unrolled-hifi-resolved.gfa
    wildcards: nnnn=030
    threads: 24
    resources: mem_mb=14931, mem_mib=14240, disk_mb=14931, disk_mib=14240, tmpdir=<TBD>, job_id=30, n_cpus=24, mem_gb=17, time_h=24

Submitted job 55 with external jobid '18471668'.

[Thu May  7 02:33:36 2026]
rule alignONT:
    input: 3-align/split/ont024.fasta.gz, 3-align/graph.index, 3-align/diploid.index, 2-processGraph/unitig-unrolled-hifi-resolved.gfa
    output: 3-align/aligned024.gaf
    log: 3-align/aligned024.err
    jobid: 49
    reason: Missing output files: 3-align/aligned024.gaf; Input files updated by another job: 3-align/diploid.index, 3-align/graph.index, 2-processGraph/unitig-unrolled-hifi-resolved.gfa
    wildcards: nnnn=024
    threads: 24
    resources: mem_mb=15054, mem_mib=14357, disk_mb=15054, disk_mib=14357, tmpdir=<TBD>, job_id=24, n_cpus=24, mem_gb=17, time_h=24

Submitted job 49 with external jobid '18471672'.

[Thu May  7 02:33:39 2026]
rule alignONT:
    input: 3-align/split/ont017.fasta.gz, 3-align/graph.index, 3-align/diploid.index, 2-processGraph/unitig-unrolled-hifi-resolved.gfa
    output: 3-align/aligned017.gaf
    log: 3-align/aligned017.err
    jobid: 42
    reason: Missing output files: 3-align/aligned017.gaf; Input files updated by another job: 3-align/diploid.index, 3-align/graph.index, 2-processGraph/unitig-unrolled-hifi-resolved.gfa
    wildcards: nnnn=017
    threads: 24
    resources: mem_mb=14663, mem_mib=13984, disk_mb=14663, disk_mib=13984, tmpdir=<TBD>, job_id=17, n_cpus=24, mem_gb=17, time_h=24

Submitted job 42 with external jobid '18471674'.

[Thu May  7 02:33:44 2026]
rule alignONT:
    input: 3-align/split/ont066.fasta.gz, 3-align/graph.index, 3-align/diploid.index, 2-processGraph/unitig-unrolled-hifi-resolved.gfa
    output: 3-align/aligned066.gaf
    log: 3-align/aligned066.err
    jobid: 91
    reason: Missing output files: 3-align/aligned066.gaf; Input files updated by another job: 3-align/diploid.index, 3-align/graph.index, 2-processGraph/unitig-unrolled-hifi-resolved.gfa
    wildcards: nnnn=066
    threads: 24
    resources: mem_mb=14774, mem_mib=14090, disk_mb=14774, disk_mib=14090, tmpdir=<TBD>, job_id=66, n_cpus=24, mem_gb=17, time_h=24

No jobs available for user okendojo and/or filters used
Job 18471656 not known (yet) by slurm; will return 'running' by default.
Submitted job 91 with external jobid '18471682'.

[Thu May  7 02:33:48 2026]
rule alignONT:
    input: 3-align/split/ont009.fasta.gz, 3-align/graph.index, 3-align/diploid.index, 2-processGraph/unitig-unrolled-hifi-resolved.gfa
    output: 3-align/aligned009.gaf
    log: 3-align/aligned009.err
    jobid: 34
    reason: Missing output files: 3-align/aligned009.gaf; Input files updated by another job: 3-align/diploid.index, 3-align/graph.index, 2-processGraph/unitig-unrolled-hifi-resolved.gfa
    wildcards: nnnn=009
    threads: 24
    resources: mem_mb=14468, mem_mib=13798, disk_mb=14468, disk_mib=13798, tmpdir=<TBD>, job_id=9, n_cpus=24, mem_gb=17, time_h=24

Submitted job 34 with external jobid '18471685'.

[Thu May  7 02:33:51 2026]
rule alignONT:
    input: 3-align/split/ont059.fasta.gz, 3-align/graph.index, 3-align/diploid.index, 2-processGraph/unitig-unrolled-hifi-resolved.gfa
    output: 3-align/aligned059.gaf
    log: 3-align/aligned059.err
    jobid: 84
    reason: Missing output files: 3-align/aligned059.gaf; Input files updated by another job: 3-align/diploid.index, 3-align/graph.index, 2-processGraph/unitig-unrolled-hifi-resolved.gfa
    wildcards: nnnn=059
    threads: 24
    resources: mem_mb=15022, mem_mib=14327, disk_mb=15022, disk_mib=14327, tmpdir=<TBD>, job_id=59, n_cpus=24, mem_gb=17, time_h=24

Submitted job 84 with external jobid '18471686'.

[Thu May  7 02:33:54 2026]
rule alignONT:
    input: 3-align/split/ont052.fasta.gz, 3-align/graph.index, 3-align/diploid.index, 2-processGraph/unitig-unrolled-hifi-resolved.gfa
    output: 3-align/aligned052.gaf
    log: 3-align/aligned052.err
    jobid: 77
    reason: Missing output files: 3-align/aligned052.gaf; Input files updated by another job: 3-align/diploid.index, 3-align/graph.index, 2-processGraph/unitig-unrolled-hifi-resolved.gfa
    wildcards: nnnn=052
    threads: 24
    resources: mem_mb=14783, mem_mib=14099, disk_mb=14783, disk_mib=14099, tmpdir=<TBD>, job_id=52, n_cpus=24, mem_gb=17, time_h=24

Submitted job 77 with external jobid '18471689'.

[Thu May  7 02:33:57 2026]
rule alignONT:
    input: 3-align/split/ont045.fasta.gz, 3-align/graph.index, 3-align/diploid.index, 2-processGraph/unitig-unrolled-hifi-resolved.gfa
    output: 3-align/aligned045.gaf
    log: 3-align/aligned045.err
    jobid: 70
    reason: Missing output files: 3-align/aligned045.gaf; Input files updated by another job: 3-align/diploid.index, 3-align/graph.index, 2-processGraph/unitig-unrolled-hifi-resolved.gfa
    wildcards: nnnn=045
    threads: 24
    resources: mem_mb=14709, mem_mib=14028, disk_mb=14709, disk_mib=14028, tmpdir=<TBD>, job_id=45, n_cpus=24, mem_gb=17, time_h=24

Submitted job 70 with external jobid '18471693'.

[Thu May  7 02:34:00 2026]
rule alignONT:
    input: 3-align/split/ont038.fasta.gz, 3-align/graph.index, 3-align/diploid.index, 2-processGraph/unitig-unrolled-hifi-resolved.gfa
    output: 3-align/aligned038.gaf
    log: 3-align/aligned038.err
    jobid: 63
    reason: Missing output files: 3-align/aligned038.gaf; Input files updated by another job: 3-align/diploid.index, 3-align/graph.index, 2-processGraph/unitig-unrolled-hifi-resolved.gfa
    wildcards: nnnn=038
    threads: 24
    resources: mem_mb=14782, mem_mib=14098, disk_mb=14782, disk_mib=14098, tmpdir=<TBD>, job_id=38, n_cpus=24, mem_gb=17, time_h=24

Submitted job 63 with external jobid '18471696'.

[Thu May  7 02:34:04 2026]
rule alignONT:
    input: 3-align/split/ont031.fasta.gz, 3-align/graph.index, 3-align/diploid.index, 2-processGraph/unitig-unrolled-hifi-resolved.gfa
    output: 3-align/aligned031.gaf
    log: 3-align/aligned031.err
    jobid: 56
    reason: Missing output files: 3-align/aligned031.gaf; Input files updated by another job: 3-align/diploid.index, 3-align/graph.index, 2-processGraph/unitig-unrolled-hifi-resolved.gfa
    wildcards: nnnn=031
    threads: 24
    resources: mem_mb=14958, mem_mib=14266, disk_mb=14958, disk_mib=14266, tmpdir=<TBD>, job_id=31, n_cpus=24, mem_gb=17, time_h=24

Submitted job 56 with external jobid '18471697'.

[Thu May  7 02:34:07 2026]
rule alignONT:
    input: 3-align/split/ont025.fasta.gz, 3-align/graph.index, 3-align/diploid.index, 2-processGraph/unitig-unrolled-hifi-resolved.gfa
    output: 3-align/aligned025.gaf
    log: 3-align/aligned025.err
    jobid: 50
    reason: Missing output files: 3-align/aligned025.gaf; Input files updated by another job: 3-align/diploid.index, 3-align/graph.index, 2-processGraph/unitig-unrolled-hifi-resolved.gfa
    wildcards: nnnn=025
    threads: 24
    resources: mem_mb=14714, mem_mib=14033, disk_mb=14714, disk_mib=14033, tmpdir=<TBD>, job_id=25, n_cpus=24, mem_gb=17, time_h=24

Submitted job 50 with external jobid '18471700'.

[Thu May  7 02:34:10 2026]
rule alignONT:
    input: 3-align/split/ont018.fasta.gz, 3-align/graph.index, 3-align/diploid.index, 2-processGraph/unitig-unrolled-hifi-resolved.gfa
    output: 3-align/aligned018.gaf
    log: 3-align/aligned018.err
    jobid: 43
    reason: Missing output files: 3-align/aligned018.gaf; Input files updated by another job: 3-align/diploid.index, 3-align/graph.index, 2-processGraph/unitig-unrolled-hifi-resolved.gfa
    wildcards: nnnn=018
    threads: 24
    resources: mem_mb=14687, mem_mib=14007, disk_mb=14687, disk_mib=14007, tmpdir=<TBD>, job_id=18, n_cpus=24, mem_gb=17, time_h=24

Submitted job 43 with external jobid '18471705'.

[Thu May  7 02:34:13 2026]
rule alignONT:
    input: 3-align/split/ont067.fasta.gz, 3-align/graph.index, 3-align/diploid.index, 2-processGraph/unitig-unrolled-hifi-resolved.gfa
    output: 3-align/aligned067.gaf
    log: 3-align/aligned067.err
    jobid: 92
    reason: Missing output files: 3-align/aligned067.gaf; Input files updated by another job: 3-align/diploid.index, 3-align/graph.index, 2-processGraph/unitig-unrolled-hifi-resolved.gfa
    wildcards: nnnn=067
    threads: 24
    resources: mem_mb=14644, mem_mib=13966, disk_mb=14644, disk_mib=13966, tmpdir=<TBD>, job_id=67, n_cpus=24, mem_gb=17, time_h=24

Submitted job 92 with external jobid '18471709'.

[Thu May  7 02:34:16 2026]
rule alignONT:
    input: 3-align/split/ont007.fasta.gz, 3-align/graph.index, 3-align/diploid.index, 2-processGraph/unitig-unrolled-hifi-resolved.gfa
    output: 3-align/aligned007.gaf
    log: 3-align/aligned007.err
    jobid: 32
    reason: Missing output files: 3-align/aligned007.gaf; Input files updated by another job: 3-align/diploid.index, 3-align/graph.index, 2-processGraph/unitig-unrolled-hifi-resolved.gfa
    wildcards: nnnn=007
    threads: 24
    resources: mem_mb=15190, mem_mib=14487, disk_mb=15190, disk_mib=14487, tmpdir=<TBD>, job_id=7, n_cpus=24, mem_gb=17, time_h=24

Submitted job 32 with external jobid '18471711'.

[Thu May  7 02:34:20 2026]
rule alignONT:
    input: 3-align/split/ont060.fasta.gz, 3-align/graph.index, 3-align/diploid.index, 2-processGraph/unitig-unrolled-hifi-resolved.gfa
    output: 3-align/aligned060.gaf
    log: 3-align/aligned060.err
    jobid: 85
    reason: Missing output files: 3-align/aligned060.gaf; Input files updated by another job: 3-align/diploid.index, 3-align/graph.index, 2-processGraph/unitig-unrolled-hifi-resolved.gfa
    wildcards: nnnn=060
    threads: 24
    resources: mem_mb=14923, mem_mib=14232, disk_mb=14923, disk_mib=14232, tmpdir=<TBD>, job_id=60, n_cpus=24, mem_gb=17, time_h=24

Submitted job 85 with external jobid '18471712'.

[Thu May  7 02:34:23 2026]
rule alignONT:
    input: 3-align/split/ont012.fasta.gz, 3-align/graph.index, 3-align/diploid.index, 2-processGraph/unitig-unrolled-hifi-resolved.gfa
    output: 3-align/aligned012.gaf
    log: 3-align/aligned012.err
    jobid: 37
    reason: Missing output files: 3-align/aligned012.gaf; Input files updated by another job: 3-align/diploid.index, 3-align/graph.index, 2-processGraph/unitig-unrolled-hifi-resolved.gfa
    wildcards: nnnn=012
    threads: 24
    resources: mem_mb=14384, mem_mib=13718, disk_mb=14384, disk_mib=13718, tmpdir=<TBD>, job_id=12, n_cpus=24, mem_gb=17, time_h=24

Submitted job 37 with external jobid '18471714'.

[Thu May  7 02:34:26 2026]
rule alignONT:
    input: 3-align/split/ont053.fasta.gz, 3-align/graph.index, 3-align/diploid.index, 2-processGraph/unitig-unrolled-hifi-resolved.gfa
    output: 3-align/aligned053.gaf
    log: 3-align/aligned053.err
    jobid: 78
    reason: Missing output files: 3-align/aligned053.gaf; Input files updated by another job: 3-align/diploid.index, 3-align/graph.index, 2-processGraph/unitig-unrolled-hifi-resolved.gfa
    wildcards: nnnn=053
    threads: 24
    resources: mem_mb=14836, mem_mib=14149, disk_mb=14836, disk_mib=14149, tmpdir=<TBD>, job_id=53, n_cpus=24, mem_gb=17, time_h=24

Submitted job 78 with external jobid '18471718'.

[Thu May  7 02:34:31 2026]
rule alignONT:
    input: 3-align/split/ont046.fasta.gz, 3-align/graph.index, 3-align/diploid.index, 2-processGraph/unitig-unrolled-hifi-resolved.gfa
    output: 3-align/aligned046.gaf
    log: 3-align/aligned046.err
    jobid: 71
    reason: Missing output files: 3-align/aligned046.gaf; Input files updated by another job: 3-align/diploid.index, 3-align/graph.index, 2-processGraph/unitig-unrolled-hifi-resolved.gfa
    wildcards: nnnn=046
    threads: 24
    resources: mem_mb=14790, mem_mib=14105, disk_mb=14790, disk_mib=14105, tmpdir=<TBD>, job_id=46, n_cpus=24, mem_gb=17, time_h=24

Submitted job 71 with external jobid '18471720'.

[Thu May  7 02:34:34 2026]
rule alignONT:
    input: 3-align/split/ont039.fasta.gz, 3-align/graph.index, 3-align/diploid.index, 2-processGraph/unitig-unrolled-hifi-resolved.gfa
    output: 3-align/aligned039.gaf
    log: 3-align/aligned039.err
    jobid: 64
    reason: Missing output files: 3-align/aligned039.gaf; Input files updated by another job: 3-align/diploid.index, 3-align/graph.index, 2-processGraph/unitig-unrolled-hifi-resolved.gfa
    wildcards: nnnn=039
    threads: 24
    resources: mem_mb=14686, mem_mib=14006, disk_mb=14686, disk_mib=14006, tmpdir=<TBD>, job_id=39, n_cpus=24, mem_gb=17, time_h=24

Submitted job 64 with external jobid '18471723'.

[Thu May  7 02:34:37 2026]
rule alignONT:
    input: 3-align/split/ont032.fasta.gz, 3-align/graph.index, 3-align/diploid.index, 2-processGraph/unitig-unrolled-hifi-resolved.gfa
    output: 3-align/aligned032.gaf
    log: 3-align/aligned032.err
    jobid: 57
    reason: Missing output files: 3-align/aligned032.gaf; Input files updated by another job: 3-align/diploid.index, 3-align/graph.index, 2-processGraph/unitig-unrolled-hifi-resolved.gfa
    wildcards: nnnn=032
    threads: 24
    resources: mem_mb=14869, mem_mib=14181, disk_mb=14869, disk_mib=14181, tmpdir=<TBD>, job_id=32, n_cpus=24, mem_gb=17, time_h=24

Submitted job 57 with external jobid '18471726'.

[Thu May  7 02:34:41 2026]
rule alignONT:
    input: 3-align/split/ont026.fasta.gz, 3-align/graph.index, 3-align/diploid.index, 2-processGraph/unitig-unrolled-hifi-resolved.gfa
    output: 3-align/aligned026.gaf
    log: 3-align/aligned026.err
    jobid: 51
    reason: Missing output files: 3-align/aligned026.gaf; Input files updated by another job: 3-align/diploid.index, 3-align/graph.index, 2-processGraph/unitig-unrolled-hifi-resolved.gfa
    wildcards: nnnn=026
    threads: 24
    resources: mem_mb=15310, mem_mib=14601, disk_mb=15310, disk_mib=14601, tmpdir=<TBD>, job_id=26, n_cpus=24, mem_gb=17, time_h=24

Submitted job 51 with external jobid '18471727'.

[Thu May  7 02:34:44 2026]
rule alignONT:
    input: 3-align/split/ont019.fasta.gz, 3-align/graph.index, 3-align/diploid.index, 2-processGraph/unitig-unrolled-hifi-resolved.gfa
    output: 3-align/aligned019.gaf
    log: 3-align/aligned019.err
    jobid: 44
    reason: Missing output files: 3-align/aligned019.gaf; Input files updated by another job: 3-align/diploid.index, 3-align/graph.index, 2-processGraph/unitig-unrolled-hifi-resolved.gfa
    wildcards: nnnn=019
    threads: 24
    resources: mem_mb=14682, mem_mib=14002, disk_mb=14682, disk_mib=14002, tmpdir=<TBD>, job_id=19, n_cpus=24, mem_gb=17, time_h=24

Submitted job 44 with external jobid '18471728'.

[Thu May  7 02:34:47 2026]
rule alignONT:
    input: 3-align/split/ont008.fasta.gz, 3-align/graph.index, 3-align/diploid.index, 2-processGraph/unitig-unrolled-hifi-resolved.gfa
    output: 3-align/aligned008.gaf
    log: 3-align/aligned008.err
    jobid: 33
    reason: Missing output files: 3-align/aligned008.gaf; Input files updated by another job: 3-align/diploid.index, 3-align/graph.index, 2-processGraph/unitig-unrolled-hifi-resolved.gfa
    wildcards: nnnn=008
    threads: 24
    resources: mem_mb=15121, mem_mib=14421, disk_mb=15121, disk_mib=14421, tmpdir=<TBD>, job_id=8, n_cpus=24, mem_gb=17, time_h=24

Submitted job 33 with external jobid '18471729'.

[Thu May  7 02:34:50 2026]
rule alignONT:
    input: 3-align/split/ont061.fasta.gz, 3-align/graph.index, 3-align/diploid.index, 2-processGraph/unitig-unrolled-hifi-resolved.gfa
    output: 3-align/aligned061.gaf
    log: 3-align/aligned061.err
    jobid: 86
    reason: Missing output files: 3-align/aligned061.gaf; Input files updated by another job: 3-align/diploid.index, 3-align/graph.index, 2-processGraph/unitig-unrolled-hifi-resolved.gfa
    wildcards: nnnn=061
    threads: 24
    resources: mem_mb=14814, mem_mib=14128, disk_mb=14814, disk_mib=14128, tmpdir=<TBD>, job_id=61, n_cpus=24, mem_gb=17, time_h=24

Submitted job 86 with external jobid '18471730'.

[Thu May  7 02:34:53 2026]
rule alignONT:
    input: 3-align/split/ont004.fasta.gz, 3-align/graph.index, 3-align/diploid.index, 2-processGraph/unitig-unrolled-hifi-resolved.gfa
    output: 3-align/aligned004.gaf
    log: 3-align/aligned004.err
    jobid: 29
    reason: Missing output files: 3-align/aligned004.gaf; Input files updated by another job: 3-align/diploid.index, 3-align/graph.index, 2-processGraph/unitig-unrolled-hifi-resolved.gfa
    wildcards: nnnn=004
    threads: 24
    resources: mem_mb=15289, mem_mib=14581, disk_mb=15289, disk_mib=14581, tmpdir=<TBD>, job_id=4, n_cpus=24, mem_gb=17, time_h=24

Submitted job 29 with external jobid '18471731'.

[Thu May  7 02:34:57 2026]
rule alignONT:
    input: 3-align/split/ont054.fasta.gz, 3-align/graph.index, 3-align/diploid.index, 2-processGraph/unitig-unrolled-hifi-resolved.gfa
    output: 3-align/aligned054.gaf
    log: 3-align/aligned054.err
    jobid: 79
    reason: Missing output files: 3-align/aligned054.gaf; Input files updated by another job: 3-align/diploid.index, 3-align/graph.index, 2-processGraph/unitig-unrolled-hifi-resolved.gfa
    wildcards: nnnn=054
    threads: 24
    resources: mem_mb=15005, mem_mib=14310, disk_mb=15005, disk_mib=14310, tmpdir=<TBD>, job_id=54, n_cpus=24, mem_gb=17, time_h=24

Submitted job 79 with external jobid '18471732'.

[Thu May  7 02:35:00 2026]
rule alignONT:
    input: 3-align/split/ont047.fasta.gz, 3-align/graph.index, 3-align/diploid.index, 2-processGraph/unitig-unrolled-hifi-resolved.gfa
    output: 3-align/aligned047.gaf
    log: 3-align/aligned047.err
    jobid: 72
    reason: Missing output files: 3-align/aligned047.gaf; Input files updated by another job: 3-align/diploid.index, 3-align/graph.index, 2-processGraph/unitig-unrolled-hifi-resolved.gfa
    wildcards: nnnn=047
    threads: 24
    resources: mem_mb=14805, mem_mib=14120, disk_mb=14805, disk_mib=14120, tmpdir=<TBD>, job_id=47, n_cpus=24, mem_gb=17, time_h=24

Submitted job 72 with external jobid '18471733'.

[Thu May  7 02:35:03 2026]
rule alignONT:
    input: 3-align/split/ont040.fasta.gz, 3-align/graph.index, 3-align/diploid.index, 2-processGraph/unitig-unrolled-hifi-resolved.gfa
    output: 3-align/aligned040.gaf
    log: 3-align/aligned040.err
    jobid: 65
    reason: Missing output files: 3-align/aligned040.gaf; Input files updated by another job: 3-align/diploid.index, 3-align/graph.index, 2-processGraph/unitig-unrolled-hifi-resolved.gfa
    wildcards: nnnn=040
    threads: 24
    resources: mem_mb=14721, mem_mib=14040, disk_mb=14721, disk_mib=14040, tmpdir=<TBD>, job_id=40, n_cpus=24, mem_gb=17, time_h=24

Submitted job 65 with external jobid '18471735'.

[Thu May  7 02:35:06 2026]
rule alignONT:
    input: 3-align/split/ont033.fasta.gz, 3-align/graph.index, 3-align/diploid.index, 2-processGraph/unitig-unrolled-hifi-resolved.gfa
    output: 3-align/aligned033.gaf
    log: 3-align/aligned033.err
    jobid: 58
    reason: Missing output files: 3-align/aligned033.gaf; Input files updated by another job: 3-align/diploid.index, 3-align/graph.index, 2-processGraph/unitig-unrolled-hifi-resolved.gfa
    wildcards: nnnn=033
    threads: 24
    resources: mem_mb=15079, mem_mib=14381, disk_mb=15079, disk_mib=14381, tmpdir=<TBD>, job_id=33, n_cpus=24, mem_gb=17, time_h=24

Submitted job 58 with external jobid '18471736'.

[Thu May  7 02:35:09 2026]
rule alignONT:
    input: 3-align/split/ont027.fasta.gz, 3-align/graph.index, 3-align/diploid.index, 2-processGraph/unitig-unrolled-hifi-resolved.gfa
    output: 3-align/aligned027.gaf
    log: 3-align/aligned027.err
    jobid: 52
    reason: Missing output files: 3-align/aligned027.gaf; Input files updated by another job: 3-align/diploid.index, 3-align/graph.index, 2-processGraph/unitig-unrolled-hifi-resolved.gfa
    wildcards: nnnn=027
    threads: 24
    resources: mem_mb=15305, mem_mib=14596, disk_mb=15305, disk_mib=14596, tmpdir=<TBD>, job_id=27, n_cpus=24, mem_gb=17, time_h=24

Submitted job 52 with external jobid '18471738'.

[Thu May  7 02:35:13 2026]
rule alignONT:
    input: 3-align/split/ont020.fasta.gz, 3-align/graph.index, 3-align/diploid.index, 2-processGraph/unitig-unrolled-hifi-resolved.gfa
    output: 3-align/aligned020.gaf
    log: 3-align/aligned020.err
    jobid: 45
    reason: Missing output files: 3-align/aligned020.gaf; Input files updated by another job: 3-align/diploid.index, 3-align/graph.index, 2-processGraph/unitig-unrolled-hifi-resolved.gfa
    wildcards: nnnn=020
    threads: 24
    resources: mem_mb=14673, mem_mib=13994, disk_mb=14673, disk_mib=13994, tmpdir=<TBD>, job_id=20, n_cpus=24, mem_gb=17, time_h=24

Submitted job 45 with external jobid '18471740'.

[Thu May  7 02:35:16 2026]
rule alignONT:
    input: 3-align/split/ont010.fasta.gz, 3-align/graph.index, 3-align/diploid.index, 2-processGraph/unitig-unrolled-hifi-resolved.gfa
    output: 3-align/aligned010.gaf
    log: 3-align/aligned010.err
    jobid: 35
    reason: Missing output files: 3-align/aligned010.gaf; Input files updated by another job: 3-align/diploid.index, 3-align/graph.index, 2-processGraph/unitig-unrolled-hifi-resolved.gfa
    wildcards: nnnn=010
    threads: 24
    resources: mem_mb=14356, mem_mib=13691, disk_mb=14356, disk_mib=13691, tmpdir=<TBD>, job_id=10, n_cpus=24, mem_gb=17, time_h=24

Submitted job 35 with external jobid '18471743'.

[Thu May  7 02:35:19 2026]
rule alignONT:
    input: 3-align/split/ont062.fasta.gz, 3-align/graph.index, 3-align/diploid.index, 2-processGraph/unitig-unrolled-hifi-resolved.gfa
    output: 3-align/aligned062.gaf
    log: 3-align/aligned062.err
    jobid: 87
    reason: Missing output files: 3-align/aligned062.gaf; Input files updated by another job: 3-align/diploid.index, 3-align/graph.index, 2-processGraph/unitig-unrolled-hifi-resolved.gfa
    wildcards: nnnn=062
    threads: 24
    resources: mem_mb=14781, mem_mib=14097, disk_mb=14781, disk_mib=14097, tmpdir=<TBD>, job_id=62, n_cpus=24, mem_gb=17, time_h=24

Submitted job 87 with external jobid '18471744'.

[Thu May  7 02:35:22 2026]
rule alignONT:
    input: 3-align/split/ont005.fasta.gz, 3-align/graph.index, 3-align/diploid.index, 2-processGraph/unitig-unrolled-hifi-resolved.gfa
    output: 3-align/aligned005.gaf
    log: 3-align/aligned005.err
    jobid: 30
    reason: Missing output files: 3-align/aligned005.gaf; Input files updated by another job: 3-align/diploid.index, 3-align/graph.index, 2-processGraph/unitig-unrolled-hifi-resolved.gfa
    wildcards: nnnn=005
    threads: 24
    resources: mem_mb=15234, mem_mib=14529, disk_mb=15234, disk_mib=14529, tmpdir=<TBD>, job_id=5, n_cpus=24, mem_gb=17, time_h=24

Submitted job 30 with external jobid '18471745'.

[Thu May  7 02:35:26 2026]
rule alignONT:
    input: 3-align/split/ont055.fasta.gz, 3-align/graph.index, 3-align/diploid.index, 2-processGraph/unitig-unrolled-hifi-resolved.gfa
    output: 3-align/aligned055.gaf
    log: 3-align/aligned055.err
    jobid: 80
    reason: Missing output files: 3-align/aligned055.gaf; Input files updated by another job: 3-align/diploid.index, 3-align/graph.index, 2-processGraph/unitig-unrolled-hifi-resolved.gfa
    wildcards: nnnn=055
    threads: 24
    resources: mem_mb=15044, mem_mib=14348, disk_mb=15044, disk_mib=14348, tmpdir=<TBD>, job_id=55, n_cpus=24, mem_gb=17, time_h=24

Submitted job 80 with external jobid '18471747'.

[Thu May  7 02:35:29 2026]
rule alignONT:
    input: 3-align/split/ont003.fasta.gz, 3-align/graph.index, 3-align/diploid.index, 2-processGraph/unitig-unrolled-hifi-resolved.gfa
    output: 3-align/aligned003.gaf
    log: 3-align/aligned003.err
    jobid: 28
    reason: Missing output files: 3-align/aligned003.gaf; Input files updated by another job: 3-align/diploid.index, 3-align/graph.index, 2-processGraph/unitig-unrolled-hifi-resolved.gfa
    wildcards: nnnn=003
    threads: 24
    resources: mem_mb=15216, mem_mib=14512, disk_mb=15216, disk_mib=14512, tmpdir=<TBD>, job_id=3, n_cpus=24, mem_gb=17, time_h=24

Submitted job 28 with external jobid '18471752'.

[Thu May  7 02:35:32 2026]
rule alignONT:
    input: 3-align/split/ont048.fasta.gz, 3-align/graph.index, 3-align/diploid.index, 2-processGraph/unitig-unrolled-hifi-resolved.gfa
    output: 3-align/aligned048.gaf
    log: 3-align/aligned048.err
    jobid: 73
    reason: Missing output files: 3-align/aligned048.gaf; Input files updated by another job: 3-align/diploid.index, 3-align/graph.index, 2-processGraph/unitig-unrolled-hifi-resolved.gfa
    wildcards: nnnn=048
    threads: 24
    resources: mem_mb=14751, mem_mib=14068, disk_mb=14751, disk_mib=14068, tmpdir=<TBD>, job_id=48, n_cpus=24, mem_gb=17, time_h=24

Submitted job 73 with external jobid '18471753'.

[Thu May  7 02:35:37 2026]
rule alignONT:
    input: 3-align/split/ont041.fasta.gz, 3-align/graph.index, 3-align/diploid.index, 2-processGraph/unitig-unrolled-hifi-resolved.gfa
    output: 3-align/aligned041.gaf
    log: 3-align/aligned041.err
    jobid: 66
    reason: Missing output files: 3-align/aligned041.gaf; Input files updated by another job: 3-align/diploid.index, 3-align/graph.index, 2-processGraph/unitig-unrolled-hifi-resolved.gfa
    wildcards: nnnn=041
    threads: 24
    resources: mem_mb=14740, mem_mib=14058, disk_mb=14740, disk_mib=14058, tmpdir=<TBD>, job_id=41, n_cpus=24, mem_gb=17, time_h=24

Submitted job 66 with external jobid '18471754'.

[Thu May  7 02:35:41 2026]
rule alignONT:
    input: 3-align/split/ont034.fasta.gz, 3-align/graph.index, 3-align/diploid.index, 2-processGraph/unitig-unrolled-hifi-resolved.gfa
    output: 3-align/aligned034.gaf
    log: 3-align/aligned034.err
    jobid: 59
    reason: Missing output files: 3-align/aligned034.gaf; Input files updated by another job: 3-align/diploid.index, 3-align/graph.index, 2-processGraph/unitig-unrolled-hifi-resolved.gfa
    wildcards: nnnn=034
    threads: 24
    resources: mem_mb=14917, mem_mib=14226, disk_mb=14917, disk_mib=14226, tmpdir=<TBD>, job_id=34, n_cpus=24, mem_gb=17, time_h=24

Submitted job 59 with external jobid '18471755'.

[Thu May  7 02:35:44 2026]
rule alignONT:
    input: 3-align/split/ont021.fasta.gz, 3-align/graph.index, 3-align/diploid.index, 2-processGraph/unitig-unrolled-hifi-resolved.gfa
    output: 3-align/aligned021.gaf
    log: 3-align/aligned021.err
    jobid: 46
    reason: Missing output files: 3-align/aligned021.gaf; Input files updated by another job: 3-align/diploid.index, 3-align/graph.index, 2-processGraph/unitig-unrolled-hifi-resolved.gfa
    wildcards: nnnn=021
    threads: 24
    resources: mem_mb=15114, mem_mib=14414, disk_mb=15114, disk_mib=14414, tmpdir=<TBD>, job_id=21, n_cpus=24, mem_gb=17, time_h=24

Submitted job 46 with external jobid '18471756'.

[Thu May  7 02:35:47 2026]
rule alignONT:
    input: 3-align/split/ont014.fasta.gz, 3-align/graph.index, 3-align/diploid.index, 2-processGraph/unitig-unrolled-hifi-resolved.gfa
    output: 3-align/aligned014.gaf
    log: 3-align/aligned014.err
    jobid: 39
    reason: Missing output files: 3-align/aligned014.gaf; Input files updated by another job: 3-align/diploid.index, 3-align/graph.index, 2-processGraph/unitig-unrolled-hifi-resolved.gfa
    wildcards: nnnn=014
    threads: 24
    resources: mem_mb=14680, mem_mib=14000, disk_mb=14680, disk_mib=14000, tmpdir=<TBD>, job_id=14, n_cpus=24, mem_gb=17, time_h=24

Submitted job 39 with external jobid '18471758'.

[Thu May  7 02:35:50 2026]
rule alignONT:
    input: 3-align/split/ont063.fasta.gz, 3-align/graph.index, 3-align/diploid.index, 2-processGraph/unitig-unrolled-hifi-resolved.gfa
    output: 3-align/aligned063.gaf
    log: 3-align/aligned063.err
    jobid: 88
    reason: Missing output files: 3-align/aligned063.gaf; Input files updated by another job: 3-align/diploid.index, 3-align/graph.index, 2-processGraph/unitig-unrolled-hifi-resolved.gfa
    wildcards: nnnn=063
    threads: 24
    resources: mem_mb=14731, mem_mib=14049, disk_mb=14731, disk_mib=14049, tmpdir=<TBD>, job_id=63, n_cpus=24, mem_gb=17, time_h=24

Submitted job 88 with external jobid '18471759'.

[Thu May  7 02:35:53 2026]
rule alignONT:
    input: 3-align/split/ont001.fasta.gz, 3-align/graph.index, 3-align/diploid.index, 2-processGraph/unitig-unrolled-hifi-resolved.gfa
    output: 3-align/aligned001.gaf
    log: 3-align/aligned001.err
    jobid: 25
    reason: Missing output files: 3-align/aligned001.gaf; Input files updated by another job: 3-align/diploid.index, 3-align/graph.index, 2-processGraph/unitig-unrolled-hifi-resolved.gfa
    wildcards: nnnn=001
    threads: 24
    resources: mem_mb=15205, mem_mib=14501, disk_mb=15205, disk_mib=14501, tmpdir=<TBD>, job_id=1, n_cpus=24, mem_gb=17, time_h=24

Submitted job 25 with external jobid '18471760'.

[Thu May  7 02:35:57 2026]
rule alignONT:
    input: 3-align/split/ont049.fasta.gz, 3-align/graph.index, 3-align/diploid.index, 2-processGraph/unitig-unrolled-hifi-resolved.gfa
    output: 3-align/aligned049.gaf
    log: 3-align/aligned049.err
    jobid: 74
    reason: Missing output files: 3-align/aligned049.gaf; Input files updated by another job: 3-align/diploid.index, 3-align/graph.index, 2-processGraph/unitig-unrolled-hifi-resolved.gfa
    wildcards: nnnn=049
    threads: 24
    resources: mem_mb=14797, mem_mib=14112, disk_mb=14797, disk_mib=14112, tmpdir=<TBD>, job_id=49, n_cpus=24, mem_gb=17, time_h=24

Submitted job 74 with external jobid '18471761'.
[Thu May  7 02:53:11 2026]
Finished job 50.
479 of 557 steps (86%) done
[Thu May  7 02:54:24 2026]
Finished job 37.
480 of 557 steps (86%) done
[Thu May  7 02:55:46 2026]
Finished job 43.
481 of 557 steps (86%) done
[Thu May  7 02:55:53 2026]
Finished job 54.
482 of 557 steps (87%) done
[Thu May  7 02:55:59 2026]
Finished job 38.
483 of 557 steps (87%) done
[Thu May  7 02:56:23 2026]
Finished job 36.
484 of 557 steps (87%) done
[Thu May  7 02:57:08 2026]
Finished job 44.
485 of 557 steps (87%) done
[Thu May  7 02:57:49 2026]
Finished job 39.
486 of 557 steps (87%) done
[Thu May  7 02:58:00 2026]
Finished job 42.
487 of 557 steps (87%) done
[Thu May  7 02:58:04 2026]
Finished job 34.
488 of 557 steps (88%) done
[Thu May  7 02:58:11 2026]
Finished job 70.
489 of 557 steps (88%) done
[Thu May  7 02:58:19 2026]
Finished job 61.
490 of 557 steps (88%) done
[Thu May  7 02:58:24 2026]
Finished job 41.
491 of 557 steps (88%) done
[Thu May  7 02:58:32 2026]
Finished job 40.
492 of 557 steps (88%) done
[Thu May  7 02:58:37 2026]
Finished job 67.
493 of 557 steps (89%) done
[Thu May  7 02:59:02 2026]
Finished job 92.
494 of 557 steps (89%) done
[Thu May  7 02:59:27 2026]
Finished job 71.
495 of 557 steps (89%) done
[Thu May  7 02:59:30 2026]
Finished job 64.
496 of 557 steps (89%) done
[Thu May  7 02:59:32 2026]
Finished job 57.
497 of 557 steps (89%) done
[Thu May  7 02:59:36 2026]
Finished job 33.
498 of 557 steps (89%) done
[Thu May  7 02:59:54 2026]
Finished job 45.
499 of 557 steps (90%) done
[Thu May  7 02:59:56 2026]
Finished job 35.
500 of 557 steps (90%) done
[Thu May  7 03:00:09 2026]
Finished job 66.
501 of 557 steps (90%) done
[Thu May  7 03:00:11 2026]
Finished job 59.
502 of 557 steps (90%) done
[Thu May  7 03:00:13 2026]
Finished job 46.
503 of 557 steps (90%) done
[Thu May  7 03:00:30 2026]
Finished job 63.
504 of 557 steps (90%) done
[Thu May  7 03:00:48 2026]
Finished job 60.
505 of 557 steps (91%) done
[Thu May  7 03:01:05 2026]
Finished job 32.
506 of 557 steps (91%) done
[Thu May  7 03:01:10 2026]
Finished job 88.
507 of 557 steps (91%) done
[Thu May  7 03:01:12 2026]
Finished job 25.
508 of 557 steps (91%) done
[Thu May  7 03:01:14 2026]
Finished job 74.
509 of 557 steps (91%) done
[Thu May  7 03:01:28 2026]
Finished job 51.
510 of 557 steps (92%) done
[Thu May  7 03:01:30 2026]
Finished job 86.
511 of 557 steps (92%) done
[Thu May  7 03:01:33 2026]
Finished job 29.
512 of 557 steps (92%) done
[Thu May  7 03:02:12 2026]
Finished job 56.
513 of 557 steps (92%) done
[Thu May  7 03:02:14 2026]
Finished job 68.
514 of 557 steps (92%) done
[Thu May  7 03:02:18 2026]
Finished job 90.
515 of 557 steps (92%) done
[Thu May  7 03:02:27 2026]
Finished job 53.
516 of 557 steps (93%) done
[Thu May  7 03:02:33 2026]
Finished job 75.
517 of 557 steps (93%) done
[Thu May  7 03:02:42 2026]
Finished job 85.
518 of 557 steps (93%) done
[Thu May  7 03:03:01 2026]
Finished job 65.
519 of 557 steps (93%) done
[Thu May  7 03:03:18 2026]
Finished job 69.
520 of 557 steps (93%) done
[Thu May  7 03:03:22 2026]
Finished job 55.
521 of 557 steps (94%) done
[Thu May  7 03:03:25 2026]
Finished job 49.
522 of 557 steps (94%) done
[Thu May  7 03:03:27 2026]
Finished job 91.
523 of 557 steps (94%) done
[Thu May  7 03:03:31 2026]
Finished job 77.
524 of 557 steps (94%) done
[Thu May  7 03:03:33 2026]
Finished job 48.
525 of 557 steps (94%) done
[Thu May  7 03:03:38 2026]
Finished job 47.
526 of 557 steps (94%) done
[Thu May  7 03:03:49 2026]
Finished job 76.
527 of 557 steps (95%) done
[Thu May  7 03:04:17 2026]
Finished job 87.
528 of 557 steps (95%) done
[Thu May  7 03:04:34 2026]
Finished job 89.
529 of 557 steps (95%) done
[Thu May  7 03:04:36 2026]
Finished job 31.
530 of 557 steps (95%) done
[Thu May  7 03:04:59 2026]
Finished job 72.
531 of 557 steps (95%) done
[Thu May  7 03:05:04 2026]
Finished job 52.
532 of 557 steps (96%) done
[Thu May  7 03:05:23 2026]
Finished job 27.
533 of 557 steps (96%) done
[Thu May  7 03:05:53 2026]
Finished job 62.
534 of 557 steps (96%) done
[Thu May  7 03:06:25 2026]
Finished job 28.
535 of 557 steps (96%) done
[Thu May  7 03:06:59 2026]
Finished job 73.
536 of 557 steps (96%) done
[Thu May  7 03:07:01 2026]
Finished job 84.
537 of 557 steps (96%) done
[Thu May  7 03:07:26 2026]
Finished job 30.
538 of 557 steps (97%) done
[Thu May  7 03:07:47 2026]
Finished job 78.
539 of 557 steps (97%) done
[Thu May  7 03:08:21 2026]
Finished job 82.
540 of 557 steps (97%) done
[Thu May  7 03:08:23 2026]
Finished job 81.
541 of 557 steps (97%) done
[Thu May  7 03:08:56 2026]
Finished job 58.
542 of 557 steps (97%) done
[Thu May  7 03:10:59 2026]
Finished job 83.
543 of 557 steps (97%) done
[Thu May  7 03:11:57 2026]
Finished job 80.
544 of 557 steps (98%) done
[Thu May  7 03:15:28 2026]
Finished job 79.
545 of 557 steps (98%) done
Select jobs to execute...

[Thu May  7 03:15:28 2026]
rule combineONT:
    input: 3-align/splitONT.finished, 3-align/aligned001.gaf, 3-align/aligned002.gaf, 3-align/aligned003.gaf, 3-align/aligned004.gaf, 3-align/aligned005.gaf, 3-align/aligned006.gaf, 3-align/aligned007.gaf, 3-align/aligned008.gaf, 3-align/aligned009.gaf, 3-align/aligned010.gaf, 3-align/aligned011.gaf, 3-align/aligned012.gaf, 3-align/aligned013.gaf, 3-align/aligned014.gaf, 3-align/aligned015.gaf, 3-align/aligned016.gaf, 3-align/aligned017.gaf, 3-align/aligned018.gaf, 3-align/aligned019.gaf, 3-align/aligned020.gaf, 3-align/aligned021.gaf, 3-align/aligned022.gaf, 3-align/aligned023.gaf, 3-align/aligned024.gaf, 3-align/aligned025.gaf, 3-align/aligned026.gaf, 3-align/aligned027.gaf, 3-align/aligned028.gaf, 3-align/aligned029.gaf, 3-align/aligned030.gaf, 3-align/aligned031.gaf, 3-align/aligned032.gaf, 3-align/aligned033.gaf, 3-align/aligned034.gaf, 3-align/aligned035.gaf, 3-align/aligned036.gaf, 3-align/aligned037.gaf, 3-align/aligned038.gaf, 3-align/aligned039.gaf, 3-align/aligned040.gaf, 3-align/aligned041.gaf, 3-align/aligned042.gaf, 3-align/aligned043.gaf, 3-align/aligned044.gaf, 3-align/aligned045.gaf, 3-align/aligned046.gaf, 3-align/aligned047.gaf, 3-align/aligned048.gaf, 3-align/aligned049.gaf, 3-align/aligned050.gaf, 3-align/aligned051.gaf, 3-align/aligned052.gaf, 3-align/aligned053.gaf, 3-align/aligned054.gaf, 3-align/aligned055.gaf, 3-align/aligned056.gaf, 3-align/aligned057.gaf, 3-align/aligned058.gaf, 3-align/aligned059.gaf, 3-align/aligned060.gaf, 3-align/aligned061.gaf, 3-align/aligned062.gaf, 3-align/aligned063.gaf, 3-align/aligned064.gaf, 3-align/aligned065.gaf, 3-align/aligned066.gaf, 3-align/aligned067.gaf
    output: 3-align/alns-ont.gaf
    log: 3-align/combineONT.err
    jobid: 12
    reason: Missing output files: 3-align/alns-ont.gaf; Input files updated by another job: 3-align/aligned051.gaf, 3-align/aligned053.gaf, 3-align/aligned028.gaf, 3-align/aligned056.gaf, 3-align/aligned042.gaf, 3-align/aligned039.gaf, 3-align/aligned012.gaf, 3-align/aligned007.gaf, 3-align/aligned002.gaf, 3-align/aligned032.gaf, 3-align/aligned049.gaf, 3-align/aligned063.gaf, 3-align/aligned019.gaf, 3-align/aligned045.gaf, 3-align/aligned014.gaf, 3-align/aligned003.gaf, 3-align/aligned033.gaf, 3-align/aligned060.gaf, 3-align/aligned006.gaf, 3-align/aligned015.gaf, 3-align/aligned010.gaf, 3-align/aligned054.gaf, 3-align/aligned004.gaf, 3-align/aligned037.gaf, 3-align/aligned036.gaf, 3-align/aligned025.gaf, 3-align/aligned035.gaf, 3-align/aligned065.gaf, 3-align/aligned026.gaf, 3-align/aligned022.gaf, 3-align/aligned017.gaf, 3-align/aligned020.gaf, 3-align/aligned059.gaf, 3-align/aligned057.gaf, 3-align/aligned013.gaf, 3-align/aligned008.gaf, 3-align/aligned055.gaf, 3-align/aligned058.gaf, 3-align/aligned029.gaf, 3-align/aligned062.gaf, 3-align/aligned040.gaf, 3-align/aligned016.gaf, 3-align/aligned009.gaf, 3-align/aligned030.gaf, 3-align/aligned005.gaf, 3-align/aligned027.gaf, 3-align/aligned011.gaf, 3-align/aligned052.gaf, 3-align/aligned044.gaf, 3-align/aligned041.gaf, 3-align/aligned047.gaf, 3-align/aligned023.gaf, 3-align/aligned050.gaf, 3-align/aligned046.gaf, 3-align/aligned031.gaf, 3-align/aligned018.gaf, 3-align/aligned021.gaf, 3-align/aligned034.gaf, 3-align/aligned064.gaf, 3-align/aligned001.gaf, 3-align/aligned043.gaf, 3-align/aligned024.gaf, 3-align/aligned066.gaf, 3-align/aligned061.gaf, 3-align/aligned038.gaf, 3-align/aligned048.gaf, 3-align/aligned067.gaf
    resources: mem_mb=1785, mem_mib=1703, disk_mb=1785, disk_mib=1703, tmpdir=<TBD>, job_id=1, n_cpus=1, mem_gb=4, time_h=2

Submitted job 12 with external jobid '18472583'.
No jobs available for user okendojo and/or filters used
Job 18472583 not known (yet) by slurm; will return 'running' by default.
[Thu May  7 03:16:19 2026]
Finished job 12.
546 of 557 steps (98%) done
Select jobs to execute...

[Thu May  7 03:16:19 2026]
checkpoint splitTipsONT:
    input: /data/okendojo/zebrafish/data/g3/output/meryl/bins/tlwik/ont/TLWIK_ONT.fasta.gz, 2-processGraph/unitig-unrolled-hifi-resolved.gfa, 3-align/alns-ont.gaf, 3-align/splitONT.finished
    output: 3-alignTips/splitONT.finished
    log: 3-alignTips/splitONT.err
    jobid: 15
    reason: Missing output files: 3-alignTips/splitONT.finished; Input files updated by another job: 2-processGraph/unitig-unrolled-hifi-resolved.gfa, 3-align/alns-ont.gaf
    resources: mem_mb=97548, mem_mib=93030, disk_mb=97548, disk_mib=93030, tmpdir=<TBD>, job_id=1, n_cpus=1, mem_gb=8, time_h=96
DAG of jobs will be updated after completion.

Submitted job 15 with external jobid '18472606'.
No jobs available for user okendojo and/or filters used
Job 18472606 not known (yet) by slurm; will return 'running' by default.
No jobs available for user okendojo and/or filters used
Job 18472606 not known (yet) by slurm; will return 'running' by default.
[Thu May  7 03:39:50 2026]
Finished job 15.
547 of 557 steps (98%) done
Select jobs to execute...

[Thu May  7 03:39:50 2026]
rule alignTipsONT:
    input: 3-alignTips/split/ont002.fasta.gz
    output: 3-alignTips/aligned002.gaf
    log: 3-alignTips/aligned002.err
    jobid: 564
    reason: Missing output files: 3-alignTips/aligned002.gaf
    wildcards: nnnn=002
    threads: 24
    resources: mem_mb=1000, mem_mib=954, disk_mb=1000, disk_mib=954, tmpdir=<TBD>, job_id=2, n_cpus=24, mem_gb=64, time_h=24

Submitted job 564 with external jobid '18473115'.

[Thu May  7 03:39:53 2026]
rule alignTipsONT:
    input: 3-alignTips/split/ont003.fasta.gz
    output: 3-alignTips/aligned003.gaf
    log: 3-alignTips/aligned003.err
    jobid: 565
    reason: Missing output files: 3-alignTips/aligned003.gaf
    wildcards: nnnn=003
    threads: 24
    resources: mem_mb=1000, mem_mib=954, disk_mb=1000, disk_mib=954, tmpdir=<TBD>, job_id=3, n_cpus=24, mem_gb=64, time_h=24

Submitted job 565 with external jobid '18473116'.

[Thu May  7 03:39:57 2026]
rule alignTipsONT:
    input: 3-alignTips/split/ont001.fasta.gz
    output: 3-alignTips/aligned001.gaf
    log: 3-alignTips/aligned001.err
    jobid: 563
    reason: Missing output files: 3-alignTips/aligned001.gaf
    wildcards: nnnn=001
    threads: 24
    resources: mem_mb=1000, mem_mib=954, disk_mb=1000, disk_mib=954, tmpdir=<TBD>, job_id=1, n_cpus=24, mem_gb=64, time_h=24

Submitted job 563 with external jobid '18473117'.

[Thu May  7 03:40:00 2026]
rule alignTipsONT:
    input: 3-alignTips/split/ont004.fasta.gz
    output: 3-alignTips/aligned004.gaf
    log: 3-alignTips/aligned004.err
    jobid: 566
    reason: Missing output files: 3-alignTips/aligned004.gaf
    wildcards: nnnn=004
    threads: 24
    resources: mem_mb=1000, mem_mib=954, disk_mb=1000, disk_mib=954, tmpdir=<TBD>, job_id=4, n_cpus=24, mem_gb=64, time_h=24

No jobs available for user okendojo and/or filters used
Submitted job 566 with external jobid '18473118'.
Job 18473115 not known (yet) by slurm; will return 'running' by default.
No jobs available for user okendojo and/or filters used
Job 18473116 not known (yet) by slurm; will return 'running' by default.
No jobs available for user okendojo and/or filters used
Job 18473117 not known (yet) by slurm; will return 'running' by default.
[Thu May  7 03:49:31 2026]
Finished job 566.
548 of 561 steps (98%) done
[Thu May  7 03:55:22 2026]
Finished job 563.
549 of 561 steps (98%) done
[Thu May  7 03:57:21 2026]
Finished job 565.
550 of 561 steps (98%) done
[Thu May  7 04:01:53 2026]
Finished job 564.
551 of 561 steps (98%) done
Select jobs to execute...

[Thu May  7 04:01:53 2026]
rule combineTipsONT:
    input: 3-alignTips/splitONT.finished, 3-alignTips/aligned001.gaf, 3-alignTips/aligned002.gaf, 3-alignTips/aligned003.gaf, 3-alignTips/aligned004.gaf
    output: 3-alignTips/alns-ont.gaf
    log: 3-alignTips/combineONT.err
    jobid: 14
    reason: Missing output files: 3-alignTips/alns-ont.gaf; Input files updated by another job: 3-alignTips/aligned003.gaf, 3-alignTips/aligned001.gaf, 3-alignTips/aligned004.gaf, 3-alignTips/aligned002.gaf
    resources: mem_mb=1000, mem_mib=954, disk_mb=1000, disk_mib=954, tmpdir=<TBD>, job_id=1, n_cpus=1, mem_gb=4, time_h=2

Submitted job 14 with external jobid '18473672'.
No jobs available for user okendojo and/or filters used
Job 18473672 not known (yet) by slurm; will return 'running' by default.
Waiting at most 30 seconds for missing files.
[Thu May  7 04:02:24 2026]
Finished job 14.
552 of 561 steps (98%) done
Select jobs to execute...

[Thu May  7 04:02:24 2026]
rule processONT:
    input: 2-processGraph/unitig-unrolled-hifi-resolved.gfa, 1-buildGraph/hifi_nodecov.csv, 3-align/alns-ont.gaf, 3-alignTips/alns-ont.gaf
    output: 4-processONT/unitig-unrolled-ont-resolved.gfa, 4-processONT/alns-ont-mapqfilter.gaf, 4-processONT/gaps-ont.gaf, 4-processONT/nodecovs-ont.csv
    log: 4-processONT/processONT.err
    jobid: 2
    reason: Missing output files: 4-processONT/unitig-unrolled-ont-resolved.gfa, 4-processONT/alns-ont-mapqfilter.gaf, 4-processONT/nodecovs-ont.csv, 4-processONT/gaps-ont.gaf; Input files updated by another job: 3-alignTips/alns-ont.gaf, 3-align/alns-ont.gaf, 1-buildGraph/hifi_nodecov.csv, 2-processGraph/unitig-unrolled-hifi-resolved.gfa
    threads: 16
    resources: mem_mb=6796, mem_mib=6482, disk_mb=6796, disk_mib=6482, tmpdir=<TBD>, job_id=1, n_cpus=16, mem_gb=64, time_h=48

Submitted job 2 with external jobid '18473676'.
No jobs available for user okendojo and/or filters used
Job 18473676 not known (yet) by slurm; will return 'running' by default.
No jobs available for user okendojo and/or filters used
Job 18473676 not known (yet) by slurm; will return 'running' by default.
[Thu May  7 04:13:23 2026]
Finished job 2.
553 of 561 steps (99%) done
Select jobs to execute...

[Thu May  7 04:13:23 2026]
rule extractONT:
    input: 4-processONT/gaps-ont.gaf, 3-align/splitONT.finished
    output: 7-consensus/ont_subset.id, 7-consensus/ont_subset.extract, 7-consensus/ont_subset.fasta.gz
    log: 7-consensus/extractONT.err
    jobid: 21
    reason: Missing output files: 7-consensus/ont_subset.fasta.gz, 7-consensus/ont_subset.id; Input files updated by another job: 4-processONT/gaps-ont.gaf
    threads: 8
    resources: mem_mb=1000, mem_mib=954, disk_mb=1000, disk_mib=954, tmpdir=<TBD>, job_id=1, n_cpus=8, mem_gb=16, time_h=24

Submitted job 21 with external jobid '18473960'.

[Thu May  7 04:13:27 2026]
rule untip:
    input: 4-processONT/unitig-unrolled-ont-resolved.gfa, 1-buildGraph/hifi_nodecov.csv, 4-processONT/nodecovs-ont.csv
    output: 5-untip/unitig-unrolled-unitig-unrolled-popped-unitig-normal-connected-tip.gfa, 5-untip/unitig-unrolled-unitig-unrolled-popped-unitig-normal-connected-tip.hifi-coverage.csv, 5-untip/unitig-unrolled-unitig-unrolled-popped-unitig-normal-connected-tip.ont-coverage.csv
    log: 5-untip/untip.err
    jobid: 1
    reason: Missing output files: 5-untip/unitig-unrolled-unitig-unrolled-popped-unitig-normal-connected-tip.ont-coverage.csv, 5-untip/unitig-unrolled-unitig-unrolled-popped-unitig-normal-connected-tip.gfa, 5-untip/unitig-unrolled-unitig-unrolled-popped-unitig-normal-connected-tip.hifi-coverage.csv; Input files updated by another job: 1-buildGraph/hifi_nodecov.csv, 4-processONT/unitig-unrolled-ont-resolved.gfa, 4-processONT/nodecovs-ont.csv
    resources: mem_mb=4399, mem_mib=4196, disk_mb=4399, disk_mib=4196, tmpdir=<TBD>, job_id=1, n_cpus=1, mem_gb=64, time_h=24

Submitted job 1 with external jobid '18473962'.
No jobs available for user okendojo and/or filters used
Job 18473960 not known (yet) by slurm; will return 'running' by default.
No jobs available for user okendojo and/or filters used
Job 18473962 not known (yet) by slurm; will return 'running' by default.
[Thu May  7 04:16:23 2026]
Finished job 21.
554 of 561 steps (99%) done
[Thu May  7 04:21:54 2026]
Finished job 1.
555 of 561 steps (99%) done
Select jobs to execute...

[Thu May  7 04:21:54 2026]
rule rukki:
    input: 5-untip/unitig-unrolled-unitig-unrolled-popped-unitig-normal-connected-tip.gfa, 5-untip/unitig-unrolled-unitig-unrolled-popped-unitig-normal-connected-tip.hifi-coverage.csv
    output: 6-rukki/unitig-unrolled-unitig-unrolled-popped-unitig-normal-connected-tip.fasta, 6-rukki/unitig-unrolled-unitig-unrolled-popped-unitig-normal-connected-tip.noseq.gfa, 6-rukki/unitig-unrolled-unitig-unrolled-popped-unitig-normal-connected-tip.colors.csv, 6-rukki/unitig-unrolled-unitig-unrolled-popped-unitig-normal-connected-tip.paths.tsv, 6-rukki/unitig-unrolled-unitig-unrolled-popped-unitig-normal-connected-tip.paths.gaf
    log: 6-rukki/rukki.err
    jobid: 16
    reason: Missing output files: 6-rukki/unitig-unrolled-unitig-unrolled-popped-unitig-normal-connected-tip.paths.gaf, 6-rukki/unitig-unrolled-unitig-unrolled-popped-unitig-normal-connected-tip.colors.csv, 6-rukki/unitig-unrolled-unitig-unrolled-popped-unitig-normal-connected-tip.paths.tsv, 6-rukki/unitig-unrolled-unitig-unrolled-popped-unitig-normal-connected-tip.noseq.gfa; Input files updated by another job: 5-untip/unitig-unrolled-unitig-unrolled-popped-unitig-normal-connected-tip.gfa, 5-untip/unitig-unrolled-unitig-unrolled-popped-unitig-normal-connected-tip.hifi-coverage.csv
    threads: 8
    resources: mem_mb=4175, mem_mib=3982, disk_mb=4175, disk_mib=3982, tmpdir=<TBD>, job_id=1, n_cpus=8, mem_gb=16, time_h=4

Submitted job 16 with external jobid '18474137'.
No jobs available for user okendojo and/or filters used
Job 18474137 not known (yet) by slurm; will return 'running' by default.
[Thu May  7 04:36:52 2026]
Finished job 16.
556 of 561 steps (99%) done
Select jobs to execute...
[Thu May  7 04:36:52 2026]

group job layoutGroup (jobs in lexicogr. order):

    [Thu May  7 04:36:52 2026]
    rule generateLayoutContigsInputs:
        input: 5-untip/unitig-unrolled-unitig-unrolled-popped-unitig-normal-connected-tip.gfa, 1-buildGraph/paths.gaf, 4-processONT/alns-ont-mapqfilter.gaf, 4-processONT/gaps-ont.gaf
        output: 6-layoutContigs/combined-nodemap.txt, 6-layoutContigs/combined-edges.gfa, 6-layoutContigs/hifi.alignments.gaf, 6-layoutContigs/ont.alignments.gaf, 6-layoutContigs/consensus_paths.txt, 6-layoutContigs/nodelens.txt
        log: 6-layoutContigs/createLayoutInputs.err
        jobid: 18
        reason: Missing output files: 6-layoutContigs/nodelens.txt, 6-layoutContigs/hifi.alignments.gaf, 6-layoutContigs/ont.alignments.gaf, 6-layoutContigs/combined-edges.gfa, 6-layoutContigs/combined-nodemap.txt; Input files updated by another job: 5-untip/unitig-unrolled-unitig-unrolled-popped-unitig-normal-connected-tip.gfa, 1-buildGraph/paths.gaf, 4-processONT/alns-ont-mapqfilter.gaf, 4-processONT/gaps-ont.gaf
        resources: mem_mb=7624, mem_mib=7271, disk_mb=7624, disk_mib=7271, tmpdir=<TBD>, job_id=1, n_cpus=1, mem_gb=32, time_h=24


    [Thu May  7 04:36:52 2026]
    rule layoutContigs:
        input: 6-layoutContigs/combined-nodemap.txt, 6-layoutContigs/combined-edges.gfa, 6-layoutContigs/hifi.alignments.gaf, 6-layoutContigs/ont.alignments.gaf, 6-rukki/unitig-unrolled-unitig-unrolled-popped-unitig-normal-connected-tip.paths.gaf, 6-layoutContigs/nodelens.txt
        output: 6-layoutContigs/unitig-popped.layout, 6-layoutContigs/unitig-popped.layout.scfmap, 6-layoutContigs/gaps.txt
        log: 6-layoutContigs/createLayout.err
        jobid: 17
        reason: Missing output files: 6-layoutContigs/unitig-popped.layout.scfmap, 6-layoutContigs/unitig-popped.layout; Input files updated by another job: 6-layoutContigs/nodelens.txt, 6-layoutContigs/hifi.alignments.gaf, 6-layoutContigs/ont.alignments.gaf, 6-rukki/unitig-unrolled-unitig-unrolled-popped-unitig-normal-connected-tip.paths.gaf, 6-layoutContigs/combined-edges.gfa, 6-layoutContigs/combined-nodemap.txt
        resources: mem_mb=<TBD>, disk_mb=<TBD>, tmpdir=<TBD>, job_id=1, n_cpus=1, mem_gb=32, time_h=24

Submitted group job 457e2824-a61f-5d79-af22-e369b335677b with external jobid '18474515'.
No jobs available for user okendojo and/or filters used
Job 18474515 not known (yet) by slurm; will return 'running' by default.
[Thu May  7 04:47:21 2026]
Finished job 18.
[Thu May  7 04:47:21 2026]
Finished job 17.
558 of 561 steps (99%) done
Select jobs to execute...

[Thu May  7 04:47:21 2026]
checkpoint buildPackages:
    input: /data/okendojo/zebrafish/data/g3/output/meryl/bins/tlwik/hifi/TLWIK_PacBio.fasta.gz, 6-layoutContigs/unitig-popped.layout, 7-consensus/ont_subset.fasta.gz, 7-consensus/ont_subset.id
    output: 7-consensus/packages.tigName_to_ID.map, 7-consensus/packages.finished, 7-consensus/packages.report
    log: 7-consensus/buildPackages.err
    jobid: 20
    reason: Missing output files: 7-consensus/packages.tigName_to_ID.map, 7-consensus/packages.finished; Input files updated by another job: 7-consensus/ont_subset.fasta.gz, 7-consensus/ont_subset.id, 6-layoutContigs/unitig-popped.layout
    threads: 8
    resources: mem_mb=119617, mem_mib=114076, disk_mb=119617, disk_mib=114076, tmpdir=<TBD>, job_id=1, n_cpus=8, mem_gb=70, time_h=24
DAG of jobs will be updated after completion.

Submitted job 20 with external jobid '18474759'.
No jobs available for user okendojo and/or filters used
Job 18474759 not known (yet) by slurm; will return 'running' by default.
[Thu May  7 05:17:19 2026]
Finished job 20.
559 of 561 steps (99.6%) done
Select jobs to execute...

[Thu May  7 05:17:20 2026]
rule generateConsensus:
    input: 7-consensus/packages/part038.cnspack, 7-consensus/packages.tigName_to_ID.map, 7-consensus/packages.report, 7-consensus/ont_subset.id
    output: 7-consensus/packages/part038.fasta
    log: 7-consensus/packages/part038.err
    jobid: 605
    reason: Missing output files: 7-consensus/packages/part038.fasta
    wildcards: nnnn=038
    threads: 8
    resources: mem_mb=3900, mem_mib=3720, disk_mb=3900, disk_mib=3720, tmpdir=<TBD>, job_id=38, n_cpus=8, mem_gb=8, time_h=24

Submitted job 605 with external jobid '18476483'.

[Thu May  7 05:17:23 2026]
rule generateConsensus:
    input: 7-consensus/packages/part032.cnspack, 7-consensus/packages.tigName_to_ID.map, 7-consensus/packages.report, 7-consensus/ont_subset.id
    output: 7-consensus/packages/part032.fasta
    log: 7-consensus/packages/part032.err
    jobid: 599
    reason: Missing output files: 7-consensus/packages/part032.fasta
    wildcards: nnnn=032
    threads: 8
    resources: mem_mb=3782, mem_mib=3607, disk_mb=3782, disk_mib=3607, tmpdir=<TBD>, job_id=32, n_cpus=8, mem_gb=16, time_h=24

Submitted job 599 with external jobid '18476484'.

[Thu May  7 05:17:26 2026]
rule generateConsensus:
    input: 7-consensus/packages/part025.cnspack, 7-consensus/packages.tigName_to_ID.map, 7-consensus/packages.report, 7-consensus/ont_subset.id
    output: 7-consensus/packages/part025.fasta
    log: 7-consensus/packages/part025.err
    jobid: 592
    reason: Missing output files: 7-consensus/packages/part025.fasta
    wildcards: nnnn=025
    threads: 8
    resources: mem_mb=2231, mem_mib=2128, disk_mb=2231, disk_mib=2128, tmpdir=<TBD>, job_id=25, n_cpus=8, mem_gb=24, time_h=24

Submitted job 592 with external jobid '18476486'.

[Thu May  7 05:17:30 2026]
rule generateConsensus:
    input: 7-consensus/packages/part018.cnspack, 7-consensus/packages.tigName_to_ID.map, 7-consensus/packages.report, 7-consensus/ont_subset.id
    output: 7-consensus/packages/part018.fasta
    log: 7-consensus/packages/part018.err
    jobid: 585
    reason: Missing output files: 7-consensus/packages/part018.fasta
    wildcards: nnnn=018
    threads: 8
    resources: mem_mb=1891, mem_mib=1804, disk_mb=1891, disk_mib=1804, tmpdir=<TBD>, job_id=18, n_cpus=8, mem_gb=29, time_h=24

No jobs available for user okendojo and/or filters used
Submitted job 585 with external jobid '18476488'.

[Thu May  7 05:17:33 2026]
rule generateConsensus:
    input: 7-consensus/packages/part007.cnspack, 7-consensus/packages.tigName_to_ID.map, 7-consensus/packages.report, 7-consensus/ont_subset.id
    output: 7-consensus/packages/part007.fasta
    log: 7-consensus/packages/part007.err
    jobid: 574
    reason: Missing output files: 7-consensus/packages/part007.fasta
    wildcards: nnnn=007
    threads: 8
    resources: mem_mb=1700, mem_mib=1622, disk_mb=1700, disk_mib=1622, tmpdir=<TBD>, job_id=7, n_cpus=8, mem_gb=33, time_h=24

Job 18476483 not known (yet) by slurm; will return 'running' by default.
No jobs available for user okendojo and/or filters used
Submitted job 574 with external jobid '18476490'.

[Thu May  7 05:17:36 2026]
rule generateConsensus:
    input: 7-consensus/packages/part004.cnspack, 7-consensus/packages.tigName_to_ID.map, 7-consensus/packages.report, 7-consensus/ont_subset.id
    output: 7-consensus/packages/part004.fasta
    log: 7-consensus/packages/part004.err
    jobid: 571
    reason: Missing output files: 7-consensus/packages/part004.fasta
    wildcards: nnnn=004
    threads: 8
    resources: mem_mb=1446, mem_mib=1380, disk_mb=1446, disk_mib=1380, tmpdir=<TBD>, job_id=4, n_cpus=8, mem_gb=33, time_h=24

Job 18476484 not known (yet) by slurm; will return 'running' by default.
Submitted job 571 with external jobid '18476492'.

[Thu May  7 05:17:41 2026]
rule generateConsensus:
    input: 7-consensus/packages/part039.cnspack, 7-consensus/packages.tigName_to_ID.map, 7-consensus/packages.report, 7-consensus/ont_subset.id
    output: 7-consensus/packages/part039.fasta
    log: 7-consensus/packages/part039.err
    jobid: 606
    reason: Missing output files: 7-consensus/packages/part039.fasta
    wildcards: nnnn=039
    threads: 8
    resources: mem_mb=4053, mem_mib=3866, disk_mb=4053, disk_mib=3866, tmpdir=<TBD>, job_id=39, n_cpus=8, mem_gb=7, time_h=24

Submitted job 606 with external jobid '18476495'.

[Thu May  7 05:17:46 2026]
rule generateConsensus:
    input: 7-consensus/packages/part033.cnspack, 7-consensus/packages.tigName_to_ID.map, 7-consensus/packages.report, 7-consensus/ont_subset.id
    output: 7-consensus/packages/part033.fasta
    log: 7-consensus/packages/part033.err
    jobid: 600
    reason: Missing output files: 7-consensus/packages/part033.fasta
    wildcards: nnnn=033
    threads: 8
    resources: mem_mb=3798, mem_mib=3623, disk_mb=3798, disk_mib=3623, tmpdir=<TBD>, job_id=33, n_cpus=8, mem_gb=15, time_h=24

Submitted job 600 with external jobid '18476497'.

[Thu May  7 05:17:50 2026]
rule generateConsensus:
    input: 7-consensus/packages/part026.cnspack, 7-consensus/packages.tigName_to_ID.map, 7-consensus/packages.report, 7-consensus/ont_subset.id
    output: 7-consensus/packages/part026.fasta
    log: 7-consensus/packages/part026.err
    jobid: 593
    reason: Missing output files: 7-consensus/packages/part026.fasta
    wildcards: nnnn=026
    threads: 8
    resources: mem_mb=2508, mem_mib=2392, disk_mb=2508, disk_mib=2392, tmpdir=<TBD>, job_id=26, n_cpus=8, mem_gb=23, time_h=24

Submitted job 593 with external jobid '18476499'.

[Thu May  7 05:17:53 2026]
rule generateConsensus:
    input: 7-consensus/packages/part019.cnspack, 7-consensus/packages.tigName_to_ID.map, 7-consensus/packages.report, 7-consensus/ont_subset.id
    output: 7-consensus/packages/part019.fasta
    log: 7-consensus/packages/part019.err
    jobid: 586
    reason: Missing output files: 7-consensus/packages/part019.fasta
    wildcards: nnnn=019
    threads: 8
    resources: mem_mb=1875, mem_mib=1789, disk_mb=1875, disk_mib=1789, tmpdir=<TBD>, job_id=19, n_cpus=8, mem_gb=28, time_h=24

Submitted job 586 with external jobid '18476501'.

[Thu May  7 05:17:56 2026]
rule generateConsensus:
    input: 7-consensus/packages/part008.cnspack, 7-consensus/packages.tigName_to_ID.map, 7-consensus/packages.report, 7-consensus/ont_subset.id
    output: 7-consensus/packages/part008.fasta
    log: 7-consensus/packages/part008.err
    jobid: 575
    reason: Missing output files: 7-consensus/packages/part008.fasta
    wildcards: nnnn=008
    threads: 8
    resources: mem_mb=1712, mem_mib=1633, disk_mb=1712, disk_mib=1633, tmpdir=<TBD>, job_id=8, n_cpus=8, mem_gb=32, time_h=24

Submitted job 575 with external jobid '18476503'.

[Thu May  7 05:17:59 2026]
rule generateConsensus:
    input: 7-consensus/packages/part005.cnspack, 7-consensus/packages.tigName_to_ID.map, 7-consensus/packages.report, 7-consensus/ont_subset.id
    output: 7-consensus/packages/part005.fasta
    log: 7-consensus/packages/part005.err
    jobid: 572
    reason: Missing output files: 7-consensus/packages/part005.fasta
    wildcards: nnnn=005
    threads: 8
    resources: mem_mb=1460, mem_mib=1393, disk_mb=1460, disk_mib=1393, tmpdir=<TBD>, job_id=5, n_cpus=8, mem_gb=33, time_h=24

Submitted job 572 with external jobid '18476508'.

[Thu May  7 05:18:03 2026]
rule generateConsensus:
    input: 7-consensus/packages/part040.cnspack, 7-consensus/packages.tigName_to_ID.map, 7-consensus/packages.report, 7-consensus/ont_subset.id
    output: 7-consensus/packages/part040.fasta
    log: 7-consensus/packages/part040.err
    jobid: 607
    reason: Missing output files: 7-consensus/packages/part040.fasta
    wildcards: nnnn=040
    threads: 8
    resources: mem_mb=1087, mem_mib=1037, disk_mb=1087, disk_mib=1037, tmpdir=<TBD>, job_id=40, n_cpus=8, mem_gb=6, time_h=24

Submitted job 607 with external jobid '18476512'.

[Thu May  7 05:18:06 2026]
rule generateConsensus:
    input: 7-consensus/packages/part034.cnspack, 7-consensus/packages.tigName_to_ID.map, 7-consensus/packages.report, 7-consensus/ont_subset.id
    output: 7-consensus/packages/part034.fasta
    log: 7-consensus/packages/part034.err
    jobid: 601
    reason: Missing output files: 7-consensus/packages/part034.fasta
    wildcards: nnnn=034
    threads: 8
    resources: mem_mb=3803, mem_mib=3627, disk_mb=3803, disk_mib=3627, tmpdir=<TBD>, job_id=34, n_cpus=8, mem_gb=12, time_h=24

Submitted job 601 with external jobid '18476514'.

[Thu May  7 05:18:09 2026]
rule generateConsensus:
    input: 7-consensus/packages/part027.cnspack, 7-consensus/packages.tigName_to_ID.map, 7-consensus/packages.report, 7-consensus/ont_subset.id
    output: 7-consensus/packages/part027.fasta
    log: 7-consensus/packages/part027.err
    jobid: 594
    reason: Missing output files: 7-consensus/packages/part027.fasta
    wildcards: nnnn=027
    threads: 8
    resources: mem_mb=2950, mem_mib=2814, disk_mb=2950, disk_mib=2814, tmpdir=<TBD>, job_id=27, n_cpus=8, mem_gb=20, time_h=24

Submitted job 594 with external jobid '18476519'.

[Thu May  7 05:18:12 2026]
rule generateConsensus:
    input: 7-consensus/packages/part020.cnspack, 7-consensus/packages.tigName_to_ID.map, 7-consensus/packages.report, 7-consensus/ont_subset.id
    output: 7-consensus/packages/part020.fasta
    log: 7-consensus/packages/part020.err
    jobid: 587
    reason: Missing output files: 7-consensus/packages/part020.fasta
    wildcards: nnnn=020
    threads: 8
    resources: mem_mb=1889, mem_mib=1802, disk_mb=1889, disk_mib=1802, tmpdir=<TBD>, job_id=20, n_cpus=8, mem_gb=27, time_h=24

No jobs available for user okendojo and/or filters used
Submitted job 587 with external jobid '18476521'.

[Thu May  7 05:18:15 2026]
rule generateConsensus:
    input: 7-consensus/packages/part009.cnspack, 7-consensus/packages.tigName_to_ID.map, 7-consensus/packages.report, 7-consensus/ont_subset.id
    output: 7-consensus/packages/part009.fasta
    log: 7-consensus/packages/part009.err
    jobid: 576
    reason: Missing output files: 7-consensus/packages/part009.fasta
    wildcards: nnnn=009
    threads: 8
    resources: mem_mb=1795, mem_mib=1712, disk_mb=1795, disk_mib=1712, tmpdir=<TBD>, job_id=9, n_cpus=8, mem_gb=31, time_h=24

Job 18476497 not known (yet) by slurm; will return 'running' by default.
Submitted job 576 with external jobid '18476523'.

[Thu May  7 05:18:19 2026]
rule generateConsensus:
    input: 7-consensus/packages/part013.cnspack, 7-consensus/packages.tigName_to_ID.map, 7-consensus/packages.report, 7-consensus/ont_subset.id
    output: 7-consensus/packages/part013.fasta
    log: 7-consensus/packages/part013.err
    jobid: 580
    reason: Missing output files: 7-consensus/packages/part013.fasta
    wildcards: nnnn=013
    threads: 8
    resources: mem_mb=1989, mem_mib=1897, disk_mb=1989, disk_mib=1897, tmpdir=<TBD>, job_id=13, n_cpus=8, mem_gb=29, time_h=24

Submitted job 580 with external jobid '18476526'.

[Thu May  7 05:18:22 2026]
rule generateConsensus:
    input: 7-consensus/packages/part002.cnspack, 7-consensus/packages.tigName_to_ID.map, 7-consensus/packages.report, 7-consensus/ont_subset.id
    output: 7-consensus/packages/part002.fasta
    log: 7-consensus/packages/part002.err
    jobid: 569
    reason: Missing output files: 7-consensus/packages/part002.fasta
    wildcards: nnnn=002
    threads: 8
    resources: mem_mb=1437, mem_mib=1371, disk_mb=1437, disk_mib=1371, tmpdir=<TBD>, job_id=2, n_cpus=8, mem_gb=38, time_h=24

Submitted job 569 with external jobid '18476527'.

[Thu May  7 05:18:25 2026]
rule generateConsensus:
    input: 7-consensus/packages/part035.cnspack, 7-consensus/packages.tigName_to_ID.map, 7-consensus/packages.report, 7-consensus/ont_subset.id
    output: 7-consensus/packages/part035.fasta
    log: 7-consensus/packages/part035.err
    jobid: 602
    reason: Missing output files: 7-consensus/packages/part035.fasta
    wildcards: nnnn=035
    threads: 8
    resources: mem_mb=3803, mem_mib=3627, disk_mb=3803, disk_mib=3627, tmpdir=<TBD>, job_id=35, n_cpus=8, mem_gb=12, time_h=24

Submitted job 602 with external jobid '18476528'.

[Thu May  7 05:18:28 2026]
rule generateConsensus:
    input: 7-consensus/packages/part028.cnspack, 7-consensus/packages.tigName_to_ID.map, 7-consensus/packages.report, 7-consensus/ont_subset.id
    output: 7-consensus/packages/part028.fasta
    log: 7-consensus/packages/part028.err
    jobid: 595
    reason: Missing output files: 7-consensus/packages/part028.fasta
    wildcards: nnnn=028
    threads: 8
    resources: mem_mb=3046, mem_mib=2905, disk_mb=3046, disk_mib=2905, tmpdir=<TBD>, job_id=28, n_cpus=8, mem_gb=19, time_h=24

Submitted job 595 with external jobid '18476530'.

[Thu May  7 05:18:31 2026]
rule generateConsensus:
    input: 7-consensus/packages/part021.cnspack, 7-consensus/packages.tigName_to_ID.map, 7-consensus/packages.report, 7-consensus/ont_subset.id
    output: 7-consensus/packages/part021.fasta
    log: 7-consensus/packages/part021.err
    jobid: 588
    reason: Missing output files: 7-consensus/packages/part021.fasta
    wildcards: nnnn=021
    threads: 8
    resources: mem_mb=1797, mem_mib=1714, disk_mb=1797, disk_mib=1714, tmpdir=<TBD>, job_id=21, n_cpus=8, mem_gb=28, time_h=24

Submitted job 588 with external jobid '18476531'.

[Thu May  7 05:18:35 2026]
rule generateConsensus:
    input: 7-consensus/packages/part010.cnspack, 7-consensus/packages.tigName_to_ID.map, 7-consensus/packages.report, 7-consensus/ont_subset.id
    output: 7-consensus/packages/part010.fasta
    log: 7-consensus/packages/part010.err
    jobid: 577
    reason: Missing output files: 7-consensus/packages/part010.fasta
    wildcards: nnnn=010
    threads: 8
    resources: mem_mb=1869, mem_mib=1783, disk_mb=1869, disk_mib=1783, tmpdir=<TBD>, job_id=10, n_cpus=8, mem_gb=30, time_h=24

Submitted job 577 with external jobid '18476532'.

[Thu May  7 05:18:38 2026]
rule generateConsensus:
    input: 7-consensus/packages/part036.cnspack, 7-consensus/packages.tigName_to_ID.map, 7-consensus/packages.report, 7-consensus/ont_subset.id
    output: 7-consensus/packages/part036.fasta
    log: 7-consensus/packages/part036.err
    jobid: 603
    reason: Missing output files: 7-consensus/packages/part036.fasta
    wildcards: nnnn=036
    threads: 8
    resources: mem_mb=3824, mem_mib=3647, disk_mb=3824, disk_mib=3647, tmpdir=<TBD>, job_id=36, n_cpus=8, mem_gb=11, time_h=24

Submitted job 603 with external jobid '18476536'.

[Thu May  7 05:18:43 2026]
rule generateConsensus:
    input: 7-consensus/packages/part029.cnspack, 7-consensus/packages.tigName_to_ID.map, 7-consensus/packages.report, 7-consensus/ont_subset.id
    output: 7-consensus/packages/part029.fasta
    log: 7-consensus/packages/part029.err
    jobid: 596
    reason: Missing output files: 7-consensus/packages/part029.fasta
    wildcards: nnnn=029
    threads: 8
    resources: mem_mb=3461, mem_mib=3301, disk_mb=3461, disk_mib=3301, tmpdir=<TBD>, job_id=29, n_cpus=8, mem_gb=17, time_h=24

Submitted job 596 with external jobid '18476537'.

[Thu May  7 05:18:46 2026]
rule generateConsensus:
    input: 7-consensus/packages/part022.cnspack, 7-consensus/packages.tigName_to_ID.map, 7-consensus/packages.report, 7-consensus/ont_subset.id
    output: 7-consensus/packages/part022.fasta
    log: 7-consensus/packages/part022.err
    jobid: 589
    reason: Missing output files: 7-consensus/packages/part022.fasta
    wildcards: nnnn=022
    threads: 8
    resources: mem_mb=2074, mem_mib=1978, disk_mb=2074, disk_mib=1978, tmpdir=<TBD>, job_id=22, n_cpus=8, mem_gb=28, time_h=24

Submitted job 589 with external jobid '18476538'.

[Thu May  7 05:18:50 2026]
rule generateConsensus:
    input: 7-consensus/packages/part015.cnspack, 7-consensus/packages.tigName_to_ID.map, 7-consensus/packages.report, 7-consensus/ont_subset.id
    output: 7-consensus/packages/part015.fasta
    log: 7-consensus/packages/part015.err
    jobid: 582
    reason: Missing output files: 7-consensus/packages/part015.fasta
    wildcards: nnnn=015
    threads: 8
    resources: mem_mb=1921, mem_mib=1833, disk_mb=1921, disk_mib=1833, tmpdir=<TBD>, job_id=15, n_cpus=8, mem_gb=30, time_h=24

Submitted job 582 with external jobid '18476541'.

[Thu May  7 05:18:53 2026]
rule generateConsensus:
    input: 7-consensus/packages/part006.cnspack, 7-consensus/packages.tigName_to_ID.map, 7-consensus/packages.report, 7-consensus/ont_subset.id
    output: 7-consensus/packages/part006.fasta
    log: 7-consensus/packages/part006.err
    jobid: 573
    reason: Missing output files: 7-consensus/packages/part006.fasta
    wildcards: nnnn=006
    threads: 8
    resources: mem_mb=1623, mem_mib=1548, disk_mb=1623, disk_mib=1548, tmpdir=<TBD>, job_id=6, n_cpus=8, mem_gb=33, time_h=24

Submitted job 573 with external jobid '18476544'.

[Thu May  7 05:18:56 2026]
rule generateConsensus:
    input: 7-consensus/packages/part012.cnspack, 7-consensus/packages.tigName_to_ID.map, 7-consensus/packages.report, 7-consensus/ont_subset.id
    output: 7-consensus/packages/part012.fasta
    log: 7-consensus/packages/part012.err
    jobid: 579
    reason: Missing output files: 7-consensus/packages/part012.fasta
    wildcards: nnnn=012
    threads: 8
    resources: mem_mb=1799, mem_mib=1716, disk_mb=1799, disk_mib=1716, tmpdir=<TBD>, job_id=12, n_cpus=8, mem_gb=29, time_h=24

Submitted job 579 with external jobid '18476546'.

[Thu May  7 05:18:59 2026]
rule generateConsensus:
    input: 7-consensus/packages/part037.cnspack, 7-consensus/packages.tigName_to_ID.map, 7-consensus/packages.report, 7-consensus/ont_subset.id
    output: 7-consensus/packages/part037.fasta
    log: 7-consensus/packages/part037.err
    jobid: 604
    reason: Missing output files: 7-consensus/packages/part037.fasta
    wildcards: nnnn=037
    threads: 8
    resources: mem_mb=3832, mem_mib=3655, disk_mb=3832, disk_mib=3655, tmpdir=<TBD>, job_id=37, n_cpus=8, mem_gb=10, time_h=24

Submitted job 604 with external jobid '18476551'.

[Thu May  7 05:19:02 2026]
rule generateConsensus:
    input: 7-consensus/packages/part030.cnspack, 7-consensus/packages.tigName_to_ID.map, 7-consensus/packages.report, 7-consensus/ont_subset.id
    output: 7-consensus/packages/part030.fasta
    log: 7-consensus/packages/part030.err
    jobid: 597
    reason: Missing output files: 7-consensus/packages/part030.fasta
    wildcards: nnnn=030
    threads: 8
    resources: mem_mb=3651, mem_mib=3482, disk_mb=3651, disk_mib=3482, tmpdir=<TBD>, job_id=30, n_cpus=8, mem_gb=17, time_h=24

Submitted job 597 with external jobid '18476553'.

[Thu May  7 05:19:06 2026]
rule generateConsensus:
    input: 7-consensus/packages/part023.cnspack, 7-consensus/packages.tigName_to_ID.map, 7-consensus/packages.report, 7-consensus/ont_subset.id
    output: 7-consensus/packages/part023.fasta
    log: 7-consensus/packages/part023.err
    jobid: 590
    reason: Missing output files: 7-consensus/packages/part023.fasta
    wildcards: nnnn=023
    threads: 8
    resources: mem_mb=1765, mem_mib=1684, disk_mb=1765, disk_mib=1684, tmpdir=<TBD>, job_id=23, n_cpus=8, mem_gb=28, time_h=24

Submitted job 590 with external jobid '18476556'.

[Thu May  7 05:19:09 2026]
rule generateConsensus:
    input: 7-consensus/packages/part016.cnspack, 7-consensus/packages.tigName_to_ID.map, 7-consensus/packages.report, 7-consensus/ont_subset.id
    output: 7-consensus/packages/part016.fasta
    log: 7-consensus/packages/part016.err
    jobid: 583
    reason: Missing output files: 7-consensus/packages/part016.fasta
    wildcards: nnnn=016
    threads: 8
    resources: mem_mb=1902, mem_mib=1814, disk_mb=1902, disk_mib=1814, tmpdir=<TBD>, job_id=16, n_cpus=8, mem_gb=28, time_h=24

Submitted job 583 with external jobid '18476561'.

[Thu May  7 05:19:12 2026]
rule generateConsensus:
    input: 7-consensus/packages/part014.cnspack, 7-consensus/packages.tigName_to_ID.map, 7-consensus/packages.report, 7-consensus/ont_subset.id
    output: 7-consensus/packages/part014.fasta
    log: 7-consensus/packages/part014.err
    jobid: 581
    reason: Missing output files: 7-consensus/packages/part014.fasta
    wildcards: nnnn=014
    threads: 8
    resources: mem_mb=1856, mem_mib=1771, disk_mb=1856, disk_mib=1771, tmpdir=<TBD>, job_id=14, n_cpus=8, mem_gb=30, time_h=24

Submitted job 581 with external jobid '18476562'.

[Thu May  7 05:19:15 2026]
rule generateConsensus:
    input: 7-consensus/packages/part001.cnspack, 7-consensus/packages.tigName_to_ID.map, 7-consensus/packages.report, 7-consensus/ont_subset.id
    output: 7-consensus/packages/part001.fasta
    log: 7-consensus/packages/part001.err
    jobid: 568
    reason: Missing output files: 7-consensus/packages/part001.fasta
    wildcards: nnnn=001
    threads: 8
    resources: mem_mb=1370, mem_mib=1307, disk_mb=1370, disk_mib=1307, tmpdir=<TBD>, job_id=1, n_cpus=8, mem_gb=39, time_h=24

Submitted job 568 with external jobid '18476565'.

[Thu May  7 05:19:18 2026]
rule generateConsensus:
    input: 7-consensus/packages/part031.cnspack, 7-consensus/packages.tigName_to_ID.map, 7-consensus/packages.report, 7-consensus/ont_subset.id
    output: 7-consensus/packages/part031.fasta
    log: 7-consensus/packages/part031.err
    jobid: 598
    reason: Missing output files: 7-consensus/packages/part031.fasta
    wildcards: nnnn=031
    threads: 8
    resources: mem_mb=3750, mem_mib=3577, disk_mb=3750, disk_mib=3577, tmpdir=<TBD>, job_id=31, n_cpus=8, mem_gb=16, time_h=24

Submitted job 598 with external jobid '18476567'.

[Thu May  7 05:19:22 2026]
rule generateConsensus:
    input: 7-consensus/packages/part024.cnspack, 7-consensus/packages.tigName_to_ID.map, 7-consensus/packages.report, 7-consensus/ont_subset.id
    output: 7-consensus/packages/part024.fasta
    log: 7-consensus/packages/part024.err
    jobid: 591
    reason: Missing output files: 7-consensus/packages/part024.fasta
    wildcards: nnnn=024
    threads: 8
    resources: mem_mb=1832, mem_mib=1748, disk_mb=1832, disk_mib=1748, tmpdir=<TBD>, job_id=24, n_cpus=8, mem_gb=27, time_h=24

Submitted job 591 with external jobid '18476570'.

[Thu May  7 05:19:25 2026]
rule generateConsensus:
    input: 7-consensus/packages/part017.cnspack, 7-consensus/packages.tigName_to_ID.map, 7-consensus/packages.report, 7-consensus/ont_subset.id
    output: 7-consensus/packages/part017.fasta
    log: 7-consensus/packages/part017.err
    jobid: 584
    reason: Missing output files: 7-consensus/packages/part017.fasta
    wildcards: nnnn=017
    threads: 8
    resources: mem_mb=1824, mem_mib=1740, disk_mb=1824, disk_mib=1740, tmpdir=<TBD>, job_id=17, n_cpus=8, mem_gb=29, time_h=24

Submitted job 584 with external jobid '18476574'.

[Thu May  7 05:19:29 2026]
rule generateConsensus:
    input: 7-consensus/packages/part011.cnspack, 7-consensus/packages.tigName_to_ID.map, 7-consensus/packages.report, 7-consensus/ont_subset.id
    output: 7-consensus/packages/part011.fasta
    log: 7-consensus/packages/part011.err
    jobid: 578
    reason: Missing output files: 7-consensus/packages/part011.fasta
    wildcards: nnnn=011
    threads: 8
    resources: mem_mb=1710, mem_mib=1631, disk_mb=1710, disk_mib=1631, tmpdir=<TBD>, job_id=11, n_cpus=8, mem_gb=32, time_h=24

Submitted job 578 with external jobid '18476577'.

[Thu May  7 05:19:34 2026]
rule generateConsensus:
    input: 7-consensus/packages/part003.cnspack, 7-consensus/packages.tigName_to_ID.map, 7-consensus/packages.report, 7-consensus/ont_subset.id
    output: 7-consensus/packages/part003.fasta
    log: 7-consensus/packages/part003.err
    jobid: 570
    reason: Missing output files: 7-consensus/packages/part003.fasta
    wildcards: nnnn=003
    threads: 8
    resources: mem_mb=1286, mem_mib=1227, disk_mb=1286, disk_mib=1227, tmpdir=<TBD>, job_id=3, n_cpus=8, mem_gb=38, time_h=24

Submitted job 570 with external jobid '18476578'.
[Thu May  7 05:39:25 2026]
Finished job 571.
560 of 601 steps (93%) done
[Thu May  7 05:41:05 2026]
Finished job 607.
561 of 601 steps (93%) done
[Thu May  7 05:41:52 2026]
Finished job 570.
562 of 601 steps (94%) done
[Thu May  7 05:42:01 2026]
Finished job 569.
563 of 601 steps (94%) done
[Thu May  7 05:42:25 2026]
Finished job 572.
564 of 601 steps (94%) done
[Thu May  7 05:43:14 2026]
Finished job 568.
565 of 601 steps (94%) done
[Thu May  7 05:45:19 2026]
Finished job 575.
566 of 601 steps (94%) done
[Thu May  7 05:45:25 2026]
Finished job 574.
567 of 601 steps (94%) done
[Thu May  7 05:45:43 2026]
Finished job 573.
568 of 601 steps (95%) done
[Thu May  7 05:47:58 2026]
Finished job 586.
569 of 601 steps (95%) done
[Thu May  7 05:48:17 2026]
Finished job 582.
570 of 601 steps (95%) done
[Thu May  7 05:48:29 2026]
Finished job 579.
571 of 601 steps (95%) done
[Thu May  7 05:48:47 2026]
Finished job 584.
572 of 601 steps (95%) done
[Thu May  7 05:48:53 2026]
Finished job 576.
573 of 601 steps (95%) done
[Thu May  7 05:48:55 2026]
Finished job 580.
574 of 601 steps (96%) done
[Thu May  7 05:49:04 2026]
Finished job 577.
575 of 601 steps (96%) done
[Thu May  7 05:49:49 2026]
Finished job 583.
576 of 601 steps (96%) done
[Thu May  7 05:49:51 2026]
Finished job 581.
577 of 601 steps (96%) done
[Thu May  7 05:49:56 2026]
Finished job 591.
578 of 601 steps (96%) done
[Thu May  7 05:49:58 2026]
Finished job 578.
579 of 601 steps (96%) done
[Thu May  7 05:50:06 2026]
Finished job 588.
580 of 601 steps (97%) done
[Thu May  7 05:52:19 2026]
Finished job 589.
581 of 601 steps (97%) done
[Thu May  7 05:52:36 2026]
Finished job 590.
582 of 601 steps (97%) done
[Thu May  7 05:53:27 2026]
Finished job 587.
583 of 601 steps (97%) done
[Thu May  7 05:56:03 2026]
Finished job 585.
584 of 601 steps (97%) done
[Thu May  7 05:58:51 2026]
Finished job 593.
585 of 601 steps (97%) done
[Thu May  7 06:01:36 2026]
Finished job 592.
586 of 601 steps (98%) done
[Thu May  7 06:08:49 2026]
Finished job 594.
587 of 601 steps (98%) done
[Thu May  7 06:15:49 2026]
Finished job 595.
588 of 601 steps (98%) done
[Thu May  7 06:18:35 2026]
Finished job 597.
589 of 601 steps (98%) done
[Thu May  7 06:19:01 2026]
Finished job 601.
590 of 601 steps (98%) done
[Thu May  7 06:19:16 2026]
Finished job 598.
591 of 601 steps (98%) done
[Thu May  7 06:19:43 2026]
Finished job 604.
592 of 601 steps (99%) done
[Thu May  7 06:20:17 2026]
Finished job 600.
593 of 601 steps (99%) done
[Thu May  7 06:21:07 2026]
Finished job 599.
594 of 601 steps (99%) done
[Thu May  7 06:21:26 2026]
Finished job 596.
595 of 601 steps (99%) done
[Thu May  7 06:24:05 2026]
Finished job 606.
596 of 601 steps (99%) done
[Thu May  7 06:24:18 2026]
Finished job 602.
597 of 601 steps (99%) done
[Thu May  7 06:27:55 2026]
Finished job 603.
598 of 601 steps (99.5%) done
[Thu May  7 06:29:27 2026]
Finished job 605.
599 of 601 steps (99.7%) done
Select jobs to execute...

[Thu May  7 06:29:27 2026]
rule combineConsensus:
    input: 7-consensus/packages/part001.fasta, 7-consensus/packages/part002.fasta, 7-consensus/packages/part003.fasta, 7-consensus/packages/part004.fasta, 7-consensus/packages/part005.fasta, 7-consensus/packages/part006.fasta, 7-consensus/packages/part007.fasta, 7-consensus/packages/part008.fasta, 7-consensus/packages/part009.fasta, 7-consensus/packages/part010.fasta, 7-consensus/packages/part011.fasta, 7-consensus/packages/part012.fasta, 7-consensus/packages/part013.fasta, 7-consensus/packages/part014.fasta, 7-consensus/packages/part015.fasta, 7-consensus/packages/part016.fasta, 7-consensus/packages/part017.fasta, 7-consensus/packages/part018.fasta, 7-consensus/packages/part019.fasta, 7-consensus/packages/part020.fasta, 7-consensus/packages/part021.fasta, 7-consensus/packages/part022.fasta, 7-consensus/packages/part023.fasta, 7-consensus/packages/part024.fasta, 7-consensus/packages/part025.fasta, 7-consensus/packages/part026.fasta, 7-consensus/packages/part027.fasta, 7-consensus/packages/part028.fasta, 7-consensus/packages/part029.fasta, 7-consensus/packages/part030.fasta, 7-consensus/packages/part031.fasta, 7-consensus/packages/part032.fasta, 7-consensus/packages/part033.fasta, 7-consensus/packages/part034.fasta, 7-consensus/packages/part035.fasta, 7-consensus/packages/part036.fasta, 7-consensus/packages/part037.fasta, 7-consensus/packages/part038.fasta, 7-consensus/packages/part039.fasta, 7-consensus/packages/part040.fasta, 7-consensus/packages.tigName_to_ID.map, 6-layoutContigs/unitig-popped.layout.scfmap, 6-layoutContigs/unitig-popped.layout, 6-layoutContigs/ont.alignments.gaf, 5-untip/unitig-unrolled-unitig-unrolled-popped-unitig-normal-connected-tip.hifi-coverage.csv, 7-consensus/packages.finished, 6-rukki/unitig-unrolled-unitig-unrolled-popped-unitig-normal-connected-tip.paths.tsv, 5-untip/unitig-unrolled-unitig-unrolled-popped-unitig-normal-connected-tip.gfa
    output: 7-consensus/unitig-popped.bam, 7-consensus/unitig-popped.fasta, 7-consensus/unitig-popped.haplotype1.fasta, 7-consensus/unitig-popped.haplotype2.fasta, 7-consensus/unitig-popped.unassigned.fasta, 7-consensus/combined.fasta
    log: 7-consensus/combineConsensus.out, 7-consensus/combineConsensus.err
    jobid: 19
    reason: Missing output files: 7-consensus/unitig-popped.unassigned.fasta, 7-consensus/unitig-popped.bam, 7-consensus/unitig-popped.haplotype2.fasta, 7-consensus/unitig-popped.haplotype1.fasta, 7-consensus/unitig-popped.fasta; Input files updated by another job: 7-consensus/packages/part012.fasta, 7-consensus/packages/part031.fasta, 7-consensus/packages/part017.fasta, 7-consensus/packages/part007.fasta, 7-consensus/packages/part022.fasta, 7-consensus/packages/part009.fasta, 7-consensus/packages/part004.fasta, 7-consensus/packages/part021.fasta, 7-consensus/packages/part010.fasta, 7-consensus/packages/part029.fasta, 7-consensus/packages/part005.fasta, 7-consensus/packages/part033.fasta, 7-consensus/packages/part013.fasta, 7-consensus/packages/part039.fasta, 7-consensus/packages/part032.fasta, 7-consensus/packages/part035.fasta, 7-consensus/packages/part011.fasta, 7-consensus/packages/part003.fasta, 7-consensus/packages/part006.fasta, 7-consensus/packages/part024.fasta, 7-consensus/packages/part036.fasta, 7-consensus/packages/part030.fasta, 7-consensus/packages/part038.fasta, 7-consensus/packages/part001.fasta, 7-consensus/packages/part002.fasta, 7-consensus/packages/part014.fasta, 7-consensus/packages/part028.fasta, 7-consensus/packages/part018.fasta, 7-consensus/packages/part023.fasta, 7-consensus/packages/part016.fasta, 7-consensus/packages/part008.fasta, 7-consensus/packages/part015.fasta, 7-consensus/packages/part020.fasta, 7-consensus/packages/part027.fasta, 7-consensus/packages/part037.fasta, 7-consensus/packages/part025.fasta, 7-consensus/packages/part034.fasta, 7-consensus/packages/part026.fasta, 7-consensus/packages/part019.fasta, 7-consensus/packages/part040.fasta
    threads: 8
    resources: mem_mb=12678, mem_mib=12091, disk_mb=12678, disk_mib=12091, tmpdir=<TBD>, job_id=1, n_cpus=8, mem_gb=6, time_h=4

Submitted job 19 with external jobid '18478821'.
No jobs available for user okendojo and/or filters used
Job 18478821 not known (yet) by slurm; will return 'running' by default.
[Thu May  7 06:32:20 2026]
Finished job 19.
600 of 601 steps (99.8%) done
Select jobs to execute...

[Thu May  7 06:32:20 2026]
localrule verkko:
    input: 5-untip/unitig-unrolled-unitig-unrolled-popped-unitig-normal-connected-tip.gfa, 6-rukki/unitig-unrolled-unitig-unrolled-popped-unitig-normal-connected-tip.noseq.gfa, 6-layoutContigs/unitig-popped.layout, 6-layoutContigs/unitig-popped.layout.scfmap, 7-consensus/unitig-popped.bam, 7-consensus/unitig-popped.fasta, 7-consensus/unitig-popped.haplotype1.fasta, 7-consensus/unitig-popped.haplotype2.fasta, 7-consensus/unitig-popped.unassigned.fasta, 6-rukki/unitig-unrolled-unitig-unrolled-popped-unitig-normal-connected-tip.paths.tsv, 6-rukki/unitig-unrolled-unitig-unrolled-popped-unitig-normal-connected-tip.colors.csv, 5-untip/unitig-unrolled-unitig-unrolled-popped-unitig-normal-connected-tip.hifi-coverage.csv, 5-untip/unitig-unrolled-unitig-unrolled-popped-unitig-normal-connected-tip.ont-coverage.csv
    output: assembly.homopolymer-compressed.gfa, assembly.homopolymer-compressed.noseq.gfa, assembly.homopolymer-compressed.layout, assembly.hifi-coverage.csv, assembly.ont-coverage.csv, assembly.fasta, assembly.scfmap
    jobid: 0
    reason: Missing output files: assembly.hifi-coverage.csv, assembly.fasta, assembly.ont-coverage.csv, assembly.homopolymer-compressed.noseq.gfa, assembly.homopolymer-compressed.gfa, assembly.scfmap, assembly.homopolymer-compressed.layout; Input files updated by another job: 6-rukki/unitig-unrolled-unitig-unrolled-popped-unitig-normal-connected-tip.colors.csv, 7-consensus/unitig-popped.unassigned.fasta, 7-consensus/unitig-popped.bam, 5-untip/unitig-unrolled-unitig-unrolled-popped-unitig-normal-connected-tip.gfa, 7-consensus/unitig-popped.haplotype2.fasta, 6-layoutContigs/unitig-popped.layout, 6-layoutContigs/unitig-popped.layout.scfmap, 6-rukki/unitig-unrolled-unitig-unrolled-popped-unitig-normal-connected-tip.paths.tsv, 5-untip/unitig-unrolled-unitig-unrolled-popped-unitig-normal-connected-tip.ont-coverage.csv, 6-rukki/unitig-unrolled-unitig-unrolled-popped-unitig-normal-connected-tip.noseq.gfa, 5-untip/unitig-unrolled-unitig-unrolled-popped-unitig-normal-connected-tip.hifi-coverage.csv, 7-consensus/unitig-popped.haplotype1.fasta, 7-consensus/unitig-popped.fasta
    resources: mem_mb=16981, mem_mib=16195, disk_mb=16981, disk_mib=16195, tmpdir=/tmp

[Thu May  7 06:32:41 2026]
Finished job 0.
601 of 601 steps (100%) done
Complete log: .snakemake/log/2026-05-06T125328.010927.snakemake.log
