[+] Loading singularity  4.3.7  on cn1149 
[+] Loading mbg  1.0.16 
[+] Loading graphaligner  1.0.19 
[+] Loading seqtk  1.4 
[+] Loading winnowmap  2.03 
[+] Loading python 3.10  ... 
[+] Loading snakemake  7.32.4 
[-] Unloading singularity  4.3.7  on cn1149 
[+] Loading singularity  4.3.7  on cn1149 
[+] Loading MashMap  3.1.1 
[+] Loading bwa 0.7.17 on cn1149 
[+] Loading minimap2, version 2.28...
[+] Loading samtools 1.17  ... 
[+] Loading verkko  2.2.1 
Launching snapshot v2.2.1
Using snakemake 7.32.4.
Using profile /usr/local/apps/verkko/2.2.1/lib/verkko/profiles for setting default command line arguments.
Building DAG of jobs...
Using shell: /usr/bin/bash
Provided cluster nodes: 1000
Job stats:
job                            count
---------------------------  -------
buildGraph                         1
buildPackages                      1
buildStore                         1
combineConsensus                   1
combineONT                         1
combineOverlaps                    1
combineOverlapsConfigure           1
combineTipsONT                     1
configureFindErrors                1
correctHiFi                        1
extractONT                         1
fixErrors                          1
generateLayoutContigsInputs        1
layoutContigs                      1
prepareOverlaps                    1
processGraph                       1
processONT                         1
rukki                              1
splitONT                           1
splitTipsONT                       1
untip                              1
verkko                             1
total                             22

Select jobs to execute...

[Wed May  6 12:50:56 2026]
rule buildStore:
    input: /data/okendojo/zebrafish/data/g3/output/meryl/bins/abtu/hifi/ABTU_PacBio.fasta.gz
    output: 0-correction/hifi.seqStore
    log: 0-correction/buildStore.err
    jobid: 7
    reason: Missing output files: 0-correction/hifi.seqStore
    resources: mem_mb=75329, mem_mib=71840, disk_mb=75329, disk_mib=71840, tmpdir=<TBD>, job_id=1, n_cpus=1, mem_gb=4, time_h=4

Submitted job 7 with external jobid '18415836'.

[Wed May  6 12:51:00 2026]
checkpoint splitONT:
    input: /data/okendojo/zebrafish/data/g3/output/meryl/bins/abtu/ont/ABTU_ONT.fasta.gz
    output: 3-align/splitONT.finished, 3-align/splitONT.ids
    log: 3-align/splitONT.err
    jobid: 13
    reason: Missing output files: 3-align/splitONT.finished
    resources: mem_mb=84600, mem_mib=80681, disk_mb=84600, disk_mib=80681, tmpdir=<TBD>, job_id=1, n_cpus=1, mem_gb=8, time_h=96
DAG of jobs will be updated after completion.

Submitted job 13 with external jobid '18415837'.
No jobs available for user okendojo and/or filters used
Job 18415836 not known (yet) by slurm; will return 'running' by default.
No jobs available for user okendojo and/or filters used
Job 18415837 not known (yet) by slurm; will return 'running' by default.
[Wed May  6 13:10:30 2026]
Finished job 7.
1 of 22 steps (5%) done
Select jobs to execute...

[Wed May  6 13:10:30 2026]
checkpoint prepareOverlaps:
    input: /data/okendojo/zebrafish/data/g3/output/meryl/bins/abtu/hifi/ABTU_PacBio.fasta.gz, 0-correction/hifi.seqStore
    output: 0-correction/matchchains.metadata, 0-correction/matchchains.positions
    log: 0-correction/matchchains-index.err
    jobid: 10
    reason: Missing output files: 0-correction/matchchains.metadata, 0-correction/matchchains.positions; Input files updated by another job: 0-correction/hifi.seqStore
    threads: 8
    resources: mem_mb=75329, mem_mib=71840, disk_mb=75329, disk_mib=71840, tmpdir=<TBD>, job_id=1, n_cpus=8, mem_gb=16, time_h=24
DAG of jobs will be updated after completion.

Submitted job 10 with external jobid '18417086'.
No jobs available for user okendojo and/or filters used
Job 18417086 not known (yet) by slurm; will return 'running' by default.
[Wed May  6 13:27:55 2026]
Finished job 13.
2 of 22 steps (9%) done
[Wed May  6 15:05:27 2026]
Finished job 10.
3 of 82 steps (4%) done
Select jobs to execute...

[Wed May  6 15:05:28 2026]
rule computeOverlaps:
    input: 0-correction/matchchains.metadata, 0-correction/matchchains.positions, 0-correction/overlap-jobs/027.id, 0-correction/hifi.seqStore
    output: 0-correction/overlap-jobs/027.ovb
    log: 0-correction/overlap-jobs/027.err
    jobid: 113
    reason: Missing output files: 0-correction/overlap-jobs/027.ovb
    wildcards: nnnn=027
    resources: mem_mb=179032, mem_mib=170739, disk_mb=179032, disk_mib=170739, tmpdir=<TBD>, job_id=1, n_cpus=1, mem_gb=16, time_h=24

Submitted job 113 with external jobid '18431452'.

[Wed May  6 15:05:31 2026]
rule computeOverlaps:
    input: 0-correction/matchchains.metadata, 0-correction/matchchains.positions, 0-correction/overlap-jobs/020.id, 0-correction/hifi.seqStore
    output: 0-correction/overlap-jobs/020.ovb
    log: 0-correction/overlap-jobs/020.err
    jobid: 106
    reason: Missing output files: 0-correction/overlap-jobs/020.ovb
    wildcards: nnnn=020
    resources: mem_mb=179032, mem_mib=170739, disk_mb=179032, disk_mib=170739, tmpdir=<TBD>, job_id=1, n_cpus=1, mem_gb=16, time_h=24

Submitted job 106 with external jobid '18431460'.

[Wed May  6 15:05:34 2026]
rule computeOverlaps:
    input: 0-correction/matchchains.metadata, 0-correction/matchchains.positions, 0-correction/overlap-jobs/014.id, 0-correction/hifi.seqStore
    output: 0-correction/overlap-jobs/014.ovb
    log: 0-correction/overlap-jobs/014.err
    jobid: 100
    reason: Missing output files: 0-correction/overlap-jobs/014.ovb
    wildcards: nnnn=014
    resources: mem_mb=179032, mem_mib=170739, disk_mb=179032, disk_mib=170739, tmpdir=<TBD>, job_id=1, n_cpus=1, mem_gb=16, time_h=24

Submitted job 100 with external jobid '18431469'.

[Wed May  6 15:05:37 2026]
rule computeOverlaps:
    input: 0-correction/matchchains.metadata, 0-correction/matchchains.positions, 0-correction/overlap-jobs/007.id, 0-correction/hifi.seqStore
    output: 0-correction/overlap-jobs/007.ovb
    log: 0-correction/overlap-jobs/007.err
    jobid: 93
    reason: Missing output files: 0-correction/overlap-jobs/007.ovb
    wildcards: nnnn=007
    resources: mem_mb=179032, mem_mib=170739, disk_mb=179032, disk_mib=170739, tmpdir=<TBD>, job_id=1, n_cpus=1, mem_gb=16, time_h=24

No jobs available for user okendojo and/or filters used
Submitted job 93 with external jobid '18431480'.

[Wed May  6 15:05:40 2026]
rule computeOverlaps:
    input: 0-correction/matchchains.metadata, 0-correction/matchchains.positions, 0-correction/overlap-jobs/008.id, 0-correction/hifi.seqStore
    output: 0-correction/overlap-jobs/008.ovb
    log: 0-correction/overlap-jobs/008.err
    jobid: 94
    reason: Missing output files: 0-correction/overlap-jobs/008.ovb
    wildcards: nnnn=008
    resources: mem_mb=179032, mem_mib=170739, disk_mb=179032, disk_mib=170739, tmpdir=<TBD>, job_id=1, n_cpus=1, mem_gb=16, time_h=24

Job 18431452 not known (yet) by slurm; will return 'running' by default.
Submitted job 94 with external jobid '18431492'.

[Wed May  6 15:05:44 2026]
rule computeOverlaps:
    input: 0-correction/matchchains.metadata, 0-correction/matchchains.positions, 0-correction/overlap-jobs/028.id, 0-correction/hifi.seqStore
    output: 0-correction/overlap-jobs/028.ovb
    log: 0-correction/overlap-jobs/028.err
    jobid: 114
    reason: Missing output files: 0-correction/overlap-jobs/028.ovb
    wildcards: nnnn=028
    resources: mem_mb=179032, mem_mib=170739, disk_mb=179032, disk_mib=170739, tmpdir=<TBD>, job_id=1, n_cpus=1, mem_gb=16, time_h=24

No jobs available for user okendojo and/or filters used
Job 18431460 not known (yet) by slurm; will return 'running' by default.
Submitted job 114 with external jobid '18431504'.

[Wed May  6 15:05:47 2026]
rule computeOverlaps:
    input: 0-correction/matchchains.metadata, 0-correction/matchchains.positions, 0-correction/overlap-jobs/021.id, 0-correction/hifi.seqStore
    output: 0-correction/overlap-jobs/021.ovb
    log: 0-correction/overlap-jobs/021.err
    jobid: 107
    reason: Missing output files: 0-correction/overlap-jobs/021.ovb
    wildcards: nnnn=021
    resources: mem_mb=179032, mem_mib=170739, disk_mb=179032, disk_mib=170739, tmpdir=<TBD>, job_id=1, n_cpus=1, mem_gb=16, time_h=24

Submitted job 107 with external jobid '18431517'.

[Wed May  6 15:05:50 2026]
rule computeOverlaps:
    input: 0-correction/matchchains.metadata, 0-correction/matchchains.positions, 0-correction/overlap-jobs/015.id, 0-correction/hifi.seqStore
    output: 0-correction/overlap-jobs/015.ovb
    log: 0-correction/overlap-jobs/015.err
    jobid: 101
    reason: Missing output files: 0-correction/overlap-jobs/015.ovb
    wildcards: nnnn=015
    resources: mem_mb=179032, mem_mib=170739, disk_mb=179032, disk_mib=170739, tmpdir=<TBD>, job_id=1, n_cpus=1, mem_gb=16, time_h=24

Submitted job 101 with external jobid '18431523'.

[Wed May  6 15:05:53 2026]
rule computeOverlaps:
    input: 0-correction/matchchains.metadata, 0-correction/matchchains.positions, 0-correction/overlap-jobs/005.id, 0-correction/hifi.seqStore
    output: 0-correction/overlap-jobs/005.ovb
    log: 0-correction/overlap-jobs/005.err
    jobid: 91
    reason: Missing output files: 0-correction/overlap-jobs/005.ovb
    wildcards: nnnn=005
    resources: mem_mb=179032, mem_mib=170739, disk_mb=179032, disk_mib=170739, tmpdir=<TBD>, job_id=1, n_cpus=1, mem_gb=16, time_h=24

Submitted job 91 with external jobid '18431528'.

[Wed May  6 15:05:56 2026]
rule computeOverlaps:
    input: 0-correction/matchchains.metadata, 0-correction/matchchains.positions, 0-correction/overlap-jobs/000.id, 0-correction/hifi.seqStore
    output: 0-correction/overlap-jobs/000.ovb
    log: 0-correction/overlap-jobs/000.err
    jobid: 86
    reason: Missing output files: 0-correction/overlap-jobs/000.ovb
    wildcards: nnnn=000
    resources: mem_mb=179032, mem_mib=170739, disk_mb=179032, disk_mib=170739, tmpdir=<TBD>, job_id=1, n_cpus=1, mem_gb=16, time_h=24

Submitted job 86 with external jobid '18431533'.

[Wed May  6 15:06:00 2026]
rule computeOverlaps:
    input: 0-correction/matchchains.metadata, 0-correction/matchchains.positions, 0-correction/overlap-jobs/029.id, 0-correction/hifi.seqStore
    output: 0-correction/overlap-jobs/029.ovb
    log: 0-correction/overlap-jobs/029.err
    jobid: 115
    reason: Missing output files: 0-correction/overlap-jobs/029.ovb
    wildcards: nnnn=029
    resources: mem_mb=179032, mem_mib=170739, disk_mb=179032, disk_mib=170739, tmpdir=<TBD>, job_id=1, n_cpus=1, mem_gb=16, time_h=24

Submitted job 115 with external jobid '18431539'.

[Wed May  6 15:06:03 2026]
rule computeOverlaps:
    input: 0-correction/matchchains.metadata, 0-correction/matchchains.positions, 0-correction/overlap-jobs/022.id, 0-correction/hifi.seqStore
    output: 0-correction/overlap-jobs/022.ovb
    log: 0-correction/overlap-jobs/022.err
    jobid: 108
    reason: Missing output files: 0-correction/overlap-jobs/022.ovb
    wildcards: nnnn=022
    resources: mem_mb=179032, mem_mib=170739, disk_mb=179032, disk_mib=170739, tmpdir=<TBD>, job_id=1, n_cpus=1, mem_gb=16, time_h=24

No jobs available for user okendojo and/or filters used
Submitted job 108 with external jobid '18431547'.

[Wed May  6 15:06:06 2026]
rule computeOverlaps:
    input: 0-correction/matchchains.metadata, 0-correction/matchchains.positions, 0-correction/overlap-jobs/016.id, 0-correction/hifi.seqStore
    output: 0-correction/overlap-jobs/016.ovb
    log: 0-correction/overlap-jobs/016.err
    jobid: 102
    reason: Missing output files: 0-correction/overlap-jobs/016.ovb
    wildcards: nnnn=016
    resources: mem_mb=179032, mem_mib=170739, disk_mb=179032, disk_mib=170739, tmpdir=<TBD>, job_id=1, n_cpus=1, mem_gb=16, time_h=24

Job 18431504 not known (yet) by slurm; will return 'running' by default.
Submitted job 102 with external jobid '18431552'.

[Wed May  6 15:06:09 2026]
rule computeOverlaps:
    input: 0-correction/matchchains.metadata, 0-correction/matchchains.positions, 0-correction/overlap-jobs/012.id, 0-correction/hifi.seqStore
    output: 0-correction/overlap-jobs/012.ovb
    log: 0-correction/overlap-jobs/012.err
    jobid: 98
    reason: Missing output files: 0-correction/overlap-jobs/012.ovb
    wildcards: nnnn=012
    resources: mem_mb=179032, mem_mib=170739, disk_mb=179032, disk_mib=170739, tmpdir=<TBD>, job_id=1, n_cpus=1, mem_gb=16, time_h=24

Submitted job 98 with external jobid '18431558'.

[Wed May  6 15:06:12 2026]
rule computeOverlaps:
    input: 0-correction/matchchains.metadata, 0-correction/matchchains.positions, 0-correction/overlap-jobs/002.id, 0-correction/hifi.seqStore
    output: 0-correction/overlap-jobs/002.ovb
    log: 0-correction/overlap-jobs/002.err
    jobid: 88
    reason: Missing output files: 0-correction/overlap-jobs/002.ovb
    wildcards: nnnn=002
    resources: mem_mb=179032, mem_mib=170739, disk_mb=179032, disk_mib=170739, tmpdir=<TBD>, job_id=1, n_cpus=1, mem_gb=16, time_h=24

No jobs available for user okendojo and/or filters used
Job 18431517 not known (yet) by slurm; will return 'running' by default.
Submitted job 88 with external jobid '18431563'.

[Wed May  6 15:06:17 2026]
rule computeOverlaps:
    input: 0-correction/matchchains.metadata, 0-correction/matchchains.positions, 0-correction/overlap-jobs/030.id, 0-correction/hifi.seqStore
    output: 0-correction/overlap-jobs/030.ovb
    log: 0-correction/overlap-jobs/030.err
    jobid: 116
    reason: Missing output files: 0-correction/overlap-jobs/030.ovb
    wildcards: nnnn=030
    resources: mem_mb=179032, mem_mib=170739, disk_mb=179032, disk_mib=170739, tmpdir=<TBD>, job_id=1, n_cpus=1, mem_gb=16, time_h=24

Submitted job 116 with external jobid '18431568'.

[Wed May  6 15:06:22 2026]
rule computeOverlaps:
    input: 0-correction/matchchains.metadata, 0-correction/matchchains.positions, 0-correction/overlap-jobs/023.id, 0-correction/hifi.seqStore
    output: 0-correction/overlap-jobs/023.ovb
    log: 0-correction/overlap-jobs/023.err
    jobid: 109
    reason: Missing output files: 0-correction/overlap-jobs/023.ovb
    wildcards: nnnn=023
    resources: mem_mb=179032, mem_mib=170739, disk_mb=179032, disk_mib=170739, tmpdir=<TBD>, job_id=1, n_cpus=1, mem_gb=16, time_h=24

Submitted job 109 with external jobid '18431574'.

[Wed May  6 15:06:26 2026]
rule computeOverlaps:
    input: 0-correction/matchchains.metadata, 0-correction/matchchains.positions, 0-correction/overlap-jobs/017.id, 0-correction/hifi.seqStore
    output: 0-correction/overlap-jobs/017.ovb
    log: 0-correction/overlap-jobs/017.err
    jobid: 103
    reason: Missing output files: 0-correction/overlap-jobs/017.ovb
    wildcards: nnnn=017
    resources: mem_mb=179032, mem_mib=170739, disk_mb=179032, disk_mib=170739, tmpdir=<TBD>, job_id=1, n_cpus=1, mem_gb=16, time_h=24

Submitted job 103 with external jobid '18431577'.

[Wed May  6 15:06:29 2026]
rule computeOverlaps:
    input: 0-correction/matchchains.metadata, 0-correction/matchchains.positions, 0-correction/overlap-jobs/006.id, 0-correction/hifi.seqStore
    output: 0-correction/overlap-jobs/006.ovb
    log: 0-correction/overlap-jobs/006.err
    jobid: 92
    reason: Missing output files: 0-correction/overlap-jobs/006.ovb
    wildcards: nnnn=006
    resources: mem_mb=179032, mem_mib=170739, disk_mb=179032, disk_mib=170739, tmpdir=<TBD>, job_id=1, n_cpus=1, mem_gb=16, time_h=24

Submitted job 92 with external jobid '18431579'.

[Wed May  6 15:06:32 2026]
rule computeOverlaps:
    input: 0-correction/matchchains.metadata, 0-correction/matchchains.positions, 0-correction/overlap-jobs/001.id, 0-correction/hifi.seqStore
    output: 0-correction/overlap-jobs/001.ovb
    log: 0-correction/overlap-jobs/001.err
    jobid: 87
    reason: Missing output files: 0-correction/overlap-jobs/001.ovb
    wildcards: nnnn=001
    resources: mem_mb=179032, mem_mib=170739, disk_mb=179032, disk_mib=170739, tmpdir=<TBD>, job_id=1, n_cpus=1, mem_gb=16, time_h=24

Submitted job 87 with external jobid '18431582'.

[Wed May  6 15:06:35 2026]
rule computeOverlaps:
    input: 0-correction/matchchains.metadata, 0-correction/matchchains.positions, 0-correction/overlap-jobs/031.id, 0-correction/hifi.seqStore
    output: 0-correction/overlap-jobs/031.ovb
    log: 0-correction/overlap-jobs/031.err
    jobid: 117
    reason: Missing output files: 0-correction/overlap-jobs/031.ovb
    wildcards: nnnn=031
    resources: mem_mb=179032, mem_mib=170739, disk_mb=179032, disk_mib=170739, tmpdir=<TBD>, job_id=1, n_cpus=1, mem_gb=16, time_h=24

Submitted job 117 with external jobid '18431588'.

[Wed May  6 15:06:38 2026]
rule computeOverlaps:
    input: 0-correction/matchchains.metadata, 0-correction/matchchains.positions, 0-correction/overlap-jobs/024.id, 0-correction/hifi.seqStore
    output: 0-correction/overlap-jobs/024.ovb
    log: 0-correction/overlap-jobs/024.err
    jobid: 110
    reason: Missing output files: 0-correction/overlap-jobs/024.ovb
    wildcards: nnnn=024
    resources: mem_mb=179032, mem_mib=170739, disk_mb=179032, disk_mib=170739, tmpdir=<TBD>, job_id=1, n_cpus=1, mem_gb=16, time_h=24

Submitted job 110 with external jobid '18431596'.

[Wed May  6 15:06:42 2026]
rule computeOverlaps:
    input: 0-correction/matchchains.metadata, 0-correction/matchchains.positions, 0-correction/overlap-jobs/018.id, 0-correction/hifi.seqStore
    output: 0-correction/overlap-jobs/018.ovb
    log: 0-correction/overlap-jobs/018.err
    jobid: 104
    reason: Missing output files: 0-correction/overlap-jobs/018.ovb
    wildcards: nnnn=018
    resources: mem_mb=179032, mem_mib=170739, disk_mb=179032, disk_mib=170739, tmpdir=<TBD>, job_id=1, n_cpus=1, mem_gb=16, time_h=24

No jobs available for user okendojo and/or filters used
Submitted job 104 with external jobid '18431601'.

[Wed May  6 15:06:45 2026]
rule computeOverlaps:
    input: 0-correction/matchchains.metadata, 0-correction/matchchains.positions, 0-correction/overlap-jobs/009.id, 0-correction/hifi.seqStore
    output: 0-correction/overlap-jobs/009.ovb
    log: 0-correction/overlap-jobs/009.err
    jobid: 95
    reason: Missing output files: 0-correction/overlap-jobs/009.ovb
    wildcards: nnnn=009
    resources: mem_mb=179032, mem_mib=170739, disk_mb=179032, disk_mib=170739, tmpdir=<TBD>, job_id=1, n_cpus=1, mem_gb=16, time_h=24

Job 18431563 not known (yet) by slurm; will return 'running' by default.
Submitted job 95 with external jobid '18431607'.

[Wed May  6 15:06:48 2026]
rule computeOverlaps:
    input: 0-correction/matchchains.metadata, 0-correction/matchchains.positions, 0-correction/overlap-jobs/025.id, 0-correction/hifi.seqStore
    output: 0-correction/overlap-jobs/025.ovb
    log: 0-correction/overlap-jobs/025.err
    jobid: 111
    reason: Missing output files: 0-correction/overlap-jobs/025.ovb
    wildcards: nnnn=025
    resources: mem_mb=179032, mem_mib=170739, disk_mb=179032, disk_mib=170739, tmpdir=<TBD>, job_id=1, n_cpus=1, mem_gb=16, time_h=24

Submitted job 111 with external jobid '18431613'.

[Wed May  6 15:06:51 2026]
rule computeOverlaps:
    input: 0-correction/matchchains.metadata, 0-correction/matchchains.positions, 0-correction/overlap-jobs/019.id, 0-correction/hifi.seqStore
    output: 0-correction/overlap-jobs/019.ovb
    log: 0-correction/overlap-jobs/019.err
    jobid: 105
    reason: Missing output files: 0-correction/overlap-jobs/019.ovb
    wildcards: nnnn=019
    resources: mem_mb=179032, mem_mib=170739, disk_mb=179032, disk_mib=170739, tmpdir=<TBD>, job_id=1, n_cpus=1, mem_gb=16, time_h=24

Submitted job 105 with external jobid '18431618'.

[Wed May  6 15:06:54 2026]
rule computeOverlaps:
    input: 0-correction/matchchains.metadata, 0-correction/matchchains.positions, 0-correction/overlap-jobs/010.id, 0-correction/hifi.seqStore
    output: 0-correction/overlap-jobs/010.ovb
    log: 0-correction/overlap-jobs/010.err
    jobid: 96
    reason: Missing output files: 0-correction/overlap-jobs/010.ovb
    wildcards: nnnn=010
    resources: mem_mb=179032, mem_mib=170739, disk_mb=179032, disk_mib=170739, tmpdir=<TBD>, job_id=1, n_cpus=1, mem_gb=16, time_h=24

Submitted job 96 with external jobid '18431622'.

[Wed May  6 15:06:58 2026]
rule computeOverlaps:
    input: 0-correction/matchchains.metadata, 0-correction/matchchains.positions, 0-correction/overlap-jobs/003.id, 0-correction/hifi.seqStore
    output: 0-correction/overlap-jobs/003.ovb
    log: 0-correction/overlap-jobs/003.err
    jobid: 89
    reason: Missing output files: 0-correction/overlap-jobs/003.ovb
    wildcards: nnnn=003
    resources: mem_mb=179032, mem_mib=170739, disk_mb=179032, disk_mib=170739, tmpdir=<TBD>, job_id=1, n_cpus=1, mem_gb=16, time_h=24

Submitted job 89 with external jobid '18431628'.

[Wed May  6 15:07:01 2026]
rule computeOverlaps:
    input: 0-correction/matchchains.metadata, 0-correction/matchchains.positions, 0-correction/overlap-jobs/026.id, 0-correction/hifi.seqStore
    output: 0-correction/overlap-jobs/026.ovb
    log: 0-correction/overlap-jobs/026.err
    jobid: 112
    reason: Missing output files: 0-correction/overlap-jobs/026.ovb
    wildcards: nnnn=026
    resources: mem_mb=179032, mem_mib=170739, disk_mb=179032, disk_mib=170739, tmpdir=<TBD>, job_id=1, n_cpus=1, mem_gb=16, time_h=24

Submitted job 112 with external jobid '18431634'.

[Wed May  6 15:07:04 2026]
rule computeOverlaps:
    input: 0-correction/matchchains.metadata, 0-correction/matchchains.positions, 0-correction/overlap-jobs/013.id, 0-correction/hifi.seqStore
    output: 0-correction/overlap-jobs/013.ovb
    log: 0-correction/overlap-jobs/013.err
    jobid: 99
    reason: Missing output files: 0-correction/overlap-jobs/013.ovb
    wildcards: nnnn=013
    resources: mem_mb=179032, mem_mib=170739, disk_mb=179032, disk_mib=170739, tmpdir=<TBD>, job_id=1, n_cpus=1, mem_gb=16, time_h=24

Submitted job 99 with external jobid '18431639'.

[Wed May  6 15:07:07 2026]
rule computeOverlaps:
    input: 0-correction/matchchains.metadata, 0-correction/matchchains.positions, 0-correction/overlap-jobs/004.id, 0-correction/hifi.seqStore
    output: 0-correction/overlap-jobs/004.ovb
    log: 0-correction/overlap-jobs/004.err
    jobid: 90
    reason: Missing output files: 0-correction/overlap-jobs/004.ovb
    wildcards: nnnn=004
    resources: mem_mb=179032, mem_mib=170739, disk_mb=179032, disk_mib=170739, tmpdir=<TBD>, job_id=1, n_cpus=1, mem_gb=16, time_h=24

Submitted job 90 with external jobid '18431644'.

[Wed May  6 15:07:11 2026]
rule computeOverlaps:
    input: 0-correction/matchchains.metadata, 0-correction/matchchains.positions, 0-correction/overlap-jobs/011.id, 0-correction/hifi.seqStore
    output: 0-correction/overlap-jobs/011.ovb
    log: 0-correction/overlap-jobs/011.err
    jobid: 97
    reason: Missing output files: 0-correction/overlap-jobs/011.ovb
    wildcards: nnnn=011
    resources: mem_mb=179032, mem_mib=170739, disk_mb=179032, disk_mib=170739, tmpdir=<TBD>, job_id=1, n_cpus=1, mem_gb=16, time_h=24

Submitted job 97 with external jobid '18431651'.
[Wed May  6 15:34:35 2026]
Finished job 90.
4 of 114 steps (4%) done
[Wed May  6 15:38:26 2026]
Finished job 89.
5 of 114 steps (4%) done
[Wed May  6 15:39:41 2026]
Finished job 96.
6 of 114 steps (5%) done
[Wed May  6 15:40:00 2026]
Finished job 98.
7 of 114 steps (6%) done
[Wed May  6 15:41:41 2026]
Finished job 97.
8 of 114 steps (7%) done
[Wed May  6 15:42:22 2026]
Finished job 102.
9 of 114 steps (8%) done
[Wed May  6 15:42:24 2026]
Finished job 88.
10 of 114 steps (9%) done
[Wed May  6 15:43:13 2026]
Finished job 95.
11 of 114 steps (10%) done
[Wed May  6 15:43:17 2026]
Finished job 105.
12 of 114 steps (11%) done
[Wed May  6 15:43:24 2026]
Finished job 86.
13 of 114 steps (11%) done
[Wed May  6 15:43:50 2026]
Finished job 116.
14 of 114 steps (12%) done
[Wed May  6 15:44:06 2026]
Finished job 92.
15 of 114 steps (13%) done
[Wed May  6 15:44:08 2026]
Finished job 87.
16 of 114 steps (14%) done
[Wed May  6 15:45:07 2026]
Finished job 117.
17 of 114 steps (15%) done
[Wed May  6 15:45:11 2026]
Finished job 104.
18 of 114 steps (16%) done
[Wed May  6 15:45:42 2026]
Finished job 91.
19 of 114 steps (17%) done
[Wed May  6 15:45:46 2026]
Finished job 103.
20 of 114 steps (18%) done
[Wed May  6 15:46:01 2026]
Finished job 111.
21 of 114 steps (18%) done
[Wed May  6 15:46:20 2026]
Finished job 106.
22 of 114 steps (19%) done
[Wed May  6 15:46:22 2026]
Finished job 100.
23 of 114 steps (20%) done
[Wed May  6 15:46:29 2026]
Finished job 109.
24 of 114 steps (21%) done
[Wed May  6 15:46:52 2026]
Finished job 93.
25 of 114 steps (22%) done
[Wed May  6 15:46:54 2026]
Finished job 94.
26 of 114 steps (23%) done
[Wed May  6 15:48:56 2026]
Finished job 113.
27 of 114 steps (24%) done
[Wed May  6 15:49:28 2026]
Finished job 101.
28 of 114 steps (25%) done
[Wed May  6 15:49:40 2026]
Finished job 110.
29 of 114 steps (25%) done
[Wed May  6 15:50:21 2026]
Finished job 107.
30 of 114 steps (26%) done
[Wed May  6 15:51:00 2026]
Finished job 108.
31 of 114 steps (27%) done
[Wed May  6 15:51:03 2026]
Finished job 114.
32 of 114 steps (28%) done
[Wed May  6 15:52:58 2026]
Finished job 115.
33 of 114 steps (29%) done
[Wed May  6 15:56:19 2026]
Finished job 99.
34 of 114 steps (30%) done
[Wed May  6 16:01:52 2026]
Finished job 112.
35 of 114 steps (31%) done
Select jobs to execute...

[Wed May  6 16:01:52 2026]
rule combineOverlapsConfigure:
    input: 0-correction/matchchains.metadata, 0-correction/matchchains.positions, 0-correction/hifi.seqStore, 0-correction/overlap-jobs/000.ovb, 0-correction/overlap-jobs/001.ovb, 0-correction/overlap-jobs/002.ovb, 0-correction/overlap-jobs/003.ovb, 0-correction/overlap-jobs/004.ovb, 0-correction/overlap-jobs/005.ovb, 0-correction/overlap-jobs/006.ovb, 0-correction/overlap-jobs/007.ovb, 0-correction/overlap-jobs/008.ovb, 0-correction/overlap-jobs/009.ovb, 0-correction/overlap-jobs/010.ovb, 0-correction/overlap-jobs/011.ovb, 0-correction/overlap-jobs/012.ovb, 0-correction/overlap-jobs/013.ovb, 0-correction/overlap-jobs/014.ovb, 0-correction/overlap-jobs/015.ovb, 0-correction/overlap-jobs/016.ovb, 0-correction/overlap-jobs/017.ovb, 0-correction/overlap-jobs/018.ovb, 0-correction/overlap-jobs/019.ovb, 0-correction/overlap-jobs/020.ovb, 0-correction/overlap-jobs/021.ovb, 0-correction/overlap-jobs/022.ovb, 0-correction/overlap-jobs/023.ovb, 0-correction/overlap-jobs/024.ovb, 0-correction/overlap-jobs/025.ovb, 0-correction/overlap-jobs/026.ovb, 0-correction/overlap-jobs/027.ovb, 0-correction/overlap-jobs/028.ovb, 0-correction/overlap-jobs/029.ovb, 0-correction/overlap-jobs/030.ovb, 0-correction/overlap-jobs/031.ovb
    output: 0-correction/hifi.ovlStore.config, 0-correction/hifi.ovlStore.config.memory-request
    log: 0-correction/combineOverlapsConfigure.err
    jobid: 9
    reason: Missing output files: 0-correction/hifi.ovlStore.config, 0-correction/hifi.ovlStore.config.memory-request; Input files updated by another job: 0-correction/overlap-jobs/021.ovb, 0-correction/overlap-jobs/027.ovb, 0-correction/overlap-jobs/005.ovb, 0-correction/overlap-jobs/001.ovb, 0-correction/overlap-jobs/015.ovb, 0-correction/overlap-jobs/023.ovb, 0-correction/overlap-jobs/012.ovb, 0-correction/overlap-jobs/014.ovb, 0-correction/overlap-jobs/025.ovb, 0-correction/overlap-jobs/006.ovb, 0-correction/overlap-jobs/028.ovb, 0-correction/overlap-jobs/022.ovb, 0-correction/overlap-jobs/031.ovb, 0-correction/overlap-jobs/002.ovb, 0-correction/overlap-jobs/013.ovb, 0-correction/overlap-jobs/004.ovb, 0-correction/overlap-jobs/024.ovb, 0-correction/overlap-jobs/026.ovb, 0-correction/overlap-jobs/009.ovb, 0-correction/overlap-jobs/018.ovb, 0-correction/overlap-jobs/030.ovb, 0-correction/overlap-jobs/029.ovb, 0-correction/overlap-jobs/008.ovb, 0-correction/overlap-jobs/000.ovb, 0-correction/overlap-jobs/007.ovb, 0-correction/overlap-jobs/017.ovb, 0-correction/overlap-jobs/003.ovb, 0-correction/overlap-jobs/016.ovb, 0-correction/overlap-jobs/020.ovb, 0-correction/overlap-jobs/019.ovb, 0-correction/overlap-jobs/010.ovb, 0-correction/overlap-jobs/011.ovb
    resources: mem_mb=194281, mem_mib=185281, disk_mb=194281, disk_mib=185281, tmpdir=<TBD>, job_id=1, n_cpus=1, mem_gb=128, time_h=12

Submitted job 9 with external jobid '18438020'.
No jobs available for user okendojo and/or filters used
Job 18438020 not known (yet) by slurm; will return 'running' by default.
[Wed May  6 16:04:20 2026]
Finished job 9.
36 of 114 steps (32%) done
Select jobs to execute...

[Wed May  6 16:04:20 2026]
rule combineOverlaps:
    input: 0-correction/hifi.seqStore, 0-correction/hifi.ovlStore.config, 0-correction/hifi.ovlStore.config.memory-request
    output: 0-correction/hifi.ovlStore
    log: 0-correction/combineOverlaps.err
    jobid: 8
    reason: Missing output files: 0-correction/hifi.ovlStore; Input files updated by another job: 0-correction/hifi.ovlStore.config, 0-correction/hifi.ovlStore.config.memory-request, 0-correction/hifi.seqStore
    resources: mem_mb=1000, mem_mib=954, disk_mb=1000, disk_mib=954, tmpdir=<TBD>, job_id=1, n_cpus=1, mem_gb=21, time_h=12

Submitted job 8 with external jobid '18438363'.
No jobs available for user okendojo and/or filters used
Job 18438363 not known (yet) by slurm; will return 'running' by default.
No jobs available for user okendojo and/or filters used
Job 18438363 not known (yet) by slurm; will return 'running' by default.
[Wed May  6 16:07:51 2026]
Finished job 8.
37 of 114 steps (32%) done
Select jobs to execute...

[Wed May  6 16:07:51 2026]
localcheckpoint configureFindErrors:
    input: 0-correction/hifi.seqStore, 0-correction/hifi.ovlStore
    output: 0-correction/configureFindErrors.finished
    log: 0-correction/configureFindErrors.err
    jobid: 11
    reason: Missing output files: 0-correction/configureFindErrors.finished; Input files updated by another job: 0-correction/hifi.ovlStore, 0-correction/hifi.seqStore
    resources: mem_mb=1000, mem_mib=954, disk_mb=1000, disk_mib=954, tmpdir=/tmp, job_id=1, n_cpus=1, mem_gb=1, time_h=1
DAG of jobs will be updated after completion.

[Wed May  6 16:07:58 2026]
Finished job 11.
38 of 114 steps (33%) done
Select jobs to execute...

[Wed May  6 16:07:58 2026]
rule computeErrors:
    input: 0-correction/hifi.seqStore, 0-correction/hifi.ovlStore, 0-correction/find-errors-jobs/0098.range, 0-correction/configureFindErrors.finished
    output: 0-correction/find-errors-jobs/0098.red
    log: 0-correction/find-errors-jobs/0098.err
    jobid: 216
    reason: Missing output files: 0-correction/find-errors-jobs/0098.red
    wildcards: nnnn=0098
    threads: 4
    resources: mem_mb=1000, mem_mib=954, disk_mb=1000, disk_mib=954, tmpdir=<TBD>, job_id=1, n_cpus=4, mem_gb=32, time_h=4

Submitted job 216 with external jobid '18438963'.

[Wed May  6 16:08:02 2026]
rule computeErrors:
    input: 0-correction/hifi.seqStore, 0-correction/hifi.ovlStore, 0-correction/find-errors-jobs/0210.range, 0-correction/configureFindErrors.finished
    output: 0-correction/find-errors-jobs/0210.red
    log: 0-correction/find-errors-jobs/0210.err
    jobid: 328
    reason: Missing output files: 0-correction/find-errors-jobs/0210.red
    wildcards: nnnn=0210
    threads: 4
    resources: mem_mb=1000, mem_mib=954, disk_mb=1000, disk_mib=954, tmpdir=<TBD>, job_id=1, n_cpus=4, mem_gb=32, time_h=4

Submitted job 328 with external jobid '18438967'.

[Wed May  6 16:08:05 2026]
rule computeErrors:
    input: 0-correction/hifi.seqStore, 0-correction/hifi.ovlStore, 0-correction/find-errors-jobs/0042.range, 0-correction/configureFindErrors.finished
    output: 0-correction/find-errors-jobs/0042.red
    log: 0-correction/find-errors-jobs/0042.err
    jobid: 160
    reason: Missing output files: 0-correction/find-errors-jobs/0042.red
    wildcards: nnnn=0042
    threads: 4
    resources: mem_mb=1000, mem_mib=954, disk_mb=1000, disk_mib=954, tmpdir=<TBD>, job_id=1, n_cpus=4, mem_gb=32, time_h=4

Submitted job 160 with external jobid '18438969'.

[Wed May  6 16:08:08 2026]
rule computeErrors:
    input: 0-correction/hifi.seqStore, 0-correction/hifi.ovlStore, 0-correction/find-errors-jobs/0266.range, 0-correction/configureFindErrors.finished
    output: 0-correction/find-errors-jobs/0266.red
    log: 0-correction/find-errors-jobs/0266.err
    jobid: 384
    reason: Missing output files: 0-correction/find-errors-jobs/0266.red
    wildcards: nnnn=0266
    threads: 4
    resources: mem_mb=1000, mem_mib=954, disk_mb=1000, disk_mib=954, tmpdir=<TBD>, job_id=1, n_cpus=4, mem_gb=32, time_h=4

Submitted job 384 with external jobid '18438971'.

[Wed May  6 16:08:11 2026]
rule computeErrors:
    input: 0-correction/hifi.seqStore, 0-correction/hifi.ovlStore, 0-correction/find-errors-jobs/0154.range, 0-correction/configureFindErrors.finished
    output: 0-correction/find-errors-jobs/0154.red
    log: 0-correction/find-errors-jobs/0154.err
    jobid: 272
    reason: Missing output files: 0-correction/find-errors-jobs/0154.red
    wildcards: nnnn=0154
    threads: 4
    resources: mem_mb=1000, mem_mib=954, disk_mb=1000, disk_mib=954, tmpdir=<TBD>, job_id=1, n_cpus=4, mem_gb=32, time_h=4

No jobs available for user okendojo and/or filters used
Submitted job 272 with external jobid '18438974'.

[Wed May  6 16:08:14 2026]
rule computeErrors:
    input: 0-correction/hifi.seqStore, 0-correction/hifi.ovlStore, 0-correction/find-errors-jobs/0071.range, 0-correction/configureFindErrors.finished
    output: 0-correction/find-errors-jobs/0071.red
    log: 0-correction/find-errors-jobs/0071.err
    jobid: 189
    reason: Missing output files: 0-correction/find-errors-jobs/0071.red
    wildcards: nnnn=0071
    threads: 4
    resources: mem_mb=1000, mem_mib=954, disk_mb=1000, disk_mib=954, tmpdir=<TBD>, job_id=1, n_cpus=4, mem_gb=32, time_h=4

Job 18438963 not known (yet) by slurm; will return 'running' by default.
Submitted job 189 with external jobid '18438976'.

[Wed May  6 16:08:18 2026]
rule computeErrors:
    input: 0-correction/hifi.seqStore, 0-correction/hifi.ovlStore, 0-correction/find-errors-jobs/0127.range, 0-correction/configureFindErrors.finished
    output: 0-correction/find-errors-jobs/0127.red
    log: 0-correction/find-errors-jobs/0127.err
    jobid: 245
    reason: Missing output files: 0-correction/find-errors-jobs/0127.red
    wildcards: nnnn=0127
    threads: 4
    resources: mem_mb=1000, mem_mib=954, disk_mb=1000, disk_mib=954, tmpdir=<TBD>, job_id=1, n_cpus=4, mem_gb=32, time_h=4

Submitted job 245 with external jobid '18438978'.

[Wed May  6 16:08:21 2026]
rule computeErrors:
    input: 0-correction/hifi.seqStore, 0-correction/hifi.ovlStore, 0-correction/find-errors-jobs/0183.range, 0-correction/configureFindErrors.finished
    output: 0-correction/find-errors-jobs/0183.red
    log: 0-correction/find-errors-jobs/0183.err
    jobid: 301
    reason: Missing output files: 0-correction/find-errors-jobs/0183.red
    wildcards: nnnn=0183
    threads: 4
    resources: mem_mb=1000, mem_mib=954, disk_mb=1000, disk_mib=954, tmpdir=<TBD>, job_id=1, n_cpus=4, mem_gb=32, time_h=4

Submitted job 301 with external jobid '18438980'.

[Wed May  6 16:08:24 2026]
rule computeErrors:
    input: 0-correction/hifi.seqStore, 0-correction/hifi.ovlStore, 0-correction/find-errors-jobs/0015.range, 0-correction/configureFindErrors.finished
    output: 0-correction/find-errors-jobs/0015.red
    log: 0-correction/find-errors-jobs/0015.err
    jobid: 133
    reason: Missing output files: 0-correction/find-errors-jobs/0015.red
    wildcards: nnnn=0015
    threads: 4
    resources: mem_mb=1000, mem_mib=954, disk_mb=1000, disk_mib=954, tmpdir=<TBD>, job_id=1, n_cpus=4, mem_gb=32, time_h=4

Submitted job 133 with external jobid '18438983'.

[Wed May  6 16:08:27 2026]
rule computeErrors:
    input: 0-correction/hifi.seqStore, 0-correction/hifi.ovlStore, 0-correction/find-errors-jobs/0239.range, 0-correction/configureFindErrors.finished
    output: 0-correction/find-errors-jobs/0239.red
    log: 0-correction/find-errors-jobs/0239.err
    jobid: 357
    reason: Missing output files: 0-correction/find-errors-jobs/0239.red
    wildcards: nnnn=0239
    threads: 4
    resources: mem_mb=1000, mem_mib=954, disk_mb=1000, disk_mib=954, tmpdir=<TBD>, job_id=1, n_cpus=4, mem_gb=32, time_h=4

Submitted job 357 with external jobid '18438988'.

[Wed May  6 16:08:30 2026]
rule computeErrors:
    input: 0-correction/hifi.seqStore, 0-correction/hifi.ovlStore, 0-correction/find-errors-jobs/0099.range, 0-correction/configureFindErrors.finished
    output: 0-correction/find-errors-jobs/0099.red
    log: 0-correction/find-errors-jobs/0099.err
    jobid: 217
    reason: Missing output files: 0-correction/find-errors-jobs/0099.red
    wildcards: nnnn=0099
    threads: 4
    resources: mem_mb=1000, mem_mib=954, disk_mb=1000, disk_mib=954, tmpdir=<TBD>, job_id=1, n_cpus=4, mem_gb=32, time_h=4

Submitted job 217 with external jobid '18438993'.

[Wed May  6 16:08:34 2026]
rule computeErrors:
    input: 0-correction/hifi.seqStore, 0-correction/hifi.ovlStore, 0-correction/find-errors-jobs/0211.range, 0-correction/configureFindErrors.finished
    output: 0-correction/find-errors-jobs/0211.red
    log: 0-correction/find-errors-jobs/0211.err
    jobid: 329
    reason: Missing output files: 0-correction/find-errors-jobs/0211.red
    wildcards: nnnn=0211
    threads: 4
    resources: mem_mb=1000, mem_mib=954, disk_mb=1000, disk_mib=954, tmpdir=<TBD>, job_id=1, n_cpus=4, mem_gb=32, time_h=4

No jobs available for user okendojo and/or filters used
Submitted job 329 with external jobid '18438999'.

[Wed May  6 16:08:37 2026]
rule computeErrors:
    input: 0-correction/hifi.seqStore, 0-correction/hifi.ovlStore, 0-correction/find-errors-jobs/0043.range, 0-correction/configureFindErrors.finished
    output: 0-correction/find-errors-jobs/0043.red
    log: 0-correction/find-errors-jobs/0043.err
    jobid: 161
    reason: Missing output files: 0-correction/find-errors-jobs/0043.red
    wildcards: nnnn=0043
    threads: 4
    resources: mem_mb=1000, mem_mib=954, disk_mb=1000, disk_mib=954, tmpdir=<TBD>, job_id=1, n_cpus=4, mem_gb=32, time_h=4

Job 18438976 not known (yet) by slurm; will return 'running' by default.
Submitted job 161 with external jobid '18439006'.

[Wed May  6 16:08:40 2026]
rule computeErrors:
    input: 0-correction/hifi.seqStore, 0-correction/hifi.ovlStore, 0-correction/find-errors-jobs/0155.range, 0-correction/configureFindErrors.finished
    output: 0-correction/find-errors-jobs/0155.red
    log: 0-correction/find-errors-jobs/0155.err
    jobid: 273
    reason: Missing output files: 0-correction/find-errors-jobs/0155.red
    wildcards: nnnn=0155
    threads: 4
    resources: mem_mb=1000, mem_mib=954, disk_mb=1000, disk_mib=954, tmpdir=<TBD>, job_id=1, n_cpus=4, mem_gb=32, time_h=4

No jobs available for user okendojo and/or filters used
Job 18438978 not known (yet) by slurm; will return 'running' by default.
Submitted job 273 with external jobid '18439012'.

[Wed May  6 16:08:43 2026]
rule computeErrors:
    input: 0-correction/hifi.seqStore, 0-correction/hifi.ovlStore, 0-correction/find-errors-jobs/0267.range, 0-correction/configureFindErrors.finished
    output: 0-correction/find-errors-jobs/0267.red
    log: 0-correction/find-errors-jobs/0267.err
    jobid: 385
    reason: Missing output files: 0-correction/find-errors-jobs/0267.red
    wildcards: nnnn=0267
    threads: 4
    resources: mem_mb=1000, mem_mib=954, disk_mb=1000, disk_mib=954, tmpdir=<TBD>, job_id=1, n_cpus=4, mem_gb=32, time_h=4

Submitted job 385 with external jobid '18439021'.

[Wed May  6 16:08:46 2026]
rule computeErrors:
    input: 0-correction/hifi.seqStore, 0-correction/hifi.ovlStore, 0-correction/find-errors-jobs/0072.range, 0-correction/configureFindErrors.finished
    output: 0-correction/find-errors-jobs/0072.red
    log: 0-correction/find-errors-jobs/0072.err
    jobid: 190
    reason: Missing output files: 0-correction/find-errors-jobs/0072.red
    wildcards: nnnn=0072
    threads: 4
    resources: mem_mb=1000, mem_mib=954, disk_mb=1000, disk_mib=954, tmpdir=<TBD>, job_id=1, n_cpus=4, mem_gb=32, time_h=4

Submitted job 190 with external jobid '18439023'.

[Wed May  6 16:08:50 2026]
rule computeErrors:
    input: 0-correction/hifi.seqStore, 0-correction/hifi.ovlStore, 0-correction/find-errors-jobs/0128.range, 0-correction/configureFindErrors.finished
    output: 0-correction/find-errors-jobs/0128.red
    log: 0-correction/find-errors-jobs/0128.err
    jobid: 246
    reason: Missing output files: 0-correction/find-errors-jobs/0128.red
    wildcards: nnnn=0128
    threads: 4
    resources: mem_mb=1000, mem_mib=954, disk_mb=1000, disk_mib=954, tmpdir=<TBD>, job_id=1, n_cpus=4, mem_gb=32, time_h=4

Submitted job 246 with external jobid '18439025'.

[Wed May  6 16:08:53 2026]
rule computeErrors:
    input: 0-correction/hifi.seqStore, 0-correction/hifi.ovlStore, 0-correction/find-errors-jobs/0184.range, 0-correction/configureFindErrors.finished
    output: 0-correction/find-errors-jobs/0184.red
    log: 0-correction/find-errors-jobs/0184.err
    jobid: 302
    reason: Missing output files: 0-correction/find-errors-jobs/0184.red
    wildcards: nnnn=0184
    threads: 4
    resources: mem_mb=1000, mem_mib=954, disk_mb=1000, disk_mib=954, tmpdir=<TBD>, job_id=1, n_cpus=4, mem_gb=32, time_h=4

Submitted job 302 with external jobid '18439029'.

[Wed May  6 16:08:56 2026]
rule computeErrors:
    input: 0-correction/hifi.seqStore, 0-correction/hifi.ovlStore, 0-correction/find-errors-jobs/0016.range, 0-correction/configureFindErrors.finished
    output: 0-correction/find-errors-jobs/0016.red
    log: 0-correction/find-errors-jobs/0016.err
    jobid: 134
    reason: Missing output files: 0-correction/find-errors-jobs/0016.red
    wildcards: nnnn=0016
    threads: 4
    resources: mem_mb=1000, mem_mib=954, disk_mb=1000, disk_mib=954, tmpdir=<TBD>, job_id=1, n_cpus=4, mem_gb=32, time_h=4

Submitted job 134 with external jobid '18439032'.

[Wed May  6 16:08:59 2026]
rule computeErrors:
    input: 0-correction/hifi.seqStore, 0-correction/hifi.ovlStore, 0-correction/find-errors-jobs/0240.range, 0-correction/configureFindErrors.finished
    output: 0-correction/find-errors-jobs/0240.red
    log: 0-correction/find-errors-jobs/0240.err
    jobid: 358
    reason: Missing output files: 0-correction/find-errors-jobs/0240.red
    wildcards: nnnn=0240
    threads: 4
    resources: mem_mb=1000, mem_mib=954, disk_mb=1000, disk_mib=954, tmpdir=<TBD>, job_id=1, n_cpus=4, mem_gb=32, time_h=4

Submitted job 358 with external jobid '18439034'.

[Wed May  6 16:09:03 2026]
rule computeErrors:
    input: 0-correction/hifi.seqStore, 0-correction/hifi.ovlStore, 0-correction/find-errors-jobs/0044.range, 0-correction/configureFindErrors.finished
    output: 0-correction/find-errors-jobs/0044.red
    log: 0-correction/find-errors-jobs/0044.err
    jobid: 162
    reason: Missing output files: 0-correction/find-errors-jobs/0044.red
    wildcards: nnnn=0044
    threads: 4
    resources: mem_mb=1000, mem_mib=954, disk_mb=1000, disk_mib=954, tmpdir=<TBD>, job_id=1, n_cpus=4, mem_gb=32, time_h=4

Submitted job 162 with external jobid '18439037'.

[Wed May  6 16:09:06 2026]
rule computeErrors:
    input: 0-correction/hifi.seqStore, 0-correction/hifi.ovlStore, 0-correction/find-errors-jobs/0100.range, 0-correction/configureFindErrors.finished
    output: 0-correction/find-errors-jobs/0100.red
    log: 0-correction/find-errors-jobs/0100.err
    jobid: 218
    reason: Missing output files: 0-correction/find-errors-jobs/0100.red
    wildcards: nnnn=0100
    threads: 4
    resources: mem_mb=1000, mem_mib=954, disk_mb=1000, disk_mib=954, tmpdir=<TBD>, job_id=1, n_cpus=4, mem_gb=32, time_h=4

Submitted job 218 with external jobid '18439042'.

[Wed May  6 16:09:09 2026]
rule computeErrors:
    input: 0-correction/hifi.seqStore, 0-correction/hifi.ovlStore, 0-correction/find-errors-jobs/0156.range, 0-correction/configureFindErrors.finished
    output: 0-correction/find-errors-jobs/0156.red
    log: 0-correction/find-errors-jobs/0156.err
    jobid: 274
    reason: Missing output files: 0-correction/find-errors-jobs/0156.red
    wildcards: nnnn=0156
    threads: 4
    resources: mem_mb=1000, mem_mib=954, disk_mb=1000, disk_mib=954, tmpdir=<TBD>, job_id=1, n_cpus=4, mem_gb=32, time_h=4

Submitted job 274 with external jobid '18439046'.

[Wed May  6 16:09:12 2026]
rule computeErrors:
    input: 0-correction/hifi.seqStore, 0-correction/hifi.ovlStore, 0-correction/find-errors-jobs/0212.range, 0-correction/configureFindErrors.finished
    output: 0-correction/find-errors-jobs/0212.red
    log: 0-correction/find-errors-jobs/0212.err
    jobid: 330
    reason: Missing output files: 0-correction/find-errors-jobs/0212.red
    wildcards: nnnn=0212
    threads: 4
    resources: mem_mb=1000, mem_mib=954, disk_mb=1000, disk_mib=954, tmpdir=<TBD>, job_id=1, n_cpus=4, mem_gb=32, time_h=4

Submitted job 330 with external jobid '18439050'.

[Wed May  6 16:09:16 2026]
rule computeErrors:
    input: 0-correction/hifi.seqStore, 0-correction/hifi.ovlStore, 0-correction/find-errors-jobs/0268.range, 0-correction/configureFindErrors.finished
    output: 0-correction/find-errors-jobs/0268.red
    log: 0-correction/find-errors-jobs/0268.err
    jobid: 386
    reason: Missing output files: 0-correction/find-errors-jobs/0268.red
    wildcards: nnnn=0268
    threads: 4
    resources: mem_mb=1000, mem_mib=954, disk_mb=1000, disk_mib=954, tmpdir=<TBD>, job_id=1, n_cpus=4, mem_gb=32, time_h=4

Submitted job 386 with external jobid '18439052'.

[Wed May  6 16:09:19 2026]
rule computeErrors:
    input: 0-correction/hifi.seqStore, 0-correction/hifi.ovlStore, 0-correction/find-errors-jobs/0073.range, 0-correction/configureFindErrors.finished
    output: 0-correction/find-errors-jobs/0073.red
    log: 0-correction/find-errors-jobs/0073.err
    jobid: 191
    reason: Missing output files: 0-correction/find-errors-jobs/0073.red
    wildcards: nnnn=0073
    threads: 4
    resources: mem_mb=1000, mem_mib=954, disk_mb=1000, disk_mib=954, tmpdir=<TBD>, job_id=1, n_cpus=4, mem_gb=32, time_h=4

Submitted job 191 with external jobid '18439055'.

[Wed May  6 16:09:22 2026]
rule computeErrors:
    input: 0-correction/hifi.seqStore, 0-correction/hifi.ovlStore, 0-correction/find-errors-jobs/0129.range, 0-correction/configureFindErrors.finished
    output: 0-correction/find-errors-jobs/0129.red
    log: 0-correction/find-errors-jobs/0129.err
    jobid: 247
    reason: Missing output files: 0-correction/find-errors-jobs/0129.red
    wildcards: nnnn=0129
    threads: 4
    resources: mem_mb=1000, mem_mib=954, disk_mb=1000, disk_mib=954, tmpdir=<TBD>, job_id=1, n_cpus=4, mem_gb=32, time_h=4

Submitted job 247 with external jobid '18439057'.

[Wed May  6 16:09:25 2026]
rule computeErrors:
    input: 0-correction/hifi.seqStore, 0-correction/hifi.ovlStore, 0-correction/find-errors-jobs/0185.range, 0-correction/configureFindErrors.finished
    output: 0-correction/find-errors-jobs/0185.red
    log: 0-correction/find-errors-jobs/0185.err
    jobid: 303
    reason: Missing output files: 0-correction/find-errors-jobs/0185.red
    wildcards: nnnn=0185
    threads: 4
    resources: mem_mb=1000, mem_mib=954, disk_mb=1000, disk_mib=954, tmpdir=<TBD>, job_id=1, n_cpus=4, mem_gb=32, time_h=4

Submitted job 303 with external jobid '18439060'.

[Wed May  6 16:09:28 2026]
rule computeErrors:
    input: 0-correction/hifi.seqStore, 0-correction/hifi.ovlStore, 0-correction/find-errors-jobs/0017.range, 0-correction/configureFindErrors.finished
    output: 0-correction/find-errors-jobs/0017.red
    log: 0-correction/find-errors-jobs/0017.err
    jobid: 135
    reason: Missing output files: 0-correction/find-errors-jobs/0017.red
    wildcards: nnnn=0017
    threads: 4
    resources: mem_mb=1000, mem_mib=954, disk_mb=1000, disk_mib=954, tmpdir=<TBD>, job_id=1, n_cpus=4, mem_gb=32, time_h=4

Submitted job 135 with external jobid '18439063'.

[Wed May  6 16:09:32 2026]
rule computeErrors:
    input: 0-correction/hifi.seqStore, 0-correction/hifi.ovlStore, 0-correction/find-errors-jobs/0241.range, 0-correction/configureFindErrors.finished
    output: 0-correction/find-errors-jobs/0241.red
    log: 0-correction/find-errors-jobs/0241.err
    jobid: 359
    reason: Missing output files: 0-correction/find-errors-jobs/0241.red
    wildcards: nnnn=0241
    threads: 4
    resources: mem_mb=1000, mem_mib=954, disk_mb=1000, disk_mib=954, tmpdir=<TBD>, job_id=1, n_cpus=4, mem_gb=32, time_h=4

Submitted job 359 with external jobid '18439065'.

[Wed May  6 16:09:35 2026]
rule computeErrors:
    input: 0-correction/hifi.seqStore, 0-correction/hifi.ovlStore, 0-correction/find-errors-jobs/0101.range, 0-correction/configureFindErrors.finished
    output: 0-correction/find-errors-jobs/0101.red
    log: 0-correction/find-errors-jobs/0101.err
    jobid: 219
    reason: Missing output files: 0-correction/find-errors-jobs/0101.red
    wildcards: nnnn=0101
    threads: 4
    resources: mem_mb=1000, mem_mib=954, disk_mb=1000, disk_mib=954, tmpdir=<TBD>, job_id=1, n_cpus=4, mem_gb=32, time_h=4

Submitted job 219 with external jobid '18439068'.

[Wed May  6 16:09:38 2026]
rule computeErrors:
    input: 0-correction/hifi.seqStore, 0-correction/hifi.ovlStore, 0-correction/find-errors-jobs/0157.range, 0-correction/configureFindErrors.finished
    output: 0-correction/find-errors-jobs/0157.red
    log: 0-correction/find-errors-jobs/0157.err
    jobid: 275
    reason: Missing output files: 0-correction/find-errors-jobs/0157.red
    wildcards: nnnn=0157
    threads: 4
    resources: mem_mb=1000, mem_mib=954, disk_mb=1000, disk_mib=954, tmpdir=<TBD>, job_id=1, n_cpus=4, mem_gb=32, time_h=4

Submitted job 275 with external jobid '18439071'.

[Wed May  6 16:09:41 2026]
rule computeErrors:
    input: 0-correction/hifi.seqStore, 0-correction/hifi.ovlStore, 0-correction/find-errors-jobs/0045.range, 0-correction/configureFindErrors.finished
    output: 0-correction/find-errors-jobs/0045.red
    log: 0-correction/find-errors-jobs/0045.err
    jobid: 163
    reason: Missing output files: 0-correction/find-errors-jobs/0045.red
    wildcards: nnnn=0045
    threads: 4
    resources: mem_mb=1000, mem_mib=954, disk_mb=1000, disk_mib=954, tmpdir=<TBD>, job_id=1, n_cpus=4, mem_gb=32, time_h=4

Submitted job 163 with external jobid '18439075'.

[Wed May  6 16:09:44 2026]
rule computeErrors:
    input: 0-correction/hifi.seqStore, 0-correction/hifi.ovlStore, 0-correction/find-errors-jobs/0213.range, 0-correction/configureFindErrors.finished
    output: 0-correction/find-errors-jobs/0213.red
    log: 0-correction/find-errors-jobs/0213.err
    jobid: 331
    reason: Missing output files: 0-correction/find-errors-jobs/0213.red
    wildcards: nnnn=0213
    threads: 4
    resources: mem_mb=1000, mem_mib=954, disk_mb=1000, disk_mib=954, tmpdir=<TBD>, job_id=1, n_cpus=4, mem_gb=32, time_h=4

Submitted job 331 with external jobid '18439078'.

[Wed May  6 16:09:48 2026]
rule computeErrors:
    input: 0-correction/hifi.seqStore, 0-correction/hifi.ovlStore, 0-correction/find-errors-jobs/0269.range, 0-correction/configureFindErrors.finished
    output: 0-correction/find-errors-jobs/0269.red
    log: 0-correction/find-errors-jobs/0269.err
    jobid: 387
    reason: Missing output files: 0-correction/find-errors-jobs/0269.red
    wildcards: nnnn=0269
    threads: 4
    resources: mem_mb=1000, mem_mib=954, disk_mb=1000, disk_mib=954, tmpdir=<TBD>, job_id=1, n_cpus=4, mem_gb=32, time_h=4

Submitted job 387 with external jobid '18439082'.

[Wed May  6 16:09:51 2026]
rule computeErrors:
    input: 0-correction/hifi.seqStore, 0-correction/hifi.ovlStore, 0-correction/find-errors-jobs/0074.range, 0-correction/configureFindErrors.finished
    output: 0-correction/find-errors-jobs/0074.red
    log: 0-correction/find-errors-jobs/0074.err
    jobid: 192
    reason: Missing output files: 0-correction/find-errors-jobs/0074.red
    wildcards: nnnn=0074
    threads: 4
    resources: mem_mb=1000, mem_mib=954, disk_mb=1000, disk_mib=954, tmpdir=<TBD>, job_id=1, n_cpus=4, mem_gb=32, time_h=4

Submitted job 192 with external jobid '18439085'.

[Wed May  6 16:09:54 2026]
rule computeErrors:
    input: 0-correction/hifi.seqStore, 0-correction/hifi.ovlStore, 0-correction/find-errors-jobs/0130.range, 0-correction/configureFindErrors.finished
    output: 0-correction/find-errors-jobs/0130.red
    log: 0-correction/find-errors-jobs/0130.err
    jobid: 248
    reason: Missing output files: 0-correction/find-errors-jobs/0130.red
    wildcards: nnnn=0130
    threads: 4
    resources: mem_mb=1000, mem_mib=954, disk_mb=1000, disk_mib=954, tmpdir=<TBD>, job_id=1, n_cpus=4, mem_gb=32, time_h=4

Submitted job 248 with external jobid '18439088'.

[Wed May  6 16:09:57 2026]
rule computeErrors:
    input: 0-correction/hifi.seqStore, 0-correction/hifi.ovlStore, 0-correction/find-errors-jobs/0186.range, 0-correction/configureFindErrors.finished
    output: 0-correction/find-errors-jobs/0186.red
    log: 0-correction/find-errors-jobs/0186.err
    jobid: 304
    reason: Missing output files: 0-correction/find-errors-jobs/0186.red
    wildcards: nnnn=0186
    threads: 4
    resources: mem_mb=1000, mem_mib=954, disk_mb=1000, disk_mib=954, tmpdir=<TBD>, job_id=1, n_cpus=4, mem_gb=32, time_h=4

Submitted job 304 with external jobid '18439090'.

[Wed May  6 16:10:01 2026]
rule computeErrors:
    input: 0-correction/hifi.seqStore, 0-correction/hifi.ovlStore, 0-correction/find-errors-jobs/0018.range, 0-correction/configureFindErrors.finished
    output: 0-correction/find-errors-jobs/0018.red
    log: 0-correction/find-errors-jobs/0018.err
    jobid: 136
    reason: Missing output files: 0-correction/find-errors-jobs/0018.red
    wildcards: nnnn=0018
    threads: 4
    resources: mem_mb=1000, mem_mib=954, disk_mb=1000, disk_mib=954, tmpdir=<TBD>, job_id=1, n_cpus=4, mem_gb=32, time_h=4

Submitted job 136 with external jobid '18439093'.

[Wed May  6 16:10:04 2026]
rule computeErrors:
    input: 0-correction/hifi.seqStore, 0-correction/hifi.ovlStore, 0-correction/find-errors-jobs/0242.range, 0-correction/configureFindErrors.finished
    output: 0-correction/find-errors-jobs/0242.red
    log: 0-correction/find-errors-jobs/0242.err
    jobid: 360
    reason: Missing output files: 0-correction/find-errors-jobs/0242.red
    wildcards: nnnn=0242
    threads: 4
    resources: mem_mb=1000, mem_mib=954, disk_mb=1000, disk_mib=954, tmpdir=<TBD>, job_id=1, n_cpus=4, mem_gb=32, time_h=4

Submitted job 360 with external jobid '18439097'.

[Wed May  6 16:10:07 2026]
rule computeErrors:
    input: 0-correction/hifi.seqStore, 0-correction/hifi.ovlStore, 0-correction/find-errors-jobs/0046.range, 0-correction/configureFindErrors.finished
    output: 0-correction/find-errors-jobs/0046.red
    log: 0-correction/find-errors-jobs/0046.err
    jobid: 164
    reason: Missing output files: 0-correction/find-errors-jobs/0046.red
    wildcards: nnnn=0046
    threads: 4
    resources: mem_mb=1000, mem_mib=954, disk_mb=1000, disk_mib=954, tmpdir=<TBD>, job_id=1, n_cpus=4, mem_gb=32, time_h=4

Submitted job 164 with external jobid '18439101'.

[Wed May  6 16:10:10 2026]
rule computeErrors:
    input: 0-correction/hifi.seqStore, 0-correction/hifi.ovlStore, 0-correction/find-errors-jobs/0102.range, 0-correction/configureFindErrors.finished
    output: 0-correction/find-errors-jobs/0102.red
    log: 0-correction/find-errors-jobs/0102.err
    jobid: 220
    reason: Missing output files: 0-correction/find-errors-jobs/0102.red
    wildcards: nnnn=0102
    threads: 4
    resources: mem_mb=1000, mem_mib=954, disk_mb=1000, disk_mib=954, tmpdir=<TBD>, job_id=1, n_cpus=4, mem_gb=32, time_h=4

Submitted job 220 with external jobid '18439107'.

[Wed May  6 16:10:13 2026]
rule computeErrors:
    input: 0-correction/hifi.seqStore, 0-correction/hifi.ovlStore, 0-correction/find-errors-jobs/0158.range, 0-correction/configureFindErrors.finished
    output: 0-correction/find-errors-jobs/0158.red
    log: 0-correction/find-errors-jobs/0158.err
    jobid: 276
    reason: Missing output files: 0-correction/find-errors-jobs/0158.red
    wildcards: nnnn=0158
    threads: 4
    resources: mem_mb=1000, mem_mib=954, disk_mb=1000, disk_mib=954, tmpdir=<TBD>, job_id=1, n_cpus=4, mem_gb=32, time_h=4

Submitted job 276 with external jobid '18439496'.

[Wed May  6 16:10:17 2026]
rule computeErrors:
    input: 0-correction/hifi.seqStore, 0-correction/hifi.ovlStore, 0-correction/find-errors-jobs/0214.range, 0-correction/configureFindErrors.finished
    output: 0-correction/find-errors-jobs/0214.red
    log: 0-correction/find-errors-jobs/0214.err
    jobid: 332
    reason: Missing output files: 0-correction/find-errors-jobs/0214.red
    wildcards: nnnn=0214
    threads: 4
    resources: mem_mb=1000, mem_mib=954, disk_mb=1000, disk_mib=954, tmpdir=<TBD>, job_id=1, n_cpus=4, mem_gb=32, time_h=4

Submitted job 332 with external jobid '18439746'.

[Wed May  6 16:10:22 2026]
rule computeErrors:
    input: 0-correction/hifi.seqStore, 0-correction/hifi.ovlStore, 0-correction/find-errors-jobs/0270.range, 0-correction/configureFindErrors.finished
    output: 0-correction/find-errors-jobs/0270.red
    log: 0-correction/find-errors-jobs/0270.err
    jobid: 388
    reason: Missing output files: 0-correction/find-errors-jobs/0270.red
    wildcards: nnnn=0270
    threads: 4
    resources: mem_mb=1000, mem_mib=954, disk_mb=1000, disk_mib=954, tmpdir=<TBD>, job_id=1, n_cpus=4, mem_gb=32, time_h=4

Submitted job 388 with external jobid '18439753'.

[Wed May  6 16:10:27 2026]
rule computeErrors:
    input: 0-correction/hifi.seqStore, 0-correction/hifi.ovlStore, 0-correction/find-errors-jobs/0075.range, 0-correction/configureFindErrors.finished
    output: 0-correction/find-errors-jobs/0075.red
    log: 0-correction/find-errors-jobs/0075.err
    jobid: 193
    reason: Missing output files: 0-correction/find-errors-jobs/0075.red
    wildcards: nnnn=0075
    threads: 4
    resources: mem_mb=1000, mem_mib=954, disk_mb=1000, disk_mib=954, tmpdir=<TBD>, job_id=1, n_cpus=4, mem_gb=32, time_h=4

Submitted job 193 with external jobid '18439803'.

[Wed May  6 16:10:31 2026]
rule computeErrors:
    input: 0-correction/hifi.seqStore, 0-correction/hifi.ovlStore, 0-correction/find-errors-jobs/0131.range, 0-correction/configureFindErrors.finished
    output: 0-correction/find-errors-jobs/0131.red
    log: 0-correction/find-errors-jobs/0131.err
    jobid: 249
    reason: Missing output files: 0-correction/find-errors-jobs/0131.red
    wildcards: nnnn=0131
    threads: 4
    resources: mem_mb=1000, mem_mib=954, disk_mb=1000, disk_mib=954, tmpdir=<TBD>, job_id=1, n_cpus=4, mem_gb=32, time_h=4

Submitted job 249 with external jobid '18439809'.

[Wed May  6 16:10:34 2026]
rule computeErrors:
    input: 0-correction/hifi.seqStore, 0-correction/hifi.ovlStore, 0-correction/find-errors-jobs/0187.range, 0-correction/configureFindErrors.finished
    output: 0-correction/find-errors-jobs/0187.red
    log: 0-correction/find-errors-jobs/0187.err
    jobid: 305
    reason: Missing output files: 0-correction/find-errors-jobs/0187.red
    wildcards: nnnn=0187
    threads: 4
    resources: mem_mb=1000, mem_mib=954, disk_mb=1000, disk_mib=954, tmpdir=<TBD>, job_id=1, n_cpus=4, mem_gb=32, time_h=4

Submitted job 305 with external jobid '18439817'.

[Wed May  6 16:10:37 2026]
rule computeErrors:
    input: 0-correction/hifi.seqStore, 0-correction/hifi.ovlStore, 0-correction/find-errors-jobs/0019.range, 0-correction/configureFindErrors.finished
    output: 0-correction/find-errors-jobs/0019.red
    log: 0-correction/find-errors-jobs/0019.err
    jobid: 137
    reason: Missing output files: 0-correction/find-errors-jobs/0019.red
    wildcards: nnnn=0019
    threads: 4
    resources: mem_mb=1000, mem_mib=954, disk_mb=1000, disk_mib=954, tmpdir=<TBD>, job_id=1, n_cpus=4, mem_gb=32, time_h=4

Submitted job 137 with external jobid '18439822'.

[Wed May  6 16:10:40 2026]
rule computeErrors:
    input: 0-correction/hifi.seqStore, 0-correction/hifi.ovlStore, 0-correction/find-errors-jobs/0243.range, 0-correction/configureFindErrors.finished
    output: 0-correction/find-errors-jobs/0243.red
    log: 0-correction/find-errors-jobs/0243.err
    jobid: 361
    reason: Missing output files: 0-correction/find-errors-jobs/0243.red
    wildcards: nnnn=0243
    threads: 4
    resources: mem_mb=1000, mem_mib=954, disk_mb=1000, disk_mib=954, tmpdir=<TBD>, job_id=1, n_cpus=4, mem_gb=32, time_h=4

Submitted job 361 with external jobid '18439830'.

[Wed May  6 16:10:43 2026]
rule computeErrors:
    input: 0-correction/hifi.seqStore, 0-correction/hifi.ovlStore, 0-correction/find-errors-jobs/0159.range, 0-correction/configureFindErrors.finished
    output: 0-correction/find-errors-jobs/0159.red
    log: 0-correction/find-errors-jobs/0159.err
    jobid: 277
    reason: Missing output files: 0-correction/find-errors-jobs/0159.red
    wildcards: nnnn=0159
    threads: 4
    resources: mem_mb=1000, mem_mib=954, disk_mb=1000, disk_mib=954, tmpdir=<TBD>, job_id=1, n_cpus=4, mem_gb=32, time_h=4

Submitted job 277 with external jobid '18439836'.

[Wed May  6 16:10:47 2026]
rule computeErrors:
    input: 0-correction/hifi.seqStore, 0-correction/hifi.ovlStore, 0-correction/find-errors-jobs/0103.range, 0-correction/configureFindErrors.finished
    output: 0-correction/find-errors-jobs/0103.red
    log: 0-correction/find-errors-jobs/0103.err
    jobid: 221
    reason: Missing output files: 0-correction/find-errors-jobs/0103.red
    wildcards: nnnn=0103
    threads: 4
    resources: mem_mb=1000, mem_mib=954, disk_mb=1000, disk_mib=954, tmpdir=<TBD>, job_id=1, n_cpus=4, mem_gb=32, time_h=4

Submitted job 221 with external jobid '18439841'.

[Wed May  6 16:10:50 2026]
rule computeErrors:
    input: 0-correction/hifi.seqStore, 0-correction/hifi.ovlStore, 0-correction/find-errors-jobs/0047.range, 0-correction/configureFindErrors.finished
    output: 0-correction/find-errors-jobs/0047.red
    log: 0-correction/find-errors-jobs/0047.err
    jobid: 165
    reason: Missing output files: 0-correction/find-errors-jobs/0047.red
    wildcards: nnnn=0047
    threads: 4
    resources: mem_mb=1000, mem_mib=954, disk_mb=1000, disk_mib=954, tmpdir=<TBD>, job_id=1, n_cpus=4, mem_gb=32, time_h=4

Submitted job 165 with external jobid '18439846'.

[Wed May  6 16:10:53 2026]
rule computeErrors:
    input: 0-correction/hifi.seqStore, 0-correction/hifi.ovlStore, 0-correction/find-errors-jobs/0215.range, 0-correction/configureFindErrors.finished
    output: 0-correction/find-errors-jobs/0215.red
    log: 0-correction/find-errors-jobs/0215.err
    jobid: 333
    reason: Missing output files: 0-correction/find-errors-jobs/0215.red
    wildcards: nnnn=0215
    threads: 4
    resources: mem_mb=1000, mem_mib=954, disk_mb=1000, disk_mib=954, tmpdir=<TBD>, job_id=1, n_cpus=4, mem_gb=32, time_h=4

Submitted job 333 with external jobid '18439853'.

[Wed May  6 16:10:56 2026]
rule computeErrors:
    input: 0-correction/hifi.seqStore, 0-correction/hifi.ovlStore, 0-correction/find-errors-jobs/0271.range, 0-correction/configureFindErrors.finished
    output: 0-correction/find-errors-jobs/0271.red
    log: 0-correction/find-errors-jobs/0271.err
    jobid: 389
    reason: Missing output files: 0-correction/find-errors-jobs/0271.red
    wildcards: nnnn=0271
    threads: 4
    resources: mem_mb=1000, mem_mib=954, disk_mb=1000, disk_mib=954, tmpdir=<TBD>, job_id=1, n_cpus=4, mem_gb=32, time_h=4

Submitted job 389 with external jobid '18439858'.

[Wed May  6 16:10:59 2026]
rule computeErrors:
    input: 0-correction/hifi.seqStore, 0-correction/hifi.ovlStore, 0-correction/find-errors-jobs/0076.range, 0-correction/configureFindErrors.finished
    output: 0-correction/find-errors-jobs/0076.red
    log: 0-correction/find-errors-jobs/0076.err
    jobid: 194
    reason: Missing output files: 0-correction/find-errors-jobs/0076.red
    wildcards: nnnn=0076
    threads: 4
    resources: mem_mb=1000, mem_mib=954, disk_mb=1000, disk_mib=954, tmpdir=<TBD>, job_id=1, n_cpus=4, mem_gb=32, time_h=4

Submitted job 194 with external jobid '18439863'.

[Wed May  6 16:11:03 2026]
rule computeErrors:
    input: 0-correction/hifi.seqStore, 0-correction/hifi.ovlStore, 0-correction/find-errors-jobs/0132.range, 0-correction/configureFindErrors.finished
    output: 0-correction/find-errors-jobs/0132.red
    log: 0-correction/find-errors-jobs/0132.err
    jobid: 250
    reason: Missing output files: 0-correction/find-errors-jobs/0132.red
    wildcards: nnnn=0132
    threads: 4
    resources: mem_mb=1000, mem_mib=954, disk_mb=1000, disk_mib=954, tmpdir=<TBD>, job_id=1, n_cpus=4, mem_gb=32, time_h=4

Submitted job 250 with external jobid '18439869'.

[Wed May  6 16:11:06 2026]
rule computeErrors:
    input: 0-correction/hifi.seqStore, 0-correction/hifi.ovlStore, 0-correction/find-errors-jobs/0188.range, 0-correction/configureFindErrors.finished
    output: 0-correction/find-errors-jobs/0188.red
    log: 0-correction/find-errors-jobs/0188.err
    jobid: 306
    reason: Missing output files: 0-correction/find-errors-jobs/0188.red
    wildcards: nnnn=0188
    threads: 4
    resources: mem_mb=1000, mem_mib=954, disk_mb=1000, disk_mib=954, tmpdir=<TBD>, job_id=1, n_cpus=4, mem_gb=32, time_h=4

Submitted job 306 with external jobid '18439876'.

[Wed May  6 16:11:09 2026]
rule computeErrors:
    input: 0-correction/hifi.seqStore, 0-correction/hifi.ovlStore, 0-correction/find-errors-jobs/0020.range, 0-correction/configureFindErrors.finished
    output: 0-correction/find-errors-jobs/0020.red
    log: 0-correction/find-errors-jobs/0020.err
    jobid: 138
    reason: Missing output files: 0-correction/find-errors-jobs/0020.red
    wildcards: nnnn=0020
    threads: 4
    resources: mem_mb=1000, mem_mib=954, disk_mb=1000, disk_mib=954, tmpdir=<TBD>, job_id=1, n_cpus=4, mem_gb=32, time_h=4

Submitted job 138 with external jobid '18439881'.

[Wed May  6 16:11:12 2026]
rule computeErrors:
    input: 0-correction/hifi.seqStore, 0-correction/hifi.ovlStore, 0-correction/find-errors-jobs/0244.range, 0-correction/configureFindErrors.finished
    output: 0-correction/find-errors-jobs/0244.red
    log: 0-correction/find-errors-jobs/0244.err
    jobid: 362
    reason: Missing output files: 0-correction/find-errors-jobs/0244.red
    wildcards: nnnn=0244
    threads: 4
    resources: mem_mb=1000, mem_mib=954, disk_mb=1000, disk_mib=954, tmpdir=<TBD>, job_id=1, n_cpus=4, mem_gb=32, time_h=4

Submitted job 362 with external jobid '18439886'.

[Wed May  6 16:11:16 2026]
rule computeErrors:
    input: 0-correction/hifi.seqStore, 0-correction/hifi.ovlStore, 0-correction/find-errors-jobs/0048.range, 0-correction/configureFindErrors.finished
    output: 0-correction/find-errors-jobs/0048.red
    log: 0-correction/find-errors-jobs/0048.err
    jobid: 166
    reason: Missing output files: 0-correction/find-errors-jobs/0048.red
    wildcards: nnnn=0048
    threads: 4
    resources: mem_mb=1000, mem_mib=954, disk_mb=1000, disk_mib=954, tmpdir=<TBD>, job_id=1, n_cpus=4, mem_gb=32, time_h=4

Submitted job 166 with external jobid '18439890'.

[Wed May  6 16:11:19 2026]
rule computeErrors:
    input: 0-correction/hifi.seqStore, 0-correction/hifi.ovlStore, 0-correction/find-errors-jobs/0104.range, 0-correction/configureFindErrors.finished
    output: 0-correction/find-errors-jobs/0104.red
    log: 0-correction/find-errors-jobs/0104.err
    jobid: 222
    reason: Missing output files: 0-correction/find-errors-jobs/0104.red
    wildcards: nnnn=0104
    threads: 4
    resources: mem_mb=1000, mem_mib=954, disk_mb=1000, disk_mib=954, tmpdir=<TBD>, job_id=1, n_cpus=4, mem_gb=32, time_h=4

Submitted job 222 with external jobid '18439896'.

[Wed May  6 16:11:22 2026]
rule computeErrors:
    input: 0-correction/hifi.seqStore, 0-correction/hifi.ovlStore, 0-correction/find-errors-jobs/0160.range, 0-correction/configureFindErrors.finished
    output: 0-correction/find-errors-jobs/0160.red
    log: 0-correction/find-errors-jobs/0160.err
    jobid: 278
    reason: Missing output files: 0-correction/find-errors-jobs/0160.red
    wildcards: nnnn=0160
    threads: 4
    resources: mem_mb=1000, mem_mib=954, disk_mb=1000, disk_mib=954, tmpdir=<TBD>, job_id=1, n_cpus=4, mem_gb=32, time_h=4

Submitted job 278 with external jobid '18439902'.

[Wed May  6 16:11:25 2026]
rule computeErrors:
    input: 0-correction/hifi.seqStore, 0-correction/hifi.ovlStore, 0-correction/find-errors-jobs/0216.range, 0-correction/configureFindErrors.finished
    output: 0-correction/find-errors-jobs/0216.red
    log: 0-correction/find-errors-jobs/0216.err
    jobid: 334
    reason: Missing output files: 0-correction/find-errors-jobs/0216.red
    wildcards: nnnn=0216
    threads: 4
    resources: mem_mb=1000, mem_mib=954, disk_mb=1000, disk_mib=954, tmpdir=<TBD>, job_id=1, n_cpus=4, mem_gb=32, time_h=4

Submitted job 334 with external jobid '18439909'.

[Wed May  6 16:11:29 2026]
rule computeErrors:
    input: 0-correction/hifi.seqStore, 0-correction/hifi.ovlStore, 0-correction/find-errors-jobs/0272.range, 0-correction/configureFindErrors.finished
    output: 0-correction/find-errors-jobs/0272.red
    log: 0-correction/find-errors-jobs/0272.err
    jobid: 390
    reason: Missing output files: 0-correction/find-errors-jobs/0272.red
    wildcards: nnnn=0272
    threads: 4
    resources: mem_mb=1000, mem_mib=954, disk_mb=1000, disk_mib=954, tmpdir=<TBD>, job_id=1, n_cpus=4, mem_gb=32, time_h=4

Submitted job 390 with external jobid '18439914'.

[Wed May  6 16:11:32 2026]
rule computeErrors:
    input: 0-correction/hifi.seqStore, 0-correction/hifi.ovlStore, 0-correction/find-errors-jobs/0133.range, 0-correction/configureFindErrors.finished
    output: 0-correction/find-errors-jobs/0133.red
    log: 0-correction/find-errors-jobs/0133.err
    jobid: 251
    reason: Missing output files: 0-correction/find-errors-jobs/0133.red
    wildcards: nnnn=0133
    threads: 4
    resources: mem_mb=1000, mem_mib=954, disk_mb=1000, disk_mib=954, tmpdir=<TBD>, job_id=1, n_cpus=4, mem_gb=32, time_h=4

Submitted job 251 with external jobid '18439919'.

[Wed May  6 16:11:35 2026]
rule computeErrors:
    input: 0-correction/hifi.seqStore, 0-correction/hifi.ovlStore, 0-correction/find-errors-jobs/0077.range, 0-correction/configureFindErrors.finished
    output: 0-correction/find-errors-jobs/0077.red
    log: 0-correction/find-errors-jobs/0077.err
    jobid: 195
    reason: Missing output files: 0-correction/find-errors-jobs/0077.red
    wildcards: nnnn=0077
    threads: 4
    resources: mem_mb=1000, mem_mib=954, disk_mb=1000, disk_mib=954, tmpdir=<TBD>, job_id=1, n_cpus=4, mem_gb=32, time_h=4

Submitted job 195 with external jobid '18439925'.

[Wed May  6 16:11:38 2026]
rule computeErrors:
    input: 0-correction/hifi.seqStore, 0-correction/hifi.ovlStore, 0-correction/find-errors-jobs/0021.range, 0-correction/configureFindErrors.finished
    output: 0-correction/find-errors-jobs/0021.red
    log: 0-correction/find-errors-jobs/0021.err
    jobid: 139
    reason: Missing output files: 0-correction/find-errors-jobs/0021.red
    wildcards: nnnn=0021
    threads: 4
    resources: mem_mb=1000, mem_mib=954, disk_mb=1000, disk_mib=954, tmpdir=<TBD>, job_id=1, n_cpus=4, mem_gb=32, time_h=4

Submitted job 139 with external jobid '18439930'.

[Wed May  6 16:11:41 2026]
rule computeErrors:
    input: 0-correction/hifi.seqStore, 0-correction/hifi.ovlStore, 0-correction/find-errors-jobs/0189.range, 0-correction/configureFindErrors.finished
    output: 0-correction/find-errors-jobs/0189.red
    log: 0-correction/find-errors-jobs/0189.err
    jobid: 307
    reason: Missing output files: 0-correction/find-errors-jobs/0189.red
    wildcards: nnnn=0189
    threads: 4
    resources: mem_mb=1000, mem_mib=954, disk_mb=1000, disk_mib=954, tmpdir=<TBD>, job_id=1, n_cpus=4, mem_gb=32, time_h=4

Submitted job 307 with external jobid '18439934'.

[Wed May  6 16:11:45 2026]
rule computeErrors:
    input: 0-correction/hifi.seqStore, 0-correction/hifi.ovlStore, 0-correction/find-errors-jobs/0245.range, 0-correction/configureFindErrors.finished
    output: 0-correction/find-errors-jobs/0245.red
    log: 0-correction/find-errors-jobs/0245.err
    jobid: 363
    reason: Missing output files: 0-correction/find-errors-jobs/0245.red
    wildcards: nnnn=0245
    threads: 4
    resources: mem_mb=1000, mem_mib=954, disk_mb=1000, disk_mib=954, tmpdir=<TBD>, job_id=1, n_cpus=4, mem_gb=32, time_h=4

Submitted job 363 with external jobid '18439941'.

[Wed May  6 16:11:48 2026]
rule computeErrors:
    input: 0-correction/hifi.seqStore, 0-correction/hifi.ovlStore, 0-correction/find-errors-jobs/0049.range, 0-correction/configureFindErrors.finished
    output: 0-correction/find-errors-jobs/0049.red
    log: 0-correction/find-errors-jobs/0049.err
    jobid: 167
    reason: Missing output files: 0-correction/find-errors-jobs/0049.red
    wildcards: nnnn=0049
    threads: 4
    resources: mem_mb=1000, mem_mib=954, disk_mb=1000, disk_mib=954, tmpdir=<TBD>, job_id=1, n_cpus=4, mem_gb=32, time_h=4

Submitted job 167 with external jobid '18439946'.

[Wed May  6 16:11:51 2026]
rule computeErrors:
    input: 0-correction/hifi.seqStore, 0-correction/hifi.ovlStore, 0-correction/find-errors-jobs/0105.range, 0-correction/configureFindErrors.finished
    output: 0-correction/find-errors-jobs/0105.red
    log: 0-correction/find-errors-jobs/0105.err
    jobid: 223
    reason: Missing output files: 0-correction/find-errors-jobs/0105.red
    wildcards: nnnn=0105
    threads: 4
    resources: mem_mb=1000, mem_mib=954, disk_mb=1000, disk_mib=954, tmpdir=<TBD>, job_id=1, n_cpus=4, mem_gb=32, time_h=4

Submitted job 223 with external jobid '18439952'.

[Wed May  6 16:11:55 2026]
rule computeErrors:
    input: 0-correction/hifi.seqStore, 0-correction/hifi.ovlStore, 0-correction/find-errors-jobs/0161.range, 0-correction/configureFindErrors.finished
    output: 0-correction/find-errors-jobs/0161.red
    log: 0-correction/find-errors-jobs/0161.err
    jobid: 279
    reason: Missing output files: 0-correction/find-errors-jobs/0161.red
    wildcards: nnnn=0161
    threads: 4
    resources: mem_mb=1000, mem_mib=954, disk_mb=1000, disk_mib=954, tmpdir=<TBD>, job_id=1, n_cpus=4, mem_gb=32, time_h=4

Submitted job 279 with external jobid '18439957'.

[Wed May  6 16:11:58 2026]
rule computeErrors:
    input: 0-correction/hifi.seqStore, 0-correction/hifi.ovlStore, 0-correction/find-errors-jobs/0217.range, 0-correction/configureFindErrors.finished
    output: 0-correction/find-errors-jobs/0217.red
    log: 0-correction/find-errors-jobs/0217.err
    jobid: 335
    reason: Missing output files: 0-correction/find-errors-jobs/0217.red
    wildcards: nnnn=0217
    threads: 4
    resources: mem_mb=1000, mem_mib=954, disk_mb=1000, disk_mib=954, tmpdir=<TBD>, job_id=1, n_cpus=4, mem_gb=32, time_h=4

Submitted job 335 with external jobid '18439962'.

[Wed May  6 16:12:01 2026]
rule computeErrors:
    input: 0-correction/hifi.seqStore, 0-correction/hifi.ovlStore, 0-correction/find-errors-jobs/0273.range, 0-correction/configureFindErrors.finished
    output: 0-correction/find-errors-jobs/0273.red
    log: 0-correction/find-errors-jobs/0273.err
    jobid: 391
    reason: Missing output files: 0-correction/find-errors-jobs/0273.red
    wildcards: nnnn=0273
    threads: 4
    resources: mem_mb=1000, mem_mib=954, disk_mb=1000, disk_mib=954, tmpdir=<TBD>, job_id=1, n_cpus=4, mem_gb=32, time_h=4

Submitted job 391 with external jobid '18439968'.

[Wed May  6 16:12:04 2026]
rule computeErrors:
    input: 0-correction/hifi.seqStore, 0-correction/hifi.ovlStore, 0-correction/find-errors-jobs/0078.range, 0-correction/configureFindErrors.finished
    output: 0-correction/find-errors-jobs/0078.red
    log: 0-correction/find-errors-jobs/0078.err
    jobid: 196
    reason: Missing output files: 0-correction/find-errors-jobs/0078.red
    wildcards: nnnn=0078
    threads: 4
    resources: mem_mb=1000, mem_mib=954, disk_mb=1000, disk_mib=954, tmpdir=<TBD>, job_id=1, n_cpus=4, mem_gb=32, time_h=4

Submitted job 196 with external jobid '18439976'.

[Wed May  6 16:12:07 2026]
rule computeErrors:
    input: 0-correction/hifi.seqStore, 0-correction/hifi.ovlStore, 0-correction/find-errors-jobs/0134.range, 0-correction/configureFindErrors.finished
    output: 0-correction/find-errors-jobs/0134.red
    log: 0-correction/find-errors-jobs/0134.err
    jobid: 252
    reason: Missing output files: 0-correction/find-errors-jobs/0134.red
    wildcards: nnnn=0134
    threads: 4
    resources: mem_mb=1000, mem_mib=954, disk_mb=1000, disk_mib=954, tmpdir=<TBD>, job_id=1, n_cpus=4, mem_gb=32, time_h=4

Submitted job 252 with external jobid '18439982'.

[Wed May  6 16:12:11 2026]
rule computeErrors:
    input: 0-correction/hifi.seqStore, 0-correction/hifi.ovlStore, 0-correction/find-errors-jobs/0190.range, 0-correction/configureFindErrors.finished
    output: 0-correction/find-errors-jobs/0190.red
    log: 0-correction/find-errors-jobs/0190.err
    jobid: 308
    reason: Missing output files: 0-correction/find-errors-jobs/0190.red
    wildcards: nnnn=0190
    threads: 4
    resources: mem_mb=1000, mem_mib=954, disk_mb=1000, disk_mib=954, tmpdir=<TBD>, job_id=1, n_cpus=4, mem_gb=32, time_h=4

Submitted job 308 with external jobid '18439987'.

[Wed May  6 16:12:14 2026]
rule computeErrors:
    input: 0-correction/hifi.seqStore, 0-correction/hifi.ovlStore, 0-correction/find-errors-jobs/0022.range, 0-correction/configureFindErrors.finished
    output: 0-correction/find-errors-jobs/0022.red
    log: 0-correction/find-errors-jobs/0022.err
    jobid: 140
    reason: Missing output files: 0-correction/find-errors-jobs/0022.red
    wildcards: nnnn=0022
    threads: 4
    resources: mem_mb=1000, mem_mib=954, disk_mb=1000, disk_mib=954, tmpdir=<TBD>, job_id=1, n_cpus=4, mem_gb=32, time_h=4

Submitted job 140 with external jobid '18439994'.

[Wed May  6 16:12:17 2026]
rule computeErrors:
    input: 0-correction/hifi.seqStore, 0-correction/hifi.ovlStore, 0-correction/find-errors-jobs/0246.range, 0-correction/configureFindErrors.finished
    output: 0-correction/find-errors-jobs/0246.red
    log: 0-correction/find-errors-jobs/0246.err
    jobid: 364
    reason: Missing output files: 0-correction/find-errors-jobs/0246.red
    wildcards: nnnn=0246
    threads: 4
    resources: mem_mb=1000, mem_mib=954, disk_mb=1000, disk_mib=954, tmpdir=<TBD>, job_id=1, n_cpus=4, mem_gb=32, time_h=4

Submitted job 364 with external jobid '18440001'.

[Wed May  6 16:12:20 2026]
rule computeErrors:
    input: 0-correction/hifi.seqStore, 0-correction/hifi.ovlStore, 0-correction/find-errors-jobs/0050.range, 0-correction/configureFindErrors.finished
    output: 0-correction/find-errors-jobs/0050.red
    log: 0-correction/find-errors-jobs/0050.err
    jobid: 168
    reason: Missing output files: 0-correction/find-errors-jobs/0050.red
    wildcards: nnnn=0050
    threads: 4
    resources: mem_mb=1000, mem_mib=954, disk_mb=1000, disk_mib=954, tmpdir=<TBD>, job_id=1, n_cpus=4, mem_gb=32, time_h=4

Submitted job 168 with external jobid '18440145'.

[Wed May  6 16:12:23 2026]
rule computeErrors:
    input: 0-correction/hifi.seqStore, 0-correction/hifi.ovlStore, 0-correction/find-errors-jobs/0106.range, 0-correction/configureFindErrors.finished
    output: 0-correction/find-errors-jobs/0106.red
    log: 0-correction/find-errors-jobs/0106.err
    jobid: 224
    reason: Missing output files: 0-correction/find-errors-jobs/0106.red
    wildcards: nnnn=0106
    threads: 4
    resources: mem_mb=1000, mem_mib=954, disk_mb=1000, disk_mib=954, tmpdir=<TBD>, job_id=1, n_cpus=4, mem_gb=32, time_h=4

Submitted job 224 with external jobid '18440263'.

[Wed May  6 16:12:28 2026]
rule computeErrors:
    input: 0-correction/hifi.seqStore, 0-correction/hifi.ovlStore, 0-correction/find-errors-jobs/0162.range, 0-correction/configureFindErrors.finished
    output: 0-correction/find-errors-jobs/0162.red
    log: 0-correction/find-errors-jobs/0162.err
    jobid: 280
    reason: Missing output files: 0-correction/find-errors-jobs/0162.red
    wildcards: nnnn=0162
    threads: 4
    resources: mem_mb=1000, mem_mib=954, disk_mb=1000, disk_mib=954, tmpdir=<TBD>, job_id=1, n_cpus=4, mem_gb=32, time_h=4

Submitted job 280 with external jobid '18440275'.

[Wed May  6 16:12:33 2026]
rule computeErrors:
    input: 0-correction/hifi.seqStore, 0-correction/hifi.ovlStore, 0-correction/find-errors-jobs/0218.range, 0-correction/configureFindErrors.finished
    output: 0-correction/find-errors-jobs/0218.red
    log: 0-correction/find-errors-jobs/0218.err
    jobid: 336
    reason: Missing output files: 0-correction/find-errors-jobs/0218.red
    wildcards: nnnn=0218
    threads: 4
    resources: mem_mb=1000, mem_mib=954, disk_mb=1000, disk_mib=954, tmpdir=<TBD>, job_id=1, n_cpus=4, mem_gb=32, time_h=4

Submitted job 336 with external jobid '18440320'.

[Wed May  6 16:12:36 2026]
rule computeErrors:
    input: 0-correction/hifi.seqStore, 0-correction/hifi.ovlStore, 0-correction/find-errors-jobs/0274.range, 0-correction/configureFindErrors.finished
    output: 0-correction/find-errors-jobs/0274.red
    log: 0-correction/find-errors-jobs/0274.err
    jobid: 392
    reason: Missing output files: 0-correction/find-errors-jobs/0274.red
    wildcards: nnnn=0274
    threads: 4
    resources: mem_mb=1000, mem_mib=954, disk_mb=1000, disk_mib=954, tmpdir=<TBD>, job_id=1, n_cpus=4, mem_gb=32, time_h=4

Submitted job 392 with external jobid '18440328'.

[Wed May  6 16:12:40 2026]
rule computeErrors:
    input: 0-correction/hifi.seqStore, 0-correction/hifi.ovlStore, 0-correction/find-errors-jobs/0079.range, 0-correction/configureFindErrors.finished
    output: 0-correction/find-errors-jobs/0079.red
    log: 0-correction/find-errors-jobs/0079.err
    jobid: 197
    reason: Missing output files: 0-correction/find-errors-jobs/0079.red
    wildcards: nnnn=0079
    threads: 4
    resources: mem_mb=1000, mem_mib=954, disk_mb=1000, disk_mib=954, tmpdir=<TBD>, job_id=1, n_cpus=4, mem_gb=32, time_h=4

Submitted job 197 with external jobid '18440334'.

[Wed May  6 16:12:43 2026]
rule computeErrors:
    input: 0-correction/hifi.seqStore, 0-correction/hifi.ovlStore, 0-correction/find-errors-jobs/0135.range, 0-correction/configureFindErrors.finished
    output: 0-correction/find-errors-jobs/0135.red
    log: 0-correction/find-errors-jobs/0135.err
    jobid: 253
    reason: Missing output files: 0-correction/find-errors-jobs/0135.red
    wildcards: nnnn=0135
    threads: 4
    resources: mem_mb=1000, mem_mib=954, disk_mb=1000, disk_mib=954, tmpdir=<TBD>, job_id=1, n_cpus=4, mem_gb=32, time_h=4

Submitted job 253 with external jobid '18440341'.

[Wed May  6 16:12:46 2026]
rule computeErrors:
    input: 0-correction/hifi.seqStore, 0-correction/hifi.ovlStore, 0-correction/find-errors-jobs/0191.range, 0-correction/configureFindErrors.finished
    output: 0-correction/find-errors-jobs/0191.red
    log: 0-correction/find-errors-jobs/0191.err
    jobid: 309
    reason: Missing output files: 0-correction/find-errors-jobs/0191.red
    wildcards: nnnn=0191
    threads: 4
    resources: mem_mb=1000, mem_mib=954, disk_mb=1000, disk_mib=954, tmpdir=<TBD>, job_id=1, n_cpus=4, mem_gb=32, time_h=4

Submitted job 309 with external jobid '18440348'.

[Wed May  6 16:12:49 2026]
rule computeErrors:
    input: 0-correction/hifi.seqStore, 0-correction/hifi.ovlStore, 0-correction/find-errors-jobs/0023.range, 0-correction/configureFindErrors.finished
    output: 0-correction/find-errors-jobs/0023.red
    log: 0-correction/find-errors-jobs/0023.err
    jobid: 141
    reason: Missing output files: 0-correction/find-errors-jobs/0023.red
    wildcards: nnnn=0023
    threads: 4
    resources: mem_mb=1000, mem_mib=954, disk_mb=1000, disk_mib=954, tmpdir=<TBD>, job_id=1, n_cpus=4, mem_gb=32, time_h=4

Submitted job 141 with external jobid '18440355'.

[Wed May  6 16:12:52 2026]
rule computeErrors:
    input: 0-correction/hifi.seqStore, 0-correction/hifi.ovlStore, 0-correction/find-errors-jobs/0247.range, 0-correction/configureFindErrors.finished
    output: 0-correction/find-errors-jobs/0247.red
    log: 0-correction/find-errors-jobs/0247.err
    jobid: 365
    reason: Missing output files: 0-correction/find-errors-jobs/0247.red
    wildcards: nnnn=0247
    threads: 4
    resources: mem_mb=1000, mem_mib=954, disk_mb=1000, disk_mib=954, tmpdir=<TBD>, job_id=1, n_cpus=4, mem_gb=32, time_h=4

Submitted job 365 with external jobid '18440363'.

[Wed May  6 16:12:56 2026]
rule computeErrors:
    input: 0-correction/hifi.seqStore, 0-correction/hifi.ovlStore, 0-correction/find-errors-jobs/0051.range, 0-correction/configureFindErrors.finished
    output: 0-correction/find-errors-jobs/0051.red
    log: 0-correction/find-errors-jobs/0051.err
    jobid: 169
    reason: Missing output files: 0-correction/find-errors-jobs/0051.red
    wildcards: nnnn=0051
    threads: 4
    resources: mem_mb=1000, mem_mib=954, disk_mb=1000, disk_mib=954, tmpdir=<TBD>, job_id=1, n_cpus=4, mem_gb=32, time_h=4

Submitted job 169 with external jobid '18440370'.

[Wed May  6 16:12:59 2026]
rule computeErrors:
    input: 0-correction/hifi.seqStore, 0-correction/hifi.ovlStore, 0-correction/find-errors-jobs/0107.range, 0-correction/configureFindErrors.finished
    output: 0-correction/find-errors-jobs/0107.red
    log: 0-correction/find-errors-jobs/0107.err
    jobid: 225
    reason: Missing output files: 0-correction/find-errors-jobs/0107.red
    wildcards: nnnn=0107
    threads: 4
    resources: mem_mb=1000, mem_mib=954, disk_mb=1000, disk_mib=954, tmpdir=<TBD>, job_id=1, n_cpus=4, mem_gb=32, time_h=4

Submitted job 225 with external jobid '18440377'.

[Wed May  6 16:13:02 2026]
rule computeErrors:
    input: 0-correction/hifi.seqStore, 0-correction/hifi.ovlStore, 0-correction/find-errors-jobs/0163.range, 0-correction/configureFindErrors.finished
    output: 0-correction/find-errors-jobs/0163.red
    log: 0-correction/find-errors-jobs/0163.err
    jobid: 281
    reason: Missing output files: 0-correction/find-errors-jobs/0163.red
    wildcards: nnnn=0163
    threads: 4
    resources: mem_mb=1000, mem_mib=954, disk_mb=1000, disk_mib=954, tmpdir=<TBD>, job_id=1, n_cpus=4, mem_gb=32, time_h=4

Submitted job 281 with external jobid '18440384'.

[Wed May  6 16:13:05 2026]
rule computeErrors:
    input: 0-correction/hifi.seqStore, 0-correction/hifi.ovlStore, 0-correction/find-errors-jobs/0219.range, 0-correction/configureFindErrors.finished
    output: 0-correction/find-errors-jobs/0219.red
    log: 0-correction/find-errors-jobs/0219.err
    jobid: 337
    reason: Missing output files: 0-correction/find-errors-jobs/0219.red
    wildcards: nnnn=0219
    threads: 4
    resources: mem_mb=1000, mem_mib=954, disk_mb=1000, disk_mib=954, tmpdir=<TBD>, job_id=1, n_cpus=4, mem_gb=32, time_h=4

Submitted job 337 with external jobid '18440388'.

[Wed May  6 16:13:08 2026]
rule computeErrors:
    input: 0-correction/hifi.seqStore, 0-correction/hifi.ovlStore, 0-correction/find-errors-jobs/0275.range, 0-correction/configureFindErrors.finished
    output: 0-correction/find-errors-jobs/0275.red
    log: 0-correction/find-errors-jobs/0275.err
    jobid: 393
    reason: Missing output files: 0-correction/find-errors-jobs/0275.red
    wildcards: nnnn=0275
    threads: 4
    resources: mem_mb=1000, mem_mib=954, disk_mb=1000, disk_mib=954, tmpdir=<TBD>, job_id=1, n_cpus=4, mem_gb=32, time_h=4

Submitted job 393 with external jobid '18440393'.

[Wed May  6 16:13:12 2026]
rule computeErrors:
    input: 0-correction/hifi.seqStore, 0-correction/hifi.ovlStore, 0-correction/find-errors-jobs/0080.range, 0-correction/configureFindErrors.finished
    output: 0-correction/find-errors-jobs/0080.red
    log: 0-correction/find-errors-jobs/0080.err
    jobid: 198
    reason: Missing output files: 0-correction/find-errors-jobs/0080.red
    wildcards: nnnn=0080
    threads: 4
    resources: mem_mb=1000, mem_mib=954, disk_mb=1000, disk_mib=954, tmpdir=<TBD>, job_id=1, n_cpus=4, mem_gb=32, time_h=4

Submitted job 198 with external jobid '18440398'.

[Wed May  6 16:13:15 2026]
rule computeErrors:
    input: 0-correction/hifi.seqStore, 0-correction/hifi.ovlStore, 0-correction/find-errors-jobs/0136.range, 0-correction/configureFindErrors.finished
    output: 0-correction/find-errors-jobs/0136.red
    log: 0-correction/find-errors-jobs/0136.err
    jobid: 254
    reason: Missing output files: 0-correction/find-errors-jobs/0136.red
    wildcards: nnnn=0136
    threads: 4
    resources: mem_mb=1000, mem_mib=954, disk_mb=1000, disk_mib=954, tmpdir=<TBD>, job_id=1, n_cpus=4, mem_gb=32, time_h=4

Submitted job 254 with external jobid '18440403'.

[Wed May  6 16:13:18 2026]
rule computeErrors:
    input: 0-correction/hifi.seqStore, 0-correction/hifi.ovlStore, 0-correction/find-errors-jobs/0192.range, 0-correction/configureFindErrors.finished
    output: 0-correction/find-errors-jobs/0192.red
    log: 0-correction/find-errors-jobs/0192.err
    jobid: 310
    reason: Missing output files: 0-correction/find-errors-jobs/0192.red
    wildcards: nnnn=0192
    threads: 4
    resources: mem_mb=1000, mem_mib=954, disk_mb=1000, disk_mib=954, tmpdir=<TBD>, job_id=1, n_cpus=4, mem_gb=32, time_h=4

Submitted job 310 with external jobid '18440607'.

[Wed May  6 16:13:23 2026]
rule computeErrors:
    input: 0-correction/hifi.seqStore, 0-correction/hifi.ovlStore, 0-correction/find-errors-jobs/0024.range, 0-correction/configureFindErrors.finished
    output: 0-correction/find-errors-jobs/0024.red
    log: 0-correction/find-errors-jobs/0024.err
    jobid: 142
    reason: Missing output files: 0-correction/find-errors-jobs/0024.red
    wildcards: nnnn=0024
    threads: 4
    resources: mem_mb=1000, mem_mib=954, disk_mb=1000, disk_mib=954, tmpdir=<TBD>, job_id=1, n_cpus=4, mem_gb=32, time_h=4

Submitted job 142 with external jobid '18440649'.

[Wed May  6 16:13:27 2026]
rule computeErrors:
    input: 0-correction/hifi.seqStore, 0-correction/hifi.ovlStore, 0-correction/find-errors-jobs/0248.range, 0-correction/configureFindErrors.finished
    output: 0-correction/find-errors-jobs/0248.red
    log: 0-correction/find-errors-jobs/0248.err
    jobid: 366
    reason: Missing output files: 0-correction/find-errors-jobs/0248.red
    wildcards: nnnn=0248
    threads: 4
    resources: mem_mb=1000, mem_mib=954, disk_mb=1000, disk_mib=954, tmpdir=<TBD>, job_id=1, n_cpus=4, mem_gb=32, time_h=4

Submitted job 366 with external jobid '18440656'.

[Wed May  6 16:13:30 2026]
rule computeErrors:
    input: 0-correction/hifi.seqStore, 0-correction/hifi.ovlStore, 0-correction/find-errors-jobs/0052.range, 0-correction/configureFindErrors.finished
    output: 0-correction/find-errors-jobs/0052.red
    log: 0-correction/find-errors-jobs/0052.err
    jobid: 170
    reason: Missing output files: 0-correction/find-errors-jobs/0052.red
    wildcards: nnnn=0052
    threads: 4
    resources: mem_mb=1000, mem_mib=954, disk_mb=1000, disk_mib=954, tmpdir=<TBD>, job_id=1, n_cpus=4, mem_gb=32, time_h=4

Submitted job 170 with external jobid '18440663'.

[Wed May  6 16:13:33 2026]
rule computeErrors:
    input: 0-correction/hifi.seqStore, 0-correction/hifi.ovlStore, 0-correction/find-errors-jobs/0108.range, 0-correction/configureFindErrors.finished
    output: 0-correction/find-errors-jobs/0108.red
    log: 0-correction/find-errors-jobs/0108.err
    jobid: 226
    reason: Missing output files: 0-correction/find-errors-jobs/0108.red
    wildcards: nnnn=0108
    threads: 4
    resources: mem_mb=1000, mem_mib=954, disk_mb=1000, disk_mib=954, tmpdir=<TBD>, job_id=1, n_cpus=4, mem_gb=32, time_h=4

Submitted job 226 with external jobid '18440666'.

[Wed May  6 16:13:36 2026]
rule computeErrors:
    input: 0-correction/hifi.seqStore, 0-correction/hifi.ovlStore, 0-correction/find-errors-jobs/0164.range, 0-correction/configureFindErrors.finished
    output: 0-correction/find-errors-jobs/0164.red
    log: 0-correction/find-errors-jobs/0164.err
    jobid: 282
    reason: Missing output files: 0-correction/find-errors-jobs/0164.red
    wildcards: nnnn=0164
    threads: 4
    resources: mem_mb=1000, mem_mib=954, disk_mb=1000, disk_mib=954, tmpdir=<TBD>, job_id=1, n_cpus=4, mem_gb=32, time_h=4

Submitted job 282 with external jobid '18440670'.

[Wed May  6 16:13:39 2026]
rule computeErrors:
    input: 0-correction/hifi.seqStore, 0-correction/hifi.ovlStore, 0-correction/find-errors-jobs/0220.range, 0-correction/configureFindErrors.finished
    output: 0-correction/find-errors-jobs/0220.red
    log: 0-correction/find-errors-jobs/0220.err
    jobid: 338
    reason: Missing output files: 0-correction/find-errors-jobs/0220.red
    wildcards: nnnn=0220
    threads: 4
    resources: mem_mb=1000, mem_mib=954, disk_mb=1000, disk_mib=954, tmpdir=<TBD>, job_id=1, n_cpus=4, mem_gb=32, time_h=4

Submitted job 338 with external jobid '18440675'.

[Wed May  6 16:13:43 2026]
rule computeErrors:
    input: 0-correction/hifi.seqStore, 0-correction/hifi.ovlStore, 0-correction/find-errors-jobs/0276.range, 0-correction/configureFindErrors.finished
    output: 0-correction/find-errors-jobs/0276.red
    log: 0-correction/find-errors-jobs/0276.err
    jobid: 394
    reason: Missing output files: 0-correction/find-errors-jobs/0276.red
    wildcards: nnnn=0276
    threads: 4
    resources: mem_mb=1000, mem_mib=954, disk_mb=1000, disk_mib=954, tmpdir=<TBD>, job_id=1, n_cpus=4, mem_gb=32, time_h=4

Submitted job 394 with external jobid '18440679'.

[Wed May  6 16:13:46 2026]
rule computeErrors:
    input: 0-correction/hifi.seqStore, 0-correction/hifi.ovlStore, 0-correction/find-errors-jobs/0070.range, 0-correction/configureFindErrors.finished
    output: 0-correction/find-errors-jobs/0070.red
    log: 0-correction/find-errors-jobs/0070.err
    jobid: 188
    reason: Missing output files: 0-correction/find-errors-jobs/0070.red
    wildcards: nnnn=0070
    threads: 4
    resources: mem_mb=1000, mem_mib=954, disk_mb=1000, disk_mib=954, tmpdir=<TBD>, job_id=1, n_cpus=4, mem_gb=32, time_h=4

Submitted job 188 with external jobid '18440684'.

[Wed May  6 16:13:49 2026]
rule computeErrors:
    input: 0-correction/hifi.seqStore, 0-correction/hifi.ovlStore, 0-correction/find-errors-jobs/0081.range, 0-correction/configureFindErrors.finished
    output: 0-correction/find-errors-jobs/0081.red
    log: 0-correction/find-errors-jobs/0081.err
    jobid: 199
    reason: Missing output files: 0-correction/find-errors-jobs/0081.red
    wildcards: nnnn=0081
    threads: 4
    resources: mem_mb=1000, mem_mib=954, disk_mb=1000, disk_mib=954, tmpdir=<TBD>, job_id=1, n_cpus=4, mem_gb=32, time_h=4

Submitted job 199 with external jobid '18440687'.

[Wed May  6 16:13:52 2026]
rule computeErrors:
    input: 0-correction/hifi.seqStore, 0-correction/hifi.ovlStore, 0-correction/find-errors-jobs/0137.range, 0-correction/configureFindErrors.finished
    output: 0-correction/find-errors-jobs/0137.red
    log: 0-correction/find-errors-jobs/0137.err
    jobid: 255
    reason: Missing output files: 0-correction/find-errors-jobs/0137.red
    wildcards: nnnn=0137
    threads: 4
    resources: mem_mb=1000, mem_mib=954, disk_mb=1000, disk_mib=954, tmpdir=<TBD>, job_id=1, n_cpus=4, mem_gb=32, time_h=4

Submitted job 255 with external jobid '18440690'.

[Wed May  6 16:13:55 2026]
rule computeErrors:
    input: 0-correction/hifi.seqStore, 0-correction/hifi.ovlStore, 0-correction/find-errors-jobs/0193.range, 0-correction/configureFindErrors.finished
    output: 0-correction/find-errors-jobs/0193.red
    log: 0-correction/find-errors-jobs/0193.err
    jobid: 311
    reason: Missing output files: 0-correction/find-errors-jobs/0193.red
    wildcards: nnnn=0193
    threads: 4
    resources: mem_mb=1000, mem_mib=954, disk_mb=1000, disk_mib=954, tmpdir=<TBD>, job_id=1, n_cpus=4, mem_gb=32, time_h=4

Submitted job 311 with external jobid '18440694'.

[Wed May  6 16:13:59 2026]
rule computeErrors:
    input: 0-correction/hifi.seqStore, 0-correction/hifi.ovlStore, 0-correction/find-errors-jobs/0025.range, 0-correction/configureFindErrors.finished
    output: 0-correction/find-errors-jobs/0025.red
    log: 0-correction/find-errors-jobs/0025.err
    jobid: 143
    reason: Missing output files: 0-correction/find-errors-jobs/0025.red
    wildcards: nnnn=0025
    threads: 4
    resources: mem_mb=1000, mem_mib=954, disk_mb=1000, disk_mib=954, tmpdir=<TBD>, job_id=1, n_cpus=4, mem_gb=32, time_h=4

Submitted job 143 with external jobid '18440698'.

[Wed May  6 16:14:02 2026]
rule computeErrors:
    input: 0-correction/hifi.seqStore, 0-correction/hifi.ovlStore, 0-correction/find-errors-jobs/0249.range, 0-correction/configureFindErrors.finished
    output: 0-correction/find-errors-jobs/0249.red
    log: 0-correction/find-errors-jobs/0249.err
    jobid: 367
    reason: Missing output files: 0-correction/find-errors-jobs/0249.red
    wildcards: nnnn=0249
    threads: 4
    resources: mem_mb=1000, mem_mib=954, disk_mb=1000, disk_mib=954, tmpdir=<TBD>, job_id=1, n_cpus=4, mem_gb=32, time_h=4

Submitted job 367 with external jobid '18440701'.

[Wed May  6 16:14:05 2026]
rule computeErrors:
    input: 0-correction/hifi.seqStore, 0-correction/hifi.ovlStore, 0-correction/find-errors-jobs/0053.range, 0-correction/configureFindErrors.finished
    output: 0-correction/find-errors-jobs/0053.red
    log: 0-correction/find-errors-jobs/0053.err
    jobid: 171
    reason: Missing output files: 0-correction/find-errors-jobs/0053.red
    wildcards: nnnn=0053
    threads: 4
    resources: mem_mb=1000, mem_mib=954, disk_mb=1000, disk_mib=954, tmpdir=<TBD>, job_id=1, n_cpus=4, mem_gb=32, time_h=4

Submitted job 171 with external jobid '18440706'.

[Wed May  6 16:14:08 2026]
rule computeErrors:
    input: 0-correction/hifi.seqStore, 0-correction/hifi.ovlStore, 0-correction/find-errors-jobs/0109.range, 0-correction/configureFindErrors.finished
    output: 0-correction/find-errors-jobs/0109.red
    log: 0-correction/find-errors-jobs/0109.err
    jobid: 227
    reason: Missing output files: 0-correction/find-errors-jobs/0109.red
    wildcards: nnnn=0109
    threads: 4
    resources: mem_mb=1000, mem_mib=954, disk_mb=1000, disk_mib=954, tmpdir=<TBD>, job_id=1, n_cpus=4, mem_gb=32, time_h=4

Submitted job 227 with external jobid '18440907'.

[Wed May  6 16:14:13 2026]
rule computeErrors:
    input: 0-correction/hifi.seqStore, 0-correction/hifi.ovlStore, 0-correction/find-errors-jobs/0165.range, 0-correction/configureFindErrors.finished
    output: 0-correction/find-errors-jobs/0165.red
    log: 0-correction/find-errors-jobs/0165.err
    jobid: 283
    reason: Missing output files: 0-correction/find-errors-jobs/0165.red
    wildcards: nnnn=0165
    threads: 4
    resources: mem_mb=1000, mem_mib=954, disk_mb=1000, disk_mib=954, tmpdir=<TBD>, job_id=1, n_cpus=4, mem_gb=32, time_h=4

Submitted job 283 with external jobid '18440952'.

[Wed May  6 16:14:17 2026]
rule computeErrors:
    input: 0-correction/hifi.seqStore, 0-correction/hifi.ovlStore, 0-correction/find-errors-jobs/0221.range, 0-correction/configureFindErrors.finished
    output: 0-correction/find-errors-jobs/0221.red
    log: 0-correction/find-errors-jobs/0221.err
    jobid: 339
    reason: Missing output files: 0-correction/find-errors-jobs/0221.red
    wildcards: nnnn=0221
    threads: 4
    resources: mem_mb=1000, mem_mib=954, disk_mb=1000, disk_mib=954, tmpdir=<TBD>, job_id=1, n_cpus=4, mem_gb=32, time_h=4

Submitted job 339 with external jobid '18440960'.

[Wed May  6 16:14:20 2026]
rule computeErrors:
    input: 0-correction/hifi.seqStore, 0-correction/hifi.ovlStore, 0-correction/find-errors-jobs/0082.range, 0-correction/configureFindErrors.finished
    output: 0-correction/find-errors-jobs/0082.red
    log: 0-correction/find-errors-jobs/0082.err
    jobid: 200
    reason: Missing output files: 0-correction/find-errors-jobs/0082.red
    wildcards: nnnn=0082
    threads: 4
    resources: mem_mb=1000, mem_mib=954, disk_mb=1000, disk_mib=954, tmpdir=<TBD>, job_id=1, n_cpus=4, mem_gb=32, time_h=4

Submitted job 200 with external jobid '18440963'.

[Wed May  6 16:14:24 2026]
rule computeErrors:
    input: 0-correction/hifi.seqStore, 0-correction/hifi.ovlStore, 0-correction/find-errors-jobs/0138.range, 0-correction/configureFindErrors.finished
    output: 0-correction/find-errors-jobs/0138.red
    log: 0-correction/find-errors-jobs/0138.err
    jobid: 256
    reason: Missing output files: 0-correction/find-errors-jobs/0138.red
    wildcards: nnnn=0138
    threads: 4
    resources: mem_mb=1000, mem_mib=954, disk_mb=1000, disk_mib=954, tmpdir=<TBD>, job_id=1, n_cpus=4, mem_gb=32, time_h=4

Submitted job 256 with external jobid '18440967'.

[Wed May  6 16:14:27 2026]
rule computeErrors:
    input: 0-correction/hifi.seqStore, 0-correction/hifi.ovlStore, 0-correction/find-errors-jobs/0194.range, 0-correction/configureFindErrors.finished
    output: 0-correction/find-errors-jobs/0194.red
    log: 0-correction/find-errors-jobs/0194.err
    jobid: 312
    reason: Missing output files: 0-correction/find-errors-jobs/0194.red
    wildcards: nnnn=0194
    threads: 4
    resources: mem_mb=1000, mem_mib=954, disk_mb=1000, disk_mib=954, tmpdir=<TBD>, job_id=1, n_cpus=4, mem_gb=32, time_h=4

Submitted job 312 with external jobid '18440973'.

[Wed May  6 16:14:30 2026]
rule computeErrors:
    input: 0-correction/hifi.seqStore, 0-correction/hifi.ovlStore, 0-correction/find-errors-jobs/0026.range, 0-correction/configureFindErrors.finished
    output: 0-correction/find-errors-jobs/0026.red
    log: 0-correction/find-errors-jobs/0026.err
    jobid: 144
    reason: Missing output files: 0-correction/find-errors-jobs/0026.red
    wildcards: nnnn=0026
    threads: 4
    resources: mem_mb=1000, mem_mib=954, disk_mb=1000, disk_mib=954, tmpdir=<TBD>, job_id=1, n_cpus=4, mem_gb=32, time_h=4

Submitted job 144 with external jobid '18440977'.

[Wed May  6 16:14:33 2026]
rule computeErrors:
    input: 0-correction/hifi.seqStore, 0-correction/hifi.ovlStore, 0-correction/find-errors-jobs/0250.range, 0-correction/configureFindErrors.finished
    output: 0-correction/find-errors-jobs/0250.red
    log: 0-correction/find-errors-jobs/0250.err
    jobid: 368
    reason: Missing output files: 0-correction/find-errors-jobs/0250.red
    wildcards: nnnn=0250
    threads: 4
    resources: mem_mb=1000, mem_mib=954, disk_mb=1000, disk_mib=954, tmpdir=<TBD>, job_id=1, n_cpus=4, mem_gb=32, time_h=4

Submitted job 368 with external jobid '18440985'.

[Wed May  6 16:14:36 2026]
rule computeErrors:
    input: 0-correction/hifi.seqStore, 0-correction/hifi.ovlStore, 0-correction/find-errors-jobs/0054.range, 0-correction/configureFindErrors.finished
    output: 0-correction/find-errors-jobs/0054.red
    log: 0-correction/find-errors-jobs/0054.err
    jobid: 172
    reason: Missing output files: 0-correction/find-errors-jobs/0054.red
    wildcards: nnnn=0054
    threads: 4
    resources: mem_mb=1000, mem_mib=954, disk_mb=1000, disk_mib=954, tmpdir=<TBD>, job_id=1, n_cpus=4, mem_gb=32, time_h=4

Submitted job 172 with external jobid '18440989'.

[Wed May  6 16:14:40 2026]
rule computeErrors:
    input: 0-correction/hifi.seqStore, 0-correction/hifi.ovlStore, 0-correction/find-errors-jobs/0110.range, 0-correction/configureFindErrors.finished
    output: 0-correction/find-errors-jobs/0110.red
    log: 0-correction/find-errors-jobs/0110.err
    jobid: 228
    reason: Missing output files: 0-correction/find-errors-jobs/0110.red
    wildcards: nnnn=0110
    threads: 4
    resources: mem_mb=1000, mem_mib=954, disk_mb=1000, disk_mib=954, tmpdir=<TBD>, job_id=1, n_cpus=4, mem_gb=32, time_h=4

Submitted job 228 with external jobid '18440993'.

[Wed May  6 16:14:43 2026]
rule computeErrors:
    input: 0-correction/hifi.seqStore, 0-correction/hifi.ovlStore, 0-correction/find-errors-jobs/0166.range, 0-correction/configureFindErrors.finished
    output: 0-correction/find-errors-jobs/0166.red
    log: 0-correction/find-errors-jobs/0166.err
    jobid: 284
    reason: Missing output files: 0-correction/find-errors-jobs/0166.red
    wildcards: nnnn=0166
    threads: 4
    resources: mem_mb=1000, mem_mib=954, disk_mb=1000, disk_mib=954, tmpdir=<TBD>, job_id=1, n_cpus=4, mem_gb=32, time_h=4

Submitted job 284 with external jobid '18440997'.

[Wed May  6 16:14:46 2026]
rule computeErrors:
    input: 0-correction/hifi.seqStore, 0-correction/hifi.ovlStore, 0-correction/find-errors-jobs/0002.range, 0-correction/configureFindErrors.finished
    output: 0-correction/find-errors-jobs/0002.red
    log: 0-correction/find-errors-jobs/0002.err
    jobid: 120
    reason: Missing output files: 0-correction/find-errors-jobs/0002.red
    wildcards: nnnn=0002
    threads: 4
    resources: mem_mb=1000, mem_mib=954, disk_mb=1000, disk_mib=954, tmpdir=<TBD>, job_id=1, n_cpus=4, mem_gb=32, time_h=4

Submitted job 120 with external jobid '18441003'.

[Wed May  6 16:14:49 2026]
rule computeErrors:
    input: 0-correction/hifi.seqStore, 0-correction/hifi.ovlStore, 0-correction/find-errors-jobs/0222.range, 0-correction/configureFindErrors.finished
    output: 0-correction/find-errors-jobs/0222.red
    log: 0-correction/find-errors-jobs/0222.err
    jobid: 340
    reason: Missing output files: 0-correction/find-errors-jobs/0222.red
    wildcards: nnnn=0222
    threads: 4
    resources: mem_mb=1000, mem_mib=954, disk_mb=1000, disk_mib=954, tmpdir=<TBD>, job_id=1, n_cpus=4, mem_gb=32, time_h=4

Submitted job 340 with external jobid '18441006'.

[Wed May  6 16:14:53 2026]
rule computeErrors:
    input: 0-correction/hifi.seqStore, 0-correction/hifi.ovlStore, 0-correction/find-errors-jobs/0083.range, 0-correction/configureFindErrors.finished
    output: 0-correction/find-errors-jobs/0083.red
    log: 0-correction/find-errors-jobs/0083.err
    jobid: 201
    reason: Missing output files: 0-correction/find-errors-jobs/0083.red
    wildcards: nnnn=0083
    threads: 4
    resources: mem_mb=1000, mem_mib=954, disk_mb=1000, disk_mib=954, tmpdir=<TBD>, job_id=1, n_cpus=4, mem_gb=32, time_h=4

Submitted job 201 with external jobid '18441010'.

[Wed May  6 16:14:56 2026]
rule computeErrors:
    input: 0-correction/hifi.seqStore, 0-correction/hifi.ovlStore, 0-correction/find-errors-jobs/0139.range, 0-correction/configureFindErrors.finished
    output: 0-correction/find-errors-jobs/0139.red
    log: 0-correction/find-errors-jobs/0139.err
    jobid: 257
    reason: Missing output files: 0-correction/find-errors-jobs/0139.red
    wildcards: nnnn=0139
    threads: 4
    resources: mem_mb=1000, mem_mib=954, disk_mb=1000, disk_mib=954, tmpdir=<TBD>, job_id=1, n_cpus=4, mem_gb=32, time_h=4

Submitted job 257 with external jobid '18441016'.

[Wed May  6 16:14:59 2026]
rule computeErrors:
    input: 0-correction/hifi.seqStore, 0-correction/hifi.ovlStore, 0-correction/find-errors-jobs/0195.range, 0-correction/configureFindErrors.finished
    output: 0-correction/find-errors-jobs/0195.red
    log: 0-correction/find-errors-jobs/0195.err
    jobid: 313
    reason: Missing output files: 0-correction/find-errors-jobs/0195.red
    wildcards: nnnn=0195
    threads: 4
    resources: mem_mb=1000, mem_mib=954, disk_mb=1000, disk_mib=954, tmpdir=<TBD>, job_id=1, n_cpus=4, mem_gb=32, time_h=4

Submitted job 313 with external jobid '18441020'.

[Wed May  6 16:15:02 2026]
rule computeErrors:
    input: 0-correction/hifi.seqStore, 0-correction/hifi.ovlStore, 0-correction/find-errors-jobs/0027.range, 0-correction/configureFindErrors.finished
    output: 0-correction/find-errors-jobs/0027.red
    log: 0-correction/find-errors-jobs/0027.err
    jobid: 145
    reason: Missing output files: 0-correction/find-errors-jobs/0027.red
    wildcards: nnnn=0027
    threads: 4
    resources: mem_mb=1000, mem_mib=954, disk_mb=1000, disk_mib=954, tmpdir=<TBD>, job_id=1, n_cpus=4, mem_gb=32, time_h=4

Submitted job 145 with external jobid '18441023'.

[Wed May  6 16:15:05 2026]
rule computeErrors:
    input: 0-correction/hifi.seqStore, 0-correction/hifi.ovlStore, 0-correction/find-errors-jobs/0251.range, 0-correction/configureFindErrors.finished
    output: 0-correction/find-errors-jobs/0251.red
    log: 0-correction/find-errors-jobs/0251.err
    jobid: 369
    reason: Missing output files: 0-correction/find-errors-jobs/0251.red
    wildcards: nnnn=0251
    threads: 4
    resources: mem_mb=1000, mem_mib=954, disk_mb=1000, disk_mib=954, tmpdir=<TBD>, job_id=1, n_cpus=4, mem_gb=32, time_h=4

Submitted job 369 with external jobid '18441027'.

[Wed May  6 16:15:09 2026]
rule computeErrors:
    input: 0-correction/hifi.seqStore, 0-correction/hifi.ovlStore, 0-correction/find-errors-jobs/0055.range, 0-correction/configureFindErrors.finished
    output: 0-correction/find-errors-jobs/0055.red
    log: 0-correction/find-errors-jobs/0055.err
    jobid: 173
    reason: Missing output files: 0-correction/find-errors-jobs/0055.red
    wildcards: nnnn=0055
    threads: 4
    resources: mem_mb=1000, mem_mib=954, disk_mb=1000, disk_mib=954, tmpdir=<TBD>, job_id=1, n_cpus=4, mem_gb=32, time_h=4

Submitted job 173 with external jobid '18441032'.

[Wed May  6 16:15:12 2026]
rule computeErrors:
    input: 0-correction/hifi.seqStore, 0-correction/hifi.ovlStore, 0-correction/find-errors-jobs/0111.range, 0-correction/configureFindErrors.finished
    output: 0-correction/find-errors-jobs/0111.red
    log: 0-correction/find-errors-jobs/0111.err
    jobid: 229
    reason: Missing output files: 0-correction/find-errors-jobs/0111.red
    wildcards: nnnn=0111
    threads: 4
    resources: mem_mb=1000, mem_mib=954, disk_mb=1000, disk_mib=954, tmpdir=<TBD>, job_id=1, n_cpus=4, mem_gb=32, time_h=4

Submitted job 229 with external jobid '18441038'.

[Wed May  6 16:15:16 2026]
rule computeErrors:
    input: 0-correction/hifi.seqStore, 0-correction/hifi.ovlStore, 0-correction/find-errors-jobs/0167.range, 0-correction/configureFindErrors.finished
    output: 0-correction/find-errors-jobs/0167.red
    log: 0-correction/find-errors-jobs/0167.err
    jobid: 285
    reason: Missing output files: 0-correction/find-errors-jobs/0167.red
    wildcards: nnnn=0167
    threads: 4
    resources: mem_mb=1000, mem_mib=954, disk_mb=1000, disk_mib=954, tmpdir=<TBD>, job_id=1, n_cpus=4, mem_gb=32, time_h=4

Submitted job 285 with external jobid '18441241'.

[Wed May  6 16:15:21 2026]
rule computeErrors:
    input: 0-correction/hifi.seqStore, 0-correction/hifi.ovlStore, 0-correction/find-errors-jobs/0223.range, 0-correction/configureFindErrors.finished
    output: 0-correction/find-errors-jobs/0223.red
    log: 0-correction/find-errors-jobs/0223.err
    jobid: 341
    reason: Missing output files: 0-correction/find-errors-jobs/0223.red
    wildcards: nnnn=0223
    threads: 4
    resources: mem_mb=1000, mem_mib=954, disk_mb=1000, disk_mib=954, tmpdir=<TBD>, job_id=1, n_cpus=4, mem_gb=32, time_h=4

Submitted job 341 with external jobid '18441280'.

[Wed May  6 16:15:24 2026]
rule computeErrors:
    input: 0-correction/hifi.seqStore, 0-correction/hifi.ovlStore, 0-correction/find-errors-jobs/0084.range, 0-correction/configureFindErrors.finished
    output: 0-correction/find-errors-jobs/0084.red
    log: 0-correction/find-errors-jobs/0084.err
    jobid: 202
    reason: Missing output files: 0-correction/find-errors-jobs/0084.red
    wildcards: nnnn=0084
    threads: 4
    resources: mem_mb=1000, mem_mib=954, disk_mb=1000, disk_mib=954, tmpdir=<TBD>, job_id=1, n_cpus=4, mem_gb=32, time_h=4

Submitted job 202 with external jobid '18441285'.

[Wed May  6 16:15:27 2026]
rule computeErrors:
    input: 0-correction/hifi.seqStore, 0-correction/hifi.ovlStore, 0-correction/find-errors-jobs/0140.range, 0-correction/configureFindErrors.finished
    output: 0-correction/find-errors-jobs/0140.red
    log: 0-correction/find-errors-jobs/0140.err
    jobid: 258
    reason: Missing output files: 0-correction/find-errors-jobs/0140.red
    wildcards: nnnn=0140
    threads: 4
    resources: mem_mb=1000, mem_mib=954, disk_mb=1000, disk_mib=954, tmpdir=<TBD>, job_id=1, n_cpus=4, mem_gb=32, time_h=4

Submitted job 258 with external jobid '18441288'.

[Wed May  6 16:15:30 2026]
rule computeErrors:
    input: 0-correction/hifi.seqStore, 0-correction/hifi.ovlStore, 0-correction/find-errors-jobs/0196.range, 0-correction/configureFindErrors.finished
    output: 0-correction/find-errors-jobs/0196.red
    log: 0-correction/find-errors-jobs/0196.err
    jobid: 314
    reason: Missing output files: 0-correction/find-errors-jobs/0196.red
    wildcards: nnnn=0196
    threads: 4
    resources: mem_mb=1000, mem_mib=954, disk_mb=1000, disk_mib=954, tmpdir=<TBD>, job_id=1, n_cpus=4, mem_gb=32, time_h=4

Submitted job 314 with external jobid '18441291'.

[Wed May  6 16:15:33 2026]
rule computeErrors:
    input: 0-correction/hifi.seqStore, 0-correction/hifi.ovlStore, 0-correction/find-errors-jobs/0028.range, 0-correction/configureFindErrors.finished
    output: 0-correction/find-errors-jobs/0028.red
    log: 0-correction/find-errors-jobs/0028.err
    jobid: 146
    reason: Missing output files: 0-correction/find-errors-jobs/0028.red
    wildcards: nnnn=0028
    threads: 4
    resources: mem_mb=1000, mem_mib=954, disk_mb=1000, disk_mib=954, tmpdir=<TBD>, job_id=1, n_cpus=4, mem_gb=32, time_h=4

Submitted job 146 with external jobid '18441295'.

[Wed May  6 16:15:37 2026]
rule computeErrors:
    input: 0-correction/hifi.seqStore, 0-correction/hifi.ovlStore, 0-correction/find-errors-jobs/0252.range, 0-correction/configureFindErrors.finished
    output: 0-correction/find-errors-jobs/0252.red
    log: 0-correction/find-errors-jobs/0252.err
    jobid: 370
    reason: Missing output files: 0-correction/find-errors-jobs/0252.red
    wildcards: nnnn=0252
    threads: 4
    resources: mem_mb=1000, mem_mib=954, disk_mb=1000, disk_mib=954, tmpdir=<TBD>, job_id=1, n_cpus=4, mem_gb=32, time_h=4

Submitted job 370 with external jobid '18441298'.

[Wed May  6 16:15:40 2026]
rule computeErrors:
    input: 0-correction/hifi.seqStore, 0-correction/hifi.ovlStore, 0-correction/find-errors-jobs/0056.range, 0-correction/configureFindErrors.finished
    output: 0-correction/find-errors-jobs/0056.red
    log: 0-correction/find-errors-jobs/0056.err
    jobid: 174
    reason: Missing output files: 0-correction/find-errors-jobs/0056.red
    wildcards: nnnn=0056
    threads: 4
    resources: mem_mb=1000, mem_mib=954, disk_mb=1000, disk_mib=954, tmpdir=<TBD>, job_id=1, n_cpus=4, mem_gb=32, time_h=4

Submitted job 174 with external jobid '18441302'.

[Wed May  6 16:15:43 2026]
rule computeErrors:
    input: 0-correction/hifi.seqStore, 0-correction/hifi.ovlStore, 0-correction/find-errors-jobs/0112.range, 0-correction/configureFindErrors.finished
    output: 0-correction/find-errors-jobs/0112.red
    log: 0-correction/find-errors-jobs/0112.err
    jobid: 230
    reason: Missing output files: 0-correction/find-errors-jobs/0112.red
    wildcards: nnnn=0112
    threads: 4
    resources: mem_mb=1000, mem_mib=954, disk_mb=1000, disk_mib=954, tmpdir=<TBD>, job_id=1, n_cpus=4, mem_gb=32, time_h=4

Submitted job 230 with external jobid '18441310'.

[Wed May  6 16:15:46 2026]
rule computeErrors:
    input: 0-correction/hifi.seqStore, 0-correction/hifi.ovlStore, 0-correction/find-errors-jobs/0168.range, 0-correction/configureFindErrors.finished
    output: 0-correction/find-errors-jobs/0168.red
    log: 0-correction/find-errors-jobs/0168.err
    jobid: 286
    reason: Missing output files: 0-correction/find-errors-jobs/0168.red
    wildcards: nnnn=0168
    threads: 4
    resources: mem_mb=1000, mem_mib=954, disk_mb=1000, disk_mib=954, tmpdir=<TBD>, job_id=1, n_cpus=4, mem_gb=32, time_h=4

Submitted job 286 with external jobid '18441317'.

[Wed May  6 16:15:49 2026]
rule computeErrors:
    input: 0-correction/hifi.seqStore, 0-correction/hifi.ovlStore, 0-correction/find-errors-jobs/0224.range, 0-correction/configureFindErrors.finished
    output: 0-correction/find-errors-jobs/0224.red
    log: 0-correction/find-errors-jobs/0224.err
    jobid: 342
    reason: Missing output files: 0-correction/find-errors-jobs/0224.red
    wildcards: nnnn=0224
    threads: 4
    resources: mem_mb=1000, mem_mib=954, disk_mb=1000, disk_mib=954, tmpdir=<TBD>, job_id=1, n_cpus=4, mem_gb=32, time_h=4

Submitted job 342 with external jobid '18441323'.

[Wed May  6 16:15:53 2026]
rule computeErrors:
    input: 0-correction/hifi.seqStore, 0-correction/hifi.ovlStore, 0-correction/find-errors-jobs/0085.range, 0-correction/configureFindErrors.finished
    output: 0-correction/find-errors-jobs/0085.red
    log: 0-correction/find-errors-jobs/0085.err
    jobid: 203
    reason: Missing output files: 0-correction/find-errors-jobs/0085.red
    wildcards: nnnn=0085
    threads: 4
    resources: mem_mb=1000, mem_mib=954, disk_mb=1000, disk_mib=954, tmpdir=<TBD>, job_id=1, n_cpus=4, mem_gb=32, time_h=4

Submitted job 203 with external jobid '18441331'.

[Wed May  6 16:15:56 2026]
rule computeErrors:
    input: 0-correction/hifi.seqStore, 0-correction/hifi.ovlStore, 0-correction/find-errors-jobs/0141.range, 0-correction/configureFindErrors.finished
    output: 0-correction/find-errors-jobs/0141.red
    log: 0-correction/find-errors-jobs/0141.err
    jobid: 259
    reason: Missing output files: 0-correction/find-errors-jobs/0141.red
    wildcards: nnnn=0141
    threads: 4
    resources: mem_mb=1000, mem_mib=954, disk_mb=1000, disk_mib=954, tmpdir=<TBD>, job_id=1, n_cpus=4, mem_gb=32, time_h=4

Submitted job 259 with external jobid '18441337'.

[Wed May  6 16:15:59 2026]
rule computeErrors:
    input: 0-correction/hifi.seqStore, 0-correction/hifi.ovlStore, 0-correction/find-errors-jobs/0197.range, 0-correction/configureFindErrors.finished
    output: 0-correction/find-errors-jobs/0197.red
    log: 0-correction/find-errors-jobs/0197.err
    jobid: 315
    reason: Missing output files: 0-correction/find-errors-jobs/0197.red
    wildcards: nnnn=0197
    threads: 4
    resources: mem_mb=1000, mem_mib=954, disk_mb=1000, disk_mib=954, tmpdir=<TBD>, job_id=1, n_cpus=4, mem_gb=32, time_h=4

Submitted job 315 with external jobid '18441346'.

[Wed May  6 16:16:02 2026]
rule computeErrors:
    input: 0-correction/hifi.seqStore, 0-correction/hifi.ovlStore, 0-correction/find-errors-jobs/0029.range, 0-correction/configureFindErrors.finished
    output: 0-correction/find-errors-jobs/0029.red
    log: 0-correction/find-errors-jobs/0029.err
    jobid: 147
    reason: Missing output files: 0-correction/find-errors-jobs/0029.red
    wildcards: nnnn=0029
    threads: 4
    resources: mem_mb=1000, mem_mib=954, disk_mb=1000, disk_mib=954, tmpdir=<TBD>, job_id=1, n_cpus=4, mem_gb=32, time_h=4

Submitted job 147 with external jobid '18441350'.

[Wed May  6 16:16:06 2026]
rule computeErrors:
    input: 0-correction/hifi.seqStore, 0-correction/hifi.ovlStore, 0-correction/find-errors-jobs/0253.range, 0-correction/configureFindErrors.finished
    output: 0-correction/find-errors-jobs/0253.red
    log: 0-correction/find-errors-jobs/0253.err
    jobid: 371
    reason: Missing output files: 0-correction/find-errors-jobs/0253.red
    wildcards: nnnn=0253
    threads: 4
    resources: mem_mb=1000, mem_mib=954, disk_mb=1000, disk_mib=954, tmpdir=<TBD>, job_id=1, n_cpus=4, mem_gb=32, time_h=4

Submitted job 371 with external jobid '18441555'.

[Wed May  6 16:16:11 2026]
rule computeErrors:
    input: 0-correction/hifi.seqStore, 0-correction/hifi.ovlStore, 0-correction/find-errors-jobs/0057.range, 0-correction/configureFindErrors.finished
    output: 0-correction/find-errors-jobs/0057.red
    log: 0-correction/find-errors-jobs/0057.err
    jobid: 175
    reason: Missing output files: 0-correction/find-errors-jobs/0057.red
    wildcards: nnnn=0057
    threads: 4
    resources: mem_mb=1000, mem_mib=954, disk_mb=1000, disk_mib=954, tmpdir=<TBD>, job_id=1, n_cpus=4, mem_gb=32, time_h=4

Submitted job 175 with external jobid '18441661'.

[Wed May  6 16:16:14 2026]
rule computeErrors:
    input: 0-correction/hifi.seqStore, 0-correction/hifi.ovlStore, 0-correction/find-errors-jobs/0113.range, 0-correction/configureFindErrors.finished
    output: 0-correction/find-errors-jobs/0113.red
    log: 0-correction/find-errors-jobs/0113.err
    jobid: 231
    reason: Missing output files: 0-correction/find-errors-jobs/0113.red
    wildcards: nnnn=0113
    threads: 4
    resources: mem_mb=1000, mem_mib=954, disk_mb=1000, disk_mib=954, tmpdir=<TBD>, job_id=1, n_cpus=4, mem_gb=32, time_h=4

Submitted job 231 with external jobid '18441670'.

[Wed May  6 16:16:17 2026]
rule computeErrors:
    input: 0-correction/hifi.seqStore, 0-correction/hifi.ovlStore, 0-correction/find-errors-jobs/0169.range, 0-correction/configureFindErrors.finished
    output: 0-correction/find-errors-jobs/0169.red
    log: 0-correction/find-errors-jobs/0169.err
    jobid: 287
    reason: Missing output files: 0-correction/find-errors-jobs/0169.red
    wildcards: nnnn=0169
    threads: 4
    resources: mem_mb=1000, mem_mib=954, disk_mb=1000, disk_mib=954, tmpdir=<TBD>, job_id=1, n_cpus=4, mem_gb=32, time_h=4

Submitted job 287 with external jobid '18441676'.

[Wed May  6 16:16:21 2026]
rule computeErrors:
    input: 0-correction/hifi.seqStore, 0-correction/hifi.ovlStore, 0-correction/find-errors-jobs/0012.range, 0-correction/configureFindErrors.finished
    output: 0-correction/find-errors-jobs/0012.red
    log: 0-correction/find-errors-jobs/0012.err
    jobid: 130
    reason: Missing output files: 0-correction/find-errors-jobs/0012.red
    wildcards: nnnn=0012
    threads: 4
    resources: mem_mb=1000, mem_mib=954, disk_mb=1000, disk_mib=954, tmpdir=<TBD>, job_id=1, n_cpus=4, mem_gb=32, time_h=4

Submitted job 130 with external jobid '18441682'.

[Wed May  6 16:16:24 2026]
rule computeErrors:
    input: 0-correction/hifi.seqStore, 0-correction/hifi.ovlStore, 0-correction/find-errors-jobs/0225.range, 0-correction/configureFindErrors.finished
    output: 0-correction/find-errors-jobs/0225.red
    log: 0-correction/find-errors-jobs/0225.err
    jobid: 343
    reason: Missing output files: 0-correction/find-errors-jobs/0225.red
    wildcards: nnnn=0225
    threads: 4
    resources: mem_mb=1000, mem_mib=954, disk_mb=1000, disk_mib=954, tmpdir=<TBD>, job_id=1, n_cpus=4, mem_gb=32, time_h=4

Submitted job 343 with external jobid '18441689'.

[Wed May  6 16:16:27 2026]
rule computeErrors:
    input: 0-correction/hifi.seqStore, 0-correction/hifi.ovlStore, 0-correction/find-errors-jobs/0086.range, 0-correction/configureFindErrors.finished
    output: 0-correction/find-errors-jobs/0086.red
    log: 0-correction/find-errors-jobs/0086.err
    jobid: 204
    reason: Missing output files: 0-correction/find-errors-jobs/0086.red
    wildcards: nnnn=0086
    threads: 4
    resources: mem_mb=1000, mem_mib=954, disk_mb=1000, disk_mib=954, tmpdir=<TBD>, job_id=1, n_cpus=4, mem_gb=32, time_h=4

Submitted job 204 with external jobid '18441694'.

[Wed May  6 16:16:30 2026]
rule computeErrors:
    input: 0-correction/hifi.seqStore, 0-correction/hifi.ovlStore, 0-correction/find-errors-jobs/0142.range, 0-correction/configureFindErrors.finished
    output: 0-correction/find-errors-jobs/0142.red
    log: 0-correction/find-errors-jobs/0142.err
    jobid: 260
    reason: Missing output files: 0-correction/find-errors-jobs/0142.red
    wildcards: nnnn=0142
    threads: 4
    resources: mem_mb=1000, mem_mib=954, disk_mb=1000, disk_mib=954, tmpdir=<TBD>, job_id=1, n_cpus=4, mem_gb=32, time_h=4

Submitted job 260 with external jobid '18441702'.

[Wed May  6 16:16:34 2026]
rule computeErrors:
    input: 0-correction/hifi.seqStore, 0-correction/hifi.ovlStore, 0-correction/find-errors-jobs/0198.range, 0-correction/configureFindErrors.finished
    output: 0-correction/find-errors-jobs/0198.red
    log: 0-correction/find-errors-jobs/0198.err
    jobid: 316
    reason: Missing output files: 0-correction/find-errors-jobs/0198.red
    wildcards: nnnn=0198
    threads: 4
    resources: mem_mb=1000, mem_mib=954, disk_mb=1000, disk_mib=954, tmpdir=<TBD>, job_id=1, n_cpus=4, mem_gb=32, time_h=4

Submitted job 316 with external jobid '18441710'.

[Wed May  6 16:16:37 2026]
rule computeErrors:
    input: 0-correction/hifi.seqStore, 0-correction/hifi.ovlStore, 0-correction/find-errors-jobs/0030.range, 0-correction/configureFindErrors.finished
    output: 0-correction/find-errors-jobs/0030.red
    log: 0-correction/find-errors-jobs/0030.err
    jobid: 148
    reason: Missing output files: 0-correction/find-errors-jobs/0030.red
    wildcards: nnnn=0030
    threads: 4
    resources: mem_mb=1000, mem_mib=954, disk_mb=1000, disk_mib=954, tmpdir=<TBD>, job_id=1, n_cpus=4, mem_gb=32, time_h=4

Submitted job 148 with external jobid '18441719'.

[Wed May  6 16:16:40 2026]
rule computeErrors:
    input: 0-correction/hifi.seqStore, 0-correction/hifi.ovlStore, 0-correction/find-errors-jobs/0238.range, 0-correction/configureFindErrors.finished
    output: 0-correction/find-errors-jobs/0238.red
    log: 0-correction/find-errors-jobs/0238.err
    jobid: 356
    reason: Missing output files: 0-correction/find-errors-jobs/0238.red
    wildcards: nnnn=0238
    threads: 4
    resources: mem_mb=1000, mem_mib=954, disk_mb=1000, disk_mib=954, tmpdir=<TBD>, job_id=1, n_cpus=4, mem_gb=32, time_h=4

Submitted job 356 with external jobid '18441727'.

[Wed May  6 16:16:43 2026]
rule computeErrors:
    input: 0-correction/hifi.seqStore, 0-correction/hifi.ovlStore, 0-correction/find-errors-jobs/0254.range, 0-correction/configureFindErrors.finished
    output: 0-correction/find-errors-jobs/0254.red
    log: 0-correction/find-errors-jobs/0254.err
    jobid: 372
    reason: Missing output files: 0-correction/find-errors-jobs/0254.red
    wildcards: nnnn=0254
    threads: 4
    resources: mem_mb=1000, mem_mib=954, disk_mb=1000, disk_mib=954, tmpdir=<TBD>, job_id=1, n_cpus=4, mem_gb=32, time_h=4

Submitted job 372 with external jobid '18441736'.

[Wed May  6 16:16:46 2026]
rule computeErrors:
    input: 0-correction/hifi.seqStore, 0-correction/hifi.ovlStore, 0-correction/find-errors-jobs/0058.range, 0-correction/configureFindErrors.finished
    output: 0-correction/find-errors-jobs/0058.red
    log: 0-correction/find-errors-jobs/0058.err
    jobid: 176
    reason: Missing output files: 0-correction/find-errors-jobs/0058.red
    wildcards: nnnn=0058
    threads: 4
    resources: mem_mb=1000, mem_mib=954, disk_mb=1000, disk_mib=954, tmpdir=<TBD>, job_id=1, n_cpus=4, mem_gb=32, time_h=4

Submitted job 176 with external jobid '18441744'.

[Wed May  6 16:16:50 2026]
rule computeErrors:
    input: 0-correction/hifi.seqStore, 0-correction/hifi.ovlStore, 0-correction/find-errors-jobs/0114.range, 0-correction/configureFindErrors.finished
    output: 0-correction/find-errors-jobs/0114.red
    log: 0-correction/find-errors-jobs/0114.err
    jobid: 232
    reason: Missing output files: 0-correction/find-errors-jobs/0114.red
    wildcards: nnnn=0114
    threads: 4
    resources: mem_mb=1000, mem_mib=954, disk_mb=1000, disk_mib=954, tmpdir=<TBD>, job_id=1, n_cpus=4, mem_gb=32, time_h=4

Submitted job 232 with external jobid '18441749'.

[Wed May  6 16:16:53 2026]
rule computeErrors:
    input: 0-correction/hifi.seqStore, 0-correction/hifi.ovlStore, 0-correction/find-errors-jobs/0170.range, 0-correction/configureFindErrors.finished
    output: 0-correction/find-errors-jobs/0170.red
    log: 0-correction/find-errors-jobs/0170.err
    jobid: 288
    reason: Missing output files: 0-correction/find-errors-jobs/0170.red
    wildcards: nnnn=0170
    threads: 4
    resources: mem_mb=1000, mem_mib=954, disk_mb=1000, disk_mib=954, tmpdir=<TBD>, job_id=1, n_cpus=4, mem_gb=32, time_h=4

Submitted job 288 with external jobid '18441757'.

[Wed May  6 16:16:56 2026]
rule computeErrors:
    input: 0-correction/hifi.seqStore, 0-correction/hifi.ovlStore, 0-correction/find-errors-jobs/0001.range, 0-correction/configureFindErrors.finished
    output: 0-correction/find-errors-jobs/0001.red
    log: 0-correction/find-errors-jobs/0001.err
    jobid: 119
    reason: Missing output files: 0-correction/find-errors-jobs/0001.red
    wildcards: nnnn=0001
    threads: 4
    resources: mem_mb=1000, mem_mib=954, disk_mb=1000, disk_mib=954, tmpdir=<TBD>, job_id=1, n_cpus=4, mem_gb=32, time_h=4

Submitted job 119 with external jobid '18441766'.

[Wed May  6 16:16:59 2026]
rule computeErrors:
    input: 0-correction/hifi.seqStore, 0-correction/hifi.ovlStore, 0-correction/find-errors-jobs/0226.range, 0-correction/configureFindErrors.finished
    output: 0-correction/find-errors-jobs/0226.red
    log: 0-correction/find-errors-jobs/0226.err
    jobid: 344
    reason: Missing output files: 0-correction/find-errors-jobs/0226.red
    wildcards: nnnn=0226
    threads: 4
    resources: mem_mb=1000, mem_mib=954, disk_mb=1000, disk_mib=954, tmpdir=<TBD>, job_id=1, n_cpus=4, mem_gb=32, time_h=4

Submitted job 344 with external jobid '18441772'.

[Wed May  6 16:17:02 2026]
rule computeErrors:
    input: 0-correction/hifi.seqStore, 0-correction/hifi.ovlStore, 0-correction/find-errors-jobs/0087.range, 0-correction/configureFindErrors.finished
    output: 0-correction/find-errors-jobs/0087.red
    log: 0-correction/find-errors-jobs/0087.err
    jobid: 205
    reason: Missing output files: 0-correction/find-errors-jobs/0087.red
    wildcards: nnnn=0087
    threads: 4
    resources: mem_mb=1000, mem_mib=954, disk_mb=1000, disk_mib=954, tmpdir=<TBD>, job_id=1, n_cpus=4, mem_gb=32, time_h=4

Submitted job 205 with external jobid '18441779'.

[Wed May  6 16:17:06 2026]
rule computeErrors:
    input: 0-correction/hifi.seqStore, 0-correction/hifi.ovlStore, 0-correction/find-errors-jobs/0143.range, 0-correction/configureFindErrors.finished
    output: 0-correction/find-errors-jobs/0143.red
    log: 0-correction/find-errors-jobs/0143.err
    jobid: 261
    reason: Missing output files: 0-correction/find-errors-jobs/0143.red
    wildcards: nnnn=0143
    threads: 4
    resources: mem_mb=1000, mem_mib=954, disk_mb=1000, disk_mib=954, tmpdir=<TBD>, job_id=1, n_cpus=4, mem_gb=32, time_h=4

Submitted job 261 with external jobid '18441784'.

[Wed May  6 16:17:09 2026]
rule computeErrors:
    input: 0-correction/hifi.seqStore, 0-correction/hifi.ovlStore, 0-correction/find-errors-jobs/0199.range, 0-correction/configureFindErrors.finished
    output: 0-correction/find-errors-jobs/0199.red
    log: 0-correction/find-errors-jobs/0199.err
    jobid: 317
    reason: Missing output files: 0-correction/find-errors-jobs/0199.red
    wildcards: nnnn=0199
    threads: 4
    resources: mem_mb=1000, mem_mib=954, disk_mb=1000, disk_mib=954, tmpdir=<TBD>, job_id=1, n_cpus=4, mem_gb=32, time_h=4

Submitted job 317 with external jobid '18441792'.

[Wed May  6 16:17:12 2026]
rule computeErrors:
    input: 0-correction/hifi.seqStore, 0-correction/hifi.ovlStore, 0-correction/find-errors-jobs/0031.range, 0-correction/configureFindErrors.finished
    output: 0-correction/find-errors-jobs/0031.red
    log: 0-correction/find-errors-jobs/0031.err
    jobid: 149
    reason: Missing output files: 0-correction/find-errors-jobs/0031.red
    wildcards: nnnn=0031
    threads: 4
    resources: mem_mb=1000, mem_mib=954, disk_mb=1000, disk_mib=954, tmpdir=<TBD>, job_id=1, n_cpus=4, mem_gb=32, time_h=4

Submitted job 149 with external jobid '18441797'.

[Wed May  6 16:17:15 2026]
rule computeErrors:
    input: 0-correction/hifi.seqStore, 0-correction/hifi.ovlStore, 0-correction/find-errors-jobs/0255.range, 0-correction/configureFindErrors.finished
    output: 0-correction/find-errors-jobs/0255.red
    log: 0-correction/find-errors-jobs/0255.err
    jobid: 373
    reason: Missing output files: 0-correction/find-errors-jobs/0255.red
    wildcards: nnnn=0255
    threads: 4
    resources: mem_mb=1000, mem_mib=954, disk_mb=1000, disk_mib=954, tmpdir=<TBD>, job_id=1, n_cpus=4, mem_gb=32, time_h=4

Submitted job 373 with external jobid '18441804'.

[Wed May  6 16:17:18 2026]
rule computeErrors:
    input: 0-correction/hifi.seqStore, 0-correction/hifi.ovlStore, 0-correction/find-errors-jobs/0059.range, 0-correction/configureFindErrors.finished
    output: 0-correction/find-errors-jobs/0059.red
    log: 0-correction/find-errors-jobs/0059.err
    jobid: 177
    reason: Missing output files: 0-correction/find-errors-jobs/0059.red
    wildcards: nnnn=0059
    threads: 4
    resources: mem_mb=1000, mem_mib=954, disk_mb=1000, disk_mib=954, tmpdir=<TBD>, job_id=1, n_cpus=4, mem_gb=32, time_h=4

Submitted job 177 with external jobid '18441809'.

[Wed May  6 16:17:22 2026]
rule computeErrors:
    input: 0-correction/hifi.seqStore, 0-correction/hifi.ovlStore, 0-correction/find-errors-jobs/0115.range, 0-correction/configureFindErrors.finished
    output: 0-correction/find-errors-jobs/0115.red
    log: 0-correction/find-errors-jobs/0115.err
    jobid: 233
    reason: Missing output files: 0-correction/find-errors-jobs/0115.red
    wildcards: nnnn=0115
    threads: 4
    resources: mem_mb=1000, mem_mib=954, disk_mb=1000, disk_mib=954, tmpdir=<TBD>, job_id=1, n_cpus=4, mem_gb=32, time_h=4

Submitted job 233 with external jobid '18442014'.

[Wed May  6 16:17:27 2026]
rule computeErrors:
    input: 0-correction/hifi.seqStore, 0-correction/hifi.ovlStore, 0-correction/find-errors-jobs/0171.range, 0-correction/configureFindErrors.finished
    output: 0-correction/find-errors-jobs/0171.red
    log: 0-correction/find-errors-jobs/0171.err
    jobid: 289
    reason: Missing output files: 0-correction/find-errors-jobs/0171.red
    wildcards: nnnn=0171
    threads: 4
    resources: mem_mb=1000, mem_mib=954, disk_mb=1000, disk_mib=954, tmpdir=<TBD>, job_id=1, n_cpus=4, mem_gb=32, time_h=4

Submitted job 289 with external jobid '18442110'.

[Wed May  6 16:17:32 2026]
rule computeErrors:
    input: 0-correction/hifi.seqStore, 0-correction/hifi.ovlStore, 0-correction/find-errors-jobs/0003.range, 0-correction/configureFindErrors.finished
    output: 0-correction/find-errors-jobs/0003.red
    log: 0-correction/find-errors-jobs/0003.err
    jobid: 121
    reason: Missing output files: 0-correction/find-errors-jobs/0003.red
    wildcards: nnnn=0003
    threads: 4
    resources: mem_mb=1000, mem_mib=954, disk_mb=1000, disk_mib=954, tmpdir=<TBD>, job_id=1, n_cpus=4, mem_gb=32, time_h=4

Submitted job 121 with external jobid '18442111'.

[Wed May  6 16:17:35 2026]
rule computeErrors:
    input: 0-correction/hifi.seqStore, 0-correction/hifi.ovlStore, 0-correction/find-errors-jobs/0227.range, 0-correction/configureFindErrors.finished
    output: 0-correction/find-errors-jobs/0227.red
    log: 0-correction/find-errors-jobs/0227.err
    jobid: 345
    reason: Missing output files: 0-correction/find-errors-jobs/0227.red
    wildcards: nnnn=0227
    threads: 4
    resources: mem_mb=1000, mem_mib=954, disk_mb=1000, disk_mib=954, tmpdir=<TBD>, job_id=1, n_cpus=4, mem_gb=32, time_h=4

Submitted job 345 with external jobid '18442113'.

[Wed May  6 16:17:38 2026]
rule computeErrors:
    input: 0-correction/hifi.seqStore, 0-correction/hifi.ovlStore, 0-correction/find-errors-jobs/0088.range, 0-correction/configureFindErrors.finished
    output: 0-correction/find-errors-jobs/0088.red
    log: 0-correction/find-errors-jobs/0088.err
    jobid: 206
    reason: Missing output files: 0-correction/find-errors-jobs/0088.red
    wildcards: nnnn=0088
    threads: 4
    resources: mem_mb=1000, mem_mib=954, disk_mb=1000, disk_mib=954, tmpdir=<TBD>, job_id=1, n_cpus=4, mem_gb=32, time_h=4

Submitted job 206 with external jobid '18442115'.

[Wed May  6 16:17:41 2026]
rule computeErrors:
    input: 0-correction/hifi.seqStore, 0-correction/hifi.ovlStore, 0-correction/find-errors-jobs/0144.range, 0-correction/configureFindErrors.finished
    output: 0-correction/find-errors-jobs/0144.red
    log: 0-correction/find-errors-jobs/0144.err
    jobid: 262
    reason: Missing output files: 0-correction/find-errors-jobs/0144.red
    wildcards: nnnn=0144
    threads: 4
    resources: mem_mb=1000, mem_mib=954, disk_mb=1000, disk_mib=954, tmpdir=<TBD>, job_id=1, n_cpus=4, mem_gb=32, time_h=4

Submitted job 262 with external jobid '18442118'.

[Wed May  6 16:17:44 2026]
rule computeErrors:
    input: 0-correction/hifi.seqStore, 0-correction/hifi.ovlStore, 0-correction/find-errors-jobs/0200.range, 0-correction/configureFindErrors.finished
    output: 0-correction/find-errors-jobs/0200.red
    log: 0-correction/find-errors-jobs/0200.err
    jobid: 318
    reason: Missing output files: 0-correction/find-errors-jobs/0200.red
    wildcards: nnnn=0200
    threads: 4
    resources: mem_mb=1000, mem_mib=954, disk_mb=1000, disk_mib=954, tmpdir=<TBD>, job_id=1, n_cpus=4, mem_gb=32, time_h=4

Submitted job 318 with external jobid '18442120'.

[Wed May  6 16:17:48 2026]
rule computeErrors:
    input: 0-correction/hifi.seqStore, 0-correction/hifi.ovlStore, 0-correction/find-errors-jobs/0032.range, 0-correction/configureFindErrors.finished
    output: 0-correction/find-errors-jobs/0032.red
    log: 0-correction/find-errors-jobs/0032.err
    jobid: 150
    reason: Missing output files: 0-correction/find-errors-jobs/0032.red
    wildcards: nnnn=0032
    threads: 4
    resources: mem_mb=1000, mem_mib=954, disk_mb=1000, disk_mib=954, tmpdir=<TBD>, job_id=1, n_cpus=4, mem_gb=32, time_h=4

Submitted job 150 with external jobid '18442122'.

[Wed May  6 16:17:51 2026]
rule computeErrors:
    input: 0-correction/hifi.seqStore, 0-correction/hifi.ovlStore, 0-correction/find-errors-jobs/0256.range, 0-correction/configureFindErrors.finished
    output: 0-correction/find-errors-jobs/0256.red
    log: 0-correction/find-errors-jobs/0256.err
    jobid: 374
    reason: Missing output files: 0-correction/find-errors-jobs/0256.red
    wildcards: nnnn=0256
    threads: 4
    resources: mem_mb=1000, mem_mib=954, disk_mb=1000, disk_mib=954, tmpdir=<TBD>, job_id=1, n_cpus=4, mem_gb=32, time_h=4

Submitted job 374 with external jobid '18442126'.

[Wed May  6 16:17:54 2026]
rule computeErrors:
    input: 0-correction/hifi.seqStore, 0-correction/hifi.ovlStore, 0-correction/find-errors-jobs/0060.range, 0-correction/configureFindErrors.finished
    output: 0-correction/find-errors-jobs/0060.red
    log: 0-correction/find-errors-jobs/0060.err
    jobid: 178
    reason: Missing output files: 0-correction/find-errors-jobs/0060.red
    wildcards: nnnn=0060
    threads: 4
    resources: mem_mb=1000, mem_mib=954, disk_mb=1000, disk_mib=954, tmpdir=<TBD>, job_id=1, n_cpus=4, mem_gb=32, time_h=4

Submitted job 178 with external jobid '18442130'.

[Wed May  6 16:17:57 2026]
rule computeErrors:
    input: 0-correction/hifi.seqStore, 0-correction/hifi.ovlStore, 0-correction/find-errors-jobs/0116.range, 0-correction/configureFindErrors.finished
    output: 0-correction/find-errors-jobs/0116.red
    log: 0-correction/find-errors-jobs/0116.err
    jobid: 234
    reason: Missing output files: 0-correction/find-errors-jobs/0116.red
    wildcards: nnnn=0116
    threads: 4
    resources: mem_mb=1000, mem_mib=954, disk_mb=1000, disk_mib=954, tmpdir=<TBD>, job_id=1, n_cpus=4, mem_gb=32, time_h=4

Submitted job 234 with external jobid '18442131'.

[Wed May  6 16:18:01 2026]
rule computeErrors:
    input: 0-correction/hifi.seqStore, 0-correction/hifi.ovlStore, 0-correction/find-errors-jobs/0172.range, 0-correction/configureFindErrors.finished
    output: 0-correction/find-errors-jobs/0172.red
    log: 0-correction/find-errors-jobs/0172.err
    jobid: 290
    reason: Missing output files: 0-correction/find-errors-jobs/0172.red
    wildcards: nnnn=0172
    threads: 4
    resources: mem_mb=1000, mem_mib=954, disk_mb=1000, disk_mib=954, tmpdir=<TBD>, job_id=1, n_cpus=4, mem_gb=32, time_h=4

Submitted job 290 with external jobid '18442132'.

[Wed May  6 16:18:04 2026]
rule computeErrors:
    input: 0-correction/hifi.seqStore, 0-correction/hifi.ovlStore, 0-correction/find-errors-jobs/0004.range, 0-correction/configureFindErrors.finished
    output: 0-correction/find-errors-jobs/0004.red
    log: 0-correction/find-errors-jobs/0004.err
    jobid: 122
    reason: Missing output files: 0-correction/find-errors-jobs/0004.red
    wildcards: nnnn=0004
    threads: 4
    resources: mem_mb=1000, mem_mib=954, disk_mb=1000, disk_mib=954, tmpdir=<TBD>, job_id=1, n_cpus=4, mem_gb=32, time_h=4

Submitted job 122 with external jobid '18442133'.

[Wed May  6 16:18:07 2026]
rule computeErrors:
    input: 0-correction/hifi.seqStore, 0-correction/hifi.ovlStore, 0-correction/find-errors-jobs/0228.range, 0-correction/configureFindErrors.finished
    output: 0-correction/find-errors-jobs/0228.red
    log: 0-correction/find-errors-jobs/0228.err
    jobid: 346
    reason: Missing output files: 0-correction/find-errors-jobs/0228.red
    wildcards: nnnn=0228
    threads: 4
    resources: mem_mb=1000, mem_mib=954, disk_mb=1000, disk_mib=954, tmpdir=<TBD>, job_id=1, n_cpus=4, mem_gb=32, time_h=4

Submitted job 346 with external jobid '18442139'.

[Wed May  6 16:18:10 2026]
rule computeErrors:
    input: 0-correction/hifi.seqStore, 0-correction/hifi.ovlStore, 0-correction/find-errors-jobs/0089.range, 0-correction/configureFindErrors.finished
    output: 0-correction/find-errors-jobs/0089.red
    log: 0-correction/find-errors-jobs/0089.err
    jobid: 207
    reason: Missing output files: 0-correction/find-errors-jobs/0089.red
    wildcards: nnnn=0089
    threads: 4
    resources: mem_mb=1000, mem_mib=954, disk_mb=1000, disk_mib=954, tmpdir=<TBD>, job_id=1, n_cpus=4, mem_gb=32, time_h=4

Submitted job 207 with external jobid '18442141'.

[Wed May  6 16:18:13 2026]
rule computeErrors:
    input: 0-correction/hifi.seqStore, 0-correction/hifi.ovlStore, 0-correction/find-errors-jobs/0145.range, 0-correction/configureFindErrors.finished
    output: 0-correction/find-errors-jobs/0145.red
    log: 0-correction/find-errors-jobs/0145.err
    jobid: 263
    reason: Missing output files: 0-correction/find-errors-jobs/0145.red
    wildcards: nnnn=0145
    threads: 4
    resources: mem_mb=1000, mem_mib=954, disk_mb=1000, disk_mib=954, tmpdir=<TBD>, job_id=1, n_cpus=4, mem_gb=32, time_h=4

Submitted job 263 with external jobid '18442144'.

[Wed May  6 16:18:17 2026]
rule computeErrors:
    input: 0-correction/hifi.seqStore, 0-correction/hifi.ovlStore, 0-correction/find-errors-jobs/0201.range, 0-correction/configureFindErrors.finished
    output: 0-correction/find-errors-jobs/0201.red
    log: 0-correction/find-errors-jobs/0201.err
    jobid: 319
    reason: Missing output files: 0-correction/find-errors-jobs/0201.red
    wildcards: nnnn=0201
    threads: 4
    resources: mem_mb=1000, mem_mib=954, disk_mb=1000, disk_mib=954, tmpdir=<TBD>, job_id=1, n_cpus=4, mem_gb=32, time_h=4

Submitted job 319 with external jobid '18442146'.

[Wed May  6 16:18:20 2026]
rule computeErrors:
    input: 0-correction/hifi.seqStore, 0-correction/hifi.ovlStore, 0-correction/find-errors-jobs/0033.range, 0-correction/configureFindErrors.finished
    output: 0-correction/find-errors-jobs/0033.red
    log: 0-correction/find-errors-jobs/0033.err
    jobid: 151
    reason: Missing output files: 0-correction/find-errors-jobs/0033.red
    wildcards: nnnn=0033
    threads: 4
    resources: mem_mb=1000, mem_mib=954, disk_mb=1000, disk_mib=954, tmpdir=<TBD>, job_id=1, n_cpus=4, mem_gb=32, time_h=4

Submitted job 151 with external jobid '18442147'.

[Wed May  6 16:18:23 2026]
rule computeErrors:
    input: 0-correction/hifi.seqStore, 0-correction/hifi.ovlStore, 0-correction/find-errors-jobs/0257.range, 0-correction/configureFindErrors.finished
    output: 0-correction/find-errors-jobs/0257.red
    log: 0-correction/find-errors-jobs/0257.err
    jobid: 375
    reason: Missing output files: 0-correction/find-errors-jobs/0257.red
    wildcards: nnnn=0257
    threads: 4
    resources: mem_mb=1000, mem_mib=954, disk_mb=1000, disk_mib=954, tmpdir=<TBD>, job_id=1, n_cpus=4, mem_gb=32, time_h=4

Submitted job 375 with external jobid '18442191'.

[Wed May  6 16:18:27 2026]
rule computeErrors:
    input: 0-correction/hifi.seqStore, 0-correction/hifi.ovlStore, 0-correction/find-errors-jobs/0061.range, 0-correction/configureFindErrors.finished
    output: 0-correction/find-errors-jobs/0061.red
    log: 0-correction/find-errors-jobs/0061.err
    jobid: 179
    reason: Missing output files: 0-correction/find-errors-jobs/0061.red
    wildcards: nnnn=0061
    threads: 4
    resources: mem_mb=1000, mem_mib=954, disk_mb=1000, disk_mib=954, tmpdir=<TBD>, job_id=1, n_cpus=4, mem_gb=32, time_h=4

Submitted job 179 with external jobid '18442194'.

[Wed May  6 16:18:32 2026]
rule computeErrors:
    input: 0-correction/hifi.seqStore, 0-correction/hifi.ovlStore, 0-correction/find-errors-jobs/0117.range, 0-correction/configureFindErrors.finished
    output: 0-correction/find-errors-jobs/0117.red
    log: 0-correction/find-errors-jobs/0117.err
    jobid: 235
    reason: Missing output files: 0-correction/find-errors-jobs/0117.red
    wildcards: nnnn=0117
    threads: 4
    resources: mem_mb=1000, mem_mib=954, disk_mb=1000, disk_mib=954, tmpdir=<TBD>, job_id=1, n_cpus=4, mem_gb=32, time_h=4

Submitted job 235 with external jobid '18442221'.

[Wed May  6 16:18:36 2026]
rule computeErrors:
    input: 0-correction/hifi.seqStore, 0-correction/hifi.ovlStore, 0-correction/find-errors-jobs/0173.range, 0-correction/configureFindErrors.finished
    output: 0-correction/find-errors-jobs/0173.red
    log: 0-correction/find-errors-jobs/0173.err
    jobid: 291
    reason: Missing output files: 0-correction/find-errors-jobs/0173.red
    wildcards: nnnn=0173
    threads: 4
    resources: mem_mb=1000, mem_mib=954, disk_mb=1000, disk_mib=954, tmpdir=<TBD>, job_id=1, n_cpus=4, mem_gb=32, time_h=4

Submitted job 291 with external jobid '18442224'.

[Wed May  6 16:18:39 2026]
rule computeErrors:
    input: 0-correction/hifi.seqStore, 0-correction/hifi.ovlStore, 0-correction/find-errors-jobs/0011.range, 0-correction/configureFindErrors.finished
    output: 0-correction/find-errors-jobs/0011.red
    log: 0-correction/find-errors-jobs/0011.err
    jobid: 129
    reason: Missing output files: 0-correction/find-errors-jobs/0011.red
    wildcards: nnnn=0011
    threads: 4
    resources: mem_mb=1000, mem_mib=954, disk_mb=1000, disk_mib=954, tmpdir=<TBD>, job_id=1, n_cpus=4, mem_gb=32, time_h=4

Submitted job 129 with external jobid '18442225'.

[Wed May  6 16:18:42 2026]
rule computeErrors:
    input: 0-correction/hifi.seqStore, 0-correction/hifi.ovlStore, 0-correction/find-errors-jobs/0229.range, 0-correction/configureFindErrors.finished
    output: 0-correction/find-errors-jobs/0229.red
    log: 0-correction/find-errors-jobs/0229.err
    jobid: 347
    reason: Missing output files: 0-correction/find-errors-jobs/0229.red
    wildcards: nnnn=0229
    threads: 4
    resources: mem_mb=1000, mem_mib=954, disk_mb=1000, disk_mib=954, tmpdir=<TBD>, job_id=1, n_cpus=4, mem_gb=32, time_h=4

Submitted job 347 with external jobid '18442226'.

[Wed May  6 16:18:45 2026]
rule computeErrors:
    input: 0-correction/hifi.seqStore, 0-correction/hifi.ovlStore, 0-correction/find-errors-jobs/0014.range, 0-correction/configureFindErrors.finished
    output: 0-correction/find-errors-jobs/0014.red
    log: 0-correction/find-errors-jobs/0014.err
    jobid: 132
    reason: Missing output files: 0-correction/find-errors-jobs/0014.red
    wildcards: nnnn=0014
    threads: 4
    resources: mem_mb=1000, mem_mib=954, disk_mb=1000, disk_mib=954, tmpdir=<TBD>, job_id=1, n_cpus=4, mem_gb=32, time_h=4

Submitted job 132 with external jobid '18442227'.

[Wed May  6 16:18:49 2026]
rule computeErrors:
    input: 0-correction/hifi.seqStore, 0-correction/hifi.ovlStore, 0-correction/find-errors-jobs/0090.range, 0-correction/configureFindErrors.finished
    output: 0-correction/find-errors-jobs/0090.red
    log: 0-correction/find-errors-jobs/0090.err
    jobid: 208
    reason: Missing output files: 0-correction/find-errors-jobs/0090.red
    wildcards: nnnn=0090
    threads: 4
    resources: mem_mb=1000, mem_mib=954, disk_mb=1000, disk_mib=954, tmpdir=<TBD>, job_id=1, n_cpus=4, mem_gb=32, time_h=4

Submitted job 208 with external jobid '18442228'.

[Wed May  6 16:18:52 2026]
rule computeErrors:
    input: 0-correction/hifi.seqStore, 0-correction/hifi.ovlStore, 0-correction/find-errors-jobs/0146.range, 0-correction/configureFindErrors.finished
    output: 0-correction/find-errors-jobs/0146.red
    log: 0-correction/find-errors-jobs/0146.err
    jobid: 264
    reason: Missing output files: 0-correction/find-errors-jobs/0146.red
    wildcards: nnnn=0146
    threads: 4
    resources: mem_mb=1000, mem_mib=954, disk_mb=1000, disk_mib=954, tmpdir=<TBD>, job_id=1, n_cpus=4, mem_gb=32, time_h=4

Submitted job 264 with external jobid '18442229'.

[Wed May  6 16:18:55 2026]
rule computeErrors:
    input: 0-correction/hifi.seqStore, 0-correction/hifi.ovlStore, 0-correction/find-errors-jobs/0202.range, 0-correction/configureFindErrors.finished
    output: 0-correction/find-errors-jobs/0202.red
    log: 0-correction/find-errors-jobs/0202.err
    jobid: 320
    reason: Missing output files: 0-correction/find-errors-jobs/0202.red
    wildcards: nnnn=0202
    threads: 4
    resources: mem_mb=1000, mem_mib=954, disk_mb=1000, disk_mib=954, tmpdir=<TBD>, job_id=1, n_cpus=4, mem_gb=32, time_h=4

Submitted job 320 with external jobid '18442230'.

[Wed May  6 16:18:58 2026]
rule computeErrors:
    input: 0-correction/hifi.seqStore, 0-correction/hifi.ovlStore, 0-correction/find-errors-jobs/0034.range, 0-correction/configureFindErrors.finished
    output: 0-correction/find-errors-jobs/0034.red
    log: 0-correction/find-errors-jobs/0034.err
    jobid: 152
    reason: Missing output files: 0-correction/find-errors-jobs/0034.red
    wildcards: nnnn=0034
    threads: 4
    resources: mem_mb=1000, mem_mib=954, disk_mb=1000, disk_mib=954, tmpdir=<TBD>, job_id=1, n_cpus=4, mem_gb=32, time_h=4

Submitted job 152 with external jobid '18442232'.

[Wed May  6 16:19:01 2026]
rule computeErrors:
    input: 0-correction/hifi.seqStore, 0-correction/hifi.ovlStore, 0-correction/find-errors-jobs/0258.range, 0-correction/configureFindErrors.finished
    output: 0-correction/find-errors-jobs/0258.red
    log: 0-correction/find-errors-jobs/0258.err
    jobid: 376
    reason: Missing output files: 0-correction/find-errors-jobs/0258.red
    wildcards: nnnn=0258
    threads: 4
    resources: mem_mb=1000, mem_mib=954, disk_mb=1000, disk_mib=954, tmpdir=<TBD>, job_id=1, n_cpus=4, mem_gb=32, time_h=4

Submitted job 376 with external jobid '18442237'.

[Wed May  6 16:19:05 2026]
rule computeErrors:
    input: 0-correction/hifi.seqStore, 0-correction/hifi.ovlStore, 0-correction/find-errors-jobs/0062.range, 0-correction/configureFindErrors.finished
    output: 0-correction/find-errors-jobs/0062.red
    log: 0-correction/find-errors-jobs/0062.err
    jobid: 180
    reason: Missing output files: 0-correction/find-errors-jobs/0062.red
    wildcards: nnnn=0062
    threads: 4
    resources: mem_mb=1000, mem_mib=954, disk_mb=1000, disk_mib=954, tmpdir=<TBD>, job_id=1, n_cpus=4, mem_gb=32, time_h=4

Submitted job 180 with external jobid '18442240'.

[Wed May  6 16:19:08 2026]
rule computeErrors:
    input: 0-correction/hifi.seqStore, 0-correction/hifi.ovlStore, 0-correction/find-errors-jobs/0118.range, 0-correction/configureFindErrors.finished
    output: 0-correction/find-errors-jobs/0118.red
    log: 0-correction/find-errors-jobs/0118.err
    jobid: 236
    reason: Missing output files: 0-correction/find-errors-jobs/0118.red
    wildcards: nnnn=0118
    threads: 4
    resources: mem_mb=1000, mem_mib=954, disk_mb=1000, disk_mib=954, tmpdir=<TBD>, job_id=1, n_cpus=4, mem_gb=32, time_h=4

Submitted job 236 with external jobid '18442243'.

[Wed May  6 16:19:11 2026]
rule computeErrors:
    input: 0-correction/hifi.seqStore, 0-correction/hifi.ovlStore, 0-correction/find-errors-jobs/0174.range, 0-correction/configureFindErrors.finished
    output: 0-correction/find-errors-jobs/0174.red
    log: 0-correction/find-errors-jobs/0174.err
    jobid: 292
    reason: Missing output files: 0-correction/find-errors-jobs/0174.red
    wildcards: nnnn=0174
    threads: 4
    resources: mem_mb=1000, mem_mib=954, disk_mb=1000, disk_mib=954, tmpdir=<TBD>, job_id=1, n_cpus=4, mem_gb=32, time_h=4

Submitted job 292 with external jobid '18442246'.

[Wed May  6 16:19:15 2026]
rule computeErrors:
    input: 0-correction/hifi.seqStore, 0-correction/hifi.ovlStore, 0-correction/find-errors-jobs/0230.range, 0-correction/configureFindErrors.finished
    output: 0-correction/find-errors-jobs/0230.red
    log: 0-correction/find-errors-jobs/0230.err
    jobid: 348
    reason: Missing output files: 0-correction/find-errors-jobs/0230.red
    wildcards: nnnn=0230
    threads: 4
    resources: mem_mb=1000, mem_mib=954, disk_mb=1000, disk_mib=954, tmpdir=<TBD>, job_id=1, n_cpus=4, mem_gb=32, time_h=4

Submitted job 348 with external jobid '18442248'.

[Wed May  6 16:19:18 2026]
rule computeErrors:
    input: 0-correction/hifi.seqStore, 0-correction/hifi.ovlStore, 0-correction/find-errors-jobs/0091.range, 0-correction/configureFindErrors.finished
    output: 0-correction/find-errors-jobs/0091.red
    log: 0-correction/find-errors-jobs/0091.err
    jobid: 209
    reason: Missing output files: 0-correction/find-errors-jobs/0091.red
    wildcards: nnnn=0091
    threads: 4
    resources: mem_mb=1000, mem_mib=954, disk_mb=1000, disk_mib=954, tmpdir=<TBD>, job_id=1, n_cpus=4, mem_gb=32, time_h=4

Submitted job 209 with external jobid '18442250'.

[Wed May  6 16:19:21 2026]
rule computeErrors:
    input: 0-correction/hifi.seqStore, 0-correction/hifi.ovlStore, 0-correction/find-errors-jobs/0147.range, 0-correction/configureFindErrors.finished
    output: 0-correction/find-errors-jobs/0147.red
    log: 0-correction/find-errors-jobs/0147.err
    jobid: 265
    reason: Missing output files: 0-correction/find-errors-jobs/0147.red
    wildcards: nnnn=0147
    threads: 4
    resources: mem_mb=1000, mem_mib=954, disk_mb=1000, disk_mib=954, tmpdir=<TBD>, job_id=1, n_cpus=4, mem_gb=32, time_h=4

Submitted job 265 with external jobid '18442253'.

[Wed May  6 16:19:24 2026]
rule computeErrors:
    input: 0-correction/hifi.seqStore, 0-correction/hifi.ovlStore, 0-correction/find-errors-jobs/0203.range, 0-correction/configureFindErrors.finished
    output: 0-correction/find-errors-jobs/0203.red
    log: 0-correction/find-errors-jobs/0203.err
    jobid: 321
    reason: Missing output files: 0-correction/find-errors-jobs/0203.red
    wildcards: nnnn=0203
    threads: 4
    resources: mem_mb=1000, mem_mib=954, disk_mb=1000, disk_mib=954, tmpdir=<TBD>, job_id=1, n_cpus=4, mem_gb=32, time_h=4

Submitted job 321 with external jobid '18442256'.

[Wed May  6 16:19:27 2026]
rule computeErrors:
    input: 0-correction/hifi.seqStore, 0-correction/hifi.ovlStore, 0-correction/find-errors-jobs/0035.range, 0-correction/configureFindErrors.finished
    output: 0-correction/find-errors-jobs/0035.red
    log: 0-correction/find-errors-jobs/0035.err
    jobid: 153
    reason: Missing output files: 0-correction/find-errors-jobs/0035.red
    wildcards: nnnn=0035
    threads: 4
    resources: mem_mb=1000, mem_mib=954, disk_mb=1000, disk_mib=954, tmpdir=<TBD>, job_id=1, n_cpus=4, mem_gb=32, time_h=4

Submitted job 153 with external jobid '18442257'.

[Wed May  6 16:19:31 2026]
rule computeErrors:
    input: 0-correction/hifi.seqStore, 0-correction/hifi.ovlStore, 0-correction/find-errors-jobs/0259.range, 0-correction/configureFindErrors.finished
    output: 0-correction/find-errors-jobs/0259.red
    log: 0-correction/find-errors-jobs/0259.err
    jobid: 377
    reason: Missing output files: 0-correction/find-errors-jobs/0259.red
    wildcards: nnnn=0259
    threads: 4
    resources: mem_mb=1000, mem_mib=954, disk_mb=1000, disk_mib=954, tmpdir=<TBD>, job_id=1, n_cpus=4, mem_gb=32, time_h=4

Submitted job 377 with external jobid '18442259'.

[Wed May  6 16:19:34 2026]
rule computeErrors:
    input: 0-correction/hifi.seqStore, 0-correction/hifi.ovlStore, 0-correction/find-errors-jobs/0175.range, 0-correction/configureFindErrors.finished
    output: 0-correction/find-errors-jobs/0175.red
    log: 0-correction/find-errors-jobs/0175.err
    jobid: 293
    reason: Missing output files: 0-correction/find-errors-jobs/0175.red
    wildcards: nnnn=0175
    threads: 4
    resources: mem_mb=1000, mem_mib=954, disk_mb=1000, disk_mib=954, tmpdir=<TBD>, job_id=1, n_cpus=4, mem_gb=32, time_h=4

Submitted job 293 with external jobid '18442261'.

[Wed May  6 16:19:37 2026]
rule computeErrors:
    input: 0-correction/hifi.seqStore, 0-correction/hifi.ovlStore, 0-correction/find-errors-jobs/0119.range, 0-correction/configureFindErrors.finished
    output: 0-correction/find-errors-jobs/0119.red
    log: 0-correction/find-errors-jobs/0119.err
    jobid: 237
    reason: Missing output files: 0-correction/find-errors-jobs/0119.red
    wildcards: nnnn=0119
    threads: 4
    resources: mem_mb=1000, mem_mib=954, disk_mb=1000, disk_mib=954, tmpdir=<TBD>, job_id=1, n_cpus=4, mem_gb=32, time_h=4

Submitted job 237 with external jobid '18442265'.

[Wed May  6 16:19:40 2026]
rule computeErrors:
    input: 0-correction/hifi.seqStore, 0-correction/hifi.ovlStore, 0-correction/find-errors-jobs/0063.range, 0-correction/configureFindErrors.finished
    output: 0-correction/find-errors-jobs/0063.red
    log: 0-correction/find-errors-jobs/0063.err
    jobid: 181
    reason: Missing output files: 0-correction/find-errors-jobs/0063.red
    wildcards: nnnn=0063
    threads: 4
    resources: mem_mb=1000, mem_mib=954, disk_mb=1000, disk_mib=954, tmpdir=<TBD>, job_id=1, n_cpus=4, mem_gb=32, time_h=4

Submitted job 181 with external jobid '18442267'.

[Wed May  6 16:19:43 2026]
rule computeErrors:
    input: 0-correction/hifi.seqStore, 0-correction/hifi.ovlStore, 0-correction/find-errors-jobs/0182.range, 0-correction/configureFindErrors.finished
    output: 0-correction/find-errors-jobs/0182.red
    log: 0-correction/find-errors-jobs/0182.err
    jobid: 300
    reason: Missing output files: 0-correction/find-errors-jobs/0182.red
    wildcards: nnnn=0182
    threads: 4
    resources: mem_mb=1000, mem_mib=954, disk_mb=1000, disk_mib=954, tmpdir=<TBD>, job_id=1, n_cpus=4, mem_gb=32, time_h=4

Submitted job 300 with external jobid '18442268'.

[Wed May  6 16:19:47 2026]
rule computeErrors:
    input: 0-correction/hifi.seqStore, 0-correction/hifi.ovlStore, 0-correction/find-errors-jobs/0005.range, 0-correction/configureFindErrors.finished
    output: 0-correction/find-errors-jobs/0005.red
    log: 0-correction/find-errors-jobs/0005.err
    jobid: 123
    reason: Missing output files: 0-correction/find-errors-jobs/0005.red
    wildcards: nnnn=0005
    threads: 4
    resources: mem_mb=1000, mem_mib=954, disk_mb=1000, disk_mib=954, tmpdir=<TBD>, job_id=1, n_cpus=4, mem_gb=32, time_h=4

Submitted job 123 with external jobid '18442270'.

[Wed May  6 16:19:50 2026]
rule computeErrors:
    input: 0-correction/hifi.seqStore, 0-correction/hifi.ovlStore, 0-correction/find-errors-jobs/0231.range, 0-correction/configureFindErrors.finished
    output: 0-correction/find-errors-jobs/0231.red
    log: 0-correction/find-errors-jobs/0231.err
    jobid: 349
    reason: Missing output files: 0-correction/find-errors-jobs/0231.red
    wildcards: nnnn=0231
    threads: 4
    resources: mem_mb=1000, mem_mib=954, disk_mb=1000, disk_mib=954, tmpdir=<TBD>, job_id=1, n_cpus=4, mem_gb=32, time_h=4

Submitted job 349 with external jobid '18442271'.

[Wed May  6 16:19:53 2026]
rule computeErrors:
    input: 0-correction/hifi.seqStore, 0-correction/hifi.ovlStore, 0-correction/find-errors-jobs/0092.range, 0-correction/configureFindErrors.finished
    output: 0-correction/find-errors-jobs/0092.red
    log: 0-correction/find-errors-jobs/0092.err
    jobid: 210
    reason: Missing output files: 0-correction/find-errors-jobs/0092.red
    wildcards: nnnn=0092
    threads: 4
    resources: mem_mb=1000, mem_mib=954, disk_mb=1000, disk_mib=954, tmpdir=<TBD>, job_id=1, n_cpus=4, mem_gb=32, time_h=4

Submitted job 210 with external jobid '18442272'.

[Wed May  6 16:19:56 2026]
rule computeErrors:
    input: 0-correction/hifi.seqStore, 0-correction/hifi.ovlStore, 0-correction/find-errors-jobs/0148.range, 0-correction/configureFindErrors.finished
    output: 0-correction/find-errors-jobs/0148.red
    log: 0-correction/find-errors-jobs/0148.err
    jobid: 266
    reason: Missing output files: 0-correction/find-errors-jobs/0148.red
    wildcards: nnnn=0148
    threads: 4
    resources: mem_mb=1000, mem_mib=954, disk_mb=1000, disk_mib=954, tmpdir=<TBD>, job_id=1, n_cpus=4, mem_gb=32, time_h=4

Submitted job 266 with external jobid '18442274'.

[Wed May  6 16:20:00 2026]
rule computeErrors:
    input: 0-correction/hifi.seqStore, 0-correction/hifi.ovlStore, 0-correction/find-errors-jobs/0204.range, 0-correction/configureFindErrors.finished
    output: 0-correction/find-errors-jobs/0204.red
    log: 0-correction/find-errors-jobs/0204.err
    jobid: 322
    reason: Missing output files: 0-correction/find-errors-jobs/0204.red
    wildcards: nnnn=0204
    threads: 4
    resources: mem_mb=1000, mem_mib=954, disk_mb=1000, disk_mib=954, tmpdir=<TBD>, job_id=1, n_cpus=4, mem_gb=32, time_h=4

Submitted job 322 with external jobid '18442276'.

[Wed May  6 16:20:03 2026]
rule computeErrors:
    input: 0-correction/hifi.seqStore, 0-correction/hifi.ovlStore, 0-correction/find-errors-jobs/0036.range, 0-correction/configureFindErrors.finished
    output: 0-correction/find-errors-jobs/0036.red
    log: 0-correction/find-errors-jobs/0036.err
    jobid: 154
    reason: Missing output files: 0-correction/find-errors-jobs/0036.red
    wildcards: nnnn=0036
    threads: 4
    resources: mem_mb=1000, mem_mib=954, disk_mb=1000, disk_mib=954, tmpdir=<TBD>, job_id=1, n_cpus=4, mem_gb=32, time_h=4

Submitted job 154 with external jobid '18442278'.

[Wed May  6 16:20:06 2026]
rule computeErrors:
    input: 0-correction/hifi.seqStore, 0-correction/hifi.ovlStore, 0-correction/find-errors-jobs/0260.range, 0-correction/configureFindErrors.finished
    output: 0-correction/find-errors-jobs/0260.red
    log: 0-correction/find-errors-jobs/0260.err
    jobid: 378
    reason: Missing output files: 0-correction/find-errors-jobs/0260.red
    wildcards: nnnn=0260
    threads: 4
    resources: mem_mb=1000, mem_mib=954, disk_mb=1000, disk_mib=954, tmpdir=<TBD>, job_id=1, n_cpus=4, mem_gb=32, time_h=4

Submitted job 378 with external jobid '18442280'.

[Wed May  6 16:20:09 2026]
rule computeErrors:
    input: 0-correction/hifi.seqStore, 0-correction/hifi.ovlStore, 0-correction/find-errors-jobs/0064.range, 0-correction/configureFindErrors.finished
    output: 0-correction/find-errors-jobs/0064.red
    log: 0-correction/find-errors-jobs/0064.err
    jobid: 182
    reason: Missing output files: 0-correction/find-errors-jobs/0064.red
    wildcards: nnnn=0064
    threads: 4
    resources: mem_mb=1000, mem_mib=954, disk_mb=1000, disk_mib=954, tmpdir=<TBD>, job_id=1, n_cpus=4, mem_gb=32, time_h=4

Submitted job 182 with external jobid '18442281'.

[Wed May  6 16:20:13 2026]
rule computeErrors:
    input: 0-correction/hifi.seqStore, 0-correction/hifi.ovlStore, 0-correction/find-errors-jobs/0120.range, 0-correction/configureFindErrors.finished
    output: 0-correction/find-errors-jobs/0120.red
    log: 0-correction/find-errors-jobs/0120.err
    jobid: 238
    reason: Missing output files: 0-correction/find-errors-jobs/0120.red
    wildcards: nnnn=0120
    threads: 4
    resources: mem_mb=1000, mem_mib=954, disk_mb=1000, disk_mib=954, tmpdir=<TBD>, job_id=1, n_cpus=4, mem_gb=32, time_h=4

Submitted job 238 with external jobid '18442287'.

[Wed May  6 16:20:16 2026]
rule computeErrors:
    input: 0-correction/hifi.seqStore, 0-correction/hifi.ovlStore, 0-correction/find-errors-jobs/0176.range, 0-correction/configureFindErrors.finished
    output: 0-correction/find-errors-jobs/0176.red
    log: 0-correction/find-errors-jobs/0176.err
    jobid: 294
    reason: Missing output files: 0-correction/find-errors-jobs/0176.red
    wildcards: nnnn=0176
    threads: 4
    resources: mem_mb=1000, mem_mib=954, disk_mb=1000, disk_mib=954, tmpdir=<TBD>, job_id=1, n_cpus=4, mem_gb=32, time_h=4

Submitted job 294 with external jobid '18442290'.

[Wed May  6 16:20:19 2026]
rule computeErrors:
    input: 0-correction/hifi.seqStore, 0-correction/hifi.ovlStore, 0-correction/find-errors-jobs/0010.range, 0-correction/configureFindErrors.finished
    output: 0-correction/find-errors-jobs/0010.red
    log: 0-correction/find-errors-jobs/0010.err
    jobid: 128
    reason: Missing output files: 0-correction/find-errors-jobs/0010.red
    wildcards: nnnn=0010
    threads: 4
    resources: mem_mb=1000, mem_mib=954, disk_mb=1000, disk_mib=954, tmpdir=<TBD>, job_id=1, n_cpus=4, mem_gb=32, time_h=4

Submitted job 128 with external jobid '18442291'.

[Wed May  6 16:20:22 2026]
rule computeErrors:
    input: 0-correction/hifi.seqStore, 0-correction/hifi.ovlStore, 0-correction/find-errors-jobs/0232.range, 0-correction/configureFindErrors.finished
    output: 0-correction/find-errors-jobs/0232.red
    log: 0-correction/find-errors-jobs/0232.err
    jobid: 350
    reason: Missing output files: 0-correction/find-errors-jobs/0232.red
    wildcards: nnnn=0232
    threads: 4
    resources: mem_mb=1000, mem_mib=954, disk_mb=1000, disk_mib=954, tmpdir=<TBD>, job_id=1, n_cpus=4, mem_gb=32, time_h=4

Submitted job 350 with external jobid '18442295'.

[Wed May  6 16:20:26 2026]
rule computeErrors:
    input: 0-correction/hifi.seqStore, 0-correction/hifi.ovlStore, 0-correction/find-errors-jobs/0093.range, 0-correction/configureFindErrors.finished
    output: 0-correction/find-errors-jobs/0093.red
    log: 0-correction/find-errors-jobs/0093.err
    jobid: 211
    reason: Missing output files: 0-correction/find-errors-jobs/0093.red
    wildcards: nnnn=0093
    threads: 4
    resources: mem_mb=1000, mem_mib=954, disk_mb=1000, disk_mib=954, tmpdir=<TBD>, job_id=1, n_cpus=4, mem_gb=32, time_h=4

Submitted job 211 with external jobid '18442297'.

[Wed May  6 16:20:29 2026]
rule computeErrors:
    input: 0-correction/hifi.seqStore, 0-correction/hifi.ovlStore, 0-correction/find-errors-jobs/0149.range, 0-correction/configureFindErrors.finished
    output: 0-correction/find-errors-jobs/0149.red
    log: 0-correction/find-errors-jobs/0149.err
    jobid: 267
    reason: Missing output files: 0-correction/find-errors-jobs/0149.red
    wildcards: nnnn=0149
    threads: 4
    resources: mem_mb=1000, mem_mib=954, disk_mb=1000, disk_mib=954, tmpdir=<TBD>, job_id=1, n_cpus=4, mem_gb=32, time_h=4

Submitted job 267 with external jobid '18442298'.

[Wed May  6 16:20:32 2026]
rule computeErrors:
    input: 0-correction/hifi.seqStore, 0-correction/hifi.ovlStore, 0-correction/find-errors-jobs/0205.range, 0-correction/configureFindErrors.finished
    output: 0-correction/find-errors-jobs/0205.red
    log: 0-correction/find-errors-jobs/0205.err
    jobid: 323
    reason: Missing output files: 0-correction/find-errors-jobs/0205.red
    wildcards: nnnn=0205
    threads: 4
    resources: mem_mb=1000, mem_mib=954, disk_mb=1000, disk_mib=954, tmpdir=<TBD>, job_id=1, n_cpus=4, mem_gb=32, time_h=4

Submitted job 323 with external jobid '18442299'.

[Wed May  6 16:20:35 2026]
rule computeErrors:
    input: 0-correction/hifi.seqStore, 0-correction/hifi.ovlStore, 0-correction/find-errors-jobs/0037.range, 0-correction/configureFindErrors.finished
    output: 0-correction/find-errors-jobs/0037.red
    log: 0-correction/find-errors-jobs/0037.err
    jobid: 155
    reason: Missing output files: 0-correction/find-errors-jobs/0037.red
    wildcards: nnnn=0037
    threads: 4
    resources: mem_mb=1000, mem_mib=954, disk_mb=1000, disk_mib=954, tmpdir=<TBD>, job_id=1, n_cpus=4, mem_gb=32, time_h=4

Submitted job 155 with external jobid '18442301'.

[Wed May  6 16:20:38 2026]
rule computeErrors:
    input: 0-correction/hifi.seqStore, 0-correction/hifi.ovlStore, 0-correction/find-errors-jobs/0261.range, 0-correction/configureFindErrors.finished
    output: 0-correction/find-errors-jobs/0261.red
    log: 0-correction/find-errors-jobs/0261.err
    jobid: 379
    reason: Missing output files: 0-correction/find-errors-jobs/0261.red
    wildcards: nnnn=0261
    threads: 4
    resources: mem_mb=1000, mem_mib=954, disk_mb=1000, disk_mib=954, tmpdir=<TBD>, job_id=1, n_cpus=4, mem_gb=32, time_h=4

Submitted job 379 with external jobid '18442333'.

[Wed May  6 16:20:42 2026]
rule computeErrors:
    input: 0-correction/hifi.seqStore, 0-correction/hifi.ovlStore, 0-correction/find-errors-jobs/0065.range, 0-correction/configureFindErrors.finished
    output: 0-correction/find-errors-jobs/0065.red
    log: 0-correction/find-errors-jobs/0065.err
    jobid: 183
    reason: Missing output files: 0-correction/find-errors-jobs/0065.red
    wildcards: nnnn=0065
    threads: 4
    resources: mem_mb=1000, mem_mib=954, disk_mb=1000, disk_mib=954, tmpdir=<TBD>, job_id=1, n_cpus=4, mem_gb=32, time_h=4

Submitted job 183 with external jobid '18442338'.

[Wed May  6 16:20:47 2026]
rule computeErrors:
    input: 0-correction/hifi.seqStore, 0-correction/hifi.ovlStore, 0-correction/find-errors-jobs/0121.range, 0-correction/configureFindErrors.finished
    output: 0-correction/find-errors-jobs/0121.red
    log: 0-correction/find-errors-jobs/0121.err
    jobid: 239
    reason: Missing output files: 0-correction/find-errors-jobs/0121.red
    wildcards: nnnn=0121
    threads: 4
    resources: mem_mb=1000, mem_mib=954, disk_mb=1000, disk_mib=954, tmpdir=<TBD>, job_id=1, n_cpus=4, mem_gb=32, time_h=4

Submitted job 239 with external jobid '18442361'.

[Wed May  6 16:20:50 2026]
rule computeErrors:
    input: 0-correction/hifi.seqStore, 0-correction/hifi.ovlStore, 0-correction/find-errors-jobs/0177.range, 0-correction/configureFindErrors.finished
    output: 0-correction/find-errors-jobs/0177.red
    log: 0-correction/find-errors-jobs/0177.err
    jobid: 295
    reason: Missing output files: 0-correction/find-errors-jobs/0177.red
    wildcards: nnnn=0177
    threads: 4
    resources: mem_mb=1000, mem_mib=954, disk_mb=1000, disk_mib=954, tmpdir=<TBD>, job_id=1, n_cpus=4, mem_gb=32, time_h=4

Submitted job 295 with external jobid '18442363'.

[Wed May  6 16:20:53 2026]
rule computeErrors:
    input: 0-correction/hifi.seqStore, 0-correction/hifi.ovlStore, 0-correction/find-errors-jobs/0006.range, 0-correction/configureFindErrors.finished
    output: 0-correction/find-errors-jobs/0006.red
    log: 0-correction/find-errors-jobs/0006.err
    jobid: 124
    reason: Missing output files: 0-correction/find-errors-jobs/0006.red
    wildcards: nnnn=0006
    threads: 4
    resources: mem_mb=1000, mem_mib=954, disk_mb=1000, disk_mib=954, tmpdir=<TBD>, job_id=1, n_cpus=4, mem_gb=32, time_h=4

Submitted job 124 with external jobid '18442364'.

[Wed May  6 16:20:57 2026]
rule computeErrors:
    input: 0-correction/hifi.seqStore, 0-correction/hifi.ovlStore, 0-correction/find-errors-jobs/0233.range, 0-correction/configureFindErrors.finished
    output: 0-correction/find-errors-jobs/0233.red
    log: 0-correction/find-errors-jobs/0233.err
    jobid: 351
    reason: Missing output files: 0-correction/find-errors-jobs/0233.red
    wildcards: nnnn=0233
    threads: 4
    resources: mem_mb=1000, mem_mib=954, disk_mb=1000, disk_mib=954, tmpdir=<TBD>, job_id=1, n_cpus=4, mem_gb=32, time_h=4

Submitted job 351 with external jobid '18442365'.

[Wed May  6 16:21:00 2026]
rule computeErrors:
    input: 0-correction/hifi.seqStore, 0-correction/hifi.ovlStore, 0-correction/find-errors-jobs/0094.range, 0-correction/configureFindErrors.finished
    output: 0-correction/find-errors-jobs/0094.red
    log: 0-correction/find-errors-jobs/0094.err
    jobid: 212
    reason: Missing output files: 0-correction/find-errors-jobs/0094.red
    wildcards: nnnn=0094
    threads: 4
    resources: mem_mb=1000, mem_mib=954, disk_mb=1000, disk_mib=954, tmpdir=<TBD>, job_id=1, n_cpus=4, mem_gb=32, time_h=4

Submitted job 212 with external jobid '18442366'.

[Wed May  6 16:21:03 2026]
rule computeErrors:
    input: 0-correction/hifi.seqStore, 0-correction/hifi.ovlStore, 0-correction/find-errors-jobs/0150.range, 0-correction/configureFindErrors.finished
    output: 0-correction/find-errors-jobs/0150.red
    log: 0-correction/find-errors-jobs/0150.err
    jobid: 268
    reason: Missing output files: 0-correction/find-errors-jobs/0150.red
    wildcards: nnnn=0150
    threads: 4
    resources: mem_mb=1000, mem_mib=954, disk_mb=1000, disk_mib=954, tmpdir=<TBD>, job_id=1, n_cpus=4, mem_gb=32, time_h=4

Submitted job 268 with external jobid '18442368'.

[Wed May  6 16:21:06 2026]
rule computeErrors:
    input: 0-correction/hifi.seqStore, 0-correction/hifi.ovlStore, 0-correction/find-errors-jobs/0206.range, 0-correction/configureFindErrors.finished
    output: 0-correction/find-errors-jobs/0206.red
    log: 0-correction/find-errors-jobs/0206.err
    jobid: 324
    reason: Missing output files: 0-correction/find-errors-jobs/0206.red
    wildcards: nnnn=0206
    threads: 4
    resources: mem_mb=1000, mem_mib=954, disk_mb=1000, disk_mib=954, tmpdir=<TBD>, job_id=1, n_cpus=4, mem_gb=32, time_h=4

Submitted job 324 with external jobid '18442371'.

[Wed May  6 16:21:10 2026]
rule computeErrors:
    input: 0-correction/hifi.seqStore, 0-correction/hifi.ovlStore, 0-correction/find-errors-jobs/0038.range, 0-correction/configureFindErrors.finished
    output: 0-correction/find-errors-jobs/0038.red
    log: 0-correction/find-errors-jobs/0038.err
    jobid: 156
    reason: Missing output files: 0-correction/find-errors-jobs/0038.red
    wildcards: nnnn=0038
    threads: 4
    resources: mem_mb=1000, mem_mib=954, disk_mb=1000, disk_mib=954, tmpdir=<TBD>, job_id=1, n_cpus=4, mem_gb=32, time_h=4

Submitted job 156 with external jobid '18442372'.

[Wed May  6 16:21:13 2026]
rule computeErrors:
    input: 0-correction/hifi.seqStore, 0-correction/hifi.ovlStore, 0-correction/find-errors-jobs/0262.range, 0-correction/configureFindErrors.finished
    output: 0-correction/find-errors-jobs/0262.red
    log: 0-correction/find-errors-jobs/0262.err
    jobid: 380
    reason: Missing output files: 0-correction/find-errors-jobs/0262.red
    wildcards: nnnn=0262
    threads: 4
    resources: mem_mb=1000, mem_mib=954, disk_mb=1000, disk_mib=954, tmpdir=<TBD>, job_id=1, n_cpus=4, mem_gb=32, time_h=4

Submitted job 380 with external jobid '18442373'.

[Wed May  6 16:21:16 2026]
rule computeErrors:
    input: 0-correction/hifi.seqStore, 0-correction/hifi.ovlStore, 0-correction/find-errors-jobs/0178.range, 0-correction/configureFindErrors.finished
    output: 0-correction/find-errors-jobs/0178.red
    log: 0-correction/find-errors-jobs/0178.err
    jobid: 296
    reason: Missing output files: 0-correction/find-errors-jobs/0178.red
    wildcards: nnnn=0178
    threads: 4
    resources: mem_mb=1000, mem_mib=954, disk_mb=1000, disk_mib=954, tmpdir=<TBD>, job_id=1, n_cpus=4, mem_gb=32, time_h=4

Submitted job 296 with external jobid '18442376'.

[Wed May  6 16:21:20 2026]
rule computeErrors:
    input: 0-correction/hifi.seqStore, 0-correction/hifi.ovlStore, 0-correction/find-errors-jobs/0066.range, 0-correction/configureFindErrors.finished
    output: 0-correction/find-errors-jobs/0066.red
    log: 0-correction/find-errors-jobs/0066.err
    jobid: 184
    reason: Missing output files: 0-correction/find-errors-jobs/0066.red
    wildcards: nnnn=0066
    threads: 4
    resources: mem_mb=1000, mem_mib=954, disk_mb=1000, disk_mib=954, tmpdir=<TBD>, job_id=1, n_cpus=4, mem_gb=32, time_h=4

Submitted job 184 with external jobid '18442378'.

[Wed May  6 16:21:23 2026]
rule computeErrors:
    input: 0-correction/hifi.seqStore, 0-correction/hifi.ovlStore, 0-correction/find-errors-jobs/0122.range, 0-correction/configureFindErrors.finished
    output: 0-correction/find-errors-jobs/0122.red
    log: 0-correction/find-errors-jobs/0122.err
    jobid: 240
    reason: Missing output files: 0-correction/find-errors-jobs/0122.red
    wildcards: nnnn=0122
    threads: 4
    resources: mem_mb=1000, mem_mib=954, disk_mb=1000, disk_mib=954, tmpdir=<TBD>, job_id=1, n_cpus=4, mem_gb=32, time_h=4

Submitted job 240 with external jobid '18442381'.

[Wed May  6 16:21:26 2026]
rule computeErrors:
    input: 0-correction/hifi.seqStore, 0-correction/hifi.ovlStore, 0-correction/find-errors-jobs/0013.range, 0-correction/configureFindErrors.finished
    output: 0-correction/find-errors-jobs/0013.red
    log: 0-correction/find-errors-jobs/0013.err
    jobid: 131
    reason: Missing output files: 0-correction/find-errors-jobs/0013.red
    wildcards: nnnn=0013
    threads: 4
    resources: mem_mb=1000, mem_mib=954, disk_mb=1000, disk_mib=954, tmpdir=<TBD>, job_id=1, n_cpus=4, mem_gb=32, time_h=4

Submitted job 131 with external jobid '18442382'.

[Wed May  6 16:21:29 2026]
rule computeErrors:
    input: 0-correction/hifi.seqStore, 0-correction/hifi.ovlStore, 0-correction/find-errors-jobs/0234.range, 0-correction/configureFindErrors.finished
    output: 0-correction/find-errors-jobs/0234.red
    log: 0-correction/find-errors-jobs/0234.err
    jobid: 352
    reason: Missing output files: 0-correction/find-errors-jobs/0234.red
    wildcards: nnnn=0234
    threads: 4
    resources: mem_mb=1000, mem_mib=954, disk_mb=1000, disk_mib=954, tmpdir=<TBD>, job_id=1, n_cpus=4, mem_gb=32, time_h=4

Submitted job 352 with external jobid '18442384'.

[Wed May  6 16:21:32 2026]
rule computeErrors:
    input: 0-correction/hifi.seqStore, 0-correction/hifi.ovlStore, 0-correction/find-errors-jobs/0095.range, 0-correction/configureFindErrors.finished
    output: 0-correction/find-errors-jobs/0095.red
    log: 0-correction/find-errors-jobs/0095.err
    jobid: 213
    reason: Missing output files: 0-correction/find-errors-jobs/0095.red
    wildcards: nnnn=0095
    threads: 4
    resources: mem_mb=1000, mem_mib=954, disk_mb=1000, disk_mib=954, tmpdir=<TBD>, job_id=1, n_cpus=4, mem_gb=32, time_h=4

Submitted job 213 with external jobid '18442385'.

[Wed May  6 16:21:36 2026]
rule computeErrors:
    input: 0-correction/hifi.seqStore, 0-correction/hifi.ovlStore, 0-correction/find-errors-jobs/0151.range, 0-correction/configureFindErrors.finished
    output: 0-correction/find-errors-jobs/0151.red
    log: 0-correction/find-errors-jobs/0151.err
    jobid: 269
    reason: Missing output files: 0-correction/find-errors-jobs/0151.red
    wildcards: nnnn=0151
    threads: 4
    resources: mem_mb=1000, mem_mib=954, disk_mb=1000, disk_mib=954, tmpdir=<TBD>, job_id=1, n_cpus=4, mem_gb=32, time_h=4

Submitted job 269 with external jobid '18442387'.

[Wed May  6 16:21:39 2026]
rule computeErrors:
    input: 0-correction/hifi.seqStore, 0-correction/hifi.ovlStore, 0-correction/find-errors-jobs/0207.range, 0-correction/configureFindErrors.finished
    output: 0-correction/find-errors-jobs/0207.red
    log: 0-correction/find-errors-jobs/0207.err
    jobid: 325
    reason: Missing output files: 0-correction/find-errors-jobs/0207.red
    wildcards: nnnn=0207
    threads: 4
    resources: mem_mb=1000, mem_mib=954, disk_mb=1000, disk_mib=954, tmpdir=<TBD>, job_id=1, n_cpus=4, mem_gb=32, time_h=4

Submitted job 325 with external jobid '18442390'.

[Wed May  6 16:21:42 2026]
rule computeErrors:
    input: 0-correction/hifi.seqStore, 0-correction/hifi.ovlStore, 0-correction/find-errors-jobs/0039.range, 0-correction/configureFindErrors.finished
    output: 0-correction/find-errors-jobs/0039.red
    log: 0-correction/find-errors-jobs/0039.err
    jobid: 157
    reason: Missing output files: 0-correction/find-errors-jobs/0039.red
    wildcards: nnnn=0039
    threads: 4
    resources: mem_mb=1000, mem_mib=954, disk_mb=1000, disk_mib=954, tmpdir=<TBD>, job_id=1, n_cpus=4, mem_gb=32, time_h=4

Submitted job 157 with external jobid '18442391'.

[Wed May  6 16:21:45 2026]
rule computeErrors:
    input: 0-correction/hifi.seqStore, 0-correction/hifi.ovlStore, 0-correction/find-errors-jobs/0263.range, 0-correction/configureFindErrors.finished
    output: 0-correction/find-errors-jobs/0263.red
    log: 0-correction/find-errors-jobs/0263.err
    jobid: 381
    reason: Missing output files: 0-correction/find-errors-jobs/0263.red
    wildcards: nnnn=0263
    threads: 4
    resources: mem_mb=1000, mem_mib=954, disk_mb=1000, disk_mib=954, tmpdir=<TBD>, job_id=1, n_cpus=4, mem_gb=32, time_h=4

Submitted job 381 with external jobid '18442393'.

[Wed May  6 16:21:48 2026]
rule computeErrors:
    input: 0-correction/hifi.seqStore, 0-correction/hifi.ovlStore, 0-correction/find-errors-jobs/0123.range, 0-correction/configureFindErrors.finished
    output: 0-correction/find-errors-jobs/0123.red
    log: 0-correction/find-errors-jobs/0123.err
    jobid: 241
    reason: Missing output files: 0-correction/find-errors-jobs/0123.red
    wildcards: nnnn=0123
    threads: 4
    resources: mem_mb=1000, mem_mib=954, disk_mb=1000, disk_mib=954, tmpdir=<TBD>, job_id=1, n_cpus=4, mem_gb=32, time_h=4

Submitted job 241 with external jobid '18442395'.

[Wed May  6 16:21:52 2026]
rule computeErrors:
    input: 0-correction/hifi.seqStore, 0-correction/hifi.ovlStore, 0-correction/find-errors-jobs/0067.range, 0-correction/configureFindErrors.finished
    output: 0-correction/find-errors-jobs/0067.red
    log: 0-correction/find-errors-jobs/0067.err
    jobid: 185
    reason: Missing output files: 0-correction/find-errors-jobs/0067.red
    wildcards: nnnn=0067
    threads: 4
    resources: mem_mb=1000, mem_mib=954, disk_mb=1000, disk_mib=954, tmpdir=<TBD>, job_id=1, n_cpus=4, mem_gb=32, time_h=4

Submitted job 185 with external jobid '18442398'.

[Wed May  6 16:21:55 2026]
rule computeErrors:
    input: 0-correction/hifi.seqStore, 0-correction/hifi.ovlStore, 0-correction/find-errors-jobs/0179.range, 0-correction/configureFindErrors.finished
    output: 0-correction/find-errors-jobs/0179.red
    log: 0-correction/find-errors-jobs/0179.err
    jobid: 297
    reason: Missing output files: 0-correction/find-errors-jobs/0179.red
    wildcards: nnnn=0179
    threads: 4
    resources: mem_mb=1000, mem_mib=954, disk_mb=1000, disk_mib=954, tmpdir=<TBD>, job_id=1, n_cpus=4, mem_gb=32, time_h=4

Submitted job 297 with external jobid '18442399'.

[Wed May  6 16:21:58 2026]
rule computeErrors:
    input: 0-correction/hifi.seqStore, 0-correction/hifi.ovlStore, 0-correction/find-errors-jobs/0007.range, 0-correction/configureFindErrors.finished
    output: 0-correction/find-errors-jobs/0007.red
    log: 0-correction/find-errors-jobs/0007.err
    jobid: 125
    reason: Missing output files: 0-correction/find-errors-jobs/0007.red
    wildcards: nnnn=0007
    threads: 4
    resources: mem_mb=1000, mem_mib=954, disk_mb=1000, disk_mib=954, tmpdir=<TBD>, job_id=1, n_cpus=4, mem_gb=32, time_h=4

Submitted job 125 with external jobid '18442400'.

[Wed May  6 16:22:01 2026]
rule computeErrors:
    input: 0-correction/hifi.seqStore, 0-correction/hifi.ovlStore, 0-correction/find-errors-jobs/0235.range, 0-correction/configureFindErrors.finished
    output: 0-correction/find-errors-jobs/0235.red
    log: 0-correction/find-errors-jobs/0235.err
    jobid: 353
    reason: Missing output files: 0-correction/find-errors-jobs/0235.red
    wildcards: nnnn=0235
    threads: 4
    resources: mem_mb=1000, mem_mib=954, disk_mb=1000, disk_mib=954, tmpdir=<TBD>, job_id=1, n_cpus=4, mem_gb=32, time_h=4

Submitted job 353 with external jobid '18442401'.

[Wed May  6 16:22:05 2026]
rule computeErrors:
    input: 0-correction/hifi.seqStore, 0-correction/hifi.ovlStore, 0-correction/find-errors-jobs/0096.range, 0-correction/configureFindErrors.finished
    output: 0-correction/find-errors-jobs/0096.red
    log: 0-correction/find-errors-jobs/0096.err
    jobid: 214
    reason: Missing output files: 0-correction/find-errors-jobs/0096.red
    wildcards: nnnn=0096
    threads: 4
    resources: mem_mb=1000, mem_mib=954, disk_mb=1000, disk_mib=954, tmpdir=<TBD>, job_id=1, n_cpus=4, mem_gb=32, time_h=4

Submitted job 214 with external jobid '18442403'.

[Wed May  6 16:22:08 2026]
rule computeErrors:
    input: 0-correction/hifi.seqStore, 0-correction/hifi.ovlStore, 0-correction/find-errors-jobs/0152.range, 0-correction/configureFindErrors.finished
    output: 0-correction/find-errors-jobs/0152.red
    log: 0-correction/find-errors-jobs/0152.err
    jobid: 270
    reason: Missing output files: 0-correction/find-errors-jobs/0152.red
    wildcards: nnnn=0152
    threads: 4
    resources: mem_mb=1000, mem_mib=954, disk_mb=1000, disk_mib=954, tmpdir=<TBD>, job_id=1, n_cpus=4, mem_gb=32, time_h=4

Submitted job 270 with external jobid '18442404'.

[Wed May  6 16:22:11 2026]
rule computeErrors:
    input: 0-correction/hifi.seqStore, 0-correction/hifi.ovlStore, 0-correction/find-errors-jobs/0208.range, 0-correction/configureFindErrors.finished
    output: 0-correction/find-errors-jobs/0208.red
    log: 0-correction/find-errors-jobs/0208.err
    jobid: 326
    reason: Missing output files: 0-correction/find-errors-jobs/0208.red
    wildcards: nnnn=0208
    threads: 4
    resources: mem_mb=1000, mem_mib=954, disk_mb=1000, disk_mib=954, tmpdir=<TBD>, job_id=1, n_cpus=4, mem_gb=32, time_h=4

Submitted job 326 with external jobid '18442405'.

[Wed May  6 16:22:14 2026]
rule computeErrors:
    input: 0-correction/hifi.seqStore, 0-correction/hifi.ovlStore, 0-correction/find-errors-jobs/0040.range, 0-correction/configureFindErrors.finished
    output: 0-correction/find-errors-jobs/0040.red
    log: 0-correction/find-errors-jobs/0040.err
    jobid: 158
    reason: Missing output files: 0-correction/find-errors-jobs/0040.red
    wildcards: nnnn=0040
    threads: 4
    resources: mem_mb=1000, mem_mib=954, disk_mb=1000, disk_mib=954, tmpdir=<TBD>, job_id=1, n_cpus=4, mem_gb=32, time_h=4

Submitted job 158 with external jobid '18442407'.

[Wed May  6 16:22:18 2026]
rule computeErrors:
    input: 0-correction/hifi.seqStore, 0-correction/hifi.ovlStore, 0-correction/find-errors-jobs/0264.range, 0-correction/configureFindErrors.finished
    output: 0-correction/find-errors-jobs/0264.red
    log: 0-correction/find-errors-jobs/0264.err
    jobid: 382
    reason: Missing output files: 0-correction/find-errors-jobs/0264.red
    wildcards: nnnn=0264
    threads: 4
    resources: mem_mb=1000, mem_mib=954, disk_mb=1000, disk_mib=954, tmpdir=<TBD>, job_id=1, n_cpus=4, mem_gb=32, time_h=4

Submitted job 382 with external jobid '18442424'.

[Wed May  6 16:22:22 2026]
rule computeErrors:
    input: 0-correction/hifi.seqStore, 0-correction/hifi.ovlStore, 0-correction/find-errors-jobs/0068.range, 0-correction/configureFindErrors.finished
    output: 0-correction/find-errors-jobs/0068.red
    log: 0-correction/find-errors-jobs/0068.err
    jobid: 186
    reason: Missing output files: 0-correction/find-errors-jobs/0068.red
    wildcards: nnnn=0068
    threads: 4
    resources: mem_mb=1000, mem_mib=954, disk_mb=1000, disk_mib=954, tmpdir=<TBD>, job_id=1, n_cpus=4, mem_gb=32, time_h=4

Submitted job 186 with external jobid '18442427'.

[Wed May  6 16:22:27 2026]
rule computeErrors:
    input: 0-correction/hifi.seqStore, 0-correction/hifi.ovlStore, 0-correction/find-errors-jobs/0124.range, 0-correction/configureFindErrors.finished
    output: 0-correction/find-errors-jobs/0124.red
    log: 0-correction/find-errors-jobs/0124.err
    jobid: 242
    reason: Missing output files: 0-correction/find-errors-jobs/0124.red
    wildcards: nnnn=0124
    threads: 4
    resources: mem_mb=1000, mem_mib=954, disk_mb=1000, disk_mib=954, tmpdir=<TBD>, job_id=1, n_cpus=4, mem_gb=32, time_h=4

Submitted job 242 with external jobid '18442459'.

[Wed May  6 16:22:30 2026]
rule computeErrors:
    input: 0-correction/hifi.seqStore, 0-correction/hifi.ovlStore, 0-correction/find-errors-jobs/0180.range, 0-correction/configureFindErrors.finished
    output: 0-correction/find-errors-jobs/0180.red
    log: 0-correction/find-errors-jobs/0180.err
    jobid: 298
    reason: Missing output files: 0-correction/find-errors-jobs/0180.red
    wildcards: nnnn=0180
    threads: 4
    resources: mem_mb=1000, mem_mib=954, disk_mb=1000, disk_mib=954, tmpdir=<TBD>, job_id=1, n_cpus=4, mem_gb=32, time_h=4

Submitted job 298 with external jobid '18442461'.

[Wed May  6 16:22:33 2026]
rule computeErrors:
    input: 0-correction/hifi.seqStore, 0-correction/hifi.ovlStore, 0-correction/find-errors-jobs/0008.range, 0-correction/configureFindErrors.finished
    output: 0-correction/find-errors-jobs/0008.red
    log: 0-correction/find-errors-jobs/0008.err
    jobid: 126
    reason: Missing output files: 0-correction/find-errors-jobs/0008.red
    wildcards: nnnn=0008
    threads: 4
    resources: mem_mb=1000, mem_mib=954, disk_mb=1000, disk_mib=954, tmpdir=<TBD>, job_id=1, n_cpus=4, mem_gb=32, time_h=4

Submitted job 126 with external jobid '18442462'.

[Wed May  6 16:22:36 2026]
rule computeErrors:
    input: 0-correction/hifi.seqStore, 0-correction/hifi.ovlStore, 0-correction/find-errors-jobs/0236.range, 0-correction/configureFindErrors.finished
    output: 0-correction/find-errors-jobs/0236.red
    log: 0-correction/find-errors-jobs/0236.err
    jobid: 354
    reason: Missing output files: 0-correction/find-errors-jobs/0236.red
    wildcards: nnnn=0236
    threads: 4
    resources: mem_mb=1000, mem_mib=954, disk_mb=1000, disk_mib=954, tmpdir=<TBD>, job_id=1, n_cpus=4, mem_gb=32, time_h=4

Submitted job 354 with external jobid '18442463'.

[Wed May  6 16:22:40 2026]
rule computeErrors:
    input: 0-correction/hifi.seqStore, 0-correction/hifi.ovlStore, 0-correction/find-errors-jobs/0097.range, 0-correction/configureFindErrors.finished
    output: 0-correction/find-errors-jobs/0097.red
    log: 0-correction/find-errors-jobs/0097.err
    jobid: 215
    reason: Missing output files: 0-correction/find-errors-jobs/0097.red
    wildcards: nnnn=0097
    threads: 4
    resources: mem_mb=1000, mem_mib=954, disk_mb=1000, disk_mib=954, tmpdir=<TBD>, job_id=1, n_cpus=4, mem_gb=32, time_h=4

Submitted job 215 with external jobid '18442464'.

[Wed May  6 16:22:43 2026]
rule computeErrors:
    input: 0-correction/hifi.seqStore, 0-correction/hifi.ovlStore, 0-correction/find-errors-jobs/0153.range, 0-correction/configureFindErrors.finished
    output: 0-correction/find-errors-jobs/0153.red
    log: 0-correction/find-errors-jobs/0153.err
    jobid: 271
    reason: Missing output files: 0-correction/find-errors-jobs/0153.red
    wildcards: nnnn=0153
    threads: 4
    resources: mem_mb=1000, mem_mib=954, disk_mb=1000, disk_mib=954, tmpdir=<TBD>, job_id=1, n_cpus=4, mem_gb=32, time_h=4

Submitted job 271 with external jobid '18442465'.

[Wed May  6 16:22:46 2026]
rule computeErrors:
    input: 0-correction/hifi.seqStore, 0-correction/hifi.ovlStore, 0-correction/find-errors-jobs/0209.range, 0-correction/configureFindErrors.finished
    output: 0-correction/find-errors-jobs/0209.red
    log: 0-correction/find-errors-jobs/0209.err
    jobid: 327
    reason: Missing output files: 0-correction/find-errors-jobs/0209.red
    wildcards: nnnn=0209
    threads: 4
    resources: mem_mb=1000, mem_mib=954, disk_mb=1000, disk_mib=954, tmpdir=<TBD>, job_id=1, n_cpus=4, mem_gb=32, time_h=4

Submitted job 327 with external jobid '18442466'.

[Wed May  6 16:22:49 2026]
rule computeErrors:
    input: 0-correction/hifi.seqStore, 0-correction/hifi.ovlStore, 0-correction/find-errors-jobs/0041.range, 0-correction/configureFindErrors.finished
    output: 0-correction/find-errors-jobs/0041.red
    log: 0-correction/find-errors-jobs/0041.err
    jobid: 159
    reason: Missing output files: 0-correction/find-errors-jobs/0041.red
    wildcards: nnnn=0041
    threads: 4
    resources: mem_mb=1000, mem_mib=954, disk_mb=1000, disk_mib=954, tmpdir=<TBD>, job_id=1, n_cpus=4, mem_gb=32, time_h=4

Submitted job 159 with external jobid '18442468'.

[Wed May  6 16:22:53 2026]
rule computeErrors:
    input: 0-correction/hifi.seqStore, 0-correction/hifi.ovlStore, 0-correction/find-errors-jobs/0265.range, 0-correction/configureFindErrors.finished
    output: 0-correction/find-errors-jobs/0265.red
    log: 0-correction/find-errors-jobs/0265.err
    jobid: 383
    reason: Missing output files: 0-correction/find-errors-jobs/0265.red
    wildcards: nnnn=0265
    threads: 4
    resources: mem_mb=1000, mem_mib=954, disk_mb=1000, disk_mib=954, tmpdir=<TBD>, job_id=1, n_cpus=4, mem_gb=32, time_h=4

Submitted job 383 with external jobid '18442469'.

[Wed May  6 16:22:56 2026]
rule computeErrors:
    input: 0-correction/hifi.seqStore, 0-correction/hifi.ovlStore, 0-correction/find-errors-jobs/0069.range, 0-correction/configureFindErrors.finished
    output: 0-correction/find-errors-jobs/0069.red
    log: 0-correction/find-errors-jobs/0069.err
    jobid: 187
    reason: Missing output files: 0-correction/find-errors-jobs/0069.red
    wildcards: nnnn=0069
    threads: 4
    resources: mem_mb=1000, mem_mib=954, disk_mb=1000, disk_mib=954, tmpdir=<TBD>, job_id=1, n_cpus=4, mem_gb=32, time_h=4

Submitted job 187 with external jobid '18442470'.

[Wed May  6 16:22:59 2026]
rule computeErrors:
    input: 0-correction/hifi.seqStore, 0-correction/hifi.ovlStore, 0-correction/find-errors-jobs/0125.range, 0-correction/configureFindErrors.finished
    output: 0-correction/find-errors-jobs/0125.red
    log: 0-correction/find-errors-jobs/0125.err
    jobid: 243
    reason: Missing output files: 0-correction/find-errors-jobs/0125.red
    wildcards: nnnn=0125
    threads: 4
    resources: mem_mb=1000, mem_mib=954, disk_mb=1000, disk_mib=954, tmpdir=<TBD>, job_id=1, n_cpus=4, mem_gb=32, time_h=4

Submitted job 243 with external jobid '18442521'.

[Wed May  6 16:23:02 2026]
rule computeErrors:
    input: 0-correction/hifi.seqStore, 0-correction/hifi.ovlStore, 0-correction/find-errors-jobs/0181.range, 0-correction/configureFindErrors.finished
    output: 0-correction/find-errors-jobs/0181.red
    log: 0-correction/find-errors-jobs/0181.err
    jobid: 299
    reason: Missing output files: 0-correction/find-errors-jobs/0181.red
    wildcards: nnnn=0181
    threads: 4
    resources: mem_mb=1000, mem_mib=954, disk_mb=1000, disk_mib=954, tmpdir=<TBD>, job_id=1, n_cpus=4, mem_gb=32, time_h=4

Submitted job 299 with external jobid '18442522'.

[Wed May  6 16:23:05 2026]
rule computeErrors:
    input: 0-correction/hifi.seqStore, 0-correction/hifi.ovlStore, 0-correction/find-errors-jobs/0009.range, 0-correction/configureFindErrors.finished
    output: 0-correction/find-errors-jobs/0009.red
    log: 0-correction/find-errors-jobs/0009.err
    jobid: 127
    reason: Missing output files: 0-correction/find-errors-jobs/0009.red
    wildcards: nnnn=0009
    threads: 4
    resources: mem_mb=1000, mem_mib=954, disk_mb=1000, disk_mib=954, tmpdir=<TBD>, job_id=1, n_cpus=4, mem_gb=32, time_h=4

Submitted job 127 with external jobid '18442525'.

[Wed May  6 16:23:09 2026]
rule computeErrors:
    input: 0-correction/hifi.seqStore, 0-correction/hifi.ovlStore, 0-correction/find-errors-jobs/0237.range, 0-correction/configureFindErrors.finished
    output: 0-correction/find-errors-jobs/0237.red
    log: 0-correction/find-errors-jobs/0237.err
    jobid: 355
    reason: Missing output files: 0-correction/find-errors-jobs/0237.red
    wildcards: nnnn=0237
    threads: 4
    resources: mem_mb=1000, mem_mib=954, disk_mb=1000, disk_mib=954, tmpdir=<TBD>, job_id=1, n_cpus=4, mem_gb=32, time_h=4

Submitted job 355 with external jobid '18442526'.

[Wed May  6 16:23:12 2026]
rule computeErrors:
    input: 0-correction/hifi.seqStore, 0-correction/hifi.ovlStore, 0-correction/find-errors-jobs/0126.range, 0-correction/configureFindErrors.finished
    output: 0-correction/find-errors-jobs/0126.red
    log: 0-correction/find-errors-jobs/0126.err
    jobid: 244
    reason: Missing output files: 0-correction/find-errors-jobs/0126.red
    wildcards: nnnn=0126
    threads: 4
    resources: mem_mb=1000, mem_mib=954, disk_mb=1000, disk_mib=954, tmpdir=<TBD>, job_id=1, n_cpus=4, mem_gb=32, time_h=4

Submitted job 244 with external jobid '18442527'.
[Wed May  6 16:23:15 2026]
Finished job 133.
39 of 390 steps (10%) done
[Wed May  6 16:23:15 2026]
Finished job 195.
40 of 390 steps (10%) done
[Wed May  6 16:23:15 2026]
Finished job 139.
41 of 390 steps (11%) done
[Wed May  6 16:23:15 2026]
Finished job 307.
42 of 390 steps (11%) done
[Wed May  6 16:23:15 2026]
Finished job 363.
43 of 390 steps (11%) done
[Wed May  6 16:23:15 2026]
Finished job 167.
44 of 390 steps (11%) done
[Wed May  6 16:23:15 2026]
Finished job 223.
45 of 390 steps (12%) done
[Wed May  6 16:23:15 2026]
Finished job 279.
46 of 390 steps (12%) done
[Wed May  6 16:23:16 2026]
Finished job 335.
47 of 390 steps (12%) done
[Wed May  6 16:23:16 2026]
Finished job 391.
48 of 390 steps (12%) done
[Wed May  6 16:23:16 2026]
Finished job 196.
49 of 390 steps (13%) done
[Wed May  6 16:23:16 2026]
Finished job 252.
50 of 390 steps (13%) done
[Wed May  6 16:23:16 2026]
Finished job 308.
51 of 390 steps (13%) done
[Wed May  6 16:23:16 2026]
Finished job 140.
52 of 390 steps (13%) done
[Wed May  6 16:23:16 2026]
Finished job 364.
53 of 390 steps (14%) done
[Wed May  6 16:23:16 2026]
Finished job 168.
54 of 390 steps (14%) done
[Wed May  6 16:23:16 2026]
Finished job 224.
55 of 390 steps (14%) done
[Wed May  6 16:23:16 2026]
Finished job 392.
56 of 390 steps (14%) done
[Wed May  6 16:23:16 2026]
Finished job 197.
57 of 390 steps (15%) done
[Wed May  6 16:23:16 2026]
Finished job 253.
58 of 390 steps (15%) done
[Wed May  6 16:23:16 2026]
Finished job 309.
59 of 390 steps (15%) done
[Wed May  6 16:23:16 2026]
Finished job 141.
60 of 390 steps (15%) done
[Wed May  6 16:23:16 2026]
Finished job 365.
61 of 390 steps (16%) done
[Wed May  6 16:23:16 2026]
Finished job 169.
62 of 390 steps (16%) done
[Wed May  6 16:23:16 2026]
Finished job 225.
63 of 390 steps (16%) done
[Wed May  6 16:23:16 2026]
Finished job 281.
64 of 390 steps (16%) done
[Wed May  6 16:23:16 2026]
Finished job 337.
65 of 390 steps (17%) done
[Wed May  6 16:23:16 2026]
Finished job 393.
66 of 390 steps (17%) done
[Wed May  6 16:23:16 2026]
Finished job 198.
67 of 390 steps (17%) done
[Wed May  6 16:23:16 2026]
Finished job 310.
68 of 390 steps (17%) done
[Wed May  6 16:23:16 2026]
Finished job 142.
69 of 390 steps (18%) done
[Wed May  6 16:23:16 2026]
Finished job 366.
70 of 390 steps (18%) done
[Wed May  6 16:23:16 2026]
Finished job 170.
71 of 390 steps (18%) done
[Wed May  6 16:23:16 2026]
Finished job 338.
72 of 390 steps (18%) done
[Wed May  6 16:23:16 2026]
Finished job 394.
73 of 390 steps (19%) done
[Wed May  6 16:23:16 2026]
Finished job 188.
74 of 390 steps (19%) done
[Wed May  6 16:23:16 2026]
Finished job 199.
75 of 390 steps (19%) done
[Wed May  6 16:23:16 2026]
Finished job 255.
76 of 390 steps (19%) done
[Wed May  6 16:23:16 2026]
Finished job 311.
77 of 390 steps (20%) done
[Wed May  6 16:23:16 2026]
Finished job 143.
78 of 390 steps (20%) done
[Wed May  6 16:23:16 2026]
Finished job 276.
79 of 390 steps (20%) done
[Wed May  6 16:23:16 2026]
Finished job 332.
80 of 390 steps (21%) done
[Wed May  6 16:23:16 2026]
Finished job 388.
81 of 390 steps (21%) done
[Wed May  6 16:23:16 2026]
Finished job 193.
82 of 390 steps (21%) done
[Wed May  6 16:23:16 2026]
Finished job 249.
83 of 390 steps (21%) done
[Wed May  6 16:23:17 2026]
Finished job 305.
84 of 390 steps (22%) done
[Wed May  6 16:23:17 2026]
Finished job 137.
85 of 390 steps (22%) done
[Wed May  6 16:23:17 2026]
Finished job 361.
86 of 390 steps (22%) done
[Wed May  6 16:23:17 2026]
Finished job 277.
87 of 390 steps (22%) done
[Wed May  6 16:23:17 2026]
Finished job 221.
88 of 390 steps (23%) done
[Wed May  6 16:23:19 2026]
Finished job 165.
89 of 390 steps (23%) done
[Wed May  6 16:23:21 2026]
Finished job 333.
90 of 390 steps (23%) done
[Wed May  6 16:23:23 2026]
Finished job 389.
91 of 390 steps (23%) done
[Wed May  6 16:23:25 2026]
Finished job 194.
92 of 390 steps (24%) done
[Wed May  6 16:23:27 2026]
Finished job 250.
93 of 390 steps (24%) done
[Wed May  6 16:23:30 2026]
Finished job 306.
94 of 390 steps (24%) done
[Wed May  6 16:23:34 2026]
Finished job 362.
95 of 390 steps (24%) done
[Wed May  6 16:23:36 2026]
Finished job 166.
96 of 390 steps (25%) done
[Wed May  6 16:23:38 2026]
Finished job 222.
97 of 390 steps (25%) done
[Wed May  6 16:23:41 2026]
Finished job 278.
98 of 390 steps (25%) done
[Wed May  6 16:24:35 2026]
Finished job 272.
99 of 390 steps (25%) done
[Wed May  6 16:24:37 2026]
Finished job 189.
100 of 390 steps (26%) done
[Wed May  6 16:24:39 2026]
Finished job 245.
101 of 390 steps (26%) done
[Wed May  6 16:24:42 2026]
Finished job 216.
102 of 390 steps (26%) done
[Wed May  6 16:24:44 2026]
Finished job 328.
103 of 390 steps (26%) done
[Wed May  6 16:24:46 2026]
Finished job 160.
104 of 390 steps (27%) done
[Wed May  6 16:24:48 2026]
Finished job 384.
105 of 390 steps (27%) done
[Wed May  6 16:24:50 2026]
Finished job 301.
106 of 390 steps (27%) done
[Wed May  6 16:25:08 2026]
Finished job 334.
107 of 390 steps (27%) done
[Wed May  6 16:25:10 2026]
Finished job 390.
108 of 390 steps (28%) done
[Wed May  6 16:25:12 2026]
Finished job 251.
109 of 390 steps (28%) done
[Wed May  6 16:25:14 2026]
Finished job 367.
110 of 390 steps (28%) done
[Wed May  6 16:25:16 2026]
Finished job 171.
111 of 390 steps (28%) done
[Wed May  6 16:25:18 2026]
Finished job 227.
112 of 390 steps (29%) done
[Wed May  6 16:28:46 2026]
Finished job 283.
113 of 390 steps (29%) done
[Wed May  6 16:28:48 2026]
Finished job 339.
114 of 390 steps (29%) done
[Wed May  6 16:28:50 2026]
Finished job 200.
115 of 390 steps (29%) done
[Wed May  6 16:28:52 2026]
Finished job 256.
116 of 390 steps (30%) done
[Wed May  6 16:28:54 2026]
Finished job 312.
117 of 390 steps (30%) done
[Wed May  6 16:28:56 2026]
Finished job 144.
118 of 390 steps (30%) done
[Wed May  6 16:28:59 2026]
Finished job 368.
119 of 390 steps (31%) done
[Wed May  6 16:29:01 2026]
Finished job 172.
120 of 390 steps (31%) done
[Wed May  6 16:29:03 2026]
Finished job 228.
121 of 390 steps (31%) done
[Wed May  6 16:29:05 2026]
Finished job 284.
122 of 390 steps (31%) done
[Wed May  6 16:29:07 2026]
Finished job 120.
123 of 390 steps (32%) done
[Wed May  6 16:29:09 2026]
Finished job 340.
124 of 390 steps (32%) done
[Wed May  6 16:29:12 2026]
Finished job 201.
125 of 390 steps (32%) done
[Wed May  6 16:29:14 2026]
Finished job 257.
126 of 390 steps (32%) done
[Wed May  6 16:29:16 2026]
Finished job 313.
127 of 390 steps (33%) done
[Wed May  6 16:29:18 2026]
Finished job 145.
128 of 390 steps (33%) done
[Wed May  6 16:29:20 2026]
Finished job 369.
129 of 390 steps (33%) done
[Wed May  6 16:29:22 2026]
Finished job 173.
130 of 390 steps (33%) done
[Wed May  6 16:29:25 2026]
Finished job 229.
131 of 390 steps (34%) done
[Wed May  6 16:29:31 2026]
Finished job 285.
132 of 390 steps (34%) done
[Wed May  6 16:29:33 2026]
Finished job 341.
133 of 390 steps (34%) done
[Wed May  6 16:29:36 2026]
Finished job 202.
134 of 390 steps (34%) done
[Wed May  6 16:29:38 2026]
Finished job 258.
135 of 390 steps (35%) done
[Wed May  6 16:29:40 2026]
Finished job 314.
136 of 390 steps (35%) done
[Wed May  6 16:29:42 2026]
Finished job 146.
137 of 390 steps (35%) done
[Wed May  6 16:29:44 2026]
Finished job 370.
138 of 390 steps (35%) done
[Wed May  6 16:29:46 2026]
Finished job 174.
139 of 390 steps (36%) done
[Wed May  6 16:29:49 2026]
Finished job 230.
140 of 390 steps (36%) done
[Wed May  6 16:29:51 2026]
Finished job 286.
141 of 390 steps (36%) done
[Wed May  6 16:29:53 2026]
Finished job 342.
142 of 390 steps (36%) done
[Wed May  6 16:29:55 2026]
Finished job 203.
143 of 390 steps (37%) done
[Wed May  6 16:29:57 2026]
Finished job 259.
144 of 390 steps (37%) done
[Wed May  6 16:29:59 2026]
Finished job 315.
145 of 390 steps (37%) done
[Wed May  6 16:30:02 2026]
Finished job 147.
146 of 390 steps (37%) done
[Wed May  6 16:30:04 2026]
Finished job 371.
147 of 390 steps (38%) done
[Wed May  6 16:30:06 2026]
Finished job 175.
148 of 390 steps (38%) done
[Wed May  6 16:30:08 2026]
Finished job 231.
149 of 390 steps (38%) done
[Wed May  6 16:30:10 2026]
Finished job 287.
150 of 390 steps (38%) done
[Wed May  6 16:30:12 2026]
Finished job 130.
151 of 390 steps (39%) done
[Wed May  6 16:30:15 2026]
Finished job 343.
152 of 390 steps (39%) done
[Wed May  6 16:30:17 2026]
Finished job 204.
153 of 390 steps (39%) done
[Wed May  6 16:30:19 2026]
Finished job 260.
154 of 390 steps (39%) done
[Wed May  6 16:30:21 2026]
Finished job 316.
155 of 390 steps (40%) done
[Wed May  6 16:30:23 2026]
Finished job 148.
156 of 390 steps (40%) done
[Wed May  6 16:30:25 2026]
Finished job 356.
157 of 390 steps (40%) done
[Wed May  6 16:30:28 2026]
Finished job 372.
158 of 390 steps (41%) done
[Wed May  6 16:30:30 2026]
Finished job 176.
159 of 390 steps (41%) done
[Wed May  6 16:30:32 2026]
Finished job 232.
160 of 390 steps (41%) done
[Wed May  6 16:30:34 2026]
Finished job 288.
161 of 390 steps (41%) done
[Wed May  6 16:30:36 2026]
Finished job 119.
162 of 390 steps (42%) done
[Wed May  6 16:30:38 2026]
Finished job 344.
163 of 390 steps (42%) done
[Wed May  6 16:30:41 2026]
Finished job 205.
164 of 390 steps (42%) done
[Wed May  6 16:30:43 2026]
Finished job 261.
165 of 390 steps (42%) done
[Wed May  6 16:30:45 2026]
Finished job 317.
166 of 390 steps (43%) done
[Wed May  6 16:30:47 2026]
Finished job 149.
167 of 390 steps (43%) done
[Wed May  6 16:30:49 2026]
Finished job 373.
168 of 390 steps (43%) done
[Wed May  6 16:30:51 2026]
Finished job 177.
169 of 390 steps (43%) done
[Wed May  6 16:30:54 2026]
Finished job 233.
170 of 390 steps (44%) done
[Wed May  6 16:30:56 2026]
Finished job 289.
171 of 390 steps (44%) done
[Wed May  6 16:30:58 2026]
Finished job 121.
172 of 390 steps (44%) done
[Wed May  6 16:31:00 2026]
Finished job 345.
173 of 390 steps (44%) done
[Wed May  6 16:31:02 2026]
Finished job 206.
174 of 390 steps (45%) done
[Wed May  6 16:31:05 2026]
Finished job 262.
175 of 390 steps (45%) done
[Wed May  6 16:31:07 2026]
Finished job 318.
176 of 390 steps (45%) done
[Wed May  6 16:31:09 2026]
Finished job 150.
177 of 390 steps (45%) done
[Wed May  6 16:31:11 2026]
Finished job 374.
178 of 390 steps (46%) done
[Wed May  6 16:31:13 2026]
Finished job 178.
179 of 390 steps (46%) done
[Wed May  6 16:31:15 2026]
Finished job 234.
180 of 390 steps (46%) done
[Wed May  6 16:31:17 2026]
Finished job 290.
181 of 390 steps (46%) done
[Wed May  6 16:31:20 2026]
Finished job 122.
182 of 390 steps (47%) done
[Wed May  6 16:31:22 2026]
Finished job 346.
183 of 390 steps (47%) done
[Wed May  6 16:31:24 2026]
Finished job 207.
184 of 390 steps (47%) done
[Wed May  6 16:31:26 2026]
Finished job 263.
185 of 390 steps (47%) done
[Wed May  6 16:31:28 2026]
Finished job 280.
186 of 390 steps (48%) done
[Wed May  6 16:31:30 2026]
Finished job 336.
187 of 390 steps (48%) done
[Wed May  6 16:31:33 2026]
Finished job 254.
188 of 390 steps (48%) done
[Wed May  6 16:31:35 2026]
Finished job 226.
189 of 390 steps (48%) done
[Wed May  6 16:31:37 2026]
Finished job 282.
190 of 390 steps (49%) done
[Wed May  6 16:31:39 2026]
Finished job 136.
191 of 390 steps (49%) done
[Wed May  6 16:31:41 2026]
Finished job 360.
192 of 390 steps (49%) done
[Wed May  6 16:31:43 2026]
Finished job 164.
193 of 390 steps (49%) done
[Wed May  6 16:31:46 2026]
Finished job 220.
194 of 390 steps (50%) done
[Wed May  6 16:31:48 2026]
Finished job 138.
195 of 390 steps (50%) done
[Wed May  6 16:31:50 2026]
Finished job 218.
196 of 390 steps (50%) done
[Wed May  6 16:31:52 2026]
Finished job 274.
197 of 390 steps (51%) done
[Wed May  6 16:31:54 2026]
Finished job 330.
198 of 390 steps (51%) done
[Wed May  6 16:31:56 2026]
Finished job 386.
199 of 390 steps (51%) done
[Wed May  6 16:31:59 2026]
Finished job 191.
200 of 390 steps (51%) done
[Wed May  6 16:32:01 2026]
Finished job 247.
201 of 390 steps (52%) done
[Wed May  6 16:32:03 2026]
Finished job 303.
202 of 390 steps (52%) done
[Wed May  6 16:32:05 2026]
Finished job 135.
203 of 390 steps (52%) done
[Wed May  6 16:32:07 2026]
Finished job 359.
204 of 390 steps (52%) done
[Wed May  6 16:32:09 2026]
Finished job 219.
205 of 390 steps (53%) done
[Wed May  6 16:32:12 2026]
Finished job 275.
206 of 390 steps (53%) done
[Wed May  6 16:32:14 2026]
Finished job 163.
207 of 390 steps (53%) done
[Wed May  6 16:32:16 2026]
Finished job 331.
208 of 390 steps (53%) done
[Wed May  6 16:32:18 2026]
Finished job 387.
209 of 390 steps (54%) done
[Wed May  6 16:32:20 2026]
Finished job 217.
210 of 390 steps (54%) done
[Wed May  6 16:32:22 2026]
Finished job 329.
211 of 390 steps (54%) done
[Wed May  6 16:32:25 2026]
Finished job 161.
212 of 390 steps (54%) done
[Wed May  6 16:32:27 2026]
Finished job 273.
213 of 390 steps (55%) done
[Wed May  6 16:32:29 2026]
Finished job 385.
214 of 390 steps (55%) done
[Wed May  6 16:32:31 2026]
Finished job 190.
215 of 390 steps (55%) done
[Wed May  6 16:32:33 2026]
Finished job 246.
216 of 390 steps (55%) done
[Wed May  6 16:32:35 2026]
Finished job 302.
217 of 390 steps (56%) done
[Wed May  6 16:32:38 2026]
Finished job 357.
218 of 390 steps (56%) done
[Wed May  6 16:32:40 2026]
Finished job 134.
219 of 390 steps (56%) done
[Wed May  6 16:32:42 2026]
Finished job 358.
220 of 390 steps (56%) done
[Wed May  6 16:32:44 2026]
Finished job 162.
221 of 390 steps (57%) done
[Wed May  6 16:32:46 2026]
Finished job 192.
222 of 390 steps (57%) done
[Wed May  6 16:32:48 2026]
Finished job 248.
223 of 390 steps (57%) done
[Wed May  6 16:32:51 2026]
Finished job 304.
224 of 390 steps (57%) done
[Wed May  6 16:32:53 2026]
Finished job 319.
225 of 390 steps (58%) done
[Wed May  6 16:32:55 2026]
Finished job 151.
226 of 390 steps (58%) done
[Wed May  6 16:32:57 2026]
Finished job 375.
227 of 390 steps (58%) done
[Wed May  6 16:33:09 2026]
Finished job 179.
228 of 390 steps (58%) done
[Wed May  6 16:33:11 2026]
Finished job 235.
229 of 390 steps (59%) done
[Wed May  6 16:33:14 2026]
Finished job 291.
230 of 390 steps (59%) done
[Wed May  6 16:33:16 2026]
Finished job 129.
231 of 390 steps (59%) done
[Wed May  6 16:33:18 2026]
Finished job 347.
232 of 390 steps (59%) done
[Wed May  6 16:33:20 2026]
Finished job 132.
233 of 390 steps (60%) done
[Wed May  6 16:33:22 2026]
Finished job 208.
234 of 390 steps (60%) done
[Wed May  6 16:33:24 2026]
Finished job 264.
235 of 390 steps (60%) done
[Wed May  6 16:33:27 2026]
Finished job 320.
236 of 390 steps (61%) done
[Wed May  6 16:33:29 2026]
Finished job 152.
237 of 390 steps (61%) done
[Wed May  6 16:33:31 2026]
Finished job 376.
238 of 390 steps (61%) done
[Wed May  6 16:33:33 2026]
Finished job 180.
239 of 390 steps (61%) done
[Wed May  6 16:33:35 2026]
Finished job 236.
240 of 390 steps (62%) done
[Wed May  6 16:33:37 2026]
Finished job 292.
241 of 390 steps (62%) done
[Wed May  6 16:33:40 2026]
Finished job 348.
242 of 390 steps (62%) done
[Wed May  6 16:33:42 2026]
Finished job 209.
243 of 390 steps (62%) done
[Wed May  6 16:33:44 2026]
Finished job 265.
244 of 390 steps (63%) done
[Wed May  6 16:33:46 2026]
Finished job 321.
245 of 390 steps (63%) done
[Wed May  6 16:33:48 2026]
Finished job 153.
246 of 390 steps (63%) done
[Wed May  6 16:33:50 2026]
Finished job 377.
247 of 390 steps (63%) done
[Wed May  6 16:33:53 2026]
Finished job 293.
248 of 390 steps (64%) done
[Wed May  6 16:33:55 2026]
Finished job 237.
249 of 390 steps (64%) done
[Wed May  6 16:33:57 2026]
Finished job 181.
250 of 390 steps (64%) done
[Wed May  6 16:33:59 2026]
Finished job 300.
251 of 390 steps (64%) done
[Wed May  6 16:34:01 2026]
Finished job 123.
252 of 390 steps (65%) done
[Wed May  6 16:34:03 2026]
Finished job 349.
253 of 390 steps (65%) done
[Wed May  6 16:34:06 2026]
Finished job 210.
254 of 390 steps (65%) done
[Wed May  6 16:34:08 2026]
Finished job 266.
255 of 390 steps (65%) done
[Wed May  6 16:34:10 2026]
Finished job 322.
256 of 390 steps (66%) done
[Wed May  6 16:34:12 2026]
Finished job 154.
257 of 390 steps (66%) done
[Wed May  6 16:34:14 2026]
Finished job 378.
258 of 390 steps (66%) done
[Wed May  6 16:34:17 2026]
Finished job 182.
259 of 390 steps (66%) done
[Wed May  6 16:34:19 2026]
Finished job 238.
260 of 390 steps (67%) done
[Wed May  6 16:34:21 2026]
Finished job 294.
261 of 390 steps (67%) done
[Wed May  6 16:34:23 2026]
Finished job 128.
262 of 390 steps (67%) done
[Wed May  6 16:34:25 2026]
Finished job 350.
263 of 390 steps (67%) done
[Wed May  6 16:34:27 2026]
Finished job 211.
264 of 390 steps (68%) done
[Wed May  6 16:34:30 2026]
Finished job 267.
265 of 390 steps (68%) done
[Wed May  6 16:34:32 2026]
Finished job 323.
266 of 390 steps (68%) done
[Wed May  6 16:34:36 2026]
Finished job 379.
267 of 390 steps (68%) done
[Wed May  6 16:34:43 2026]
Finished job 183.
268 of 390 steps (69%) done
[Wed May  6 16:34:45 2026]
Finished job 239.
269 of 390 steps (69%) done
[Wed May  6 16:34:47 2026]
Finished job 295.
270 of 390 steps (69%) done
[Wed May  6 16:34:49 2026]
Finished job 124.
271 of 390 steps (69%) done
[Wed May  6 16:34:52 2026]
Finished job 351.
272 of 390 steps (70%) done
[Wed May  6 16:34:54 2026]
Finished job 212.
273 of 390 steps (70%) done
[Wed May  6 16:34:56 2026]
Finished job 268.
274 of 390 steps (70%) done
[Wed May  6 16:34:58 2026]
Finished job 324.
275 of 390 steps (71%) done
[Wed May  6 16:35:00 2026]
Finished job 156.
276 of 390 steps (71%) done
[Wed May  6 16:35:02 2026]
Finished job 380.
277 of 390 steps (71%) done
[Wed May  6 16:35:05 2026]
Finished job 296.
278 of 390 steps (71%) done
[Wed May  6 16:35:07 2026]
Finished job 184.
279 of 390 steps (72%) done
[Wed May  6 16:35:09 2026]
Finished job 240.
280 of 390 steps (72%) done
[Wed May  6 16:35:11 2026]
Finished job 131.
281 of 390 steps (72%) done
[Wed May  6 16:35:13 2026]
Finished job 352.
282 of 390 steps (72%) done
[Wed May  6 16:35:15 2026]
Finished job 213.
283 of 390 steps (73%) done
[Wed May  6 16:35:18 2026]
Finished job 269.
284 of 390 steps (73%) done
[Wed May  6 16:35:20 2026]
Finished job 325.
285 of 390 steps (73%) done
[Wed May  6 16:35:22 2026]
Finished job 157.
286 of 390 steps (73%) done
[Wed May  6 16:35:24 2026]
Finished job 381.
287 of 390 steps (74%) done
[Wed May  6 16:35:26 2026]
Finished job 241.
288 of 390 steps (74%) done
[Wed May  6 16:35:28 2026]
Finished job 185.
289 of 390 steps (74%) done
[Wed May  6 16:35:31 2026]
Finished job 297.
290 of 390 steps (74%) done
[Wed May  6 16:35:33 2026]
Finished job 125.
291 of 390 steps (75%) done
[Wed May  6 16:35:35 2026]
Finished job 353.
292 of 390 steps (75%) done
[Wed May  6 16:35:37 2026]
Finished job 214.
293 of 390 steps (75%) done
[Wed May  6 16:35:39 2026]
Finished job 270.
294 of 390 steps (75%) done
[Wed May  6 16:35:41 2026]
Finished job 326.
295 of 390 steps (76%) done
[Wed May  6 16:35:44 2026]
Finished job 158.
296 of 390 steps (76%) done
[Wed May  6 16:35:46 2026]
Finished job 382.
297 of 390 steps (76%) done
[Wed May  6 16:35:48 2026]
Finished job 186.
298 of 390 steps (76%) done
[Wed May  6 16:35:50 2026]
Finished job 242.
299 of 390 steps (77%) done
[Wed May  6 16:35:52 2026]
Finished job 298.
300 of 390 steps (77%) done
[Wed May  6 16:35:54 2026]
Finished job 126.
301 of 390 steps (77%) done
[Wed May  6 16:35:57 2026]
Finished job 354.
302 of 390 steps (77%) done
[Wed May  6 16:35:59 2026]
Finished job 215.
303 of 390 steps (78%) done
[Wed May  6 16:36:01 2026]
Finished job 271.
304 of 390 steps (78%) done
[Wed May  6 16:36:03 2026]
Finished job 327.
305 of 390 steps (78%) done
[Wed May  6 16:36:05 2026]
Finished job 159.
306 of 390 steps (78%) done
[Wed May  6 16:36:07 2026]
Finished job 383.
307 of 390 steps (79%) done
[Wed May  6 16:36:10 2026]
Finished job 187.
308 of 390 steps (79%) done
[Wed May  6 16:36:12 2026]
Finished job 243.
309 of 390 steps (79%) done
[Wed May  6 16:36:14 2026]
Finished job 299.
310 of 390 steps (79%) done
[Wed May  6 16:36:16 2026]
Finished job 127.
311 of 390 steps (80%) done
[Wed May  6 16:36:18 2026]
Finished job 355.
312 of 390 steps (80%) done
[Wed May  6 16:36:20 2026]
Finished job 244.
313 of 390 steps (80%) done
[Wed May  6 16:36:33 2026]
Finished job 155.
314 of 390 steps (81%) done
Select jobs to execute...

[Wed May  6 16:36:33 2026]
rule fixErrors:
    input: 0-correction/hifi.seqStore, 0-correction/hifi.ovlStore, 0-correction/find-errors-jobs/0001.red, 0-correction/find-errors-jobs/0002.red, 0-correction/find-errors-jobs/0003.red, 0-correction/find-errors-jobs/0004.red, 0-correction/find-errors-jobs/0005.red, 0-correction/find-errors-jobs/0006.red, 0-correction/find-errors-jobs/0007.red, 0-correction/find-errors-jobs/0008.red, 0-correction/find-errors-jobs/0009.red, 0-correction/find-errors-jobs/0010.red, 0-correction/find-errors-jobs/0011.red, 0-correction/find-errors-jobs/0012.red, 0-correction/find-errors-jobs/0013.red, 0-correction/find-errors-jobs/0014.red, 0-correction/find-errors-jobs/0015.red, 0-correction/find-errors-jobs/0016.red, 0-correction/find-errors-jobs/0017.red, 0-correction/find-errors-jobs/0018.red, 0-correction/find-errors-jobs/0019.red, 0-correction/find-errors-jobs/0020.red, 0-correction/find-errors-jobs/0021.red, 0-correction/find-errors-jobs/0022.red, 0-correction/find-errors-jobs/0023.red, 0-correction/find-errors-jobs/0024.red, 0-correction/find-errors-jobs/0025.red, 0-correction/find-errors-jobs/0026.red, 0-correction/find-errors-jobs/0027.red, 0-correction/find-errors-jobs/0028.red, 0-correction/find-errors-jobs/0029.red, 0-correction/find-errors-jobs/0030.red, 0-correction/find-errors-jobs/0031.red, 0-correction/find-errors-jobs/0032.red, 0-correction/find-errors-jobs/0033.red, 0-correction/find-errors-jobs/0034.red, 0-correction/find-errors-jobs/0035.red, 0-correction/find-errors-jobs/0036.red, 0-correction/find-errors-jobs/0037.red, 0-correction/find-errors-jobs/0038.red, 0-correction/find-errors-jobs/0039.red, 0-correction/find-errors-jobs/0040.red, 0-correction/find-errors-jobs/0041.red, 0-correction/find-errors-jobs/0042.red, 0-correction/find-errors-jobs/0043.red, 0-correction/find-errors-jobs/0044.red, 0-correction/find-errors-jobs/0045.red, 0-correction/find-errors-jobs/0046.red, 0-correction/find-errors-jobs/0047.red, 0-correction/find-errors-jobs/0048.red, 0-correction/find-errors-jobs/0049.red, 0-correction/find-errors-jobs/0050.red, 0-correction/find-errors-jobs/0051.red, 0-correction/find-errors-jobs/0052.red, 0-correction/find-errors-jobs/0053.red, 0-correction/find-errors-jobs/0054.red, 0-correction/find-errors-jobs/0055.red, 0-correction/find-errors-jobs/0056.red, 0-correction/find-errors-jobs/0057.red, 0-correction/find-errors-jobs/0058.red, 0-correction/find-errors-jobs/0059.red, 0-correction/find-errors-jobs/0060.red, 0-correction/find-errors-jobs/0061.red, 0-correction/find-errors-jobs/0062.red, 0-correction/find-errors-jobs/0063.red, 0-correction/find-errors-jobs/0064.red, 0-correction/find-errors-jobs/0065.red, 0-correction/find-errors-jobs/0066.red, 0-correction/find-errors-jobs/0067.red, 0-correction/find-errors-jobs/0068.red, 0-correction/find-errors-jobs/0069.red, 0-correction/find-errors-jobs/0070.red, 0-correction/find-errors-jobs/0071.red, 0-correction/find-errors-jobs/0072.red, 0-correction/find-errors-jobs/0073.red, 0-correction/find-errors-jobs/0074.red, 0-correction/find-errors-jobs/0075.red, 0-correction/find-errors-jobs/0076.red, 0-correction/find-errors-jobs/0077.red, 0-correction/find-errors-jobs/0078.red, 0-correction/find-errors-jobs/0079.red, 0-correction/find-errors-jobs/0080.red, 0-correction/find-errors-jobs/0081.red, 0-correction/find-errors-jobs/0082.red, 0-correction/find-errors-jobs/0083.red, 0-correction/find-errors-jobs/0084.red, 0-correction/find-errors-jobs/0085.red, 0-correction/find-errors-jobs/0086.red, 0-correction/find-errors-jobs/0087.red, 0-correction/find-errors-jobs/0088.red, 0-correction/find-errors-jobs/0089.red, 0-correction/find-errors-jobs/0090.red, 0-correction/find-errors-jobs/0091.red, 0-correction/find-errors-jobs/0092.red, 0-correction/find-errors-jobs/0093.red, 0-correction/find-errors-jobs/0094.red, 0-correction/find-errors-jobs/0095.red, 0-correction/find-errors-jobs/0096.red, 0-correction/find-errors-jobs/0097.red, 0-correction/find-errors-jobs/0098.red, 0-correction/find-errors-jobs/0099.red, 0-correction/find-errors-jobs/0100.red, 0-correction/find-errors-jobs/0101.red, 0-correction/find-errors-jobs/0102.red, 0-correction/find-errors-jobs/0103.red, 0-correction/find-errors-jobs/0104.red, 0-correction/find-errors-jobs/0105.red, 0-correction/find-errors-jobs/0106.red, 0-correction/find-errors-jobs/0107.red, 0-correction/find-errors-jobs/0108.red, 0-correction/find-errors-jobs/0109.red, 0-correction/find-errors-jobs/0110.red, 0-correction/find-errors-jobs/0111.red, 0-correction/find-errors-jobs/0112.red, 0-correction/find-errors-jobs/0113.red, 0-correction/find-errors-jobs/0114.red, 0-correction/find-errors-jobs/0115.red, 0-correction/find-errors-jobs/0116.red, 0-correction/find-errors-jobs/0117.red, 0-correction/find-errors-jobs/0118.red, 0-correction/find-errors-jobs/0119.red, 0-correction/find-errors-jobs/0120.red, 0-correction/find-errors-jobs/0121.red, 0-correction/find-errors-jobs/0122.red, 0-correction/find-errors-jobs/0123.red, 0-correction/find-errors-jobs/0124.red, 0-correction/find-errors-jobs/0125.red, 0-correction/find-errors-jobs/0126.red, 0-correction/find-errors-jobs/0127.red, 0-correction/find-errors-jobs/0128.red, 0-correction/find-errors-jobs/0129.red, 0-correction/find-errors-jobs/0130.red, 0-correction/find-errors-jobs/0131.red, 0-correction/find-errors-jobs/0132.red, 0-correction/find-errors-jobs/0133.red, 0-correction/find-errors-jobs/0134.red, 0-correction/find-errors-jobs/0135.red, 0-correction/find-errors-jobs/0136.red, 0-correction/find-errors-jobs/0137.red, 0-correction/find-errors-jobs/0138.red, 0-correction/find-errors-jobs/0139.red, 0-correction/find-errors-jobs/0140.red, 0-correction/find-errors-jobs/0141.red, 0-correction/find-errors-jobs/0142.red, 0-correction/find-errors-jobs/0143.red, 0-correction/find-errors-jobs/0144.red, 0-correction/find-errors-jobs/0145.red, 0-correction/find-errors-jobs/0146.red, 0-correction/find-errors-jobs/0147.red, 0-correction/find-errors-jobs/0148.red, 0-correction/find-errors-jobs/0149.red, 0-correction/find-errors-jobs/0150.red, 0-correction/find-errors-jobs/0151.red, 0-correction/find-errors-jobs/0152.red, 0-correction/find-errors-jobs/0153.red, 0-correction/find-errors-jobs/0154.red, 0-correction/find-errors-jobs/0155.red, 0-correction/find-errors-jobs/0156.red, 0-correction/find-errors-jobs/0157.red, 0-correction/find-errors-jobs/0158.red, 0-correction/find-errors-jobs/0159.red, 0-correction/find-errors-jobs/0160.red, 0-correction/find-errors-jobs/0161.red, 0-correction/find-errors-jobs/0162.red, 0-correction/find-errors-jobs/0163.red, 0-correction/find-errors-jobs/0164.red, 0-correction/find-errors-jobs/0165.red, 0-correction/find-errors-jobs/0166.red, 0-correction/find-errors-jobs/0167.red, 0-correction/find-errors-jobs/0168.red, 0-correction/find-errors-jobs/0169.red, 0-correction/find-errors-jobs/0170.red, 0-correction/find-errors-jobs/0171.red, 0-correction/find-errors-jobs/0172.red, 0-correction/find-errors-jobs/0173.red, 0-correction/find-errors-jobs/0174.red, 0-correction/find-errors-jobs/0175.red, 0-correction/find-errors-jobs/0176.red, 0-correction/find-errors-jobs/0177.red, 0-correction/find-errors-jobs/0178.red, 0-correction/find-errors-jobs/0179.red, 0-correction/find-errors-jobs/0180.red, 0-correction/find-errors-jobs/0181.red, 0-correction/find-errors-jobs/0182.red, 0-correction/find-errors-jobs/0183.red, 0-correction/find-errors-jobs/0184.red, 0-correction/find-errors-jobs/0185.red, 0-correction/find-errors-jobs/0186.red, 0-correction/find-errors-jobs/0187.red, 0-correction/find-errors-jobs/0188.red, 0-correction/find-errors-jobs/0189.red, 0-correction/find-errors-jobs/0190.red, 0-correction/find-errors-jobs/0191.red, 0-correction/find-errors-jobs/0192.red, 0-correction/find-errors-jobs/0193.red, 0-correction/find-errors-jobs/0194.red, 0-correction/find-errors-jobs/0195.red, 0-correction/find-errors-jobs/0196.red, 0-correction/find-errors-jobs/0197.red, 0-correction/find-errors-jobs/0198.red, 0-correction/find-errors-jobs/0199.red, 0-correction/find-errors-jobs/0200.red, 0-correction/find-errors-jobs/0201.red, 0-correction/find-errors-jobs/0202.red, 0-correction/find-errors-jobs/0203.red, 0-correction/find-errors-jobs/0204.red, 0-correction/find-errors-jobs/0205.red, 0-correction/find-errors-jobs/0206.red, 0-correction/find-errors-jobs/0207.red, 0-correction/find-errors-jobs/0208.red, 0-correction/find-errors-jobs/0209.red, 0-correction/find-errors-jobs/0210.red, 0-correction/find-errors-jobs/0211.red, 0-correction/find-errors-jobs/0212.red, 0-correction/find-errors-jobs/0213.red, 0-correction/find-errors-jobs/0214.red, 0-correction/find-errors-jobs/0215.red, 0-correction/find-errors-jobs/0216.red, 0-correction/find-errors-jobs/0217.red, 0-correction/find-errors-jobs/0218.red, 0-correction/find-errors-jobs/0219.red, 0-correction/find-errors-jobs/0220.red, 0-correction/find-errors-jobs/0221.red, 0-correction/find-errors-jobs/0222.red, 0-correction/find-errors-jobs/0223.red, 0-correction/find-errors-jobs/0224.red, 0-correction/find-errors-jobs/0225.red, 0-correction/find-errors-jobs/0226.red, 0-correction/find-errors-jobs/0227.red, 0-correction/find-errors-jobs/0228.red, 0-correction/find-errors-jobs/0229.red, 0-correction/find-errors-jobs/0230.red, 0-correction/find-errors-jobs/0231.red, 0-correction/find-errors-jobs/0232.red, 0-correction/find-errors-jobs/0233.red, 0-correction/find-errors-jobs/0234.red, 0-correction/find-errors-jobs/0235.red, 0-correction/find-errors-jobs/0236.red, 0-correction/find-errors-jobs/0237.red, 0-correction/find-errors-jobs/0238.red, 0-correction/find-errors-jobs/0239.red, 0-correction/find-errors-jobs/0240.red, 0-correction/find-errors-jobs/0241.red, 0-correction/find-errors-jobs/0242.red, 0-correction/find-errors-jobs/0243.red, 0-correction/find-errors-jobs/0244.red, 0-correction/find-errors-jobs/0245.red, 0-correction/find-errors-jobs/0246.red, 0-correction/find-errors-jobs/0247.red, 0-correction/find-errors-jobs/0248.red, 0-correction/find-errors-jobs/0249.red, 0-correction/find-errors-jobs/0250.red, 0-correction/find-errors-jobs/0251.red, 0-correction/find-errors-jobs/0252.red, 0-correction/find-errors-jobs/0253.red, 0-correction/find-errors-jobs/0254.red, 0-correction/find-errors-jobs/0255.red, 0-correction/find-errors-jobs/0256.red, 0-correction/find-errors-jobs/0257.red, 0-correction/find-errors-jobs/0258.red, 0-correction/find-errors-jobs/0259.red, 0-correction/find-errors-jobs/0260.red, 0-correction/find-errors-jobs/0261.red, 0-correction/find-errors-jobs/0262.red, 0-correction/find-errors-jobs/0263.red, 0-correction/find-errors-jobs/0264.red, 0-correction/find-errors-jobs/0265.red, 0-correction/find-errors-jobs/0266.red, 0-correction/find-errors-jobs/0267.red, 0-correction/find-errors-jobs/0268.red, 0-correction/find-errors-jobs/0269.red, 0-correction/find-errors-jobs/0270.red, 0-correction/find-errors-jobs/0271.red, 0-correction/find-errors-jobs/0272.red, 0-correction/find-errors-jobs/0273.red, 0-correction/find-errors-jobs/0274.red, 0-correction/find-errors-jobs/0275.red, 0-correction/find-errors-jobs/0276.red, 0-correction/configureFindErrors.finished
    output: 0-correction/red.red, 0-correction/hifi-corrected.fasta.gz
    log: 0-correction/fixErrors.err
    jobid: 6
    reason: Missing output files: 0-correction/hifi-corrected.fasta.gz; Input files updated by another job: 0-correction/find-errors-jobs/0251.red, 0-correction/find-errors-jobs/0041.red, 0-correction/find-errors-jobs/0142.red, 0-correction/find-errors-jobs/0102.red, 0-correction/find-errors-jobs/0265.red, 0-correction/find-errors-jobs/0100.red, 0-correction/find-errors-jobs/0193.red, 0-correction/find-errors-jobs/0166.red, 0-correction/find-errors-jobs/0032.red, 0-correction/find-errors-jobs/0023.red, 0-correction/find-errors-jobs/0158.red, 0-correction/find-errors-jobs/0060.red, 0-correction/find-errors-jobs/0020.red, 0-correction/find-errors-jobs/0127.red, 0-correction/find-errors-jobs/0271.red, 0-correction/find-errors-jobs/0104.red, 0-correction/find-errors-jobs/0157.red, 0-correction/find-errors-jobs/0197.red, 0-correction/find-errors-jobs/0122.red, 0-correction/find-errors-jobs/0138.red, 0-correction/find-errors-jobs/0154.red, 0-correction/find-errors-jobs/0124.red, 0-correction/find-errors-jobs/0077.red, 0-correction/find-errors-jobs/0189.red, 0-correction/find-errors-jobs/0061.red, 0-correction/find-errors-jobs/0088.red, 0-correction/find-errors-jobs/0135.red, 0-correction/find-errors-jobs/0204.red, 0-correction/find-errors-jobs/0176.red, 0-correction/find-errors-jobs/0107.red, 0-correction/find-errors-jobs/0145.red, 0-correction/find-errors-jobs/0143.red, 0-correction/find-errors-jobs/0115.red, 0-correction/find-errors-jobs/0047.red, 0-correction/find-errors-jobs/0239.red, 0-correction/find-errors-jobs/0242.red, 0-correction/find-errors-jobs/0064.red, 0-correction/find-errors-jobs/0040.red, 0-correction/find-errors-jobs/0082.red, 0-correction/find-errors-jobs/0079.red, 0-correction/find-errors-jobs/0144.red, 0-correction/find-errors-jobs/0091.red, 0-correction/find-errors-jobs/0196.red, 0-correction/find-errors-jobs/0263.red, 0-correction/find-errors-jobs/0121.red, 0-correction/find-errors-jobs/0219.red, 0-correction/find-errors-jobs/0076.red, 0-correction/find-errors-jobs/0229.red, 0-correction/find-errors-jobs/0195.red, 0-correction/find-errors-jobs/0240.red, 0-correction/find-errors-jobs/0246.red, 0-correction/find-errors-jobs/0185.red, 0-correction/find-errors-jobs/0188.red, 0-correction/find-errors-jobs/0037.red, 0-correction/find-errors-jobs/0067.red, 0-correction/find-errors-jobs/0092.red, 0-correction/find-errors-jobs/0151.red, 0-correction/find-errors-jobs/0016.red, 0-correction/find-errors-jobs/0049.red, 0-correction/find-errors-jobs/0052.red, 0-correction/find-errors-jobs/0012.red, 0-correction/find-errors-jobs/0081.red, 0-correction/find-errors-jobs/0093.red, 0-correction/find-errors-jobs/0220.red, 0-correction/find-errors-jobs/0216.red, 0-correction/find-errors-jobs/0250.red, 0-correction/find-errors-jobs/0134.red, 0-correction/find-errors-jobs/0063.red, 0-correction/find-errors-jobs/0003.red, 0-correction/find-errors-jobs/0070.red, 0-correction/find-errors-jobs/0161.red, 0-correction/find-errors-jobs/0130.red, 0-correction/find-errors-jobs/0190.red, 0-correction/find-errors-jobs/0075.red, 0-correction/find-errors-jobs/0086.red, 0-correction/find-errors-jobs/0010.red, 0-correction/find-errors-jobs/0270.red, 0-correction/find-errors-jobs/0095.red, 0-correction/find-errors-jobs/0165.red, 0-correction/find-errors-jobs/0175.red, 0-correction/find-errors-jobs/0090.red, 0-correction/find-errors-jobs/0120.red, 0-correction/find-errors-jobs/0152.red, 0-correction/find-errors-jobs/0180.red, 0-correction/find-errors-jobs/0218.red, 0-correction/find-errors-jobs/0021.red, 0-correction/find-errors-jobs/0111.red, 0-correction/find-errors-jobs/0123.red, 0-correction/find-errors-jobs/0103.red, 0-correction/find-errors-jobs/0036.red, 0-correction/find-errors-jobs/0252.red, 0-correction/find-errors-jobs/0054.red, 0-correction/find-errors-jobs/0014.red, 0-correction/find-errors-jobs/0046.red, 0-correction/find-errors-jobs/0028.red, 0-correction/find-errors-jobs/0227.red, 0-correction/find-errors-jobs/0258.red, 0-correction/find-errors-jobs/0272.red, 0-correction/find-errors-jobs/0106.red, 0-correction/find-errors-jobs/0212.red, 0-correction/find-errors-jobs/0248.red, 0-correction/find-errors-jobs/0045.red, 0-correction/find-errors-jobs/0136.red, 0-correction/find-errors-jobs/0042.red, 0-correction/find-errors-jobs/0129.red, 0-correction/find-errors-jobs/0068.red, 0-correction/find-errors-jobs/0150.red, 0-correction/find-errors-jobs/0044.red, 0-correction/find-errors-jobs/0055.red, 0-correction/find-errors-jobs/0226.red, 0-correction/find-errors-jobs/0071.red, 0-correction/find-errors-jobs/0005.red, 0-correction/find-errors-jobs/0094.red, 0-correction/find-errors-jobs/0029.red, 0-correction/find-errors-jobs/0213.red, 0-correction/find-errors-jobs/0008.red, 0-correction/find-errors-jobs/0168.red, 0-correction/find-errors-jobs/0217.red, 0-correction/find-errors-jobs/0031.red, 0-correction/find-errors-jobs/0223.red, 0-correction/find-errors-jobs/0146.red, 0-correction/find-errors-jobs/0274.red, 0-correction/find-errors-jobs/0018.red, 0-correction/find-errors-jobs/0149.red, 0-correction/find-errors-jobs/0034.red, 0-correction/find-errors-jobs/0110.red, 0-correction/find-errors-jobs/0235.red, 0-correction/find-errors-jobs/0004.red, 0-correction/find-errors-jobs/0078.red, 0-correction/find-errors-jobs/0133.red, 0-correction/find-errors-jobs/0048.red, 0-correction/find-errors-jobs/0228.red, 0-correction/find-errors-jobs/0266.red, 0-correction/find-errors-jobs/0118.red, 0-correction/find-errors-jobs/0084.red, 0-correction/find-errors-jobs/0199.red, 0-correction/find-errors-jobs/0125.red, 0-correction/find-errors-jobs/0101.red, 0-correction/find-errors-jobs/0198.red, 0-correction/find-errors-jobs/0160.red, 0-correction/find-errors-jobs/0230.red, 0-correction/find-errors-jobs/0148.red, 0-correction/find-errors-jobs/0253.red, 0-correction/find-errors-jobs/0182.red, 0-correction/find-errors-jobs/0097.red, 0-correction/find-errors-jobs/0255.red, 0-correction/find-errors-jobs/0269.red, 0-correction/find-errors-jobs/0191.red, 0-correction/find-errors-jobs/0201.red, 0-correction/find-errors-jobs/0039.red, 0-correction/find-errors-jobs/0187.red, 0-correction/find-errors-jobs/0099.red, 0-correction/find-errors-jobs/0162.red, 0-correction/find-errors-jobs/0164.red, 0-correction/find-errors-jobs/0184.red, 0-correction/find-errors-jobs/0245.red, 0-correction/find-errors-jobs/0015.red, 0-correction/find-errors-jobs/0237.red, 0-correction/find-errors-jobs/0275.red, 0-correction/find-errors-jobs/0194.red, 0-correction/find-errors-jobs/0214.red, 0-correction/find-errors-jobs/0215.red, 0-correction/find-errors-jobs/0231.red, 0-correction/find-errors-jobs/0238.red, 0-correction/find-errors-jobs/0254.red, 0-correction/find-errors-jobs/0273.red, 0-correction/find-errors-jobs/0174.red, 0-correction/find-errors-jobs/0178.red, 0-correction/find-errors-jobs/0244.red, 0-correction/find-errors-jobs/0236.red, 0-correction/find-errors-jobs/0210.red, 0-correction/find-errors-jobs/0241.red, 0-correction/find-errors-jobs/0025.red, 0-correction/find-errors-jobs/0089.red, 0-correction/find-errors-jobs/0222.red, 0-correction/find-errors-jobs/0033.red, 0-correction/find-errors-jobs/0001.red, 0-correction/find-errors-jobs/0066.red, 0-correction/find-errors-jobs/0087.red, 0-correction/find-errors-jobs/0207.red, 0-correction/find-errors-jobs/0117.red, 0-correction/find-errors-jobs/0006.red, 0-correction/find-errors-jobs/0017.red, 0-correction/find-errors-jobs/0173.red, 0-correction/find-errors-jobs/0192.red, 0-correction/find-errors-jobs/0224.red, 0-correction/find-errors-jobs/0051.red, 0-correction/find-errors-jobs/0261.red, 0-correction/find-errors-jobs/0183.red, 0-correction/find-errors-jobs/0128.red, 0-correction/find-errors-jobs/0262.red, 0-correction/find-errors-jobs/0022.red, 0-correction/find-errors-jobs/0035.red, 0-correction/find-errors-jobs/0062.red, 0-correction/find-errors-jobs/0159.red, 0-correction/find-errors-jobs/0202.red, 0-correction/find-errors-jobs/0069.red, 0-correction/find-errors-jobs/0132.red, 0-correction/find-errors-jobs/0080.red, 0-correction/find-errors-jobs/0249.red, 0-correction/find-errors-jobs/0264.red, 0-correction/find-errors-jobs/0026.red, 0-correction/find-errors-jobs/0056.red, 0-correction/find-errors-jobs/0057.red, 0-correction/find-errors-jobs/0172.red, 0-correction/find-errors-jobs/0259.red, 0-correction/find-errors-jobs/0058.red, 0-correction/find-errors-jobs/0177.red, 0-correction/find-errors-jobs/0208.red, 0-correction/find-errors-jobs/0260.red, 0-correction/find-errors-jobs/0030.red, 0-correction/find-errors-jobs/0126.red, 0-correction/find-errors-jobs/0131.red, 0-correction/find-errors-jobs/0167.red, 0-correction/find-errors-jobs/0119.red, 0-correction/find-errors-jobs/0085.red, 0-correction/find-errors-jobs/0147.red, 0-correction/find-errors-jobs/0256.red, 0-correction/find-errors-jobs/0233.red, 0-correction/find-errors-jobs/0155.red, 0-correction/find-errors-jobs/0105.red, 0-correction/find-errors-jobs/0140.red, 0-correction/find-errors-jobs/0170.red, 0-correction/find-errors-jobs/0053.red, 0-correction/find-errors-jobs/0206.red, 0-correction/find-errors-jobs/0098.red, 0-correction/find-errors-jobs/0073.red, 0-correction/find-errors-jobs/0156.red, 0-correction/find-errors-jobs/0203.red, 0-correction/find-errors-jobs/0139.red, 0-correction/find-errors-jobs/0013.red, 0-correction/find-errors-jobs/0059.red, 0-correction/find-errors-jobs/0019.red, 0-correction/find-errors-jobs/0096.red, 0-correction/find-errors-jobs/0179.red, 0-correction/find-errors-jobs/0209.red, 0-correction/find-errors-jobs/0011.red, 0-correction/find-errors-jobs/0171.red, 0-correction/find-errors-jobs/0267.red, 0-correction/find-errors-jobs/0163.red, 0-correction/find-errors-jobs/0007.red, 0-correction/find-errors-jobs/0112.red, 0-correction/find-errors-jobs/0247.red, 0-correction/find-errors-jobs/0276.red, 0-correction/find-errors-jobs/0186.red, 0-correction/find-errors-jobs/0137.red, 0-correction/find-errors-jobs/0113.red, 0-correction/find-errors-jobs/0243.red, 0-correction/find-errors-jobs/0065.red, 0-correction/find-errors-jobs/0108.red, 0-correction/find-errors-jobs/0009.red, 0-correction/find-errors-jobs/0109.red, 0-correction/find-errors-jobs/0050.red, 0-correction/find-errors-jobs/0027.red, 0-correction/find-errors-jobs/0038.red, 0-correction/find-errors-jobs/0116.red, 0-correction/find-errors-jobs/0221.red, 0-correction/find-errors-jobs/0268.red, 0-correction/find-errors-jobs/0074.red, 0-correction/find-errors-jobs/0225.red, 0-correction/find-errors-jobs/0024.red, 0-correction/find-errors-jobs/0257.red, 0-correction/find-errors-jobs/0072.red, 0-correction/find-errors-jobs/0232.red, 0-correction/find-errors-jobs/0205.red, 0-correction/find-errors-jobs/0234.red, 0-correction/find-errors-jobs/0083.red, 0-correction/find-errors-jobs/0181.red, 0-correction/find-errors-jobs/0141.red, 0-correction/find-errors-jobs/0114.red, 0-correction/find-errors-jobs/0169.red, 0-correction/find-errors-jobs/0200.red, 0-correction/find-errors-jobs/0002.red, 0-correction/find-errors-jobs/0211.red, 0-correction/find-errors-jobs/0043.red, 0-correction/find-errors-jobs/0153.red
    resources: mem_mb=1000, mem_mib=954, disk_mb=1000, disk_mib=954, tmpdir=<TBD>, job_id=1, n_cpus=1, mem_gb=16, time_h=4

Submitted job 6 with external jobid '18443659'.
No jobs available for user okendojo and/or filters used
Job 18443659 not known (yet) by slurm; will return 'running' by default.
[Wed May  6 17:00:55 2026]
Finished job 6.
315 of 390 steps (81%) done
Select jobs to execute...

[Wed May  6 17:00:55 2026]
localrule correctHiFi:
    input: 0-correction/hifi-corrected.fasta.gz
    output: hifi-corrected.fasta.gz
    jobid: 5
    reason: Missing output files: hifi-corrected.fasta.gz; Input files updated by another job: 0-correction/hifi-corrected.fasta.gz
    resources: mem_mb=47746, mem_mib=45535, disk_mb=47746, disk_mib=45535, tmpdir=/tmp, n_cpus=1, mem_gb=1, time_h=1

[Wed May  6 17:00:55 2026]
Finished job 5.
316 of 390 steps (81%) done
Select jobs to execute...

[Wed May  6 17:00:55 2026]
rule buildGraph:
    input: hifi-corrected.fasta.gz
    output: 1-buildGraph/hifi-resolved.gfa, 1-buildGraph/hifi_nodecov.csv, 1-buildGraph/paths.gaf
    log: 1-buildGraph/buildGraph.err
    jobid: 4
    reason: Missing output files: 1-buildGraph/hifi-resolved.gfa, 1-buildGraph/paths.gaf, 1-buildGraph/hifi_nodecov.csv; Input files updated by another job: hifi-corrected.fasta.gz
    threads: 4
    resources: mem_mb=47746, mem_mib=45535, disk_mb=47746, disk_mib=45535, tmpdir=<TBD>, job_id=1, n_cpus=4, mem_gb=57, time_h=72

Submitted job 4 with external jobid '18446227'.
No jobs available for user okendojo and/or filters used
Job 18446227 not known (yet) by slurm; will return 'running' by default.
[Wed May  6 20:45:49 2026]
Finished job 4.
317 of 390 steps (81%) done
Select jobs to execute...

[Wed May  6 20:45:49 2026]
rule processGraph:
    input: 1-buildGraph/hifi-resolved.gfa, 1-buildGraph/paths.gaf, 1-buildGraph/hifi_nodecov.csv
    output: 2-processGraph/unitig-unrolled-hifi-resolved.gfa, 2-processGraph/unitig-mapping-1.txt
    log: 2-processGraph/process.err
    jobid: 3
    reason: Missing output files: 2-processGraph/unitig-unrolled-hifi-resolved.gfa; Input files updated by another job: 1-buildGraph/hifi_nodecov.csv, 1-buildGraph/hifi-resolved.gfa, 1-buildGraph/paths.gaf
    resources: mem_mb=4977, mem_mib=4747, disk_mb=4977, disk_mib=4747, tmpdir=<TBD>, job_id=1, n_cpus=1, mem_gb=64, time_h=24

Submitted job 3 with external jobid '18458965'.
No jobs available for user okendojo and/or filters used
Job 18458965 not known (yet) by slurm; will return 'running' by default.
No jobs available for user okendojo and/or filters used
Job 18458965 not known (yet) by slurm; will return 'running' by default.
[Wed May  6 20:49:20 2026]
Finished job 3.
318 of 390 steps (82%) done
Select jobs to execute...

[Wed May  6 20:49:20 2026]
rule indexGraph:
    input: 2-processGraph/unitig-unrolled-hifi-resolved.gfa
    output: 3-align/graph.index, 3-align/diploid.index
    log: 3-align/index.err
    jobid: 26
    reason: Missing output files: 3-align/diploid.index, 3-align/graph.index; Input files updated by another job: 2-processGraph/unitig-unrolled-hifi-resolved.gfa
    resources: mem_mb=3902, mem_mib=3722, disk_mb=3902, disk_mib=3722, tmpdir=<TBD>, job_id=1, n_cpus=1, mem_gb=29, time_h=24

Submitted job 26 with external jobid '18459171'.
No jobs available for user okendojo and/or filters used
Job 18459171 not known (yet) by slurm; will return 'running' by default.
[Wed May  6 21:19:56 2026]
Finished job 26.
319 of 390 steps (82%) done
Select jobs to execute...

[Wed May  6 21:19:56 2026]
rule alignONT:
    input: 3-align/split/ont042.fasta.gz, 3-align/graph.index, 3-align/diploid.index, 2-processGraph/unitig-unrolled-hifi-resolved.gfa
    output: 3-align/aligned042.gaf
    log: 3-align/aligned042.err
    jobid: 67
    reason: Missing output files: 3-align/aligned042.gaf; Input files updated by another job: 3-align/diploid.index, 3-align/graph.index, 2-processGraph/unitig-unrolled-hifi-resolved.gfa
    wildcards: nnnn=042
    threads: 24
    resources: mem_mb=11884, mem_mib=11334, disk_mb=11884, disk_mib=11334, tmpdir=<TBD>, job_id=42, n_cpus=24, mem_gb=14, time_h=24

Submitted job 67 with external jobid '18460380'.

[Wed May  6 21:19:59 2026]
rule alignONT:
    input: 3-align/split/ont035.fasta.gz, 3-align/graph.index, 3-align/diploid.index, 2-processGraph/unitig-unrolled-hifi-resolved.gfa
    output: 3-align/aligned035.gaf
    log: 3-align/aligned035.err
    jobid: 60
    reason: Missing output files: 3-align/aligned035.gaf; Input files updated by another job: 3-align/diploid.index, 3-align/graph.index, 2-processGraph/unitig-unrolled-hifi-resolved.gfa
    wildcards: nnnn=035
    threads: 24
    resources: mem_mb=12077, mem_mib=11518, disk_mb=12077, disk_mib=11518, tmpdir=<TBD>, job_id=35, n_cpus=24, mem_gb=14, time_h=24

Submitted job 60 with external jobid '18460384'.

[Wed May  6 21:20:02 2026]
rule alignONT:
    input: 3-align/split/ont028.fasta.gz, 3-align/graph.index, 3-align/diploid.index, 2-processGraph/unitig-unrolled-hifi-resolved.gfa
    output: 3-align/aligned028.gaf
    log: 3-align/aligned028.err
    jobid: 53
    reason: Missing output files: 3-align/aligned028.gaf; Input files updated by another job: 3-align/diploid.index, 3-align/graph.index, 2-processGraph/unitig-unrolled-hifi-resolved.gfa
    wildcards: nnnn=028
    threads: 24
    resources: mem_mb=12407, mem_mib=11833, disk_mb=12407, disk_mib=11833, tmpdir=<TBD>, job_id=28, n_cpus=24, mem_gb=14, time_h=24

Submitted job 53 with external jobid '18460386'.

[Wed May  6 21:20:06 2026]
rule alignONT:
    input: 3-align/split/ont022.fasta.gz, 3-align/graph.index, 3-align/diploid.index, 2-processGraph/unitig-unrolled-hifi-resolved.gfa
    output: 3-align/aligned022.gaf
    log: 3-align/aligned022.err
    jobid: 47
    reason: Missing output files: 3-align/aligned022.gaf; Input files updated by another job: 3-align/diploid.index, 3-align/graph.index, 2-processGraph/unitig-unrolled-hifi-resolved.gfa
    wildcards: nnnn=022
    threads: 24
    resources: mem_mb=12406, mem_mib=11832, disk_mb=12406, disk_mib=11832, tmpdir=<TBD>, job_id=22, n_cpus=24, mem_gb=14, time_h=24

No jobs available for user okendojo and/or filters used
Submitted job 47 with external jobid '18460387'.

[Wed May  6 21:20:09 2026]
rule alignONT:
    input: 3-align/split/ont015.fasta.gz, 3-align/graph.index, 3-align/diploid.index, 2-processGraph/unitig-unrolled-hifi-resolved.gfa
    output: 3-align/aligned015.gaf
    log: 3-align/aligned015.err
    jobid: 40
    reason: Missing output files: 3-align/aligned015.gaf; Input files updated by another job: 3-align/diploid.index, 3-align/graph.index, 2-processGraph/unitig-unrolled-hifi-resolved.gfa
    wildcards: nnnn=015
    threads: 24
    resources: mem_mb=11799, mem_mib=11253, disk_mb=11799, disk_mib=11253, tmpdir=<TBD>, job_id=15, n_cpus=24, mem_gb=14, time_h=24

Job 18460380 not known (yet) by slurm; will return 'running' by default.
No jobs available for user okendojo and/or filters used
Submitted job 40 with external jobid '18460391'.
Job 18460384 not known (yet) by slurm; will return 'running' by default.

[Wed May  6 21:20:14 2026]
rule alignONT:
    input: 3-align/split/ont006.fasta.gz, 3-align/graph.index, 3-align/diploid.index, 2-processGraph/unitig-unrolled-hifi-resolved.gfa
    output: 3-align/aligned006.gaf
    log: 3-align/aligned006.err
    jobid: 31
    reason: Missing output files: 3-align/aligned006.gaf; Input files updated by another job: 3-align/diploid.index, 3-align/graph.index, 2-processGraph/unitig-unrolled-hifi-resolved.gfa
    wildcards: nnnn=006
    threads: 24
    resources: mem_mb=12345, mem_mib=11774, disk_mb=12345, disk_mib=11774, tmpdir=<TBD>, job_id=6, n_cpus=24, mem_gb=14, time_h=24

No jobs available for user okendojo and/or filters used
Submitted job 31 with external jobid '18460392'.

[Wed May  6 21:20:17 2026]
rule alignONT:
    input: 3-align/split/ont011.fasta.gz, 3-align/graph.index, 3-align/diploid.index, 2-processGraph/unitig-unrolled-hifi-resolved.gfa
    output: 3-align/aligned011.gaf
    log: 3-align/aligned011.err
    jobid: 36
    reason: Missing output files: 3-align/aligned011.gaf; Input files updated by another job: 3-align/diploid.index, 3-align/graph.index, 2-processGraph/unitig-unrolled-hifi-resolved.gfa
    wildcards: nnnn=011
    threads: 24
    resources: mem_mb=11711, mem_mib=11169, disk_mb=11711, disk_mib=11169, tmpdir=<TBD>, job_id=11, n_cpus=24, mem_gb=14, time_h=24

Job 18460386 not known (yet) by slurm; will return 'running' by default.
Submitted job 36 with external jobid '18460393'.

[Wed May  6 21:20:21 2026]
rule alignONT:
    input: 3-align/split/ont057.fasta.gz, 3-align/graph.index, 3-align/diploid.index, 2-processGraph/unitig-unrolled-hifi-resolved.gfa
    output: 3-align/aligned057.gaf
    log: 3-align/aligned057.err
    jobid: 82
    reason: Missing output files: 3-align/aligned057.gaf; Input files updated by another job: 3-align/diploid.index, 3-align/graph.index, 2-processGraph/unitig-unrolled-hifi-resolved.gfa
    wildcards: nnnn=057
    threads: 24
    resources: mem_mb=11868, mem_mib=11319, disk_mb=11868, disk_mib=11319, tmpdir=<TBD>, job_id=57, n_cpus=24, mem_gb=14, time_h=24

Submitted job 82 with external jobid '18460395'.

[Wed May  6 21:20:24 2026]
rule alignONT:
    input: 3-align/split/ont050.fasta.gz, 3-align/graph.index, 3-align/diploid.index, 2-processGraph/unitig-unrolled-hifi-resolved.gfa
    output: 3-align/aligned050.gaf
    log: 3-align/aligned050.err
    jobid: 75
    reason: Missing output files: 3-align/aligned050.gaf; Input files updated by another job: 3-align/diploid.index, 3-align/graph.index, 2-processGraph/unitig-unrolled-hifi-resolved.gfa
    wildcards: nnnn=050
    threads: 24
    resources: mem_mb=12165, mem_mib=11602, disk_mb=12165, disk_mib=11602, tmpdir=<TBD>, job_id=50, n_cpus=24, mem_gb=14, time_h=24

Submitted job 75 with external jobid '18460398'.

[Wed May  6 21:20:27 2026]
rule alignONT:
    input: 3-align/split/ont043.fasta.gz, 3-align/graph.index, 3-align/diploid.index, 2-processGraph/unitig-unrolled-hifi-resolved.gfa
    output: 3-align/aligned043.gaf
    log: 3-align/aligned043.err
    jobid: 68
    reason: Missing output files: 3-align/aligned043.gaf; Input files updated by another job: 3-align/diploid.index, 3-align/graph.index, 2-processGraph/unitig-unrolled-hifi-resolved.gfa
    wildcards: nnnn=043
    threads: 24
    resources: mem_mb=11944, mem_mib=11391, disk_mb=11944, disk_mib=11391, tmpdir=<TBD>, job_id=43, n_cpus=24, mem_gb=14, time_h=24

Submitted job 68 with external jobid '18460401'.

[Wed May  6 21:20:30 2026]
rule alignONT:
    input: 3-align/split/ont036.fasta.gz, 3-align/graph.index, 3-align/diploid.index, 2-processGraph/unitig-unrolled-hifi-resolved.gfa
    output: 3-align/aligned036.gaf
    log: 3-align/aligned036.err
    jobid: 61
    reason: Missing output files: 3-align/aligned036.gaf; Input files updated by another job: 3-align/diploid.index, 3-align/graph.index, 2-processGraph/unitig-unrolled-hifi-resolved.gfa
    wildcards: nnnn=036
    threads: 24
    resources: mem_mb=12088, mem_mib=11529, disk_mb=12088, disk_mib=11529, tmpdir=<TBD>, job_id=36, n_cpus=24, mem_gb=14, time_h=24

Submitted job 61 with external jobid '18460405'.

[Wed May  6 21:20:33 2026]
rule alignONT:
    input: 3-align/split/ont029.fasta.gz, 3-align/graph.index, 3-align/diploid.index, 2-processGraph/unitig-unrolled-hifi-resolved.gfa
    output: 3-align/aligned029.gaf
    log: 3-align/aligned029.err
    jobid: 54
    reason: Missing output files: 3-align/aligned029.gaf; Input files updated by another job: 3-align/diploid.index, 3-align/graph.index, 2-processGraph/unitig-unrolled-hifi-resolved.gfa
    wildcards: nnnn=029
    threads: 24
    resources: mem_mb=12409, mem_mib=11835, disk_mb=12409, disk_mib=11835, tmpdir=<TBD>, job_id=29, n_cpus=24, mem_gb=14, time_h=24

Submitted job 54 with external jobid '18460406'.

[Wed May  6 21:20:37 2026]
rule alignONT:
    input: 3-align/split/ont023.fasta.gz, 3-align/graph.index, 3-align/diploid.index, 2-processGraph/unitig-unrolled-hifi-resolved.gfa
    output: 3-align/aligned023.gaf
    log: 3-align/aligned023.err
    jobid: 48
    reason: Missing output files: 3-align/aligned023.gaf; Input files updated by another job: 3-align/diploid.index, 3-align/graph.index, 2-processGraph/unitig-unrolled-hifi-resolved.gfa
    wildcards: nnnn=023
    threads: 24
    resources: mem_mb=12405, mem_mib=11831, disk_mb=12405, disk_mib=11831, tmpdir=<TBD>, job_id=23, n_cpus=24, mem_gb=14, time_h=24

No jobs available for user okendojo and/or filters used
Submitted job 48 with external jobid '18460407'.

[Wed May  6 21:20:40 2026]
rule alignONT:
    input: 3-align/split/ont016.fasta.gz, 3-align/graph.index, 3-align/diploid.index, 2-processGraph/unitig-unrolled-hifi-resolved.gfa
    output: 3-align/aligned016.gaf
    log: 3-align/aligned016.err
    jobid: 41
    reason: Missing output files: 3-align/aligned016.gaf; Input files updated by another job: 3-align/diploid.index, 3-align/graph.index, 2-processGraph/unitig-unrolled-hifi-resolved.gfa
    wildcards: nnnn=016
    threads: 24
    resources: mem_mb=11775, mem_mib=11230, disk_mb=11775, disk_mib=11230, tmpdir=<TBD>, job_id=16, n_cpus=24, mem_gb=14, time_h=24

Job 18460392 not known (yet) by slurm; will return 'running' by default.
Submitted job 41 with external jobid '18460408'.

[Wed May  6 21:20:43 2026]
rule alignONT:
    input: 3-align/split/ont013.fasta.gz, 3-align/graph.index, 3-align/diploid.index, 2-processGraph/unitig-unrolled-hifi-resolved.gfa
    output: 3-align/aligned013.gaf
    log: 3-align/aligned013.err
    jobid: 38
    reason: Missing output files: 3-align/aligned013.gaf; Input files updated by another job: 3-align/diploid.index, 3-align/graph.index, 2-processGraph/unitig-unrolled-hifi-resolved.gfa
    wildcards: nnnn=013
    threads: 24
    resources: mem_mb=11790, mem_mib=11244, disk_mb=11790, disk_mib=11244, tmpdir=<TBD>, job_id=13, n_cpus=24, mem_gb=14, time_h=24

Submitted job 38 with external jobid '18460409'.

[Wed May  6 21:20:46 2026]
rule alignONT:
    input: 3-align/split/ont002.fasta.gz, 3-align/graph.index, 3-align/diploid.index, 2-processGraph/unitig-unrolled-hifi-resolved.gfa
    output: 3-align/aligned002.gaf
    log: 3-align/aligned002.err
    jobid: 27
    reason: Missing output files: 3-align/aligned002.gaf; Input files updated by another job: 3-align/diploid.index, 3-align/graph.index, 2-processGraph/unitig-unrolled-hifi-resolved.gfa
    wildcards: nnnn=002
    threads: 24
    resources: mem_mb=12373, mem_mib=11800, disk_mb=12373, disk_mib=11800, tmpdir=<TBD>, job_id=2, n_cpus=24, mem_gb=14, time_h=24

Submitted job 27 with external jobid '18460410'.

[Wed May  6 21:20:49 2026]
rule alignONT:
    input: 3-align/split/ont058.fasta.gz, 3-align/graph.index, 3-align/diploid.index, 2-processGraph/unitig-unrolled-hifi-resolved.gfa
    output: 3-align/aligned058.gaf
    log: 3-align/aligned058.err
    jobid: 83
    reason: Missing output files: 3-align/aligned058.gaf; Input files updated by another job: 3-align/diploid.index, 3-align/graph.index, 2-processGraph/unitig-unrolled-hifi-resolved.gfa
    wildcards: nnnn=058
    threads: 24
    resources: mem_mb=11862, mem_mib=11313, disk_mb=11862, disk_mib=11313, tmpdir=<TBD>, job_id=58, n_cpus=24, mem_gb=14, time_h=24

Submitted job 83 with external jobid '18460411'.

[Wed May  6 21:20:53 2026]
rule alignONT:
    input: 3-align/split/ont051.fasta.gz, 3-align/graph.index, 3-align/diploid.index, 2-processGraph/unitig-unrolled-hifi-resolved.gfa
    output: 3-align/aligned051.gaf
    log: 3-align/aligned051.err
    jobid: 76
    reason: Missing output files: 3-align/aligned051.gaf; Input files updated by another job: 3-align/diploid.index, 3-align/graph.index, 2-processGraph/unitig-unrolled-hifi-resolved.gfa
    wildcards: nnnn=051
    threads: 24
    resources: mem_mb=12150, mem_mib=11588, disk_mb=12150, disk_mib=11588, tmpdir=<TBD>, job_id=51, n_cpus=24, mem_gb=14, time_h=24

Submitted job 76 with external jobid '18460413'.

[Wed May  6 21:20:56 2026]
rule alignONT:
    input: 3-align/split/ont056.fasta.gz, 3-align/graph.index, 3-align/diploid.index, 2-processGraph/unitig-unrolled-hifi-resolved.gfa
    output: 3-align/aligned056.gaf
    log: 3-align/aligned056.err
    jobid: 81
    reason: Missing output files: 3-align/aligned056.gaf; Input files updated by another job: 3-align/diploid.index, 3-align/graph.index, 2-processGraph/unitig-unrolled-hifi-resolved.gfa
    wildcards: nnnn=056
    threads: 24
    resources: mem_mb=11860, mem_mib=11311, disk_mb=11860, disk_mib=11311, tmpdir=<TBD>, job_id=56, n_cpus=24, mem_gb=14, time_h=24

Submitted job 81 with external jobid '18460414'.

[Wed May  6 21:20:59 2026]
rule alignONT:
    input: 3-align/split/ont044.fasta.gz, 3-align/graph.index, 3-align/diploid.index, 2-processGraph/unitig-unrolled-hifi-resolved.gfa
    output: 3-align/aligned044.gaf
    log: 3-align/aligned044.err
    jobid: 69
    reason: Missing output files: 3-align/aligned044.gaf; Input files updated by another job: 3-align/diploid.index, 3-align/graph.index, 2-processGraph/unitig-unrolled-hifi-resolved.gfa
    wildcards: nnnn=044
    threads: 24
    resources: mem_mb=11856, mem_mib=11307, disk_mb=11856, disk_mib=11307, tmpdir=<TBD>, job_id=44, n_cpus=24, mem_gb=14, time_h=24

Submitted job 69 with external jobid '18460417'.

[Wed May  6 21:21:03 2026]
rule alignONT:
    input: 3-align/split/ont037.fasta.gz, 3-align/graph.index, 3-align/diploid.index, 2-processGraph/unitig-unrolled-hifi-resolved.gfa
    output: 3-align/aligned037.gaf
    log: 3-align/aligned037.err
    jobid: 62
    reason: Missing output files: 3-align/aligned037.gaf; Input files updated by another job: 3-align/diploid.index, 3-align/graph.index, 2-processGraph/unitig-unrolled-hifi-resolved.gfa
    wildcards: nnnn=037
    threads: 24
    resources: mem_mb=12052, mem_mib=11494, disk_mb=12052, disk_mib=11494, tmpdir=<TBD>, job_id=37, n_cpus=24, mem_gb=14, time_h=24

Submitted job 62 with external jobid '18460422'.

[Wed May  6 21:21:06 2026]
rule alignONT:
    input: 3-align/split/ont030.fasta.gz, 3-align/graph.index, 3-align/diploid.index, 2-processGraph/unitig-unrolled-hifi-resolved.gfa
    output: 3-align/aligned030.gaf
    log: 3-align/aligned030.err
    jobid: 55
    reason: Missing output files: 3-align/aligned030.gaf; Input files updated by another job: 3-align/diploid.index, 3-align/graph.index, 2-processGraph/unitig-unrolled-hifi-resolved.gfa
    wildcards: nnnn=030
    threads: 24
    resources: mem_mb=12406, mem_mib=11832, disk_mb=12406, disk_mib=11832, tmpdir=<TBD>, job_id=30, n_cpus=24, mem_gb=14, time_h=24

Submitted job 55 with external jobid '18460424'.

[Wed May  6 21:21:10 2026]
rule alignONT:
    input: 3-align/split/ont024.fasta.gz, 3-align/graph.index, 3-align/diploid.index, 2-processGraph/unitig-unrolled-hifi-resolved.gfa
    output: 3-align/aligned024.gaf
    log: 3-align/aligned024.err
    jobid: 49
    reason: Missing output files: 3-align/aligned024.gaf; Input files updated by another job: 3-align/diploid.index, 3-align/graph.index, 2-processGraph/unitig-unrolled-hifi-resolved.gfa
    wildcards: nnnn=024
    threads: 24
    resources: mem_mb=12408, mem_mib=11834, disk_mb=12408, disk_mib=11834, tmpdir=<TBD>, job_id=24, n_cpus=24, mem_gb=14, time_h=24

Submitted job 49 with external jobid '18460428'.

[Wed May  6 21:21:15 2026]
rule alignONT:
    input: 3-align/split/ont017.fasta.gz, 3-align/graph.index, 3-align/diploid.index, 2-processGraph/unitig-unrolled-hifi-resolved.gfa
    output: 3-align/aligned017.gaf
    log: 3-align/aligned017.err
    jobid: 42
    reason: Missing output files: 3-align/aligned017.gaf; Input files updated by another job: 3-align/diploid.index, 3-align/graph.index, 2-processGraph/unitig-unrolled-hifi-resolved.gfa
    wildcards: nnnn=017
    threads: 24
    resources: mem_mb=12163, mem_mib=11600, disk_mb=12163, disk_mib=11600, tmpdir=<TBD>, job_id=17, n_cpus=24, mem_gb=14, time_h=24

Submitted job 42 with external jobid '18460431'.

[Wed May  6 21:21:18 2026]
rule alignONT:
    input: 3-align/split/ont009.fasta.gz, 3-align/graph.index, 3-align/diploid.index, 2-processGraph/unitig-unrolled-hifi-resolved.gfa
    output: 3-align/aligned009.gaf
    log: 3-align/aligned009.err
    jobid: 34
    reason: Missing output files: 3-align/aligned009.gaf; Input files updated by another job: 3-align/diploid.index, 3-align/graph.index, 2-processGraph/unitig-unrolled-hifi-resolved.gfa
    wildcards: nnnn=009
    threads: 24
    resources: mem_mb=11462, mem_mib=10932, disk_mb=11462, disk_mib=10932, tmpdir=<TBD>, job_id=9, n_cpus=24, mem_gb=14, time_h=24

Submitted job 34 with external jobid '18460433'.

[Wed May  6 21:21:21 2026]
rule alignONT:
    input: 3-align/split/ont059.fasta.gz, 3-align/graph.index, 3-align/diploid.index, 2-processGraph/unitig-unrolled-hifi-resolved.gfa
    output: 3-align/aligned059.gaf
    log: 3-align/aligned059.err
    jobid: 84
    reason: Missing output files: 3-align/aligned059.gaf; Input files updated by another job: 3-align/diploid.index, 3-align/graph.index, 2-processGraph/unitig-unrolled-hifi-resolved.gfa
    wildcards: nnnn=059
    threads: 24
    resources: mem_mb=11007, mem_mib=10498, disk_mb=11007, disk_mib=10498, tmpdir=<TBD>, job_id=59, n_cpus=24, mem_gb=14, time_h=24

Submitted job 84 with external jobid '18460434'.

[Wed May  6 21:21:24 2026]
rule alignONT:
    input: 3-align/split/ont052.fasta.gz, 3-align/graph.index, 3-align/diploid.index, 2-processGraph/unitig-unrolled-hifi-resolved.gfa
    output: 3-align/aligned052.gaf
    log: 3-align/aligned052.err
    jobid: 77
    reason: Missing output files: 3-align/aligned052.gaf; Input files updated by another job: 3-align/diploid.index, 3-align/graph.index, 2-processGraph/unitig-unrolled-hifi-resolved.gfa
    wildcards: nnnn=052
    threads: 24
    resources: mem_mb=12154, mem_mib=11591, disk_mb=12154, disk_mib=11591, tmpdir=<TBD>, job_id=52, n_cpus=24, mem_gb=14, time_h=24

Submitted job 77 with external jobid '18460435'.

[Wed May  6 21:21:27 2026]
rule alignONT:
    input: 3-align/split/ont045.fasta.gz, 3-align/graph.index, 3-align/diploid.index, 2-processGraph/unitig-unrolled-hifi-resolved.gfa
    output: 3-align/aligned045.gaf
    log: 3-align/aligned045.err
    jobid: 70
    reason: Missing output files: 3-align/aligned045.gaf; Input files updated by another job: 3-align/diploid.index, 3-align/graph.index, 2-processGraph/unitig-unrolled-hifi-resolved.gfa
    wildcards: nnnn=045
    threads: 24
    resources: mem_mb=11902, mem_mib=11351, disk_mb=11902, disk_mib=11351, tmpdir=<TBD>, job_id=45, n_cpus=24, mem_gb=14, time_h=24

Submitted job 70 with external jobid '18460436'.

[Wed May  6 21:21:31 2026]
rule alignONT:
    input: 3-align/split/ont038.fasta.gz, 3-align/graph.index, 3-align/diploid.index, 2-processGraph/unitig-unrolled-hifi-resolved.gfa
    output: 3-align/aligned038.gaf
    log: 3-align/aligned038.err
    jobid: 63
    reason: Missing output files: 3-align/aligned038.gaf; Input files updated by another job: 3-align/diploid.index, 3-align/graph.index, 2-processGraph/unitig-unrolled-hifi-resolved.gfa
    wildcards: nnnn=038
    threads: 24
    resources: mem_mb=11812, mem_mib=11265, disk_mb=11812, disk_mib=11265, tmpdir=<TBD>, job_id=38, n_cpus=24, mem_gb=14, time_h=24

Submitted job 63 with external jobid '18460439'.

[Wed May  6 21:21:34 2026]
rule alignONT:
    input: 3-align/split/ont031.fasta.gz, 3-align/graph.index, 3-align/diploid.index, 2-processGraph/unitig-unrolled-hifi-resolved.gfa
    output: 3-align/aligned031.gaf
    log: 3-align/aligned031.err
    jobid: 56
    reason: Missing output files: 3-align/aligned031.gaf; Input files updated by another job: 3-align/diploid.index, 3-align/graph.index, 2-processGraph/unitig-unrolled-hifi-resolved.gfa
    wildcards: nnnn=031
    threads: 24
    resources: mem_mb=12405, mem_mib=11831, disk_mb=12405, disk_mib=11831, tmpdir=<TBD>, job_id=31, n_cpus=24, mem_gb=14, time_h=24

Submitted job 56 with external jobid '18460442'.

[Wed May  6 21:21:37 2026]
rule alignONT:
    input: 3-align/split/ont025.fasta.gz, 3-align/graph.index, 3-align/diploid.index, 2-processGraph/unitig-unrolled-hifi-resolved.gfa
    output: 3-align/aligned025.gaf
    log: 3-align/aligned025.err
    jobid: 50
    reason: Missing output files: 3-align/aligned025.gaf; Input files updated by another job: 3-align/diploid.index, 3-align/graph.index, 2-processGraph/unitig-unrolled-hifi-resolved.gfa
    wildcards: nnnn=025
    threads: 24
    resources: mem_mb=12407, mem_mib=11833, disk_mb=12407, disk_mib=11833, tmpdir=<TBD>, job_id=25, n_cpus=24, mem_gb=14, time_h=24

Submitted job 50 with external jobid '18460447'.

[Wed May  6 21:21:40 2026]
rule alignONT:
    input: 3-align/split/ont018.fasta.gz, 3-align/graph.index, 3-align/diploid.index, 2-processGraph/unitig-unrolled-hifi-resolved.gfa
    output: 3-align/aligned018.gaf
    log: 3-align/aligned018.err
    jobid: 43
    reason: Missing output files: 3-align/aligned018.gaf; Input files updated by another job: 3-align/diploid.index, 3-align/graph.index, 2-processGraph/unitig-unrolled-hifi-resolved.gfa
    wildcards: nnnn=018
    threads: 24
    resources: mem_mb=12215, mem_mib=11650, disk_mb=12215, disk_mib=11650, tmpdir=<TBD>, job_id=18, n_cpus=24, mem_gb=14, time_h=24

Submitted job 43 with external jobid '18460448'.

[Wed May  6 21:21:43 2026]
rule alignONT:
    input: 3-align/split/ont007.fasta.gz, 3-align/graph.index, 3-align/diploid.index, 2-processGraph/unitig-unrolled-hifi-resolved.gfa
    output: 3-align/aligned007.gaf
    log: 3-align/aligned007.err
    jobid: 32
    reason: Missing output files: 3-align/aligned007.gaf; Input files updated by another job: 3-align/diploid.index, 3-align/graph.index, 2-processGraph/unitig-unrolled-hifi-resolved.gfa
    wildcards: nnnn=007
    threads: 24
    resources: mem_mb=11810, mem_mib=11263, disk_mb=11810, disk_mib=11263, tmpdir=<TBD>, job_id=7, n_cpus=24, mem_gb=14, time_h=24

Submitted job 32 with external jobid '18460449'.

[Wed May  6 21:21:47 2026]
rule alignONT:
    input: 3-align/split/ont012.fasta.gz, 3-align/graph.index, 3-align/diploid.index, 2-processGraph/unitig-unrolled-hifi-resolved.gfa
    output: 3-align/aligned012.gaf
    log: 3-align/aligned012.err
    jobid: 37
    reason: Missing output files: 3-align/aligned012.gaf; Input files updated by another job: 3-align/diploid.index, 3-align/graph.index, 2-processGraph/unitig-unrolled-hifi-resolved.gfa
    wildcards: nnnn=012
    threads: 24
    resources: mem_mb=11770, mem_mib=11225, disk_mb=11770, disk_mib=11225, tmpdir=<TBD>, job_id=12, n_cpus=24, mem_gb=14, time_h=24

Submitted job 37 with external jobid '18460450'.

[Wed May  6 21:21:50 2026]
rule alignONT:
    input: 3-align/split/ont053.fasta.gz, 3-align/graph.index, 3-align/diploid.index, 2-processGraph/unitig-unrolled-hifi-resolved.gfa
    output: 3-align/aligned053.gaf
    log: 3-align/aligned053.err
    jobid: 78
    reason: Missing output files: 3-align/aligned053.gaf; Input files updated by another job: 3-align/diploid.index, 3-align/graph.index, 2-processGraph/unitig-unrolled-hifi-resolved.gfa
    wildcards: nnnn=053
    threads: 24
    resources: mem_mb=12133, mem_mib=11571, disk_mb=12133, disk_mib=11571, tmpdir=<TBD>, job_id=53, n_cpus=24, mem_gb=14, time_h=24

Submitted job 78 with external jobid '18460451'.

[Wed May  6 21:21:53 2026]
rule alignONT:
    input: 3-align/split/ont046.fasta.gz, 3-align/graph.index, 3-align/diploid.index, 2-processGraph/unitig-unrolled-hifi-resolved.gfa
    output: 3-align/aligned046.gaf
    log: 3-align/aligned046.err
    jobid: 71
    reason: Missing output files: 3-align/aligned046.gaf; Input files updated by another job: 3-align/diploid.index, 3-align/graph.index, 2-processGraph/unitig-unrolled-hifi-resolved.gfa
    wildcards: nnnn=046
    threads: 24
    resources: mem_mb=11886, mem_mib=11336, disk_mb=11886, disk_mib=11336, tmpdir=<TBD>, job_id=46, n_cpus=24, mem_gb=14, time_h=24

Submitted job 71 with external jobid '18460455'.

[Wed May  6 21:21:56 2026]
rule alignONT:
    input: 3-align/split/ont039.fasta.gz, 3-align/graph.index, 3-align/diploid.index, 2-processGraph/unitig-unrolled-hifi-resolved.gfa
    output: 3-align/aligned039.gaf
    log: 3-align/aligned039.err
    jobid: 64
    reason: Missing output files: 3-align/aligned039.gaf; Input files updated by another job: 3-align/diploid.index, 3-align/graph.index, 2-processGraph/unitig-unrolled-hifi-resolved.gfa
    wildcards: nnnn=039
    threads: 24
    resources: mem_mb=11881, mem_mib=11331, disk_mb=11881, disk_mib=11331, tmpdir=<TBD>, job_id=39, n_cpus=24, mem_gb=14, time_h=24

Submitted job 64 with external jobid '18460457'.

[Wed May  6 21:22:00 2026]
rule alignONT:
    input: 3-align/split/ont032.fasta.gz, 3-align/graph.index, 3-align/diploid.index, 2-processGraph/unitig-unrolled-hifi-resolved.gfa
    output: 3-align/aligned032.gaf
    log: 3-align/aligned032.err
    jobid: 57
    reason: Missing output files: 3-align/aligned032.gaf; Input files updated by another job: 3-align/diploid.index, 3-align/graph.index, 2-processGraph/unitig-unrolled-hifi-resolved.gfa
    wildcards: nnnn=032
    threads: 24
    resources: mem_mb=12186, mem_mib=11622, disk_mb=12186, disk_mib=11622, tmpdir=<TBD>, job_id=32, n_cpus=24, mem_gb=14, time_h=24

Submitted job 57 with external jobid '18460462'.

[Wed May  6 21:22:03 2026]
rule alignONT:
    input: 3-align/split/ont026.fasta.gz, 3-align/graph.index, 3-align/diploid.index, 2-processGraph/unitig-unrolled-hifi-resolved.gfa
    output: 3-align/aligned026.gaf
    log: 3-align/aligned026.err
    jobid: 51
    reason: Missing output files: 3-align/aligned026.gaf; Input files updated by another job: 3-align/diploid.index, 3-align/graph.index, 2-processGraph/unitig-unrolled-hifi-resolved.gfa
    wildcards: nnnn=026
    threads: 24
    resources: mem_mb=12404, mem_mib=11830, disk_mb=12404, disk_mib=11830, tmpdir=<TBD>, job_id=26, n_cpus=24, mem_gb=14, time_h=24

Submitted job 51 with external jobid '18460467'.

[Wed May  6 21:22:06 2026]
rule alignONT:
    input: 3-align/split/ont019.fasta.gz, 3-align/graph.index, 3-align/diploid.index, 2-processGraph/unitig-unrolled-hifi-resolved.gfa
    output: 3-align/aligned019.gaf
    log: 3-align/aligned019.err
    jobid: 44
    reason: Missing output files: 3-align/aligned019.gaf; Input files updated by another job: 3-align/diploid.index, 3-align/graph.index, 2-processGraph/unitig-unrolled-hifi-resolved.gfa
    wildcards: nnnn=019
    threads: 24
    resources: mem_mb=12222, mem_mib=11656, disk_mb=12222, disk_mib=11656, tmpdir=<TBD>, job_id=19, n_cpus=24, mem_gb=14, time_h=24

Submitted job 44 with external jobid '18460472'.

[Wed May  6 21:22:09 2026]
rule alignONT:
    input: 3-align/split/ont008.fasta.gz, 3-align/graph.index, 3-align/diploid.index, 2-processGraph/unitig-unrolled-hifi-resolved.gfa
    output: 3-align/aligned008.gaf
    log: 3-align/aligned008.err
    jobid: 33
    reason: Missing output files: 3-align/aligned008.gaf; Input files updated by another job: 3-align/diploid.index, 3-align/graph.index, 2-processGraph/unitig-unrolled-hifi-resolved.gfa
    wildcards: nnnn=008
    threads: 24
    resources: mem_mb=11454, mem_mib=10924, disk_mb=11454, disk_mib=10924, tmpdir=<TBD>, job_id=8, n_cpus=24, mem_gb=14, time_h=24

Submitted job 33 with external jobid '18460478'.

[Wed May  6 21:22:12 2026]
rule alignONT:
    input: 3-align/split/ont004.fasta.gz, 3-align/graph.index, 3-align/diploid.index, 2-processGraph/unitig-unrolled-hifi-resolved.gfa
    output: 3-align/aligned004.gaf
    log: 3-align/aligned004.err
    jobid: 29
    reason: Missing output files: 3-align/aligned004.gaf; Input files updated by another job: 3-align/diploid.index, 3-align/graph.index, 2-processGraph/unitig-unrolled-hifi-resolved.gfa
    wildcards: nnnn=004
    threads: 24
    resources: mem_mb=12362, mem_mib=11790, disk_mb=12362, disk_mib=11790, tmpdir=<TBD>, job_id=4, n_cpus=24, mem_gb=14, time_h=24

Submitted job 29 with external jobid '18460479'.

[Wed May  6 21:22:18 2026]
rule alignONT:
    input: 3-align/split/ont054.fasta.gz, 3-align/graph.index, 3-align/diploid.index, 2-processGraph/unitig-unrolled-hifi-resolved.gfa
    output: 3-align/aligned054.gaf
    log: 3-align/aligned054.err
    jobid: 79
    reason: Missing output files: 3-align/aligned054.gaf; Input files updated by another job: 3-align/diploid.index, 3-align/graph.index, 2-processGraph/unitig-unrolled-hifi-resolved.gfa
    wildcards: nnnn=054
    threads: 24
    resources: mem_mb=12017, mem_mib=11461, disk_mb=12017, disk_mib=11461, tmpdir=<TBD>, job_id=54, n_cpus=24, mem_gb=14, time_h=24

Submitted job 79 with external jobid '18460482'.

[Wed May  6 21:22:23 2026]
rule alignONT:
    input: 3-align/split/ont047.fasta.gz, 3-align/graph.index, 3-align/diploid.index, 2-processGraph/unitig-unrolled-hifi-resolved.gfa
    output: 3-align/aligned047.gaf
    log: 3-align/aligned047.err
    jobid: 72
    reason: Missing output files: 3-align/aligned047.gaf; Input files updated by another job: 3-align/diploid.index, 3-align/graph.index, 2-processGraph/unitig-unrolled-hifi-resolved.gfa
    wildcards: nnnn=047
    threads: 24
    resources: mem_mb=11898, mem_mib=11347, disk_mb=11898, disk_mib=11347, tmpdir=<TBD>, job_id=47, n_cpus=24, mem_gb=14, time_h=24

Submitted job 72 with external jobid '18460485'.

[Wed May  6 21:22:26 2026]
rule alignONT:
    input: 3-align/split/ont040.fasta.gz, 3-align/graph.index, 3-align/diploid.index, 2-processGraph/unitig-unrolled-hifi-resolved.gfa
    output: 3-align/aligned040.gaf
    log: 3-align/aligned040.err
    jobid: 65
    reason: Missing output files: 3-align/aligned040.gaf; Input files updated by another job: 3-align/diploid.index, 3-align/graph.index, 2-processGraph/unitig-unrolled-hifi-resolved.gfa
    wildcards: nnnn=040
    threads: 24
    resources: mem_mb=11809, mem_mib=11262, disk_mb=11809, disk_mib=11262, tmpdir=<TBD>, job_id=40, n_cpus=24, mem_gb=14, time_h=24

Submitted job 65 with external jobid '18460487'.

[Wed May  6 21:22:29 2026]
rule alignONT:
    input: 3-align/split/ont033.fasta.gz, 3-align/graph.index, 3-align/diploid.index, 2-processGraph/unitig-unrolled-hifi-resolved.gfa
    output: 3-align/aligned033.gaf
    log: 3-align/aligned033.err
    jobid: 58
    reason: Missing output files: 3-align/aligned033.gaf; Input files updated by another job: 3-align/diploid.index, 3-align/graph.index, 2-processGraph/unitig-unrolled-hifi-resolved.gfa
    wildcards: nnnn=033
    threads: 24
    resources: mem_mb=12019, mem_mib=11463, disk_mb=12019, disk_mib=11463, tmpdir=<TBD>, job_id=33, n_cpus=24, mem_gb=14, time_h=24

Submitted job 58 with external jobid '18460488'.

[Wed May  6 21:22:33 2026]
rule alignONT:
    input: 3-align/split/ont027.fasta.gz, 3-align/graph.index, 3-align/diploid.index, 2-processGraph/unitig-unrolled-hifi-resolved.gfa
    output: 3-align/aligned027.gaf
    log: 3-align/aligned027.err
    jobid: 52
    reason: Missing output files: 3-align/aligned027.gaf; Input files updated by another job: 3-align/diploid.index, 3-align/graph.index, 2-processGraph/unitig-unrolled-hifi-resolved.gfa
    wildcards: nnnn=027
    threads: 24
    resources: mem_mb=12406, mem_mib=11832, disk_mb=12406, disk_mib=11832, tmpdir=<TBD>, job_id=27, n_cpus=24, mem_gb=14, time_h=24

Submitted job 52 with external jobid '18460490'.

[Wed May  6 21:22:36 2026]
rule alignONT:
    input: 3-align/split/ont020.fasta.gz, 3-align/graph.index, 3-align/diploid.index, 2-processGraph/unitig-unrolled-hifi-resolved.gfa
    output: 3-align/aligned020.gaf
    log: 3-align/aligned020.err
    jobid: 45
    reason: Missing output files: 3-align/aligned020.gaf; Input files updated by another job: 3-align/diploid.index, 3-align/graph.index, 2-processGraph/unitig-unrolled-hifi-resolved.gfa
    wildcards: nnnn=020
    threads: 24
    resources: mem_mb=11892, mem_mib=11342, disk_mb=11892, disk_mib=11342, tmpdir=<TBD>, job_id=20, n_cpus=24, mem_gb=14, time_h=24

Submitted job 45 with external jobid '18460491'.

[Wed May  6 21:22:39 2026]
rule alignONT:
    input: 3-align/split/ont010.fasta.gz, 3-align/graph.index, 3-align/diploid.index, 2-processGraph/unitig-unrolled-hifi-resolved.gfa
    output: 3-align/aligned010.gaf
    log: 3-align/aligned010.err
    jobid: 35
    reason: Missing output files: 3-align/aligned010.gaf; Input files updated by another job: 3-align/diploid.index, 3-align/graph.index, 2-processGraph/unitig-unrolled-hifi-resolved.gfa
    wildcards: nnnn=010
    threads: 24
    resources: mem_mb=11470, mem_mib=10939, disk_mb=11470, disk_mib=10939, tmpdir=<TBD>, job_id=10, n_cpus=24, mem_gb=14, time_h=24

Submitted job 35 with external jobid '18460493'.

[Wed May  6 21:22:43 2026]
rule alignONT:
    input: 3-align/split/ont005.fasta.gz, 3-align/graph.index, 3-align/diploid.index, 2-processGraph/unitig-unrolled-hifi-resolved.gfa
    output: 3-align/aligned005.gaf
    log: 3-align/aligned005.err
    jobid: 30
    reason: Missing output files: 3-align/aligned005.gaf; Input files updated by another job: 3-align/diploid.index, 3-align/graph.index, 2-processGraph/unitig-unrolled-hifi-resolved.gfa
    wildcards: nnnn=005
    threads: 24
    resources: mem_mb=12359, mem_mib=11787, disk_mb=12359, disk_mib=11787, tmpdir=<TBD>, job_id=5, n_cpus=24, mem_gb=14, time_h=24

Submitted job 30 with external jobid '18460496'.

[Wed May  6 21:22:46 2026]
rule alignONT:
    input: 3-align/split/ont003.fasta.gz, 3-align/graph.index, 3-align/diploid.index, 2-processGraph/unitig-unrolled-hifi-resolved.gfa
    output: 3-align/aligned003.gaf
    log: 3-align/aligned003.err
    jobid: 28
    reason: Missing output files: 3-align/aligned003.gaf; Input files updated by another job: 3-align/diploid.index, 3-align/graph.index, 2-processGraph/unitig-unrolled-hifi-resolved.gfa
    wildcards: nnnn=003
    threads: 24
    resources: mem_mb=12369, mem_mib=11796, disk_mb=12369, disk_mib=11796, tmpdir=<TBD>, job_id=3, n_cpus=24, mem_gb=14, time_h=24

Submitted job 28 with external jobid '18460499'.

[Wed May  6 21:22:49 2026]
rule alignONT:
    input: 3-align/split/ont055.fasta.gz, 3-align/graph.index, 3-align/diploid.index, 2-processGraph/unitig-unrolled-hifi-resolved.gfa
    output: 3-align/aligned055.gaf
    log: 3-align/aligned055.err
    jobid: 80
    reason: Missing output files: 3-align/aligned055.gaf; Input files updated by another job: 3-align/diploid.index, 3-align/graph.index, 2-processGraph/unitig-unrolled-hifi-resolved.gfa
    wildcards: nnnn=055
    threads: 24
    resources: mem_mb=11883, mem_mib=11333, disk_mb=11883, disk_mib=11333, tmpdir=<TBD>, job_id=55, n_cpus=24, mem_gb=14, time_h=24

Submitted job 80 with external jobid '18460502'.

[Wed May  6 21:22:52 2026]
rule alignONT:
    input: 3-align/split/ont048.fasta.gz, 3-align/graph.index, 3-align/diploid.index, 2-processGraph/unitig-unrolled-hifi-resolved.gfa
    output: 3-align/aligned048.gaf
    log: 3-align/aligned048.err
    jobid: 73
    reason: Missing output files: 3-align/aligned048.gaf; Input files updated by another job: 3-align/diploid.index, 3-align/graph.index, 2-processGraph/unitig-unrolled-hifi-resolved.gfa
    wildcards: nnnn=048
    threads: 24
    resources: mem_mb=11902, mem_mib=11351, disk_mb=11902, disk_mib=11351, tmpdir=<TBD>, job_id=48, n_cpus=24, mem_gb=14, time_h=24

Submitted job 73 with external jobid '18460505'.

[Wed May  6 21:22:55 2026]
rule alignONT:
    input: 3-align/split/ont041.fasta.gz, 3-align/graph.index, 3-align/diploid.index, 2-processGraph/unitig-unrolled-hifi-resolved.gfa
    output: 3-align/aligned041.gaf
    log: 3-align/aligned041.err
    jobid: 66
    reason: Missing output files: 3-align/aligned041.gaf; Input files updated by another job: 3-align/diploid.index, 3-align/graph.index, 2-processGraph/unitig-unrolled-hifi-resolved.gfa
    wildcards: nnnn=041
    threads: 24
    resources: mem_mb=11861, mem_mib=11312, disk_mb=11861, disk_mib=11312, tmpdir=<TBD>, job_id=41, n_cpus=24, mem_gb=14, time_h=24

Submitted job 66 with external jobid '18460507'.

[Wed May  6 21:22:58 2026]
rule alignONT:
    input: 3-align/split/ont034.fasta.gz, 3-align/graph.index, 3-align/diploid.index, 2-processGraph/unitig-unrolled-hifi-resolved.gfa
    output: 3-align/aligned034.gaf
    log: 3-align/aligned034.err
    jobid: 59
    reason: Missing output files: 3-align/aligned034.gaf; Input files updated by another job: 3-align/diploid.index, 3-align/graph.index, 2-processGraph/unitig-unrolled-hifi-resolved.gfa
    wildcards: nnnn=034
    threads: 24
    resources: mem_mb=12052, mem_mib=11494, disk_mb=12052, disk_mib=11494, tmpdir=<TBD>, job_id=34, n_cpus=24, mem_gb=14, time_h=24

Submitted job 59 with external jobid '18460510'.

[Wed May  6 21:23:02 2026]
rule alignONT:
    input: 3-align/split/ont021.fasta.gz, 3-align/graph.index, 3-align/diploid.index, 2-processGraph/unitig-unrolled-hifi-resolved.gfa
    output: 3-align/aligned021.gaf
    log: 3-align/aligned021.err
    jobid: 46
    reason: Missing output files: 3-align/aligned021.gaf; Input files updated by another job: 3-align/diploid.index, 3-align/graph.index, 2-processGraph/unitig-unrolled-hifi-resolved.gfa
    wildcards: nnnn=021
    threads: 24
    resources: mem_mb=12412, mem_mib=11838, disk_mb=12412, disk_mib=11838, tmpdir=<TBD>, job_id=21, n_cpus=24, mem_gb=14, time_h=24

Submitted job 46 with external jobid '18460511'.

[Wed May  6 21:23:05 2026]
rule alignONT:
    input: 3-align/split/ont014.fasta.gz, 3-align/graph.index, 3-align/diploid.index, 2-processGraph/unitig-unrolled-hifi-resolved.gfa
    output: 3-align/aligned014.gaf
    log: 3-align/aligned014.err
    jobid: 39
    reason: Missing output files: 3-align/aligned014.gaf; Input files updated by another job: 3-align/diploid.index, 3-align/graph.index, 2-processGraph/unitig-unrolled-hifi-resolved.gfa
    wildcards: nnnn=014
    threads: 24
    resources: mem_mb=11769, mem_mib=11224, disk_mb=11769, disk_mib=11224, tmpdir=<TBD>, job_id=14, n_cpus=24, mem_gb=14, time_h=24

Submitted job 39 with external jobid '18460514'.

[Wed May  6 21:23:08 2026]
rule alignONT:
    input: 3-align/split/ont001.fasta.gz, 3-align/graph.index, 3-align/diploid.index, 2-processGraph/unitig-unrolled-hifi-resolved.gfa
    output: 3-align/aligned001.gaf
    log: 3-align/aligned001.err
    jobid: 25
    reason: Missing output files: 3-align/aligned001.gaf; Input files updated by another job: 3-align/diploid.index, 3-align/graph.index, 2-processGraph/unitig-unrolled-hifi-resolved.gfa
    wildcards: nnnn=001
    threads: 24
    resources: mem_mb=12351, mem_mib=11779, disk_mb=12351, disk_mib=11779, tmpdir=<TBD>, job_id=1, n_cpus=24, mem_gb=14, time_h=24

Submitted job 25 with external jobid '18460716'.

[Wed May  6 21:23:12 2026]
rule alignONT:
    input: 3-align/split/ont049.fasta.gz, 3-align/graph.index, 3-align/diploid.index, 2-processGraph/unitig-unrolled-hifi-resolved.gfa
    output: 3-align/aligned049.gaf
    log: 3-align/aligned049.err
    jobid: 74
    reason: Missing output files: 3-align/aligned049.gaf; Input files updated by another job: 3-align/diploid.index, 3-align/graph.index, 2-processGraph/unitig-unrolled-hifi-resolved.gfa
    wildcards: nnnn=049
    threads: 24
    resources: mem_mb=11965, mem_mib=11411, disk_mb=11965, disk_mib=11411, tmpdir=<TBD>, job_id=49, n_cpus=24, mem_gb=14, time_h=24

Submitted job 74 with external jobid '18460721'.
[Wed May  6 21:43:00 2026]
Finished job 84.
320 of 390 steps (82%) done
[Wed May  6 21:43:26 2026]
Finished job 41.
321 of 390 steps (82%) done
[Wed May  6 21:43:28 2026]
Finished job 38.
322 of 390 steps (83%) done
[Wed May  6 21:43:37 2026]
Finished job 40.
323 of 390 steps (83%) done
[Wed May  6 21:43:48 2026]
Finished job 36.
324 of 390 steps (83%) done
[Wed May  6 21:45:56 2026]
Finished job 67.
325 of 390 steps (83%) done
[Wed May  6 21:45:58 2026]
Finished job 60.
326 of 390 steps (84%) done
[Wed May  6 21:47:48 2026]
Finished job 61.
327 of 390 steps (84%) done
[Wed May  6 21:47:50 2026]
Finished job 54.
328 of 390 steps (84%) done
[Wed May  6 21:47:52 2026]
Finished job 48.
329 of 390 steps (84%) done
[Wed May  6 21:49:51 2026]
Finished job 68.
330 of 390 steps (85%) done
[Wed May  6 21:49:53 2026]
Finished job 27.
331 of 390 steps (85%) done
[Wed May  6 21:50:00 2026]
Finished job 31.
332 of 390 steps (85%) done
[Wed May  6 21:50:02 2026]
Finished job 53.
333 of 390 steps (85%) done
[Wed May  6 21:51:49 2026]
Finished job 47.
334 of 390 steps (86%) done
[Wed May  6 21:51:51 2026]
Finished job 82.
335 of 390 steps (86%) done
[Wed May  6 21:51:54 2026]
Finished job 75.
336 of 390 steps (86%) done
[Wed May  6 21:54:50 2026]
Finished job 25.
337 of 390 steps (86%) done
[Wed May  6 21:57:12 2026]
Finished job 74.
338 of 390 steps (87%) done
[Wed May  6 21:59:10 2026]
Finished job 33.
339 of 390 steps (87%) done
[Wed May  6 22:02:40 2026]
Finished job 35.
340 of 390 steps (87%) done
[Wed May  6 22:03:34 2026]
Finished job 37.
341 of 390 steps (87%) done
[Wed May  6 22:04:40 2026]
Finished job 34.
342 of 390 steps (88%) done
[Wed May  6 22:05:01 2026]
Finished job 32.
343 of 390 steps (88%) done
[Wed May  6 22:05:48 2026]
Finished job 45.
344 of 390 steps (88%) done
[Wed May  6 22:06:05 2026]
Finished job 39.
345 of 390 steps (88%) done
[Wed May  6 22:10:38 2026]
Finished job 83.
346 of 390 steps (89%) done
[Wed May  6 22:10:43 2026]
Finished job 81.
347 of 390 steps (89%) done
[Wed May  6 22:11:16 2026]
Finished job 65.
348 of 390 steps (89%) done
[Wed May  6 22:12:02 2026]
Finished job 69.
349 of 390 steps (89%) done
[Wed May  6 22:12:23 2026]
Finished job 51.
350 of 390 steps (90%) done
[Wed May  6 22:12:25 2026]
Finished job 44.
351 of 390 steps (90%) done
[Wed May  6 22:12:34 2026]
Finished job 58.
352 of 390 steps (90%) done
[Wed May  6 22:12:49 2026]
Finished job 59.
353 of 390 steps (91%) done
[Wed May  6 22:12:53 2026]
Finished job 62.
354 of 390 steps (91%) done
[Wed May  6 22:13:00 2026]
Finished job 42.
355 of 390 steps (91%) done
[Wed May  6 22:13:13 2026]
Finished job 43.
356 of 390 steps (91%) done
[Wed May  6 22:13:53 2026]
Finished job 66.
357 of 390 steps (92%) done
[Wed May  6 22:13:57 2026]
Finished job 55.
358 of 390 steps (92%) done
[Wed May  6 22:13:59 2026]
Finished job 49.
359 of 390 steps (92%) done
[Wed May  6 22:14:06 2026]
Finished job 63.
360 of 390 steps (92%) done
[Wed May  6 22:14:10 2026]
Finished job 50.
361 of 390 steps (93%) done
[Wed May  6 22:14:17 2026]
Finished job 71.
362 of 390 steps (93%) done
[Wed May  6 22:14:29 2026]
Finished job 64.
363 of 390 steps (93%) done
[Wed May  6 22:14:31 2026]
Finished job 57.
364 of 390 steps (93%) done
[Wed May  6 22:14:46 2026]
Finished job 80.
365 of 390 steps (94%) done
[Wed May  6 22:14:51 2026]
Finished job 46.
366 of 390 steps (94%) done
[Wed May  6 22:14:55 2026]
Finished job 70.
367 of 390 steps (94%) done
[Wed May  6 22:14:57 2026]
Finished job 56.
368 of 390 steps (94%) done
[Wed May  6 22:15:20 2026]
Finished job 52.
369 of 390 steps (95%) done
[Wed May  6 22:15:22 2026]
Finished job 30.
370 of 390 steps (95%) done
[Wed May  6 22:15:50 2026]
Finished job 72.
371 of 390 steps (95%) done
[Wed May  6 22:15:52 2026]
Finished job 28.
372 of 390 steps (95%) done
[Wed May  6 22:15:54 2026]
Finished job 73.
373 of 390 steps (96%) done
[Wed May  6 22:16:13 2026]
Finished job 29.
374 of 390 steps (96%) done
[Wed May  6 22:17:34 2026]
Finished job 76.
375 of 390 steps (96%) done
[Wed May  6 22:18:54 2026]
Finished job 79.
376 of 390 steps (96%) done
[Wed May  6 22:21:22 2026]
Finished job 78.
377 of 390 steps (97%) done
[Wed May  6 22:23:24 2026]
Finished job 77.
378 of 390 steps (97%) done
Select jobs to execute...

[Wed May  6 22:23:24 2026]
rule combineONT:
    input: 3-align/splitONT.finished, 3-align/aligned001.gaf, 3-align/aligned002.gaf, 3-align/aligned003.gaf, 3-align/aligned004.gaf, 3-align/aligned005.gaf, 3-align/aligned006.gaf, 3-align/aligned007.gaf, 3-align/aligned008.gaf, 3-align/aligned009.gaf, 3-align/aligned010.gaf, 3-align/aligned011.gaf, 3-align/aligned012.gaf, 3-align/aligned013.gaf, 3-align/aligned014.gaf, 3-align/aligned015.gaf, 3-align/aligned016.gaf, 3-align/aligned017.gaf, 3-align/aligned018.gaf, 3-align/aligned019.gaf, 3-align/aligned020.gaf, 3-align/aligned021.gaf, 3-align/aligned022.gaf, 3-align/aligned023.gaf, 3-align/aligned024.gaf, 3-align/aligned025.gaf, 3-align/aligned026.gaf, 3-align/aligned027.gaf, 3-align/aligned028.gaf, 3-align/aligned029.gaf, 3-align/aligned030.gaf, 3-align/aligned031.gaf, 3-align/aligned032.gaf, 3-align/aligned033.gaf, 3-align/aligned034.gaf, 3-align/aligned035.gaf, 3-align/aligned036.gaf, 3-align/aligned037.gaf, 3-align/aligned038.gaf, 3-align/aligned039.gaf, 3-align/aligned040.gaf, 3-align/aligned041.gaf, 3-align/aligned042.gaf, 3-align/aligned043.gaf, 3-align/aligned044.gaf, 3-align/aligned045.gaf, 3-align/aligned046.gaf, 3-align/aligned047.gaf, 3-align/aligned048.gaf, 3-align/aligned049.gaf, 3-align/aligned050.gaf, 3-align/aligned051.gaf, 3-align/aligned052.gaf, 3-align/aligned053.gaf, 3-align/aligned054.gaf, 3-align/aligned055.gaf, 3-align/aligned056.gaf, 3-align/aligned057.gaf, 3-align/aligned058.gaf, 3-align/aligned059.gaf
    output: 3-align/alns-ont.gaf
    log: 3-align/combineONT.err
    jobid: 12
    reason: Missing output files: 3-align/alns-ont.gaf; Input files updated by another job: 3-align/aligned031.gaf, 3-align/aligned022.gaf, 3-align/aligned049.gaf, 3-align/aligned045.gaf, 3-align/aligned053.gaf, 3-align/aligned037.gaf, 3-align/aligned026.gaf, 3-align/aligned017.gaf, 3-align/aligned051.gaf, 3-align/aligned005.gaf, 3-align/aligned038.gaf, 3-align/aligned009.gaf, 3-align/aligned015.gaf, 3-align/aligned047.gaf, 3-align/aligned004.gaf, 3-align/aligned018.gaf, 3-align/aligned032.gaf, 3-align/aligned054.gaf, 3-align/aligned035.gaf, 3-align/aligned046.gaf, 3-align/aligned036.gaf, 3-align/aligned006.gaf, 3-align/aligned042.gaf, 3-align/aligned057.gaf, 3-align/aligned021.gaf, 3-align/aligned010.gaf, 3-align/aligned027.gaf, 3-align/aligned003.gaf, 3-align/aligned020.gaf, 3-align/aligned028.gaf, 3-align/aligned050.gaf, 3-align/aligned024.gaf, 3-align/aligned016.gaf, 3-align/aligned041.gaf, 3-align/aligned059.gaf, 3-align/aligned034.gaf, 3-align/aligned001.gaf, 3-align/aligned011.gaf, 3-align/aligned014.gaf, 3-align/aligned019.gaf, 3-align/aligned002.gaf, 3-align/aligned039.gaf, 3-align/aligned029.gaf, 3-align/aligned033.gaf, 3-align/aligned048.gaf, 3-align/aligned008.gaf, 3-align/aligned043.gaf, 3-align/aligned023.gaf, 3-align/aligned012.gaf, 3-align/aligned052.gaf, 3-align/aligned013.gaf, 3-align/aligned055.gaf, 3-align/aligned025.gaf, 3-align/aligned044.gaf, 3-align/aligned007.gaf, 3-align/aligned056.gaf, 3-align/aligned058.gaf, 3-align/aligned030.gaf, 3-align/aligned040.gaf
    resources: mem_mb=1566, mem_mib=1494, disk_mb=1566, disk_mib=1494, tmpdir=<TBD>, job_id=1, n_cpus=1, mem_gb=4, time_h=2

Submitted job 12 with external jobid '18462940'.
No jobs available for user okendojo and/or filters used
Job 18462940 not known (yet) by slurm; will return 'running' by default.
[Wed May  6 22:24:27 2026]
Finished job 12.
379 of 390 steps (97%) done
Select jobs to execute...

[Wed May  6 22:24:27 2026]
checkpoint splitTipsONT:
    input: /data/okendojo/zebrafish/data/g3/output/meryl/bins/abtu/ont/ABTU_ONT.fasta.gz, 2-processGraph/unitig-unrolled-hifi-resolved.gfa, 3-align/alns-ont.gaf, 3-align/splitONT.finished
    output: 3-alignTips/splitONT.finished
    log: 3-alignTips/splitONT.err
    jobid: 15
    reason: Missing output files: 3-alignTips/splitONT.finished; Input files updated by another job: 2-processGraph/unitig-unrolled-hifi-resolved.gfa, 3-align/alns-ont.gaf
    resources: mem_mb=90068, mem_mib=85896, disk_mb=90068, disk_mib=85896, tmpdir=<TBD>, job_id=1, n_cpus=1, mem_gb=8, time_h=96
DAG of jobs will be updated after completion.

Submitted job 15 with external jobid '18462984'.
No jobs available for user okendojo and/or filters used
Job 18462984 not known (yet) by slurm; will return 'running' by default.
[Wed May  6 22:43:49 2026]
Finished job 15.
380 of 390 steps (97%) done
Select jobs to execute...

[Wed May  6 22:43:50 2026]
rule alignTipsONT:
    input: 3-alignTips/split/ont004.fasta.gz
    output: 3-alignTips/aligned004.gaf
    log: 3-alignTips/aligned004.err
    jobid: 399
    reason: Missing output files: 3-alignTips/aligned004.gaf
    wildcards: nnnn=004
    threads: 24
    resources: mem_mb=1000, mem_mib=954, disk_mb=1000, disk_mib=954, tmpdir=<TBD>, job_id=4, n_cpus=24, mem_gb=64, time_h=24

Submitted job 399 with external jobid '18464408'.

[Wed May  6 22:43:53 2026]
rule alignTipsONT:
    input: 3-alignTips/split/ont002.fasta.gz
    output: 3-alignTips/aligned002.gaf
    log: 3-alignTips/aligned002.err
    jobid: 397
    reason: Missing output files: 3-alignTips/aligned002.gaf
    wildcards: nnnn=002
    threads: 24
    resources: mem_mb=1000, mem_mib=954, disk_mb=1000, disk_mib=954, tmpdir=<TBD>, job_id=2, n_cpus=24, mem_gb=64, time_h=24

Submitted job 397 with external jobid '18464410'.

[Wed May  6 22:43:56 2026]
rule alignTipsONT:
    input: 3-alignTips/split/ont003.fasta.gz
    output: 3-alignTips/aligned003.gaf
    log: 3-alignTips/aligned003.err
    jobid: 398
    reason: Missing output files: 3-alignTips/aligned003.gaf
    wildcards: nnnn=003
    threads: 24
    resources: mem_mb=1000, mem_mib=954, disk_mb=1000, disk_mib=954, tmpdir=<TBD>, job_id=3, n_cpus=24, mem_gb=64, time_h=24

Submitted job 398 with external jobid '18464411'.

[Wed May  6 22:43:59 2026]
rule alignTipsONT:
    input: 3-alignTips/split/ont001.fasta.gz
    output: 3-alignTips/aligned001.gaf
    log: 3-alignTips/aligned001.err
    jobid: 396
    reason: Missing output files: 3-alignTips/aligned001.gaf
    wildcards: nnnn=001
    threads: 24
    resources: mem_mb=1000, mem_mib=954, disk_mb=1000, disk_mib=954, tmpdir=<TBD>, job_id=1, n_cpus=24, mem_gb=64, time_h=24

Submitted job 396 with external jobid '18464413'.
No jobs available for user okendojo and/or filters used
Job 18464408 not known (yet) by slurm; will return 'running' by default.
No jobs available for user okendojo and/or filters used
Job 18464410 not known (yet) by slurm; will return 'running' by default.
No jobs available for user okendojo and/or filters used
Job 18464411 not known (yet) by slurm; will return 'running' by default.
[Wed May  6 23:39:58 2026]
Finished job 399.
381 of 394 steps (97%) done
[Wed May  6 23:55:28 2026]
Finished job 396.
382 of 394 steps (97%) done
[Thu May  7 00:15:06 2026]
Finished job 398.
383 of 394 steps (97%) done
[Thu May  7 00:36:18 2026]
Finished job 397.
384 of 394 steps (97%) done
Select jobs to execute...

[Thu May  7 00:36:18 2026]
rule combineTipsONT:
    input: 3-alignTips/splitONT.finished, 3-alignTips/aligned001.gaf, 3-alignTips/aligned002.gaf, 3-alignTips/aligned003.gaf, 3-alignTips/aligned004.gaf
    output: 3-alignTips/alns-ont.gaf
    log: 3-alignTips/combineONT.err
    jobid: 14
    reason: Missing output files: 3-alignTips/alns-ont.gaf; Input files updated by another job: 3-alignTips/aligned004.gaf, 3-alignTips/aligned001.gaf, 3-alignTips/aligned003.gaf, 3-alignTips/aligned002.gaf
    resources: mem_mb=1000, mem_mib=954, disk_mb=1000, disk_mib=954, tmpdir=<TBD>, job_id=1, n_cpus=1, mem_gb=4, time_h=2

Submitted job 14 with external jobid '18469244'.
No jobs available for user okendojo and/or filters used
Job 18469244 not known (yet) by slurm; will return 'running' by default.
No jobs available for user okendojo and/or filters used
Job 18469244 not known (yet) by slurm; will return 'running' by default.
[Thu May  7 00:37:23 2026]
Finished job 14.
385 of 394 steps (98%) done
Select jobs to execute...

[Thu May  7 00:37:23 2026]
rule processONT:
    input: 2-processGraph/unitig-unrolled-hifi-resolved.gfa, 1-buildGraph/hifi_nodecov.csv, 3-align/alns-ont.gaf, 3-alignTips/alns-ont.gaf
    output: 4-processONT/unitig-unrolled-ont-resolved.gfa, 4-processONT/alns-ont-mapqfilter.gaf, 4-processONT/gaps-ont.gaf, 4-processONT/nodecovs-ont.csv
    log: 4-processONT/processONT.err
    jobid: 2
    reason: Missing output files: 4-processONT/alns-ont-mapqfilter.gaf, 4-processONT/gaps-ont.gaf, 4-processONT/unitig-unrolled-ont-resolved.gfa, 4-processONT/nodecovs-ont.csv; Input files updated by another job: 1-buildGraph/hifi_nodecov.csv, 3-alignTips/alns-ont.gaf, 3-align/alns-ont.gaf, 2-processGraph/unitig-unrolled-hifi-resolved.gfa
    threads: 16
    resources: mem_mb=5549, mem_mib=5292, disk_mb=5549, disk_mib=5292, tmpdir=<TBD>, job_id=1, n_cpus=16, mem_gb=64, time_h=48

Submitted job 2 with external jobid '18469282'.
No jobs available for user okendojo and/or filters used
Job 18469282 not known (yet) by slurm; will return 'running' by default.
[Thu May  7 00:47:22 2026]
Finished job 2.
386 of 394 steps (98%) done
Select jobs to execute...

[Thu May  7 00:47:22 2026]
rule extractONT:
    input: 4-processONT/gaps-ont.gaf, 3-align/splitONT.finished
    output: 7-consensus/ont_subset.id, 7-consensus/ont_subset.extract, 7-consensus/ont_subset.fasta.gz
    log: 7-consensus/extractONT.err
    jobid: 21
    reason: Missing output files: 7-consensus/ont_subset.fasta.gz, 7-consensus/ont_subset.id; Input files updated by another job: 4-processONT/gaps-ont.gaf
    threads: 8
    resources: mem_mb=1000, mem_mib=954, disk_mb=1000, disk_mib=954, tmpdir=<TBD>, job_id=1, n_cpus=8, mem_gb=16, time_h=24

Submitted job 21 with external jobid '18469435'.

[Thu May  7 00:47:25 2026]
rule untip:
    input: 4-processONT/unitig-unrolled-ont-resolved.gfa, 1-buildGraph/hifi_nodecov.csv, 4-processONT/nodecovs-ont.csv
    output: 5-untip/unitig-unrolled-unitig-unrolled-popped-unitig-normal-connected-tip.gfa, 5-untip/unitig-unrolled-unitig-unrolled-popped-unitig-normal-connected-tip.hifi-coverage.csv, 5-untip/unitig-unrolled-unitig-unrolled-popped-unitig-normal-connected-tip.ont-coverage.csv
    log: 5-untip/untip.err
    jobid: 1
    reason: Missing output files: 5-untip/unitig-unrolled-unitig-unrolled-popped-unitig-normal-connected-tip.gfa, 5-untip/unitig-unrolled-unitig-unrolled-popped-unitig-normal-connected-tip.hifi-coverage.csv, 5-untip/unitig-unrolled-unitig-unrolled-popped-unitig-normal-connected-tip.ont-coverage.csv; Input files updated by another job: 1-buildGraph/hifi_nodecov.csv, 4-processONT/nodecovs-ont.csv, 4-processONT/unitig-unrolled-ont-resolved.gfa
    resources: mem_mb=3678, mem_mib=3508, disk_mb=3678, disk_mib=3508, tmpdir=<TBD>, job_id=1, n_cpus=1, mem_gb=64, time_h=24

Submitted job 1 with external jobid '18469437'.
No jobs available for user okendojo and/or filters used
Job 18469435 not known (yet) by slurm; will return 'running' by default.
No jobs available for user okendojo and/or filters used
Job 18469437 not known (yet) by slurm; will return 'running' by default.
[Thu May  7 00:50:22 2026]
Finished job 21.
387 of 394 steps (98%) done
[Thu May  7 00:55:54 2026]
Finished job 1.
388 of 394 steps (98%) done
Select jobs to execute...

[Thu May  7 00:55:54 2026]
rule rukki:
    input: 5-untip/unitig-unrolled-unitig-unrolled-popped-unitig-normal-connected-tip.gfa, 5-untip/unitig-unrolled-unitig-unrolled-popped-unitig-normal-connected-tip.hifi-coverage.csv
    output: 6-rukki/unitig-unrolled-unitig-unrolled-popped-unitig-normal-connected-tip.fasta, 6-rukki/unitig-unrolled-unitig-unrolled-popped-unitig-normal-connected-tip.noseq.gfa, 6-rukki/unitig-unrolled-unitig-unrolled-popped-unitig-normal-connected-tip.colors.csv, 6-rukki/unitig-unrolled-unitig-unrolled-popped-unitig-normal-connected-tip.paths.tsv, 6-rukki/unitig-unrolled-unitig-unrolled-popped-unitig-normal-connected-tip.paths.gaf
    log: 6-rukki/rukki.err
    jobid: 16
    reason: Missing output files: 6-rukki/unitig-unrolled-unitig-unrolled-popped-unitig-normal-connected-tip.paths.tsv, 6-rukki/unitig-unrolled-unitig-unrolled-popped-unitig-normal-connected-tip.noseq.gfa, 6-rukki/unitig-unrolled-unitig-unrolled-popped-unitig-normal-connected-tip.paths.gaf, 6-rukki/unitig-unrolled-unitig-unrolled-popped-unitig-normal-connected-tip.colors.csv; Input files updated by another job: 5-untip/unitig-unrolled-unitig-unrolled-popped-unitig-normal-connected-tip.gfa, 5-untip/unitig-unrolled-unitig-unrolled-popped-unitig-normal-connected-tip.hifi-coverage.csv
    threads: 8
    resources: mem_mb=3447, mem_mib=3288, disk_mb=3447, disk_mib=3288, tmpdir=<TBD>, job_id=1, n_cpus=8, mem_gb=16, time_h=4

Submitted job 16 with external jobid '18469595'.
No jobs available for user okendojo and/or filters used
Job 18469595 not known (yet) by slurm; will return 'running' by default.
[Thu May  7 01:08:56 2026]
Finished job 16.
389 of 394 steps (99%) done
Select jobs to execute...
[Thu May  7 01:08:56 2026]

group job layoutGroup (jobs in lexicogr. order):

    [Thu May  7 01:08:56 2026]
    rule generateLayoutContigsInputs:
        input: 5-untip/unitig-unrolled-unitig-unrolled-popped-unitig-normal-connected-tip.gfa, 1-buildGraph/paths.gaf, 4-processONT/alns-ont-mapqfilter.gaf, 4-processONT/gaps-ont.gaf
        output: 6-layoutContigs/combined-nodemap.txt, 6-layoutContigs/combined-edges.gfa, 6-layoutContigs/hifi.alignments.gaf, 6-layoutContigs/ont.alignments.gaf, 6-layoutContigs/consensus_paths.txt, 6-layoutContigs/nodelens.txt
        log: 6-layoutContigs/createLayoutInputs.err
        jobid: 18
        reason: Missing output files: 6-layoutContigs/combined-edges.gfa, 6-layoutContigs/nodelens.txt, 6-layoutContigs/ont.alignments.gaf, 6-layoutContigs/hifi.alignments.gaf, 6-layoutContigs/combined-nodemap.txt; Input files updated by another job: 5-untip/unitig-unrolled-unitig-unrolled-popped-unitig-normal-connected-tip.gfa, 4-processONT/gaps-ont.gaf, 4-processONT/alns-ont-mapqfilter.gaf, 1-buildGraph/paths.gaf
        resources: mem_mb=5963, mem_mib=5687, disk_mb=5963, disk_mib=5687, tmpdir=<TBD>, job_id=1, n_cpus=1, mem_gb=32, time_h=24


    [Thu May  7 01:08:56 2026]
    rule layoutContigs:
        input: 6-layoutContigs/combined-nodemap.txt, 6-layoutContigs/combined-edges.gfa, 6-layoutContigs/hifi.alignments.gaf, 6-layoutContigs/ont.alignments.gaf, 6-rukki/unitig-unrolled-unitig-unrolled-popped-unitig-normal-connected-tip.paths.gaf, 6-layoutContigs/nodelens.txt
        output: 6-layoutContigs/unitig-popped.layout, 6-layoutContigs/unitig-popped.layout.scfmap, 6-layoutContigs/gaps.txt
        log: 6-layoutContigs/createLayout.err
        jobid: 17
        reason: Missing output files: 6-layoutContigs/unitig-popped.layout, 6-layoutContigs/unitig-popped.layout.scfmap; Input files updated by another job: 6-rukki/unitig-unrolled-unitig-unrolled-popped-unitig-normal-connected-tip.paths.gaf, 6-layoutContigs/combined-edges.gfa, 6-layoutContigs/nodelens.txt, 6-layoutContigs/ont.alignments.gaf, 6-layoutContigs/hifi.alignments.gaf, 6-layoutContigs/combined-nodemap.txt
        resources: mem_mb=<TBD>, disk_mb=<TBD>, tmpdir=<TBD>, job_id=1, n_cpus=1, mem_gb=32, time_h=24

Submitted group job 457e2824-a61f-5d79-af22-e369b335677b with external jobid '18469890'.
No jobs available for user okendojo and/or filters used
Job 18469890 not known (yet) by slurm; will return 'running' by default.
[Thu May  7 01:15:17 2026]
Finished job 18.
[Thu May  7 01:15:17 2026]
Finished job 17.
391 of 394 steps (99%) done
Select jobs to execute...

[Thu May  7 01:15:17 2026]
checkpoint buildPackages:
    input: /data/okendojo/zebrafish/data/g3/output/meryl/bins/abtu/hifi/ABTU_PacBio.fasta.gz, 6-layoutContigs/unitig-popped.layout, 7-consensus/ont_subset.fasta.gz, 7-consensus/ont_subset.id
    output: 7-consensus/packages.tigName_to_ID.map, 7-consensus/packages.finished, 7-consensus/packages.report
    log: 7-consensus/buildPackages.err
    jobid: 20
    reason: Missing output files: 7-consensus/packages.finished, 7-consensus/packages.tigName_to_ID.map; Input files updated by another job: 7-consensus/ont_subset.fasta.gz, 7-consensus/ont_subset.id, 6-layoutContigs/unitig-popped.layout
    threads: 8
    resources: mem_mb=75983, mem_mib=72464, disk_mb=75983, disk_mib=72464, tmpdir=<TBD>, job_id=1, n_cpus=8, mem_gb=46, time_h=24
DAG of jobs will be updated after completion.

Submitted job 20 with external jobid '18470021'.
No jobs available for user okendojo and/or filters used
Job 18470021 not known (yet) by slurm; will return 'running' by default.
No jobs available for user okendojo and/or filters used
Job 18470021 not known (yet) by slurm; will return 'running' by default.
[Thu May  7 01:39:58 2026]
Finished job 20.
392 of 394 steps (99%) done
Select jobs to execute...

[Thu May  7 01:39:58 2026]
rule generateConsensus:
    input: 7-consensus/packages/part030.cnspack, 7-consensus/packages.tigName_to_ID.map, 7-consensus/packages.report, 7-consensus/ont_subset.id
    output: 7-consensus/packages/part030.fasta
    log: 7-consensus/packages/part030.err
    jobid: 430
    reason: Missing output files: 7-consensus/packages/part030.fasta
    wildcards: nnnn=030
    threads: 8
    resources: mem_mb=2859, mem_mib=2727, disk_mb=2859, disk_mib=2727, tmpdir=<TBD>, job_id=30, n_cpus=8, mem_gb=9, time_h=24

Submitted job 430 with external jobid '18470508'.

[Thu May  7 01:40:02 2026]
rule generateConsensus:
    input: 7-consensus/packages/part023.cnspack, 7-consensus/packages.tigName_to_ID.map, 7-consensus/packages.report, 7-consensus/ont_subset.id
    output: 7-consensus/packages/part023.fasta
    log: 7-consensus/packages/part023.err
    jobid: 423
    reason: Missing output files: 7-consensus/packages/part023.fasta
    wildcards: nnnn=023
    threads: 8
    resources: mem_mb=2864, mem_mib=2732, disk_mb=2864, disk_mib=2732, tmpdir=<TBD>, job_id=23, n_cpus=8, mem_gb=13, time_h=24

Submitted job 423 with external jobid '18470510'.

[Thu May  7 01:40:05 2026]
rule generateConsensus:
    input: 7-consensus/packages/part016.cnspack, 7-consensus/packages.tigName_to_ID.map, 7-consensus/packages.report, 7-consensus/ont_subset.id
    output: 7-consensus/packages/part016.fasta
    log: 7-consensus/packages/part016.err
    jobid: 416
    reason: Missing output files: 7-consensus/packages/part016.fasta
    wildcards: nnnn=016
    threads: 8
    resources: mem_mb=1904, mem_mib=1816, disk_mb=1904, disk_mib=1816, tmpdir=<TBD>, job_id=16, n_cpus=8, mem_gb=18, time_h=24

Submitted job 416 with external jobid '18470512'.

[Thu May  7 01:40:08 2026]
rule generateConsensus:
    input: 7-consensus/packages/part014.cnspack, 7-consensus/packages.tigName_to_ID.map, 7-consensus/packages.report, 7-consensus/ont_subset.id
    output: 7-consensus/packages/part014.fasta
    log: 7-consensus/packages/part014.err
    jobid: 414
    reason: Missing output files: 7-consensus/packages/part014.fasta
    wildcards: nnnn=014
    threads: 8
    resources: mem_mb=1843, mem_mib=1758, disk_mb=1843, disk_mib=1758, tmpdir=<TBD>, job_id=14, n_cpus=8, mem_gb=19, time_h=24

No jobs available for user okendojo and/or filters used
Submitted job 414 with external jobid '18470516'.

[Thu May  7 01:40:11 2026]
rule generateConsensus:
    input: 7-consensus/packages/part001.cnspack, 7-consensus/packages.tigName_to_ID.map, 7-consensus/packages.report, 7-consensus/ont_subset.id
    output: 7-consensus/packages/part001.fasta
    log: 7-consensus/packages/part001.err
    jobid: 401
    reason: Missing output files: 7-consensus/packages/part001.fasta
    wildcards: nnnn=001
    threads: 8
    resources: mem_mb=1044, mem_mib=996, disk_mb=1044, disk_mib=996, tmpdir=<TBD>, job_id=1, n_cpus=8, mem_gb=31, time_h=24

Job 18470508 not known (yet) by slurm; will return 'running' by default.
No jobs available for user okendojo and/or filters used
Submitted job 401 with external jobid '18470519'.

[Thu May  7 01:40:16 2026]
rule generateConsensus:
    input: 7-consensus/packages/part031.cnspack, 7-consensus/packages.tigName_to_ID.map, 7-consensus/packages.report, 7-consensus/ont_subset.id
    output: 7-consensus/packages/part031.fasta
    log: 7-consensus/packages/part031.err
    jobid: 431
    reason: Missing output files: 7-consensus/packages/part031.fasta
    wildcards: nnnn=031
    threads: 8
    resources: mem_mb=2854, mem_mib=2722, disk_mb=2854, disk_mib=2722, tmpdir=<TBD>, job_id=31, n_cpus=8, mem_gb=9, time_h=24

Job 18470510 not known (yet) by slurm; will return 'running' by default.
Submitted job 431 with external jobid '18470522'.

[Thu May  7 01:40:20 2026]
rule generateConsensus:
    input: 7-consensus/packages/part024.cnspack, 7-consensus/packages.tigName_to_ID.map, 7-consensus/packages.report, 7-consensus/ont_subset.id
    output: 7-consensus/packages/part024.fasta
    log: 7-consensus/packages/part024.err
    jobid: 424
    reason: Missing output files: 7-consensus/packages/part024.fasta
    wildcards: nnnn=024
    threads: 8
    resources: mem_mb=2861, mem_mib=2729, disk_mb=2861, disk_mib=2729, tmpdir=<TBD>, job_id=24, n_cpus=8, mem_gb=14, time_h=24

Submitted job 424 with external jobid '18470523'.

[Thu May  7 01:40:23 2026]
rule generateConsensus:
    input: 7-consensus/packages/part017.cnspack, 7-consensus/packages.tigName_to_ID.map, 7-consensus/packages.report, 7-consensus/ont_subset.id
    output: 7-consensus/packages/part017.fasta
    log: 7-consensus/packages/part017.err
    jobid: 417
    reason: Missing output files: 7-consensus/packages/part017.fasta
    wildcards: nnnn=017
    threads: 8
    resources: mem_mb=1938, mem_mib=1849, disk_mb=1938, disk_mib=1849, tmpdir=<TBD>, job_id=17, n_cpus=8, mem_gb=18, time_h=24

Submitted job 417 with external jobid '18470524'.

[Thu May  7 01:40:26 2026]
rule generateConsensus:
    input: 7-consensus/packages/part011.cnspack, 7-consensus/packages.tigName_to_ID.map, 7-consensus/packages.report, 7-consensus/ont_subset.id
    output: 7-consensus/packages/part011.fasta
    log: 7-consensus/packages/part011.err
    jobid: 411
    reason: Missing output files: 7-consensus/packages/part011.fasta
    wildcards: nnnn=011
    threads: 8
    resources: mem_mb=1725, mem_mib=1646, disk_mb=1725, disk_mib=1646, tmpdir=<TBD>, job_id=11, n_cpus=8, mem_gb=19, time_h=24

Submitted job 411 with external jobid '18470525'.

[Thu May  7 01:40:29 2026]
rule generateConsensus:
    input: 7-consensus/packages/part003.cnspack, 7-consensus/packages.tigName_to_ID.map, 7-consensus/packages.report, 7-consensus/ont_subset.id
    output: 7-consensus/packages/part003.fasta
    log: 7-consensus/packages/part003.err
    jobid: 403
    reason: Missing output files: 7-consensus/packages/part003.fasta
    wildcards: nnnn=003
    threads: 8
    resources: mem_mb=1000, mem_mib=954, disk_mb=1000, disk_mib=954, tmpdir=<TBD>, job_id=3, n_cpus=8, mem_gb=33, time_h=24

Submitted job 403 with external jobid '18470528'.

[Thu May  7 01:40:32 2026]
rule generateConsensus:
    input: 7-consensus/packages/part032.cnspack, 7-consensus/packages.tigName_to_ID.map, 7-consensus/packages.report, 7-consensus/ont_subset.id
    output: 7-consensus/packages/part032.fasta
    log: 7-consensus/packages/part032.err
    jobid: 432
    reason: Missing output files: 7-consensus/packages/part032.fasta
    wildcards: nnnn=032
    threads: 8
    resources: mem_mb=2854, mem_mib=2722, disk_mb=2854, disk_mib=2722, tmpdir=<TBD>, job_id=32, n_cpus=8, mem_gb=7, time_h=24

Submitted job 432 with external jobid '18470531'.

[Thu May  7 01:40:36 2026]
rule generateConsensus:
    input: 7-consensus/packages/part025.cnspack, 7-consensus/packages.tigName_to_ID.map, 7-consensus/packages.report, 7-consensus/ont_subset.id
    output: 7-consensus/packages/part025.fasta
    log: 7-consensus/packages/part025.err
    jobid: 425
    reason: Missing output files: 7-consensus/packages/part025.fasta
    wildcards: nnnn=025
    threads: 8
    resources: mem_mb=2863, mem_mib=2731, disk_mb=2863, disk_mib=2731, tmpdir=<TBD>, job_id=25, n_cpus=8, mem_gb=12, time_h=24

Submitted job 425 with external jobid '18470533'.

[Thu May  7 01:40:39 2026]
rule generateConsensus:
    input: 7-consensus/packages/part018.cnspack, 7-consensus/packages.tigName_to_ID.map, 7-consensus/packages.report, 7-consensus/ont_subset.id
    output: 7-consensus/packages/part018.fasta
    log: 7-consensus/packages/part018.err
    jobid: 418
    reason: Missing output files: 7-consensus/packages/part018.fasta
    wildcards: nnnn=018
    threads: 8
    resources: mem_mb=1994, mem_mib=1902, disk_mb=1994, disk_mib=1902, tmpdir=<TBD>, job_id=18, n_cpus=8, mem_gb=17, time_h=24

No jobs available for user okendojo and/or filters used
Job 18470522 not known (yet) by slurm; will return 'running' by default.
Submitted job 418 with external jobid '18470534'.

[Thu May  7 01:40:42 2026]
rule generateConsensus:
    input: 7-consensus/packages/part007.cnspack, 7-consensus/packages.tigName_to_ID.map, 7-consensus/packages.report, 7-consensus/ont_subset.id
    output: 7-consensus/packages/part007.fasta
    log: 7-consensus/packages/part007.err
    jobid: 407
    reason: Missing output files: 7-consensus/packages/part007.fasta
    wildcards: nnnn=007
    threads: 8
    resources: mem_mb=1453, mem_mib=1386, disk_mb=1453, disk_mib=1386, tmpdir=<TBD>, job_id=7, n_cpus=8, mem_gb=24, time_h=24

No jobs available for user okendojo and/or filters used
Submitted job 407 with external jobid '18470536'.

[Thu May  7 01:40:45 2026]
rule generateConsensus:
    input: 7-consensus/packages/part004.cnspack, 7-consensus/packages.tigName_to_ID.map, 7-consensus/packages.report, 7-consensus/ont_subset.id
    output: 7-consensus/packages/part004.fasta
    log: 7-consensus/packages/part004.err
    jobid: 404
    reason: Missing output files: 7-consensus/packages/part004.fasta
    wildcards: nnnn=004
    threads: 8
    resources: mem_mb=1008, mem_mib=962, disk_mb=1008, disk_mib=962, tmpdir=<TBD>, job_id=4, n_cpus=8, mem_gb=27, time_h=24

Job 18470523 not known (yet) by slurm; will return 'running' by default.
Submitted job 404 with external jobid '18470537'.

[Thu May  7 01:40:49 2026]
rule generateConsensus:
    input: 7-consensus/packages/part033.cnspack, 7-consensus/packages.tigName_to_ID.map, 7-consensus/packages.report, 7-consensus/ont_subset.id
    output: 7-consensus/packages/part033.fasta
    log: 7-consensus/packages/part033.err
    jobid: 433
    reason: Missing output files: 7-consensus/packages/part033.fasta
    wildcards: nnnn=033
    threads: 8
    resources: mem_mb=2837, mem_mib=2706, disk_mb=2837, disk_mib=2706, tmpdir=<TBD>, job_id=33, n_cpus=8, mem_gb=7, time_h=24

Submitted job 433 with external jobid '18470538'.

[Thu May  7 01:40:52 2026]
rule generateConsensus:
    input: 7-consensus/packages/part026.cnspack, 7-consensus/packages.tigName_to_ID.map, 7-consensus/packages.report, 7-consensus/ont_subset.id
    output: 7-consensus/packages/part026.fasta
    log: 7-consensus/packages/part026.err
    jobid: 426
    reason: Missing output files: 7-consensus/packages/part026.fasta
    wildcards: nnnn=026
    threads: 8
    resources: mem_mb=2865, mem_mib=2733, disk_mb=2865, disk_mib=2733, tmpdir=<TBD>, job_id=26, n_cpus=8, mem_gb=12, time_h=24

Submitted job 426 with external jobid '18470539'.

[Thu May  7 01:40:55 2026]
rule generateConsensus:
    input: 7-consensus/packages/part019.cnspack, 7-consensus/packages.tigName_to_ID.map, 7-consensus/packages.report, 7-consensus/ont_subset.id
    output: 7-consensus/packages/part019.fasta
    log: 7-consensus/packages/part019.err
    jobid: 419
    reason: Missing output files: 7-consensus/packages/part019.fasta
    wildcards: nnnn=019
    threads: 8
    resources: mem_mb=2116, mem_mib=2018, disk_mb=2116, disk_mib=2018, tmpdir=<TBD>, job_id=19, n_cpus=8, mem_gb=17, time_h=24

Submitted job 419 with external jobid '18470542'.

[Thu May  7 01:40:59 2026]
rule generateConsensus:
    input: 7-consensus/packages/part008.cnspack, 7-consensus/packages.tigName_to_ID.map, 7-consensus/packages.report, 7-consensus/ont_subset.id
    output: 7-consensus/packages/part008.fasta
    log: 7-consensus/packages/part008.err
    jobid: 408
    reason: Missing output files: 7-consensus/packages/part008.fasta
    wildcards: nnnn=008
    threads: 8
    resources: mem_mb=1446, mem_mib=1380, disk_mb=1446, disk_mib=1380, tmpdir=<TBD>, job_id=8, n_cpus=8, mem_gb=21, time_h=24

Submitted job 408 with external jobid '18470546'.

[Thu May  7 01:41:04 2026]
rule generateConsensus:
    input: 7-consensus/packages/part005.cnspack, 7-consensus/packages.tigName_to_ID.map, 7-consensus/packages.report, 7-consensus/ont_subset.id
    output: 7-consensus/packages/part005.fasta
    log: 7-consensus/packages/part005.err
    jobid: 405
    reason: Missing output files: 7-consensus/packages/part005.fasta
    wildcards: nnnn=005
    threads: 8
    resources: mem_mb=1122, mem_mib=1071, disk_mb=1122, disk_mib=1071, tmpdir=<TBD>, job_id=5, n_cpus=8, mem_gb=31, time_h=24

Submitted job 405 with external jobid '18470547'.

[Thu May  7 01:41:07 2026]
rule generateConsensus:
    input: 7-consensus/packages/part034.cnspack, 7-consensus/packages.tigName_to_ID.map, 7-consensus/packages.report, 7-consensus/ont_subset.id
    output: 7-consensus/packages/part034.fasta
    log: 7-consensus/packages/part034.err
    jobid: 434
    reason: Missing output files: 7-consensus/packages/part034.fasta
    wildcards: nnnn=034
    threads: 8
    resources: mem_mb=2827, mem_mib=2697, disk_mb=2827, disk_mib=2697, tmpdir=<TBD>, job_id=34, n_cpus=8, mem_gb=6, time_h=24

Submitted job 434 with external jobid '18470550'.

[Thu May  7 01:41:10 2026]
rule generateConsensus:
    input: 7-consensus/packages/part027.cnspack, 7-consensus/packages.tigName_to_ID.map, 7-consensus/packages.report, 7-consensus/ont_subset.id
    output: 7-consensus/packages/part027.fasta
    log: 7-consensus/packages/part027.err
    jobid: 427
    reason: Missing output files: 7-consensus/packages/part027.fasta
    wildcards: nnnn=027
    threads: 8
    resources: mem_mb=2856, mem_mib=2724, disk_mb=2856, disk_mib=2724, tmpdir=<TBD>, job_id=27, n_cpus=8, mem_gb=11, time_h=24

Submitted job 427 with external jobid '18470551'.

[Thu May  7 01:41:13 2026]
rule generateConsensus:
    input: 7-consensus/packages/part020.cnspack, 7-consensus/packages.tigName_to_ID.map, 7-consensus/packages.report, 7-consensus/ont_subset.id
    output: 7-consensus/packages/part020.fasta
    log: 7-consensus/packages/part020.err
    jobid: 420
    reason: Missing output files: 7-consensus/packages/part020.fasta
    wildcards: nnnn=020
    threads: 8
    resources: mem_mb=2372, mem_mib=2263, disk_mb=2372, disk_mib=2263, tmpdir=<TBD>, job_id=20, n_cpus=8, mem_gb=17, time_h=24

Submitted job 420 with external jobid '18470552'.

[Thu May  7 01:41:16 2026]
rule generateConsensus:
    input: 7-consensus/packages/part009.cnspack, 7-consensus/packages.tigName_to_ID.map, 7-consensus/packages.report, 7-consensus/ont_subset.id
    output: 7-consensus/packages/part009.fasta
    log: 7-consensus/packages/part009.err
    jobid: 409
    reason: Missing output files: 7-consensus/packages/part009.fasta
    wildcards: nnnn=009
    threads: 8
    resources: mem_mb=1349, mem_mib=1287, disk_mb=1349, disk_mib=1287, tmpdir=<TBD>, job_id=9, n_cpus=8, mem_gb=23, time_h=24

Submitted job 409 with external jobid '18470553'.

[Thu May  7 01:41:20 2026]
rule generateConsensus:
    input: 7-consensus/packages/part013.cnspack, 7-consensus/packages.tigName_to_ID.map, 7-consensus/packages.report, 7-consensus/ont_subset.id
    output: 7-consensus/packages/part013.fasta
    log: 7-consensus/packages/part013.err
    jobid: 413
    reason: Missing output files: 7-consensus/packages/part013.fasta
    wildcards: nnnn=013
    threads: 8
    resources: mem_mb=1659, mem_mib=1583, disk_mb=1659, disk_mib=1583, tmpdir=<TBD>, job_id=13, n_cpus=8, mem_gb=20, time_h=24

Submitted job 413 with external jobid '18470554'.

[Thu May  7 01:41:23 2026]
rule generateConsensus:
    input: 7-consensus/packages/part002.cnspack, 7-consensus/packages.tigName_to_ID.map, 7-consensus/packages.report, 7-consensus/ont_subset.id
    output: 7-consensus/packages/part002.fasta
    log: 7-consensus/packages/part002.err
    jobid: 402
    reason: Missing output files: 7-consensus/packages/part002.fasta
    wildcards: nnnn=002
    threads: 8
    resources: mem_mb=1000, mem_mib=954, disk_mb=1000, disk_mib=954, tmpdir=<TBD>, job_id=2, n_cpus=8, mem_gb=33, time_h=24

Submitted job 402 with external jobid '18470555'.

[Thu May  7 01:41:26 2026]
rule generateConsensus:
    input: 7-consensus/packages/part035.cnspack, 7-consensus/packages.tigName_to_ID.map, 7-consensus/packages.report, 7-consensus/ont_subset.id
    output: 7-consensus/packages/part035.fasta
    log: 7-consensus/packages/part035.err
    jobid: 435
    reason: Missing output files: 7-consensus/packages/part035.fasta
    wildcards: nnnn=035
    threads: 8
    resources: mem_mb=1204, mem_mib=1149, disk_mb=1204, disk_mib=1149, tmpdir=<TBD>, job_id=35, n_cpus=8, mem_gb=6, time_h=24

Submitted job 435 with external jobid '18470556'.

[Thu May  7 01:41:29 2026]
rule generateConsensus:
    input: 7-consensus/packages/part028.cnspack, 7-consensus/packages.tigName_to_ID.map, 7-consensus/packages.report, 7-consensus/ont_subset.id
    output: 7-consensus/packages/part028.fasta
    log: 7-consensus/packages/part028.err
    jobid: 428
    reason: Missing output files: 7-consensus/packages/part028.fasta
    wildcards: nnnn=028
    threads: 8
    resources: mem_mb=2855, mem_mib=2723, disk_mb=2855, disk_mib=2723, tmpdir=<TBD>, job_id=28, n_cpus=8, mem_gb=10, time_h=24

Submitted job 428 with external jobid '18470558'.

[Thu May  7 01:41:32 2026]
rule generateConsensus:
    input: 7-consensus/packages/part021.cnspack, 7-consensus/packages.tigName_to_ID.map, 7-consensus/packages.report, 7-consensus/ont_subset.id
    output: 7-consensus/packages/part021.fasta
    log: 7-consensus/packages/part021.err
    jobid: 421
    reason: Missing output files: 7-consensus/packages/part021.fasta
    wildcards: nnnn=021
    threads: 8
    resources: mem_mb=2385, mem_mib=2275, disk_mb=2385, disk_mib=2275, tmpdir=<TBD>, job_id=21, n_cpus=8, mem_gb=16, time_h=24

Submitted job 421 with external jobid '18470562'.

[Thu May  7 01:41:36 2026]
rule generateConsensus:
    input: 7-consensus/packages/part010.cnspack, 7-consensus/packages.tigName_to_ID.map, 7-consensus/packages.report, 7-consensus/ont_subset.id
    output: 7-consensus/packages/part010.fasta
    log: 7-consensus/packages/part010.err
    jobid: 410
    reason: Missing output files: 7-consensus/packages/part010.fasta
    wildcards: nnnn=010
    threads: 8
    resources: mem_mb=1296, mem_mib=1236, disk_mb=1296, disk_mib=1236, tmpdir=<TBD>, job_id=10, n_cpus=8, mem_gb=24, time_h=24

Submitted job 410 with external jobid '18470565'.

[Thu May  7 01:41:39 2026]
rule generateConsensus:
    input: 7-consensus/packages/part029.cnspack, 7-consensus/packages.tigName_to_ID.map, 7-consensus/packages.report, 7-consensus/ont_subset.id
    output: 7-consensus/packages/part029.fasta
    log: 7-consensus/packages/part029.err
    jobid: 429
    reason: Missing output files: 7-consensus/packages/part029.fasta
    wildcards: nnnn=029
    threads: 8
    resources: mem_mb=2854, mem_mib=2722, disk_mb=2854, disk_mib=2722, tmpdir=<TBD>, job_id=29, n_cpus=8, mem_gb=10, time_h=24

Submitted job 429 with external jobid '18470568'.

[Thu May  7 01:41:42 2026]
rule generateConsensus:
    input: 7-consensus/packages/part022.cnspack, 7-consensus/packages.tigName_to_ID.map, 7-consensus/packages.report, 7-consensus/ont_subset.id
    output: 7-consensus/packages/part022.fasta
    log: 7-consensus/packages/part022.err
    jobid: 422
    reason: Missing output files: 7-consensus/packages/part022.fasta
    wildcards: nnnn=022
    threads: 8
    resources: mem_mb=2719, mem_mib=2594, disk_mb=2719, disk_mib=2594, tmpdir=<TBD>, job_id=22, n_cpus=8, mem_gb=14, time_h=24

Submitted job 422 with external jobid '18470570'.

[Thu May  7 01:41:45 2026]
rule generateConsensus:
    input: 7-consensus/packages/part015.cnspack, 7-consensus/packages.tigName_to_ID.map, 7-consensus/packages.report, 7-consensus/ont_subset.id
    output: 7-consensus/packages/part015.fasta
    log: 7-consensus/packages/part015.err
    jobid: 415
    reason: Missing output files: 7-consensus/packages/part015.fasta
    wildcards: nnnn=015
    threads: 8
    resources: mem_mb=1996, mem_mib=1904, disk_mb=1996, disk_mib=1904, tmpdir=<TBD>, job_id=15, n_cpus=8, mem_gb=17, time_h=24

Submitted job 415 with external jobid '18470572'.

[Thu May  7 01:41:49 2026]
rule generateConsensus:
    input: 7-consensus/packages/part006.cnspack, 7-consensus/packages.tigName_to_ID.map, 7-consensus/packages.report, 7-consensus/ont_subset.id
    output: 7-consensus/packages/part006.fasta
    log: 7-consensus/packages/part006.err
    jobid: 406
    reason: Missing output files: 7-consensus/packages/part006.fasta
    wildcards: nnnn=006
    threads: 8
    resources: mem_mb=1325, mem_mib=1264, disk_mb=1325, disk_mib=1264, tmpdir=<TBD>, job_id=6, n_cpus=8, mem_gb=24, time_h=24

Submitted job 406 with external jobid '18470573'.

[Thu May  7 01:41:52 2026]
rule generateConsensus:
    input: 7-consensus/packages/part012.cnspack, 7-consensus/packages.tigName_to_ID.map, 7-consensus/packages.report, 7-consensus/ont_subset.id
    output: 7-consensus/packages/part012.fasta
    log: 7-consensus/packages/part012.err
    jobid: 412
    reason: Missing output files: 7-consensus/packages/part012.fasta
    wildcards: nnnn=012
    threads: 8
    resources: mem_mb=1606, mem_mib=1532, disk_mb=1606, disk_mib=1532, tmpdir=<TBD>, job_id=12, n_cpus=8, mem_gb=21, time_h=24

Submitted job 412 with external jobid '18470574'.
[Thu May  7 01:57:10 2026]
Finished job 404.
393 of 429 steps (92%) done
[Thu May  7 01:58:23 2026]
Finished job 401.
394 of 429 steps (92%) done
[Thu May  7 01:59:34 2026]
Finished job 403.
395 of 429 steps (92%) done
[Thu May  7 02:02:07 2026]
Finished job 402.
396 of 429 steps (92%) done
[Thu May  7 02:03:13 2026]
Finished job 405.
397 of 429 steps (93%) done
[Thu May  7 02:04:33 2026]
Finished job 408.
398 of 429 steps (93%) done
[Thu May  7 02:05:55 2026]
Finished job 409.
399 of 429 steps (93%) done
[Thu May  7 02:07:15 2026]
Finished job 411.
400 of 429 steps (93%) done
[Thu May  7 02:07:23 2026]
Finished job 407.
401 of 429 steps (93%) done
[Thu May  7 02:08:06 2026]
Finished job 406.
402 of 429 steps (94%) done
[Thu May  7 02:08:21 2026]
Finished job 435.
403 of 429 steps (94%) done
[Thu May  7 02:08:53 2026]
Finished job 410.
404 of 429 steps (94%) done
[Thu May  7 02:13:18 2026]
Finished job 412.
405 of 429 steps (94%) done
[Thu May  7 02:14:26 2026]
Finished job 413.
406 of 429 steps (95%) done
[Thu May  7 02:16:35 2026]
Finished job 414.
407 of 429 steps (95%) done
[Thu May  7 02:17:26 2026]
Finished job 418.
408 of 429 steps (95%) done
[Thu May  7 02:18:02 2026]
Finished job 415.
409 of 429 steps (95%) done
[Thu May  7 02:18:30 2026]
Finished job 417.
410 of 429 steps (96%) done
[Thu May  7 02:19:08 2026]
Finished job 416.
411 of 429 steps (96%) done
[Thu May  7 02:21:12 2026]
Finished job 419.
412 of 429 steps (96%) done
[Thu May  7 02:22:18 2026]
Finished job 433.
413 of 429 steps (96%) done
[Thu May  7 02:22:39 2026]
Finished job 434.
414 of 429 steps (97%) done
[Thu May  7 02:24:00 2026]
Finished job 420.
415 of 429 steps (97%) done
[Thu May  7 02:27:04 2026]
Finished job 432.
416 of 429 steps (97%) done
[Thu May  7 02:27:20 2026]
Finished job 421.
417 of 429 steps (97%) done
[Thu May  7 02:28:14 2026]
Finished job 430.
418 of 429 steps (97%) done
[Thu May  7 02:28:48 2026]
Finished job 431.
419 of 429 steps (98%) done
[Thu May  7 02:31:30 2026]
Finished job 427.
420 of 429 steps (98%) done
[Thu May  7 02:31:56 2026]
Finished job 422.
421 of 429 steps (98%) done
[Thu May  7 02:32:52 2026]
Finished job 426.
422 of 429 steps (98%) done
[Thu May  7 02:33:28 2026]
Finished job 428.
423 of 429 steps (99%) done
[Thu May  7 02:33:30 2026]
Finished job 425.
424 of 429 steps (99%) done
[Thu May  7 02:33:36 2026]
Finished job 429.
425 of 429 steps (99%) done
[Thu May  7 02:35:00 2026]
Finished job 423.
426 of 429 steps (99%) done
[Thu May  7 02:35:27 2026]
Finished job 424.
427 of 429 steps (99.5%) done
Select jobs to execute...

[Thu May  7 02:35:27 2026]
rule combineConsensus:
    input: 7-consensus/packages/part001.fasta, 7-consensus/packages/part002.fasta, 7-consensus/packages/part003.fasta, 7-consensus/packages/part004.fasta, 7-consensus/packages/part005.fasta, 7-consensus/packages/part006.fasta, 7-consensus/packages/part007.fasta, 7-consensus/packages/part008.fasta, 7-consensus/packages/part009.fasta, 7-consensus/packages/part010.fasta, 7-consensus/packages/part011.fasta, 7-consensus/packages/part012.fasta, 7-consensus/packages/part013.fasta, 7-consensus/packages/part014.fasta, 7-consensus/packages/part015.fasta, 7-consensus/packages/part016.fasta, 7-consensus/packages/part017.fasta, 7-consensus/packages/part018.fasta, 7-consensus/packages/part019.fasta, 7-consensus/packages/part020.fasta, 7-consensus/packages/part021.fasta, 7-consensus/packages/part022.fasta, 7-consensus/packages/part023.fasta, 7-consensus/packages/part024.fasta, 7-consensus/packages/part025.fasta, 7-consensus/packages/part026.fasta, 7-consensus/packages/part027.fasta, 7-consensus/packages/part028.fasta, 7-consensus/packages/part029.fasta, 7-consensus/packages/part030.fasta, 7-consensus/packages/part031.fasta, 7-consensus/packages/part032.fasta, 7-consensus/packages/part033.fasta, 7-consensus/packages/part034.fasta, 7-consensus/packages/part035.fasta, 7-consensus/packages.tigName_to_ID.map, 6-layoutContigs/unitig-popped.layout.scfmap, 6-layoutContigs/unitig-popped.layout, 6-layoutContigs/ont.alignments.gaf, 5-untip/unitig-unrolled-unitig-unrolled-popped-unitig-normal-connected-tip.hifi-coverage.csv, 7-consensus/packages.finished, 6-rukki/unitig-unrolled-unitig-unrolled-popped-unitig-normal-connected-tip.paths.tsv, 5-untip/unitig-unrolled-unitig-unrolled-popped-unitig-normal-connected-tip.gfa
    output: 7-consensus/unitig-popped.bam, 7-consensus/unitig-popped.fasta, 7-consensus/unitig-popped.haplotype1.fasta, 7-consensus/unitig-popped.haplotype2.fasta, 7-consensus/unitig-popped.unassigned.fasta, 7-consensus/combined.fasta
    log: 7-consensus/combineConsensus.out, 7-consensus/combineConsensus.err
    jobid: 19
    reason: Missing output files: 7-consensus/unitig-popped.fasta, 7-consensus/unitig-popped.haplotype1.fasta, 7-consensus/unitig-popped.haplotype2.fasta, 7-consensus/unitig-popped.unassigned.fasta, 7-consensus/unitig-popped.bam; Input files updated by another job: 7-consensus/packages/part030.fasta, 7-consensus/packages/part032.fasta, 7-consensus/packages/part005.fasta, 7-consensus/packages/part017.fasta, 7-consensus/packages/part015.fasta, 7-consensus/packages/part029.fasta, 7-consensus/packages/part020.fasta, 7-consensus/packages/part035.fasta, 7-consensus/packages/part012.fasta, 7-consensus/packages/part033.fasta, 7-consensus/packages/part007.fasta, 7-consensus/packages/part010.fasta, 7-consensus/packages/part016.fasta, 7-consensus/packages/part013.fasta, 7-consensus/packages/part023.fasta, 7-consensus/packages/part021.fasta, 7-consensus/packages/part009.fasta, 7-consensus/packages/part008.fasta, 7-consensus/packages/part002.fasta, 7-consensus/packages/part034.fasta, 7-consensus/packages/part019.fasta, 7-consensus/packages/part018.fasta, 7-consensus/packages/part031.fasta, 7-consensus/packages/part022.fasta, 7-consensus/packages/part011.fasta, 7-consensus/packages/part028.fasta, 7-consensus/packages/part003.fasta, 7-consensus/packages/part006.fasta, 7-consensus/packages/part004.fasta, 7-consensus/packages/part026.fasta, 7-consensus/packages/part024.fasta, 7-consensus/packages/part027.fasta, 7-consensus/packages/part001.fasta, 7-consensus/packages/part014.fasta, 7-consensus/packages/part025.fasta
    threads: 8
    resources: mem_mb=10903, mem_mib=10398, disk_mb=10903, disk_mib=10398, tmpdir=<TBD>, job_id=1, n_cpus=8, mem_gb=6, time_h=4

Submitted job 19 with external jobid '18471749'.
No jobs available for user okendojo and/or filters used
Job 18471749 not known (yet) by slurm; will return 'running' by default.
[Thu May  7 02:37:19 2026]
Finished job 19.
428 of 429 steps (99.8%) done
Select jobs to execute...

[Thu May  7 02:37:19 2026]
localrule verkko:
    input: 5-untip/unitig-unrolled-unitig-unrolled-popped-unitig-normal-connected-tip.gfa, 6-rukki/unitig-unrolled-unitig-unrolled-popped-unitig-normal-connected-tip.noseq.gfa, 6-layoutContigs/unitig-popped.layout, 6-layoutContigs/unitig-popped.layout.scfmap, 7-consensus/unitig-popped.bam, 7-consensus/unitig-popped.fasta, 7-consensus/unitig-popped.haplotype1.fasta, 7-consensus/unitig-popped.haplotype2.fasta, 7-consensus/unitig-popped.unassigned.fasta, 6-rukki/unitig-unrolled-unitig-unrolled-popped-unitig-normal-connected-tip.paths.tsv, 6-rukki/unitig-unrolled-unitig-unrolled-popped-unitig-normal-connected-tip.colors.csv, 5-untip/unitig-unrolled-unitig-unrolled-popped-unitig-normal-connected-tip.hifi-coverage.csv, 5-untip/unitig-unrolled-unitig-unrolled-popped-unitig-normal-connected-tip.ont-coverage.csv
    output: assembly.homopolymer-compressed.gfa, assembly.homopolymer-compressed.noseq.gfa, assembly.homopolymer-compressed.layout, assembly.hifi-coverage.csv, assembly.ont-coverage.csv, assembly.fasta, assembly.scfmap
    jobid: 0
    reason: Missing output files: assembly.homopolymer-compressed.layout, assembly.homopolymer-compressed.noseq.gfa, assembly.scfmap, assembly.hifi-coverage.csv, assembly.ont-coverage.csv, assembly.fasta, assembly.homopolymer-compressed.gfa; Input files updated by another job: 6-layoutContigs/unitig-popped.layout.scfmap, 7-consensus/unitig-popped.fasta, 5-untip/unitig-unrolled-unitig-unrolled-popped-unitig-normal-connected-tip.ont-coverage.csv, 5-untip/unitig-unrolled-unitig-unrolled-popped-unitig-normal-connected-tip.gfa, 6-rukki/unitig-unrolled-unitig-unrolled-popped-unitig-normal-connected-tip.paths.tsv, 6-rukki/unitig-unrolled-unitig-unrolled-popped-unitig-normal-connected-tip.noseq.gfa, 7-consensus/unitig-popped.haplotype1.fasta, 6-rukki/unitig-unrolled-unitig-unrolled-popped-unitig-normal-connected-tip.colors.csv, 7-consensus/unitig-popped.unassigned.fasta, 7-consensus/unitig-popped.bam, 7-consensus/unitig-popped.haplotype2.fasta, 5-untip/unitig-unrolled-unitig-unrolled-popped-unitig-normal-connected-tip.hifi-coverage.csv, 6-layoutContigs/unitig-popped.layout
    resources: mem_mb=14798, mem_mib=14113, disk_mb=14798, disk_mib=14113, tmpdir=/tmp

[Thu May  7 02:37:34 2026]
Finished job 0.
429 of 429 steps (100%) done
Complete log: .snakemake/log/2026-05-06T125054.995151.snakemake.log
